2026-08-05T07:27:29.482Z audio_default_input_changed default_input=present default_input_transport=built-in
2026-08-05T07:27:29.498Z audio_default_input_changed default_input=present default_input_transport=built-in
2026-08-05T07:27:29.500Z audio_default_input_changed default_input=present default_input_transport=built-in
2026-08-05T07:27:29.501Z audio_default_input_changed default_input=present default_input_transport=built-in
2026-08-05T07:27:29.502Z audio_default_input_changed default_input=present default_input_transport=built-in
2026-08-05T07:27:29.503Z audio_default_input_changed default_input=present default_input_transport=built-in
2026-08-05T07:27:29.504Z audio_default_input_changed default_input=present default_input_transport=built-in
2026-08-05T07:27:29.505Z audio_default_input_changed default_input=present default_input_transport=built-in
2026-08-05T07:27:29.505Z audio_default_input_changed default_input=present default_input_transport=built-in
2026-08-05T07:27:29.506Z audio_default_input_changed default_input=present default_input_transport=built-in
2026-08-05T07:27:29.507Z audio_default_input_changed default_input=present default_input_transport=built-in
2026-08-05T07:27:29.524Z audio_default_input_changed default_input=present default_input_transport=built-in
2026-08-05T07:27:29.561Z audio_default_input_changed default_input=present default_input_transport=built-in
2026-08-05T07:27:29.572Z audio_default_input_changed default_input=present default_input_transport=built-in
2026-08-05T07:27:29.600Z audio_default_input_changed default_input=present default_input_transport=built-in
2026-08-05T07:27:29.608Z audio_default_input_changed default_input=present default_input_transport=built-in
2026-08-05T07:27:29.782Z audio_default_input_changed default_input=present default_input_transport=built-in
2026-08-05T07:27:29.787Z audio_default_input_changed default_input=present default_input_transport=built-in
2026-08-05T07:27:29.797Z audio_default_input_changed default_input=present default_input_transport=built-in
2026-08-05T07:27:29.802Z audio_default_input_changed default_input=present default_input_transport=built-in
2026-08-05T07:27:29.806Z audio_default_input_changed default_input=present default_input_transport=built-in
2026-08-05T07:27:29.821Z audio_default_input_changed default_input=present default_input_transport=built-in
2026-08-05T07:27:29.827Z audio_default_input_changed default_input=present default_input_transport=built-in
2026-08-05T07:27:29.837Z audio_default_input_changed default_input=present default_input_transport=built-in
2026-08-05T07:27:29.841Z audio_default_input_changed default_input=present default_input_transport=built-in
2026-08-05T07:27:29.849Z audio_default_input_changed default_input=present default_input_transport=built-in
2026-08-05T07:27:29.853Z audio_default_input_changed default_input=present default_input_transport=built-in
2026-08-05T07:27:29.854Z audio_default_input_changed default_input=present default_input_transport=built-in
2026-08-05T07:27:29.854Z audio_default_input_changed default_input=present default_input_transport=built-in
2026-08-05T07:27:29.855Z audio_default_input_changed default_input=present default_input_transport=built-in
2026-08-05T07:27:29.856Z audio_default_input_changed default_input=present default_input_transport=built-in
2026-08-05T07:27:29.857Z audio_default_input_changed default_input=present default_input_transport=built-in
2026-08-05T07:27:29.858Z audio_default_input_changed default_input=present default_input_transport=built-in
2026-08-05T07:27:29.859Z audio_default_input_changed default_input=present default_input_transport=built-in
2026-08-05T07:27:30.494Z shared_mic_engine_prepare_timing vpio=false buffer_size=4096 set_vpio_ms=0.018 output_format_ms=0.007 install_tap_ms=0.009 total_ms=116.475
2026-08-05T07:27:30.494Z shared_mic_engine_input_device_prepared source=system_default device=present transport=built-in vpio=false set_device_ms=0.000 prepare_engine_ms=117.173
2026-08-05T07:28:00.964Z audio_default_input_changed default_input=present default_input_transport=bluetooth
2026-08-05T07:28:01.076Z audio_default_input_changed default_input=present default_input_transport=bluetooth
2026-08-05T07:28:01.105Z audio_default_input_changed default_input=present default_input_transport=bluetooth
2026-08-05T07:28:01.109Z audio_default_input_changed default_input=present default_input_transport=bluetooth
2026-08-05T07:28:01.135Z audio_default_input_changed default_input=present default_input_transport=bluetooth
2026-08-05T07:28:01.225Z audio_default_input_changed default_input=present default_input_transport=bluetooth
2026-08-05T07:28:01.238Z audio_default_input_changed default_input=present default_input_transport=bluetooth
2026-08-05T07:28:01.239Z audio_default_input_changed default_input=present default_input_transport=bluetooth
2026-08-05T07:28:01.240Z audio_default_input_changed default_input=present default_input_transport=bluetooth
2026-08-05T07:28:01.252Z audio_default_input_changed default_input=present default_input_transport=bluetooth
2026-08-05T07:28:01.253Z audio_default_input_changed default_input=present default_input_transport=bluetooth
2026-08-05T07:28:01.254Z audio_default_input_changed default_input=present default_input_transport=bluetooth
2026-08-05T07:28:01.254Z audio_default_input_changed default_input=present default_input_transport=bluetooth
2026-08-05T07:28:01.255Z audio_default_input_changed default_input=present default_input_transport=bluetooth
2026-08-05T07:28:01.255Z audio_default_input_changed default_input=present default_input_transport=bluetooth
2026-08-05T07:28:01.256Z audio_default_input_changed default_input=present default_input_transport=bluetooth
2026-08-05T07:28:01.256Z audio_default_input_changed default_input=present default_input_transport=bluetooth
2026-08-05T07:28:01.258Z audio_default_input_changed default_input=present default_input_transport=bluetooth
2026-08-05T07:28:01.262Z audio_default_input_changed default_input=present default_input_transport=bluetooth
2026-08-05T07:28:01.269Z audio_default_input_changed default_input=present default_input_transport=bluetooth
2026-08-05T07:28:01.270Z audio_default_input_changed default_input=present default_input_transport=bluetooth
2026-08-05T07:28:01.271Z audio_default_input_changed default_input=present default_input_transport=bluetooth
2026-08-05T07:28:01.272Z audio_default_input_changed default_input=present default_input_transport=bluetooth
2026-08-05T07:28:01.272Z audio_default_input_changed default_input=present default_input_transport=bluetooth
2026-08-05T07:28:01.273Z audio_default_input_changed default_input=present default_input_transport=bluetooth
2026-08-05T07:28:01.274Z audio_default_input_changed default_input=present default_input_transport=bluetooth
2026-08-05T07:28:01.275Z audio_default_input_changed default_input=present default_input_transport=bluetooth
2026-08-05T07:28:01.275Z audio_default_input_changed default_input=present default_input_transport=bluetooth
2026-08-05T07:28:01.276Z audio_default_input_changed default_input=present default_input_transport=bluetooth
2026-08-05T07:28:01.277Z audio_default_input_changed default_input=present default_input_transport=bluetooth
2026-08-05T07:28:01.278Z audio_default_input_changed default_input=present default_input_transport=bluetooth
2026-08-05T07:28:01.278Z audio_default_input_changed default_input=present default_input_transport=bluetooth
2026-08-05T07:28:01.279Z audio_default_input_changed default_input=present default_input_transport=bluetooth
2026-08-05T07:28:01.280Z audio_default_input_changed default_input=present default_input_transport=bluetooth
2026-08-05T07:28:01.281Z audio_default_input_changed default_input=present default_input_transport=bluetooth
2026-08-05T07:28:01.801Z audio_default_input_changed default_input=present default_input_transport=built-in
2026-08-05T07:28:01.839Z audio_default_input_changed default_input=present default_input_transport=built-in
2026-08-05T07:28:01.846Z audio_default_input_changed default_input=present default_input_transport=built-in
2026-08-05T07:28:01.851Z audio_default_input_changed default_input=present default_input_transport=built-in
2026-08-05T07:28:01.865Z audio_default_input_changed default_input=present default_input_transport=built-in
2026-08-05T07:28:01.873Z audio_default_input_changed default_input=present default_input_transport=built-in
2026-08-05T07:28:01.884Z audio_default_input_changed default_input=present default_input_transport=built-in
2026-08-05T07:28:01.887Z audio_default_input_changed default_input=present default_input_transport=built-in
2026-08-05T07:28:01.890Z audio_default_input_changed default_input=present default_input_transport=built-in
2026-08-05T07:28:01.892Z audio_default_input_changed default_input=present default_input_transport=built-in
2026-08-05T07:28:01.894Z audio_default_input_changed default_input=present default_input_transport=built-in
2026-08-05T07:28:01.895Z audio_default_input_changed default_input=present default_input_transport=built-in
2026-08-05T07:28:01.897Z audio_default_input_changed default_input=present default_input_transport=built-in
2026-08-05T07:28:01.904Z audio_default_input_changed default_input=present default_input_transport=built-in
2026-08-05T07:28:01.957Z audio_default_input_changed default_input=present default_input_transport=built-in
2026-08-05T07:28:02.061Z audio_default_input_changed default_input=present default_input_transport=built-in
2026-08-05T07:28:02.065Z audio_default_input_changed default_input=present default_input_transport=built-in
2026-08-05T07:28:02.072Z audio_default_input_changed default_input=present default_input_transport=built-in
2026-08-05T07:28:02.091Z audio_default_input_changed default_input=present default_input_transport=built-in
2026-08-05T07:28:02.093Z audio_default_input_changed default_input=present default_input_transport=built-in
2026-08-05T07:28:02.103Z audio_default_input_changed default_input=present default_input_transport=built-in
2026-08-05T07:28:02.105Z audio_default_input_changed default_input=present default_input_transport=built-in
2026-08-05T07:28:02.107Z audio_default_input_changed default_input=present default_input_transport=built-in
2026-08-05T07:28:02.108Z audio_default_input_changed default_input=present default_input_transport=built-in
2026-08-05T07:28:02.111Z audio_default_input_changed default_input=present default_input_transport=built-in
2026-08-05T07:28:02.117Z audio_default_input_changed default_input=present default_input_transport=built-in
2026-08-05T07:28:02.122Z audio_default_input_changed default_input=present default_input_transport=built-in
2026-08-05T07:28:02.123Z audio_default_input_changed default_input=present default_input_transport=built-in
2026-08-05T07:28:02.124Z audio_default_input_changed default_input=present default_input_transport=built-in
2026-08-05T07:28:02.125Z audio_default_input_changed default_input=present default_input_transport=built-in
2026-08-05T07:28:02.127Z audio_default_input_changed default_input=present default_input_transport=built-in
2026-08-05T07:28:02.128Z audio_default_input_changed default_input=present default_input_transport=built-in
2026-08-05T07:28:02.129Z audio_default_input_changed default_input=present default_input_transport=built-in
2026-08-05T07:28:02.130Z audio_default_input_changed default_input=present default_input_transport=built-in
2026-08-05T07:28:02.131Z audio_default_input_changed default_input=present default_input_transport=built-in
2026-08-05T07:28:02.151Z shared_mic_engine_stopped
2026-08-05T07:28:02.205Z shared_mic_engine_prepare_timing vpio=false buffer_size=4096 set_vpio_ms=0.005 output_format_ms=0.004 install_tap_ms=0.026 total_ms=51.662
2026-08-05T07:28:02.206Z shared_mic_engine_input_device_prepared source=system_default device=present transport=built-in vpio=false set_device_ms=0.000 prepare_engine_ms=52.346
2026-08-05T07:28:02.301Z shared_mic_engine_configuration_changed sr=48000.0 ch=1 isRunning=false engine_is_running=false default_input=present default_input_transport=built-in
2026-08-05T07:28:02.302Z shared_mic_engine_prepared_discarded reason=configuration_changed
2026-08-05T07:28:02.981Z shared_mic_engine_prepare_timing vpio=false buffer_size=4096 set_vpio_ms=0.005 output_format_ms=0.004 install_tap_ms=0.004 total_ms=150.609
2026-08-05T07:28:02.981Z shared_mic_engine_input_device_prepared source=system_default device=present transport=built-in vpio=false set_device_ms=0.000 prepare_engine_ms=151.230
2026-08-05T07:28:06.590Z audio_default_input_changed default_input=present default_input_transport=bluetooth
2026-08-05T07:28:06.819Z audio_default_input_changed default_input=present default_input_transport=bluetooth
2026-08-05T07:28:06.822Z audio_default_input_changed default_input=present default_input_transport=bluetooth
2026-08-05T07:28:06.823Z audio_default_input_changed default_input=present default_input_transport=bluetooth
2026-08-05T07:28:06.823Z audio_default_input_changed default_input=present default_input_transport=bluetooth
2026-08-05T07:28:06.827Z audio_default_input_changed default_input=present default_input_transport=bluetooth
2026-08-05T07:28:06.835Z audio_default_input_changed default_input=present default_input_transport=bluetooth
2026-08-05T07:28:06.850Z audio_default_input_changed default_input=present default_input_transport=bluetooth
2026-08-05T07:28:06.859Z audio_default_input_changed default_input=present default_input_transport=bluetooth
2026-08-05T07:28:06.866Z audio_default_input_changed default_input=present default_input_transport=bluetooth
2026-08-05T07:28:06.873Z audio_default_input_changed default_input=present default_input_transport=bluetooth
2026-08-05T07:28:06.876Z audio_default_input_changed default_input=present default_input_transport=bluetooth
2026-08-05T07:28:06.877Z audio_default_input_changed default_input=present default_input_transport=bluetooth
2026-08-05T07:28:06.879Z audio_default_input_changed default_input=present default_input_transport=bluetooth
2026-08-05T07:28:06.880Z audio_default_input_changed default_input=present default_input_transport=bluetooth
2026-08-05T07:28:06.882Z audio_default_input_changed default_input=present default_input_transport=bluetooth
2026-08-05T07:28:06.885Z audio_default_input_changed default_input=present default_input_transport=bluetooth
2026-08-05T07:28:06.886Z audio_default_input_changed default_input=present default_input_transport=bluetooth
2026-08-05T07:28:06.887Z audio_default_input_changed default_input=present default_input_transport=bluetooth
2026-08-05T07:28:06.888Z audio_default_input_changed default_input=present default_input_transport=bluetooth
2026-08-05T07:28:06.888Z audio_default_input_changed default_input=present default_input_transport=bluetooth
2026-08-05T07:28:06.890Z audio_default_input_changed default_input=present default_input_transport=bluetooth
2026-08-05T07:28:06.891Z audio_default_input_changed default_input=present default_input_transport=bluetooth
2026-08-05T07:28:06.892Z audio_default_input_changed default_input=present default_input_transport=bluetooth
2026-08-05T07:28:06.893Z audio_default_input_changed default_input=present default_input_transport=bluetooth
2026-08-05T07:28:06.894Z audio_default_input_changed default_input=present default_input_transport=bluetooth
2026-08-05T07:28:06.895Z audio_default_input_changed default_input=present default_input_transport=bluetooth
2026-08-05T07:28:06.896Z audio_default_input_changed default_input=present default_input_transport=bluetooth
2026-08-05T07:28:06.896Z audio_default_input_changed default_input=present default_input_transport=bluetooth
2026-08-05T07:28:06.897Z audio_default_input_changed default_input=present default_input_transport=bluetooth
2026-08-05T07:28:06.898Z audio_default_input_changed default_input=present default_input_transport=bluetooth
2026-08-05T07:28:06.899Z audio_default_input_changed default_input=present default_input_transport=bluetooth
2026-08-05T07:28:06.900Z audio_default_input_changed default_input=present default_input_transport=bluetooth
2026-08-05T07:28:06.900Z audio_default_input_changed default_input=present default_input_transport=bluetooth
2026-08-05T07:28:06.901Z audio_default_input_changed default_input=present default_input_transport=bluetooth
2026-08-05T07:28:06.902Z audio_default_input_changed default_input=present default_input_transport=bluetooth
2026-08-05T07:28:06.902Z audio_default_input_changed default_input=present default_input_transport=bluetooth
2026-08-05T07:28:06.903Z audio_default_input_changed default_input=present default_input_transport=bluetooth
2026-08-05T07:28:06.975Z audio_default_input_changed default_input=present default_input_transport=built-in
2026-08-05T07:28:06.991Z audio_default_input_changed default_input=present default_input_transport=built-in
2026-08-05T07:28:06.998Z audio_default_input_changed default_input=present default_input_transport=built-in
2026-08-05T07:28:07.002Z audio_default_input_changed default_input=present default_input_transport=built-in
2026-08-05T07:28:07.008Z audio_default_input_changed default_input=present default_input_transport=built-in
2026-08-05T07:28:07.017Z audio_default_input_changed default_input=present default_input_transport=built-in
2026-08-05T07:28:07.023Z audio_default_input_changed default_input=present default_input_transport=built-in
2026-08-05T07:28:07.028Z audio_default_input_changed default_input=present default_input_transport=built-in
2026-08-05T07:28:07.037Z audio_default_input_changed default_input=present default_input_transport=built-in
2026-08-05T07:28:07.042Z audio_default_input_changed default_input=present default_input_transport=built-in
2026-08-05T07:28:07.046Z audio_default_input_changed default_input=present default_input_transport=built-in
2026-08-05T07:28:07.052Z audio_default_input_changed default_input=present default_input_transport=built-in
2026-08-05T07:28:07.059Z audio_default_input_changed default_input=present default_input_transport=built-in
2026-08-05T07:28:07.119Z audio_default_input_changed default_input=present default_input_transport=built-in
2026-08-05T07:28:07.203Z audio_default_input_changed default_input=present default_input_transport=built-in
2026-08-05T07:28:07.264Z audio_default_input_changed default_input=present default_input_transport=built-in
2026-08-05T07:28:07.282Z audio_default_input_changed default_input=present default_input_transport=built-in
2026-08-05T07:28:07.290Z audio_default_input_changed default_input=present default_input_transport=built-in
2026-08-05T07:28:07.298Z audio_default_input_changed default_input=present default_input_transport=built-in
2026-08-05T07:28:07.299Z audio_default_input_changed default_input=present default_input_transport=built-in
2026-08-05T07:28:07.300Z audio_default_input_changed default_input=present default_input_transport=built-in
2026-08-05T07:28:07.301Z audio_default_input_changed default_input=present default_input_transport=built-in
2026-08-05T07:28:07.302Z audio_default_input_changed default_input=present default_input_transport=built-in
2026-08-05T07:28:07.303Z audio_default_input_changed default_input=present default_input_transport=built-in
2026-08-05T07:28:07.303Z audio_default_input_changed default_input=present default_input_transport=built-in
2026-08-05T07:28:07.304Z audio_default_input_changed default_input=present default_input_transport=built-in
2026-08-05T07:28:07.305Z audio_default_input_changed default_input=present default_input_transport=built-in
2026-08-05T07:28:07.305Z audio_default_input_changed default_input=present default_input_transport=built-in
2026-08-05T07:28:07.306Z audio_default_input_changed default_input=present default_input_transport=built-in
2026-08-05T07:28:07.307Z audio_default_input_changed default_input=present default_input_transport=built-in
2026-08-05T07:28:07.307Z audio_default_input_changed default_input=present default_input_transport=built-in
2026-08-05T07:28:07.308Z audio_default_input_changed default_input=present default_input_transport=built-in
2026-08-05T07:28:07.309Z audio_default_input_changed default_input=present default_input_transport=built-in
2026-08-05T07:28:07.309Z audio_default_input_changed default_input=present default_input_transport=built-in
2026-08-05T07:28:07.310Z audio_default_input_changed default_input=present default_input_transport=built-in
2026-08-05T07:28:07.310Z audio_default_input_changed default_input=present default_input_transport=built-in
2026-08-05T07:28:07.311Z audio_default_input_changed default_input=present default_input_transport=built-in
2026-08-05T07:28:07.312Z audio_default_input_changed default_input=present default_input_transport=built-in
2026-08-05T07:28:07.430Z shared_mic_engine_configuration_changed sr=48000.0 ch=1 isRunning=false engine_is_running=false default_input=present default_input_transport=built-in
2026-08-05T07:28:07.431Z shared_mic_engine_prepared_discarded reason=configuration_changed
2026-08-05T07:28:08.102Z shared_mic_engine_prepare_timing vpio=false buffer_size=4096 set_vpio_ms=0.005 output_format_ms=0.004 install_tap_ms=0.006 total_ms=140.871
2026-08-05T07:28:08.103Z shared_mic_engine_input_device_prepared source=system_default device=present transport=built-in vpio=false set_device_ms=0.000 prepare_engine_ms=141.448
2026-08-05T07:28:14.101Z audio_default_input_changed default_input=present default_input_transport=bluetooth
2026-08-05T07:28:14.166Z audio_default_input_changed default_input=present default_input_transport=bluetooth
2026-08-05T07:28:14.181Z audio_default_input_changed default_input=present default_input_transport=bluetooth
2026-08-05T07:28:14.187Z audio_default_input_changed default_input=present default_input_transport=bluetooth
2026-08-05T07:28:14.201Z audio_default_input_changed default_input=present default_input_transport=bluetooth
2026-08-05T07:28:14.205Z audio_default_input_changed default_input=present default_input_transport=bluetooth
2026-08-05T07:28:14.288Z audio_default_input_changed default_input=present default_input_transport=bluetooth
2026-08-05T07:28:14.302Z audio_default_input_changed default_input=present default_input_transport=bluetooth
2026-08-05T07:28:14.307Z audio_default_input_changed default_input=present default_input_transport=bluetooth
2026-08-05T07:28:14.326Z audio_default_input_changed default_input=present default_input_transport=bluetooth
2026-08-05T07:28:14.328Z audio_default_input_changed default_input=present default_input_transport=bluetooth
2026-08-05T07:28:14.330Z audio_default_input_changed default_input=present default_input_transport=bluetooth
2026-08-05T07:28:14.331Z audio_default_input_changed default_input=present default_input_transport=bluetooth
2026-08-05T07:28:14.332Z audio_default_input_changed default_input=present default_input_transport=bluetooth
2026-08-05T07:28:14.333Z audio_default_input_changed default_input=present default_input_transport=bluetooth
2026-08-05T07:28:14.334Z audio_default_input_changed default_input=present default_input_transport=bluetooth
2026-08-05T07:28:14.335Z audio_default_input_changed default_input=present default_input_transport=bluetooth
2026-08-05T07:28:14.335Z audio_default_input_changed default_input=present default_input_transport=bluetooth
2026-08-05T07:28:14.336Z audio_default_input_changed default_input=present default_input_transport=bluetooth
2026-08-05T07:28:14.337Z audio_default_input_changed default_input=present default_input_transport=bluetooth
2026-08-05T07:28:14.338Z audio_default_input_changed default_input=present default_input_transport=bluetooth
2026-08-05T07:28:14.338Z audio_default_input_changed default_input=present default_input_transport=bluetooth
2026-08-05T07:28:14.339Z audio_default_input_changed default_input=present default_input_transport=bluetooth
2026-08-05T07:28:14.340Z audio_default_input_changed default_input=present default_input_transport=bluetooth
2026-08-05T07:28:14.341Z audio_default_input_changed default_input=present default_input_transport=bluetooth
2026-08-05T07:28:14.342Z audio_default_input_changed default_input=present default_input_transport=bluetooth
2026-08-05T07:28:14.343Z audio_default_input_changed default_input=present default_input_transport=bluetooth
2026-08-05T07:28:14.345Z audio_default_input_changed default_input=present default_input_transport=bluetooth
2026-08-05T07:28:14.346Z audio_default_input_changed default_input=present default_input_transport=bluetooth
2026-08-05T07:28:14.347Z audio_default_input_changed default_input=present default_input_transport=bluetooth
2026-08-05T07:28:14.348Z audio_default_input_changed default_input=present default_input_transport=bluetooth
2026-08-05T07:28:14.349Z audio_default_input_changed default_input=present default_input_transport=bluetooth
2026-08-05T07:28:14.351Z audio_default_input_changed default_input=present default_input_transport=bluetooth
2026-08-05T07:28:14.352Z audio_default_input_changed default_input=present default_input_transport=bluetooth
2026-08-05T07:28:14.352Z audio_default_input_changed default_input=present default_input_transport=bluetooth
2026-08-05T07:28:14.353Z audio_default_input_changed default_input=present default_input_transport=bluetooth
2026-08-05T07:28:14.353Z audio_default_input_changed default_input=present default_input_transport=bluetooth
2026-08-05T07:28:14.354Z audio_default_input_changed default_input=present default_input_transport=bluetooth
2026-08-05T07:28:14.354Z audio_default_input_changed default_input=present default_input_transport=bluetooth
2026-08-05T07:28:14.355Z audio_default_input_changed default_input=present default_input_transport=bluetooth
2026-08-05T07:28:14.487Z shared_mic_engine_configuration_changed sr=48000.0 ch=1 isRunning=false engine_is_running=false default_input=present default_input_transport=bluetooth
2026-08-05T07:28:14.488Z shared_mic_engine_prepared_discarded reason=configuration_changed
2026-08-05T07:28:15.019Z shared_mic_engine_prepare_skipped reason=bluetooth_or_unresolved_route
2026-08-05T07:28:16.031Z audio_default_input_changed default_input=present default_input_transport=built-in
2026-08-05T07:28:16.055Z audio_default_input_changed default_input=present default_input_transport=built-in
2026-08-05T07:28:16.062Z audio_default_input_changed default_input=present default_input_transport=built-in
2026-08-05T07:28:16.078Z audio_default_input_changed default_input=present default_input_transport=built-in
2026-08-05T07:28:16.081Z audio_default_input_changed default_input=present default_input_transport=built-in
2026-08-05T07:28:16.089Z audio_default_input_changed default_input=present default_input_transport=built-in
2026-08-05T07:28:16.094Z audio_default_input_changed default_input=present default_input_transport=built-in
2026-08-05T07:28:16.104Z audio_default_input_changed default_input=present default_input_transport=built-in
2026-08-05T07:28:16.178Z audio_default_input_changed default_input=present default_input_transport=built-in
2026-08-05T07:28:16.244Z audio_default_input_changed default_input=present default_input_transport=built-in
2026-08-05T07:28:16.255Z audio_default_input_changed default_input=present default_input_transport=built-in
2026-08-05T07:28:16.291Z audio_default_input_changed default_input=present default_input_transport=built-in
2026-08-05T07:28:16.293Z audio_default_input_changed default_input=present default_input_transport=built-in
2026-08-05T07:28:16.303Z audio_default_input_changed default_input=present default_input_transport=built-in
2026-08-05T07:28:16.309Z audio_default_input_changed default_input=present default_input_transport=built-in
2026-08-05T07:28:16.322Z audio_default_input_changed default_input=present default_input_transport=built-in
2026-08-05T07:28:16.323Z audio_default_input_changed default_input=present default_input_transport=built-in
2026-08-05T07:28:16.324Z audio_default_input_changed default_input=present default_input_transport=built-in
2026-08-05T07:28:16.325Z audio_default_input_changed default_input=present default_input_transport=built-in
2026-08-05T07:28:16.325Z audio_default_input_changed default_input=present default_input_transport=built-in
2026-08-05T07:28:16.326Z audio_default_input_changed default_input=present default_input_transport=built-in
2026-08-05T07:28:16.326Z audio_default_input_changed default_input=present default_input_transport=built-in
2026-08-05T07:28:16.327Z audio_default_input_changed default_input=present default_input_transport=built-in
2026-08-05T07:28:16.327Z audio_default_input_changed default_input=present default_input_transport=built-in
2026-08-05T07:28:16.328Z audio_default_input_changed default_input=present default_input_transport=built-in
2026-08-05T07:28:16.328Z audio_default_input_changed default_input=present default_input_transport=built-in
2026-08-05T07:28:16.329Z audio_default_input_changed default_input=present default_input_transport=built-in
2026-08-05T07:28:16.329Z audio_default_input_changed default_input=present default_input_transport=built-in
2026-08-05T07:28:16.329Z audio_default_input_changed default_input=present default_input_transport=built-in
2026-08-05T07:28:16.330Z audio_default_input_changed default_input=present default_input_transport=built-in
2026-08-05T07:28:16.330Z audio_default_input_changed default_input=present default_input_transport=built-in
2026-08-05T07:28:16.331Z audio_default_input_changed default_input=present default_input_transport=built-in
2026-08-05T07:28:16.332Z audio_default_input_changed default_input=present default_input_transport=built-in
2026-08-05T07:28:16.332Z audio_default_input_changed default_input=present default_input_transport=built-in
2026-08-05T07:28:16.333Z audio_default_input_changed default_input=present default_input_transport=built-in
2026-08-05T07:28:16.333Z audio_default_input_changed default_input=present default_input_transport=built-in
2026-08-05T07:28:16.334Z audio_default_input_changed default_input=present default_input_transport=built-in
2026-08-05T07:28:16.334Z audio_default_input_changed default_input=present default_input_transport=built-in
2026-08-05T07:28:16.335Z audio_default_input_changed default_input=present default_input_transport=built-in
2026-08-05T07:28:16.335Z audio_default_input_changed default_input=present default_input_transport=built-in
2026-08-05T07:28:16.336Z audio_default_input_changed default_input=present default_input_transport=built-in
2026-08-05T07:28:16.336Z audio_default_input_changed default_input=present default_input_transport=built-in
2026-08-05T07:28:16.981Z shared_mic_engine_prepare_timing vpio=false buffer_size=4096 set_vpio_ms=0.005 output_format_ms=0.004 install_tap_ms=0.004 total_ms=132.087
2026-08-05T07:28:16.982Z shared_mic_engine_input_device_prepared source=system_default device=present transport=built-in vpio=false set_device_ms=0.000 prepare_engine_ms=132.660
2026-08-05T11:37:41.304Z audio_default_input_changed default_input=present default_input_transport=bluetooth
2026-08-05T11:37:41.543Z audio_default_input_changed default_input=present default_input_transport=bluetooth
2026-08-05T11:37:41.552Z audio_default_input_changed default_input=present default_input_transport=bluetooth
2026-08-05T11:37:41.558Z audio_default_input_changed default_input=present default_input_transport=bluetooth
2026-08-05T11:37:41.560Z audio_default_input_changed default_input=present default_input_transport=bluetooth
2026-08-05T11:37:41.564Z audio_default_input_changed default_input=present default_input_transport=bluetooth
2026-08-05T11:37:41.566Z audio_default_input_changed default_input=present default_input_transport=bluetooth
2026-08-05T11:37:41.567Z audio_default_input_changed default_input=present default_input_transport=bluetooth
2026-08-05T11:37:41.568Z audio_default_input_changed default_input=present default_input_transport=bluetooth
2026-08-05T11:37:41.571Z audio_default_input_changed default_input=present default_input_transport=bluetooth
2026-08-05T11:37:41.574Z audio_default_input_changed default_input=present default_input_transport=bluetooth
2026-08-05T11:37:41.576Z audio_default_input_changed default_input=present default_input_transport=bluetooth
2026-08-05T11:37:41.577Z audio_default_input_changed default_input=present default_input_transport=bluetooth
2026-08-05T11:37:41.580Z audio_default_input_changed default_input=present default_input_transport=bluetooth
2026-08-05T11:37:41.581Z audio_default_input_changed default_input=present default_input_transport=bluetooth
2026-08-05T11:37:41.583Z audio_default_input_changed default_input=present default_input_transport=bluetooth
2026-08-05T11:37:41.584Z audio_default_input_changed default_input=present default_input_transport=bluetooth
2026-08-05T11:37:41.586Z audio_default_input_changed default_input=present default_input_transport=bluetooth
2026-08-05T11:37:41.590Z audio_default_input_changed default_input=present default_input_transport=bluetooth
2026-08-05T11:37:41.645Z audio_default_input_changed default_input=present default_input_transport=built-in
2026-08-05T11:37:41.678Z audio_default_input_changed default_input=present default_input_transport=built-in
2026-08-05T11:37:41.752Z audio_default_input_changed default_input=present default_input_transport=built-in
2026-08-05T11:37:41.818Z audio_default_input_changed default_input=present default_input_transport=built-in
2026-08-05T11:37:41.934Z audio_default_input_changed default_input=present default_input_transport=built-in
2026-08-05T11:37:41.985Z audio_default_input_changed default_input=present default_input_transport=built-in
2026-08-05T11:37:42.004Z audio_default_input_changed default_input=present default_input_transport=built-in
2026-08-05T11:37:42.032Z audio_default_input_changed default_input=present default_input_transport=built-in
2026-08-05T11:37:42.064Z audio_default_input_changed default_input=present default_input_transport=built-in
2026-08-05T11:37:42.079Z audio_default_input_changed default_input=present default_input_transport=built-in
2026-08-05T11:37:42.082Z audio_default_input_changed default_input=present default_input_transport=built-in
2026-08-05T11:37:42.087Z audio_default_input_changed default_input=present default_input_transport=built-in
2026-08-05T11:37:42.089Z audio_default_input_changed default_input=present default_input_transport=built-in
2026-08-05T11:37:42.091Z audio_default_input_changed default_input=present default_input_transport=built-in
2026-08-05T11:37:42.092Z audio_default_input_changed default_input=present default_input_transport=built-in
2026-08-05T11:37:42.094Z audio_default_input_changed default_input=present default_input_transport=built-in
2026-08-05T11:37:42.094Z audio_default_input_changed default_input=present default_input_transport=built-in
2026-08-05T11:37:42.096Z audio_default_input_changed default_input=present default_input_transport=built-in
2026-08-05T11:37:42.097Z audio_default_input_changed default_input=present default_input_transport=built-in
2026-08-05T11:37:42.098Z audio_default_input_changed default_input=present default_input_transport=built-in
2026-08-05T11:37:42.100Z audio_default_input_changed default_input=present default_input_transport=built-in
2026-08-05T11:37:42.101Z audio_default_input_changed default_input=present default_input_transport=built-in
2026-08-05T11:37:42.102Z audio_default_input_changed default_input=present default_input_transport=built-in
2026-08-05T11:37:42.102Z audio_default_input_changed default_input=present default_input_transport=built-in
2026-08-05T11:37:42.103Z audio_default_input_changed default_input=present default_input_transport=built-in
2026-08-05T11:37:42.104Z audio_default_input_changed default_input=present default_input_transport=built-in
2026-08-05T11:37:42.105Z audio_default_input_changed default_input=present default_input_transport=built-in
2026-08-05T11:37:42.105Z audio_default_input_changed default_input=present default_input_transport=built-in
2026-08-05T11:37:42.106Z audio_default_input_changed default_input=present default_input_transport=built-in
2026-08-05T11:37:42.107Z audio_default_input_changed default_input=present default_input_transport=built-in
2026-08-05T11:37:42.108Z shared_mic_engine_configuration_changed sr=48000.0 ch=1 isRunning=false engine_is_running=false default_input=present default_input_transport=built-in
2026-08-05T11:37:42.109Z shared_mic_engine_prepared_discarded reason=configuration_changed
2026-08-05T11:37:42.109Z audio_default_input_changed default_input=present default_input_transport=built-in
2026-08-05T11:37:42.110Z audio_default_input_changed default_input=present default_input_transport=built-in
2026-08-05T11:37:42.111Z audio_default_input_changed default_input=present default_input_transport=built-in
2026-08-05T11:37:42.112Z audio_default_input_changed default_input=present default_input_transport=built-in
2026-08-05T11:37:42.113Z audio_default_input_changed default_input=present default_input_transport=built-in
2026-08-05T11:37:42.114Z audio_default_input_changed default_input=present default_input_transport=built-in
2026-08-05T11:37:42.115Z audio_default_input_changed default_input=present default_input_transport=built-in
2026-08-05T11:37:42.117Z audio_default_input_changed default_input=present default_input_transport=built-in
2026-08-05T11:37:42.118Z audio_default_input_changed default_input=present default_input_transport=built-in
2026-08-05T11:37:42.119Z audio_default_input_changed default_input=present default_input_transport=built-in
2026-08-05T11:37:42.120Z audio_default_input_changed default_input=present default_input_transport=built-in
2026-08-05T11:37:42.121Z audio_default_input_changed default_input=present default_input_transport=built-in
2026-08-05T11:37:42.123Z audio_default_input_changed default_input=present default_input_transport=built-in
2026-08-05T11:37:42.125Z audio_default_input_changed default_input=present default_input_transport=built-in
2026-08-05T11:37:42.125Z audio_default_input_changed default_input=present default_input_transport=built-in
2026-08-05T11:37:42.127Z audio_default_input_changed default_input=present default_input_transport=built-in
2026-08-05T11:37:42.128Z audio_default_input_changed default_input=present default_input_transport=built-in
2026-08-05T11:37:42.131Z audio_default_input_changed default_input=present default_input_transport=built-in
2026-08-05T11:37:42.133Z audio_default_input_changed default_input=present default_input_transport=built-in
2026-08-05T11:37:42.134Z audio_default_input_changed default_input=present default_input_transport=built-in
2026-08-05T11:37:42.137Z audio_default_input_changed default_input=present default_input_transport=built-in
2026-08-05T11:37:42.140Z audio_default_input_changed default_input=present default_input_transport=built-in
2026-08-05T11:37:42.150Z audio_default_input_changed default_input=present default_input_transport=built-in
2026-08-05T11:37:42.156Z audio_default_input_changed default_input=present default_input_transport=built-in
2026-08-05T11:37:42.170Z audio_default_input_changed default_input=present default_input_transport=built-in
2026-08-05T11:37:42.172Z audio_default_input_changed default_input=present default_input_transport=built-in
2026-08-05T11:37:42.173Z audio_default_input_changed default_input=present default_input_transport=built-in
2026-08-05T11:37:42.174Z audio_default_input_changed default_input=present default_input_transport=built-in
2026-08-05T11:37:42.175Z audio_default_input_changed default_input=present default_input_transport=built-in
2026-08-05T11:37:42.176Z audio_default_input_changed default_input=present default_input_transport=built-in
2026-08-05T11:37:42.177Z audio_default_input_changed default_input=present default_input_transport=built-in
2026-08-05T11:37:42.178Z audio_default_input_changed default_input=present default_input_transport=built-in
2026-08-05T11:37:42.180Z audio_default_input_changed default_input=present default_input_transport=built-in
2026-08-05T11:37:42.181Z audio_default_input_changed default_input=present default_input_transport=built-in
2026-08-05T11:37:42.184Z audio_default_input_changed default_input=present default_input_transport=built-in
2026-08-05T11:37:42.185Z audio_default_input_changed default_input=present default_input_transport=built-in
2026-08-05T11:37:42.186Z audio_default_input_changed default_input=present default_input_transport=built-in
2026-08-05T11:37:42.790Z audio_default_input_changed default_input=present default_input_transport=bluetooth
2026-08-05T11:37:42.804Z audio_default_input_changed default_input=present default_input_transport=bluetooth
2026-08-05T11:37:42.805Z audio_default_input_changed default_input=present default_input_transport=bluetooth
2026-08-05T11:37:42.805Z audio_default_input_changed default_input=present default_input_transport=bluetooth
2026-08-05T11:37:42.806Z audio_default_input_changed default_input=present default_input_transport=bluetooth
2026-08-05T11:37:42.808Z audio_default_input_changed default_input=present default_input_transport=bluetooth
2026-08-05T11:37:42.809Z audio_default_input_changed default_input=present default_input_transport=bluetooth
2026-08-05T11:37:42.810Z audio_default_input_changed default_input=present default_input_transport=bluetooth
2026-08-05T11:37:42.810Z audio_default_input_changed default_input=present default_input_transport=bluetooth
2026-08-05T11:37:42.812Z audio_default_input_changed default_input=present default_input_transport=bluetooth
2026-08-05T11:37:42.814Z audio_default_input_changed default_input=present default_input_transport=bluetooth
2026-08-05T11:37:42.872Z audio_default_input_changed default_input=present default_input_transport=bluetooth
2026-08-05T11:37:42.873Z audio_default_input_changed default_input=present default_input_transport=bluetooth
2026-08-05T11:37:42.946Z audio_default_input_changed default_input=present default_input_transport=bluetooth
2026-08-05T11:37:43.055Z audio_default_input_changed default_input=present default_input_transport=bluetooth
2026-08-05T11:37:43.061Z audio_default_input_changed default_input=present default_input_transport=bluetooth
2026-08-05T11:37:43.086Z audio_default_input_changed default_input=present default_input_transport=bluetooth
2026-08-05T11:37:43.086Z audio_default_input_changed default_input=present default_input_transport=bluetooth
2026-08-05T11:37:43.087Z audio_default_input_changed default_input=present default_input_transport=bluetooth
2026-08-05T11:37:43.088Z audio_default_input_changed default_input=present default_input_transport=bluetooth
2026-08-05T11:37:43.089Z audio_default_input_changed default_input=present default_input_transport=bluetooth
2026-08-05T11:37:43.089Z audio_default_input_changed default_input=present default_input_transport=bluetooth
2026-08-05T11:37:43.090Z audio_default_input_changed default_input=present default_input_transport=bluetooth
2026-08-05T11:37:43.092Z audio_default_input_changed default_input=present default_input_transport=bluetooth
2026-08-05T11:37:43.092Z audio_default_input_changed default_input=present default_input_transport=bluetooth
2026-08-05T11:37:43.093Z audio_default_input_changed default_input=present default_input_transport=bluetooth
2026-08-05T11:37:43.094Z audio_default_input_changed default_input=present default_input_transport=bluetooth
2026-08-05T11:37:43.094Z audio_default_input_changed default_input=present default_input_transport=bluetooth
2026-08-05T11:37:43.095Z audio_default_input_changed default_input=present default_input_transport=bluetooth
2026-08-05T11:37:43.096Z audio_default_input_changed default_input=present default_input_transport=bluetooth
2026-08-05T11:37:43.096Z audio_default_input_changed default_input=present default_input_transport=bluetooth
2026-08-05T11:37:43.097Z audio_default_input_changed default_input=present default_input_transport=bluetooth
2026-08-05T11:37:43.097Z audio_default_input_changed default_input=present default_input_transport=bluetooth
2026-08-05T11:37:43.098Z shared_mic_engine_prepare_timing vpio=false buffer_size=4096 set_vpio_ms=0.006 output_format_ms=21.092 install_tap_ms=0.007 total_ms=398.064
2026-08-05T11:37:43.098Z audio_default_input_changed default_input=present default_input_transport=bluetooth
2026-08-05T11:37:43.099Z shared_mic_engine_input_device_prepared source=system_default device=present transport=built-in vpio=false set_device_ms=0.000 prepare_engine_ms=398.473
2026-08-05T11:37:43.099Z audio_default_input_changed default_input=present default_input_transport=bluetooth
2026-08-05T11:37:43.100Z audio_default_input_changed default_input=present default_input_transport=bluetooth
2026-08-05T11:37:43.100Z audio_default_input_changed default_input=present default_input_transport=bluetooth
2026-08-05T11:37:43.101Z audio_default_input_changed default_input=present default_input_transport=bluetooth
2026-08-05T11:37:43.101Z audio_default_input_changed default_input=present default_input_transport=bluetooth
2026-08-05T11:37:43.102Z audio_default_input_changed default_input=present default_input_transport=bluetooth
2026-08-05T11:37:43.102Z audio_default_input_changed default_input=present default_input_transport=bluetooth
2026-08-05T11:37:43.103Z audio_default_input_changed default_input=present default_input_transport=bluetooth
2026-08-05T11:37:43.103Z audio_default_input_changed default_input=present default_input_transport=bluetooth
2026-08-05T11:37:43.103Z audio_default_input_changed default_input=present default_input_transport=bluetooth
2026-08-05T11:37:43.104Z audio_default_input_changed default_input=present default_input_transport=bluetooth
2026-08-05T11:37:43.439Z audio_default_input_changed default_input=present default_input_transport=built-in
2026-08-05T11:37:43.453Z audio_default_input_changed default_input=present default_input_transport=built-in
2026-08-05T11:37:43.473Z audio_default_input_changed default_input=present default_input_transport=built-in
2026-08-05T11:37:43.479Z audio_default_input_changed default_input=present default_input_transport=built-in
2026-08-05T11:37:43.485Z audio_default_input_changed default_input=present default_input_transport=built-in
2026-08-05T11:37:43.500Z audio_default_input_changed default_input=present default_input_transport=built-in
2026-08-05T11:37:43.525Z audio_default_input_changed default_input=present default_input_transport=built-in
2026-08-05T11:37:43.601Z audio_default_input_changed default_input=present default_input_transport=built-in
2026-08-05T11:37:43.735Z audio_default_input_changed default_input=present default_input_transport=built-in
2026-08-05T11:37:43.746Z audio_default_input_changed default_input=present default_input_transport=built-in
2026-08-05T11:37:43.769Z audio_default_input_changed default_input=present default_input_transport=built-in
2026-08-05T11:37:43.785Z audio_default_input_changed default_input=present default_input_transport=built-in
2026-08-05T11:37:43.787Z audio_default_input_changed default_input=present default_input_transport=built-in
2026-08-05T11:37:43.788Z audio_default_input_changed default_input=present default_input_transport=built-in
2026-08-05T11:37:43.789Z audio_default_input_changed default_input=present default_input_transport=built-in
2026-08-05T11:37:43.791Z audio_default_input_changed default_input=present default_input_transport=built-in
2026-08-05T11:37:43.793Z audio_default_input_changed default_input=present default_input_transport=built-in
2026-08-05T11:37:43.795Z audio_default_input_changed default_input=present default_input_transport=built-in
2026-08-05T11:37:43.797Z audio_default_input_changed default_input=present default_input_transport=built-in
2026-08-05T11:37:43.798Z audio_default_input_changed default_input=present default_input_transport=built-in
2026-08-05T11:37:43.805Z audio_default_input_changed default_input=present default_input_transport=built-in
2026-08-05T11:37:43.810Z audio_default_input_changed default_input=present default_input_transport=built-in
2026-08-05T11:37:43.816Z audio_default_input_changed default_input=present default_input_transport=built-in
2026-08-05T11:37:43.816Z audio_default_input_changed default_input=present default_input_transport=built-in
2026-08-05T11:37:43.817Z audio_default_input_changed default_input=present default_input_transport=built-in
2026-08-05T11:37:43.817Z audio_default_input_changed default_input=present default_input_transport=built-in
2026-08-05T11:37:43.818Z audio_default_input_changed default_input=present default_input_transport=built-in
2026-08-05T11:37:43.819Z audio_default_input_changed default_input=present default_input_transport=built-in
2026-08-05T11:37:43.819Z audio_default_input_changed default_input=present default_input_transport=built-in
2026-08-05T11:37:43.820Z audio_default_input_changed default_input=present default_input_transport=built-in
2026-08-05T11:37:43.820Z audio_default_input_changed default_input=present default_input_transport=built-in
2026-08-05T11:37:43.821Z audio_default_input_changed default_input=present default_input_transport=built-in
2026-08-05T11:37:43.821Z audio_default_input_changed default_input=present default_input_transport=built-in
2026-08-05T11:37:43.822Z audio_default_input_changed default_input=present default_input_transport=built-in
2026-08-05T11:37:43.822Z audio_default_input_changed default_input=present default_input_transport=built-in
2026-08-05T11:37:43.823Z audio_default_input_changed default_input=present default_input_transport=built-in
2026-08-05T11:37:43.823Z audio_default_input_changed default_input=present default_input_transport=built-in
2026-08-05T11:37:43.824Z audio_default_input_changed default_input=present default_input_transport=built-in
2026-08-05T11:37:43.824Z audio_default_input_changed default_input=present default_input_transport=built-in
2026-08-05T11:37:43.825Z audio_default_input_changed default_input=present default_input_transport=built-in
2026-08-05T11:37:43.825Z audio_default_input_changed default_input=present default_input_transport=built-in
2026-08-05T11:37:43.826Z audio_default_input_changed default_input=present default_input_transport=built-in
2026-08-05T11:37:43.827Z audio_default_input_changed default_input=present default_input_transport=built-in
2026-08-05T11:37:43.827Z audio_default_input_changed default_input=present default_input_transport=built-in
2026-08-05T11:37:43.828Z audio_default_input_changed default_input=present default_input_transport=built-in
2026-08-05T11:37:43.975Z shared_mic_engine_configuration_changed sr=48000.0 ch=1 isRunning=false engine_is_running=false default_input=present default_input_transport=built-in
2026-08-05T11:37:43.976Z shared_mic_engine_prepared_discarded reason=configuration_changed
2026-08-05T11:37:44.640Z shared_mic_engine_prepare_timing vpio=false buffer_size=4096 set_vpio_ms=0.006 output_format_ms=0.010 install_tap_ms=0.006 total_ms=135.852
2026-08-05T11:37:44.640Z shared_mic_engine_input_device_prepared source=system_default device=present transport=built-in vpio=false set_device_ms=0.000 prepare_engine_ms=136.652
2026-08-05T11:37:47.246Z audio_default_input_changed default_input=present default_input_transport=bluetooth
2026-08-05T11:37:47.325Z audio_default_input_changed default_input=present default_input_transport=bluetooth
2026-08-05T11:37:47.351Z audio_default_input_changed default_input=present default_input_transport=bluetooth
2026-08-05T11:37:47.366Z audio_default_input_changed default_input=present default_input_transport=bluetooth
2026-08-05T11:37:47.452Z audio_default_input_changed default_input=present default_input_transport=bluetooth
2026-08-05T11:37:47.516Z audio_default_input_changed default_input=present default_input_transport=bluetooth
2026-08-05T11:37:47.521Z audio_default_input_changed default_input=present default_input_transport=bluetooth
2026-08-05T11:37:47.526Z audio_default_input_changed default_input=present default_input_transport=bluetooth
2026-08-05T11:37:47.531Z audio_default_input_changed default_input=present default_input_transport=bluetooth
2026-08-05T11:37:47.534Z audio_default_input_changed default_input=present default_input_transport=bluetooth
2026-08-05T11:37:47.535Z audio_default_input_changed default_input=present default_input_transport=bluetooth
2026-08-05T11:37:47.540Z audio_default_input_changed default_input=present default_input_transport=bluetooth
2026-08-05T11:37:47.543Z audio_default_input_changed default_input=present default_input_transport=bluetooth
2026-08-05T11:37:47.555Z audio_default_input_changed default_input=present default_input_transport=bluetooth
2026-08-05T11:37:47.559Z audio_default_input_changed default_input=present default_input_transport=bluetooth
2026-08-05T11:37:47.565Z audio_default_input_changed default_input=present default_input_transport=bluetooth
2026-08-05T11:37:47.568Z audio_default_input_changed default_input=present default_input_transport=bluetooth
2026-08-05T11:37:47.569Z audio_default_input_changed default_input=present default_input_transport=bluetooth
2026-08-05T11:37:47.571Z audio_default_input_changed default_input=present default_input_transport=bluetooth
2026-08-05T11:37:47.572Z audio_default_input_changed default_input=present default_input_transport=bluetooth
2026-08-05T11:37:47.573Z audio_default_input_changed default_input=present default_input_transport=bluetooth
2026-08-05T11:37:47.575Z audio_default_input_changed default_input=present default_input_transport=bluetooth
2026-08-05T11:37:47.576Z audio_default_input_changed default_input=present default_input_transport=bluetooth
2026-08-05T11:37:47.577Z audio_default_input_changed default_input=present default_input_transport=bluetooth
2026-08-05T11:37:47.578Z audio_default_input_changed default_input=present default_input_transport=bluetooth
2026-08-05T11:37:47.579Z audio_default_input_changed default_input=present default_input_transport=bluetooth
2026-08-05T11:37:47.580Z audio_default_input_changed default_input=present default_input_transport=bluetooth
2026-08-05T11:37:47.581Z audio_default_input_changed default_input=present default_input_transport=bluetooth
2026-08-05T11:37:47.582Z audio_default_input_changed default_input=present default_input_transport=bluetooth
2026-08-05T11:37:47.584Z audio_default_input_changed default_input=present default_input_transport=bluetooth
2026-08-05T11:37:47.584Z audio_default_input_changed default_input=present default_input_transport=bluetooth
2026-08-05T11:37:47.585Z audio_default_input_changed default_input=present default_input_transport=bluetooth
2026-08-05T11:37:47.586Z audio_default_input_changed default_input=present default_input_transport=bluetooth
2026-08-05T11:37:47.587Z audio_default_input_changed default_input=present default_input_transport=bluetooth
2026-08-05T11:37:47.588Z audio_default_input_changed default_input=present default_input_transport=bluetooth
2026-08-05T11:37:47.589Z audio_default_input_changed default_input=present default_input_transport=bluetooth
2026-08-05T11:37:47.590Z audio_default_input_changed default_input=present default_input_transport=bluetooth
2026-08-05T11:37:47.590Z audio_default_input_changed default_input=present default_input_transport=bluetooth
2026-08-05T11:37:47.591Z audio_default_input_changed default_input=present default_input_transport=bluetooth
2026-08-05T11:37:47.592Z audio_default_input_changed default_input=present default_input_transport=bluetooth
2026-08-05T11:37:47.592Z audio_default_input_changed default_input=present default_input_transport=bluetooth
2026-08-05T11:37:47.593Z audio_default_input_changed default_input=present default_input_transport=bluetooth
2026-08-05T11:37:47.593Z audio_default_input_changed default_input=present default_input_transport=bluetooth
2026-08-05T11:37:47.594Z audio_default_input_changed default_input=present default_input_transport=bluetooth
2026-08-05T11:37:47.595Z audio_default_input_changed default_input=present default_input_transport=bluetooth
2026-08-05T11:37:47.595Z audio_default_input_changed default_input=present default_input_transport=bluetooth
2026-08-05T11:37:47.596Z audio_default_input_changed default_input=present default_input_transport=bluetooth
2026-08-05T11:37:48.117Z shared_mic_engine_stopped
2026-08-05T11:37:48.122Z shared_mic_engine_prepare_skipped reason=bluetooth_or_unresolved_route
2026-08-05T11:37:48.242Z audio_default_input_changed default_input=present default_input_transport=built-in
2026-08-05T11:37:48.308Z audio_default_input_changed default_input=present default_input_transport=built-in
2026-08-05T11:37:48.311Z audio_default_input_changed default_input=present default_input_transport=built-in
2026-08-05T11:37:48.322Z audio_default_input_changed default_input=present default_input_transport=built-in
2026-08-05T11:37:48.332Z audio_default_input_changed default_input=present default_input_transport=built-in
2026-08-05T11:37:48.339Z audio_default_input_changed default_input=present default_input_transport=built-in
2026-08-05T11:37:48.341Z audio_default_input_changed default_input=present default_input_transport=built-in
2026-08-05T11:37:48.358Z audio_default_input_changed default_input=present default_input_transport=built-in
2026-08-05T11:37:48.448Z audio_default_input_changed default_input=present default_input_transport=built-in
2026-08-05T11:37:48.480Z audio_default_input_changed default_input=present default_input_transport=built-in
2026-08-05T11:37:48.554Z audio_default_input_changed default_input=present default_input_transport=built-in
2026-08-05T11:37:48.616Z audio_default_input_changed default_input=present default_input_transport=built-in
2026-08-05T11:37:48.690Z audio_default_input_changed default_input=present default_input_transport=built-in
2026-08-05T11:37:48.702Z audio_default_input_changed default_input=present default_input_transport=built-in
2026-08-05T11:37:48.710Z audio_default_input_changed default_input=present default_input_transport=built-in
2026-08-05T11:37:48.718Z audio_default_input_changed default_input=present default_input_transport=built-in
2026-08-05T11:37:48.723Z audio_default_input_changed default_input=present default_input_transport=built-in
2026-08-05T11:37:48.726Z audio_default_input_changed default_input=present default_input_transport=built-in
2026-08-05T11:37:48.728Z audio_default_input_changed default_input=present default_input_transport=built-in
2026-08-05T11:37:48.730Z audio_default_input_changed default_input=present default_input_transport=built-in
2026-08-05T11:37:48.731Z audio_default_input_changed default_input=present default_input_transport=built-in
2026-08-05T11:37:48.734Z audio_default_input_changed default_input=present default_input_transport=built-in
2026-08-05T11:37:48.736Z audio_default_input_changed default_input=present default_input_transport=built-in
2026-08-05T11:37:48.737Z audio_default_input_changed default_input=present default_input_transport=built-in
2026-08-05T11:37:48.739Z audio_default_input_changed default_input=present default_input_transport=built-in
2026-08-05T11:37:48.741Z audio_default_input_changed default_input=present default_input_transport=built-in
2026-08-05T11:37:48.742Z audio_default_input_changed default_input=present default_input_transport=built-in
2026-08-05T11:37:48.743Z audio_default_input_changed default_input=present default_input_transport=built-in
2026-08-05T11:37:48.745Z audio_default_input_changed default_input=present default_input_transport=built-in
2026-08-05T11:37:48.746Z audio_default_input_changed default_input=present default_input_transport=built-in
2026-08-05T11:37:48.748Z audio_default_input_changed default_input=present default_input_transport=built-in
2026-08-05T11:37:48.749Z audio_default_input_changed default_input=present default_input_transport=built-in
2026-08-05T11:37:48.750Z audio_default_input_changed default_input=present default_input_transport=built-in
2026-08-05T11:37:48.751Z audio_default_input_changed default_input=present default_input_transport=built-in
2026-08-05T11:37:48.751Z audio_default_input_changed default_input=present default_input_transport=built-in
2026-08-05T11:37:48.752Z audio_default_input_changed default_input=present default_input_transport=built-in
2026-08-05T11:37:48.752Z audio_default_input_changed default_input=present default_input_transport=built-in
2026-08-05T11:37:48.753Z audio_default_input_changed default_input=present default_input_transport=built-in
2026-08-05T11:37:48.753Z audio_default_input_changed default_input=present default_input_transport=built-in
2026-08-05T11:37:48.754Z audio_default_input_changed default_input=present default_input_transport=built-in
2026-08-05T11:37:48.755Z audio_default_input_changed default_input=present default_input_transport=built-in
2026-08-05T11:37:48.755Z audio_default_input_changed default_input=present default_input_transport=built-in
2026-08-05T11:37:48.755Z audio_default_input_changed default_input=present default_input_transport=built-in
2026-08-05T11:37:48.756Z audio_default_input_changed default_input=present default_input_transport=built-in
2026-08-05T11:37:48.756Z audio_default_input_changed default_input=present default_input_transport=built-in
2026-08-05T11:37:48.757Z audio_default_input_changed default_input=present default_input_transport=built-in
2026-08-05T11:37:48.757Z audio_default_input_changed default_input=present default_input_transport=built-in
2026-08-05T11:37:48.758Z audio_default_input_changed default_input=present default_input_transport=built-in
2026-08-05T11:37:48.894Z audio_default_input_changed default_input=present default_input_transport=bluetooth
2026-08-05T11:37:49.161Z audio_default_input_changed default_input=present default_input_transport=bluetooth
2026-08-05T11:37:49.179Z audio_default_input_changed default_input=present default_input_transport=bluetooth
2026-08-05T11:37:49.185Z audio_default_input_changed default_input=present default_input_transport=bluetooth
2026-08-05T11:37:49.192Z audio_default_input_changed default_input=present default_input_transport=bluetooth
2026-08-05T11:37:49.194Z audio_default_input_changed default_input=present default_input_transport=bluetooth
2026-08-05T11:37:49.197Z audio_default_input_changed default_input=present default_input_transport=bluetooth
2026-08-05T11:37:49.201Z audio_default_input_changed default_input=present default_input_transport=bluetooth
2026-08-05T11:37:49.209Z audio_default_input_changed default_input=present default_input_transport=bluetooth
2026-08-05T11:37:49.210Z audio_default_input_changed default_input=present default_input_transport=bluetooth
2026-08-05T11:37:49.211Z audio_default_input_changed default_input=present default_input_transport=bluetooth
2026-08-05T11:37:49.212Z audio_default_input_changed default_input=present default_input_transport=bluetooth
2026-08-05T11:37:49.213Z audio_default_input_changed default_input=present default_input_transport=bluetooth
2026-08-05T11:37:49.213Z audio_default_input_changed default_input=present default_input_transport=bluetooth
2026-08-05T11:37:49.214Z audio_default_input_changed default_input=present default_input_transport=bluetooth
2026-08-05T11:37:49.215Z audio_default_input_changed default_input=present default_input_transport=bluetooth
2026-08-05T11:37:49.215Z audio_default_input_changed default_input=present default_input_transport=bluetooth
2026-08-05T11:37:49.216Z audio_default_input_changed default_input=present default_input_transport=bluetooth
2026-08-05T11:37:49.217Z audio_default_input_changed default_input=present default_input_transport=bluetooth
2026-08-05T11:37:49.218Z audio_default_input_changed default_input=present default_input_transport=bluetooth
2026-08-05T11:37:49.218Z audio_default_input_changed default_input=present default_input_transport=bluetooth
2026-08-05T11:37:49.219Z audio_default_input_changed default_input=present default_input_transport=bluetooth
2026-08-05T11:37:49.220Z audio_default_input_changed default_input=present default_input_transport=bluetooth
2026-08-05T11:37:49.220Z audio_default_input_changed default_input=present default_input_transport=bluetooth
2026-08-05T11:37:49.221Z audio_default_input_changed default_input=present default_input_transport=bluetooth
2026-08-05T11:37:49.222Z audio_default_input_changed default_input=present default_input_transport=bluetooth
2026-08-05T11:37:49.223Z audio_default_input_changed default_input=present default_input_transport=bluetooth
2026-08-05T11:37:49.224Z audio_default_input_changed default_input=present default_input_transport=bluetooth
2026-08-05T11:37:49.225Z audio_default_input_changed default_input=present default_input_transport=bluetooth
2026-08-05T11:37:49.225Z audio_default_input_changed default_input=present default_input_transport=bluetooth
2026-08-05T11:37:49.226Z audio_default_input_changed default_input=present default_input_transport=bluetooth
2026-08-05T11:37:49.226Z audio_default_input_changed default_input=present default_input_transport=bluetooth
2026-08-05T11:37:49.227Z audio_default_input_changed default_input=present default_input_transport=bluetooth
2026-08-05T11:37:49.227Z audio_default_input_changed default_input=present default_input_transport=bluetooth
2026-08-05T11:37:49.228Z audio_default_input_changed default_input=present default_input_transport=bluetooth
2026-08-05T11:37:49.228Z audio_default_input_changed default_input=present default_input_transport=bluetooth
2026-08-05T11:37:49.229Z audio_default_input_changed default_input=present default_input_transport=bluetooth
2026-08-05T11:37:49.229Z audio_default_input_changed default_input=present default_input_transport=bluetooth
2026-08-05T11:37:49.230Z audio_default_input_changed default_input=present default_input_transport=bluetooth
2026-08-05T11:37:49.231Z audio_default_input_changed default_input=present default_input_transport=bluetooth
2026-08-05T11:37:49.232Z audio_default_input_changed default_input=present default_input_transport=bluetooth
2026-08-05T11:37:49.232Z audio_default_input_changed default_input=present default_input_transport=bluetooth
2026-08-05T11:37:49.233Z audio_default_input_changed default_input=present default_input_transport=bluetooth
2026-08-05T11:37:49.234Z audio_default_input_changed default_input=present default_input_transport=bluetooth
2026-08-05T11:37:49.234Z audio_default_input_changed default_input=present default_input_transport=bluetooth
2026-08-05T11:37:49.235Z audio_default_input_changed default_input=present default_input_transport=bluetooth
2026-08-05T11:37:49.236Z audio_default_input_changed default_input=present default_input_transport=bluetooth
2026-08-05T11:37:49.236Z audio_default_input_changed default_input=present default_input_transport=bluetooth
2026-08-05T11:37:49.762Z shared_mic_engine_prepare_skipped reason=bluetooth_or_unresolved_route
2026-08-05T11:37:51.555Z audio_default_input_changed default_input=present default_input_transport=built-in
2026-08-05T11:37:51.600Z audio_default_input_changed default_input=present default_input_transport=built-in
2026-08-05T11:37:51.606Z audio_default_input_changed default_input=present default_input_transport=built-in
2026-08-05T11:37:51.622Z audio_default_input_changed default_input=present default_input_transport=built-in
2026-08-05T11:37:51.640Z audio_default_input_changed default_input=present default_input_transport=built-in
2026-08-05T11:37:51.705Z audio_default_input_changed default_input=present default_input_transport=built-in
2026-08-05T11:37:51.709Z audio_default_input_changed default_input=present default_input_transport=built-in
2026-08-05T11:37:51.725Z audio_default_input_changed default_input=present default_input_transport=built-in
2026-08-05T11:37:51.734Z audio_default_input_changed default_input=present default_input_transport=built-in
2026-08-05T11:37:51.845Z audio_default_input_changed default_input=present default_input_transport=built-in
2026-08-05T11:37:51.869Z audio_default_input_changed default_input=present default_input_transport=built-in
2026-08-05T11:37:51.917Z audio_default_input_changed default_input=present default_input_transport=built-in
2026-08-05T11:37:51.941Z audio_default_input_changed default_input=present default_input_transport=built-in
2026-08-05T11:37:51.942Z audio_default_input_changed default_input=present default_input_transport=built-in
2026-08-05T11:37:51.943Z audio_default_input_changed default_input=present default_input_transport=built-in
2026-08-05T11:37:51.944Z audio_default_input_changed default_input=present default_input_transport=built-in
2026-08-05T11:37:51.944Z audio_default_input_changed default_input=present default_input_transport=built-in
2026-08-05T11:37:51.945Z audio_default_input_changed default_input=present default_input_transport=built-in
2026-08-05T11:37:51.946Z audio_default_input_changed default_input=present default_input_transport=built-in
2026-08-05T11:37:51.946Z audio_default_input_changed default_input=present default_input_transport=built-in
2026-08-05T11:37:51.947Z audio_default_input_changed default_input=present default_input_transport=built-in
2026-08-05T11:37:51.947Z audio_default_input_changed default_input=present default_input_transport=built-in
2026-08-05T11:37:51.948Z audio_default_input_changed default_input=present default_input_transport=built-in
2026-08-05T11:37:51.948Z audio_default_input_changed default_input=present default_input_transport=built-in
2026-08-05T11:37:51.949Z audio_default_input_changed default_input=present default_input_transport=built-in
2026-08-05T11:37:51.950Z audio_default_input_changed default_input=present default_input_transport=built-in
2026-08-05T11:37:51.950Z audio_default_input_changed default_input=present default_input_transport=built-in
2026-08-05T11:37:51.951Z audio_default_input_changed default_input=present default_input_transport=built-in
2026-08-05T11:37:51.951Z audio_default_input_changed default_input=present default_input_transport=built-in
2026-08-05T11:37:51.952Z audio_default_input_changed default_input=present default_input_transport=built-in
2026-08-05T11:37:51.952Z audio_default_input_changed default_input=present default_input_transport=built-in
2026-08-05T11:37:51.953Z audio_default_input_changed default_input=present default_input_transport=built-in
2026-08-05T11:37:51.953Z audio_default_input_changed default_input=present default_input_transport=built-in
2026-08-05T11:37:51.954Z audio_default_input_changed default_input=present default_input_transport=built-in
2026-08-05T11:37:51.954Z audio_default_input_changed default_input=present default_input_transport=built-in
2026-08-05T11:37:51.955Z audio_default_input_changed default_input=present default_input_transport=built-in
2026-08-05T11:37:51.956Z audio_default_input_changed default_input=present default_input_transport=built-in
2026-08-05T11:37:51.956Z audio_default_input_changed default_input=present default_input_transport=built-in
2026-08-05T11:37:51.956Z audio_default_input_changed default_input=present default_input_transport=built-in
2026-08-05T11:37:51.957Z audio_default_input_changed default_input=present default_input_transport=built-in
2026-08-05T11:37:51.957Z audio_default_input_changed default_input=present default_input_transport=built-in
2026-08-05T11:37:51.958Z audio_default_input_changed default_input=present default_input_transport=built-in
2026-08-05T11:37:51.958Z audio_default_input_changed default_input=present default_input_transport=built-in
2026-08-05T11:37:51.959Z audio_default_input_changed default_input=present default_input_transport=built-in
2026-08-05T11:37:51.959Z audio_default_input_changed default_input=present default_input_transport=built-in
2026-08-05T11:37:51.960Z audio_default_input_changed default_input=present default_input_transport=built-in
2026-08-05T11:37:51.960Z audio_default_input_changed default_input=present default_input_transport=built-in
2026-08-05T11:37:51.961Z audio_default_input_changed default_input=present default_input_transport=built-in
2026-08-05T11:37:51.961Z audio_default_input_changed default_input=present default_input_transport=built-in
2026-08-05T11:37:52.608Z shared_mic_engine_prepare_timing vpio=false buffer_size=4096 set_vpio_ms=0.007 output_format_ms=0.007 install_tap_ms=0.005 total_ms=138.724
2026-08-05T11:37:52.609Z shared_mic_engine_input_device_prepared source=system_default device=present transport=built-in vpio=false set_device_ms=0.000 prepare_engine_ms=139.449
2026-08-05T11:37:52.983Z audio_default_input_changed default_input=present default_input_transport=bluetooth
2026-08-05T11:37:52.993Z audio_default_input_changed default_input=present default_input_transport=bluetooth
2026-08-05T11:37:53.212Z audio_default_input_changed default_input=present default_input_transport=bluetooth
2026-08-05T11:37:53.244Z audio_default_input_changed default_input=present default_input_transport=bluetooth
2026-08-05T11:37:53.246Z audio_default_input_changed default_input=present default_input_transport=bluetooth
2026-08-05T11:37:53.248Z audio_default_input_changed default_input=present default_input_transport=bluetooth
2026-08-05T11:37:53.249Z audio_default_input_changed default_input=present default_input_transport=bluetooth
2026-08-05T11:37:53.250Z audio_default_input_changed default_input=present default_input_transport=bluetooth
2026-08-05T11:37:53.254Z audio_default_input_changed default_input=present default_input_transport=bluetooth
2026-08-05T11:37:53.265Z audio_default_input_changed default_input=present default_input_transport=bluetooth
2026-08-05T11:37:53.279Z audio_default_input_changed default_input=present default_input_transport=bluetooth
2026-08-05T11:37:53.287Z audio_default_input_changed default_input=present default_input_transport=bluetooth
2026-08-05T11:37:53.297Z audio_default_input_changed default_input=present default_input_transport=bluetooth
2026-08-05T11:37:53.298Z audio_default_input_changed default_input=present default_input_transport=bluetooth
2026-08-05T11:37:53.300Z audio_default_input_changed default_input=present default_input_transport=bluetooth
2026-08-05T11:37:53.303Z audio_default_input_changed default_input=present default_input_transport=bluetooth
2026-08-05T11:37:53.305Z audio_default_input_changed default_input=present default_input_transport=bluetooth
2026-08-05T11:37:53.308Z audio_default_input_changed default_input=present default_input_transport=bluetooth
2026-08-05T11:37:53.312Z audio_default_input_changed default_input=present default_input_transport=bluetooth
2026-08-05T11:37:53.314Z audio_default_input_changed default_input=present default_input_transport=bluetooth
2026-08-05T11:37:53.316Z audio_default_input_changed default_input=present default_input_transport=bluetooth
2026-08-05T11:37:53.324Z audio_default_input_changed default_input=present default_input_transport=bluetooth
2026-08-05T11:37:53.326Z audio_default_input_changed default_input=present default_input_transport=bluetooth
2026-08-05T11:37:53.327Z audio_default_input_changed default_input=present default_input_transport=built-in
2026-08-05T11:37:53.399Z audio_default_input_changed default_input=present default_input_transport=built-in
2026-08-05T11:37:53.407Z audio_default_input_changed default_input=present default_input_transport=built-in
2026-08-05T11:37:53.421Z audio_default_input_changed default_input=present default_input_transport=built-in
2026-08-05T11:37:53.426Z audio_default_input_changed default_input=present default_input_transport=built-in
2026-08-05T11:37:53.443Z audio_default_input_changed default_input=present default_input_transport=built-in
2026-08-05T11:37:53.448Z audio_default_input_changed default_input=present default_input_transport=built-in
2026-08-05T11:37:53.507Z audio_default_input_changed default_input=present default_input_transport=built-in
2026-08-05T11:37:53.647Z audio_default_input_changed default_input=present default_input_transport=built-in
2026-08-05T11:37:53.652Z audio_default_input_changed default_input=present default_input_transport=built-in
2026-08-05T11:37:53.659Z audio_default_input_changed default_input=present default_input_transport=built-in
2026-08-05T11:37:53.683Z audio_default_input_changed default_input=present default_input_transport=built-in
2026-08-05T11:37:53.692Z audio_default_input_changed default_input=present default_input_transport=built-in
2026-08-05T11:37:53.696Z audio_default_input_changed default_input=present default_input_transport=built-in
2026-08-05T11:37:53.703Z audio_default_input_changed default_input=present default_input_transport=built-in
2026-08-05T11:37:53.707Z audio_default_input_changed default_input=present default_input_transport=built-in
2026-08-05T11:37:53.707Z audio_default_input_changed default_input=present default_input_transport=built-in
2026-08-05T11:37:53.708Z audio_default_input_changed default_input=present default_input_transport=built-in
2026-08-05T11:37:53.708Z audio_default_input_changed default_input=present default_input_transport=built-in
2026-08-05T11:37:53.709Z audio_default_input_changed default_input=present default_input_transport=built-in
2026-08-05T11:37:53.710Z audio_default_input_changed default_input=present default_input_transport=built-in
2026-08-05T11:37:53.710Z audio_default_input_changed default_input=present default_input_transport=built-in
2026-08-05T11:37:53.711Z audio_default_input_changed default_input=present default_input_transport=built-in
2026-08-05T11:37:53.712Z audio_default_input_changed default_input=present default_input_transport=built-in
2026-08-05T11:37:53.712Z audio_default_input_changed default_input=present default_input_transport=built-in
2026-08-05T11:37:53.713Z audio_default_input_changed default_input=present default_input_transport=built-in
2026-08-05T11:37:53.714Z audio_default_input_changed default_input=present default_input_transport=built-in
2026-08-05T11:37:53.714Z audio_default_input_changed default_input=present default_input_transport=built-in
2026-08-05T11:37:53.715Z audio_default_input_changed default_input=present default_input_transport=built-in
2026-08-05T11:37:53.715Z audio_default_input_changed default_input=present default_input_transport=built-in
2026-08-05T11:37:53.716Z audio_default_input_changed default_input=present default_input_transport=built-in
2026-08-05T11:37:53.716Z audio_default_input_changed default_input=present default_input_transport=built-in
2026-08-05T11:37:53.717Z audio_default_input_changed default_input=present default_input_transport=built-in
2026-08-05T11:37:53.717Z audio_default_input_changed default_input=present default_input_transport=built-in
2026-08-05T11:37:53.718Z audio_default_input_changed default_input=present default_input_transport=built-in
2026-08-05T11:37:53.718Z audio_default_input_changed default_input=present default_input_transport=built-in
2026-08-05T11:37:53.718Z audio_default_input_changed default_input=present default_input_transport=built-in
2026-08-05T11:37:53.719Z audio_default_input_changed default_input=present default_input_transport=built-in
2026-08-05T11:37:53.719Z audio_default_input_changed default_input=present default_input_transport=built-in
2026-08-05T11:37:53.720Z audio_default_input_changed default_input=present default_input_transport=built-in
2026-08-05T11:37:53.720Z audio_default_input_changed default_input=present default_input_transport=built-in
2026-08-05T11:37:53.721Z audio_default_input_changed default_input=present default_input_transport=built-in
2026-08-05T11:37:53.721Z audio_default_input_changed default_input=present default_input_transport=built-in
2026-08-05T11:37:53.722Z audio_default_input_changed default_input=present default_input_transport=built-in
2026-08-05T11:37:53.722Z audio_default_input_changed default_input=present default_input_transport=built-in
2026-08-05T11:37:53.723Z audio_default_input_changed default_input=present default_input_transport=built-in
2026-08-05T11:37:53.723Z audio_default_input_changed default_input=present default_input_transport=built-in
2026-08-05T11:37:53.724Z audio_default_input_changed default_input=present default_input_transport=built-in
2026-08-05T11:37:53.725Z audio_default_input_changed default_input=present default_input_transport=built-in
2026-08-05T11:37:53.725Z audio_default_input_changed default_input=present default_input_transport=built-in
2026-08-05T11:37:53.726Z audio_default_input_changed default_input=present default_input_transport=built-in
2026-08-05T11:37:53.726Z audio_default_input_changed default_input=present default_input_transport=built-in
2026-08-05T11:37:53.727Z audio_default_input_changed default_input=present default_input_transport=built-in
2026-08-05T11:37:53.727Z audio_default_input_changed default_input=present default_input_transport=built-in
2026-08-05T11:37:53.727Z audio_default_input_changed default_input=present default_input_transport=built-in
2026-08-05T11:37:53.728Z audio_default_input_changed default_input=present default_input_transport=built-in
2026-08-05T11:37:53.729Z audio_default_input_changed default_input=present default_input_transport=built-in
2026-08-05T11:37:53.730Z audio_default_input_changed default_input=present default_input_transport=built-in
2026-08-05T11:37:53.731Z audio_default_input_changed default_input=present default_input_transport=built-in
2026-08-05T11:37:53.732Z audio_default_input_changed default_input=present default_input_transport=built-in
2026-08-05T11:37:53.733Z audio_default_input_changed default_input=present default_input_transport=built-in
2026-08-05T11:37:53.734Z audio_default_input_changed default_input=present default_input_transport=built-in
2026-08-05T11:37:53.735Z audio_default_input_changed default_input=present default_input_transport=built-in
2026-08-05T11:37:53.735Z audio_default_input_changed default_input=present default_input_transport=built-in
2026-08-05T11:37:53.736Z audio_default_input_changed default_input=present default_input_transport=built-in
2026-08-05T11:37:53.738Z audio_default_input_changed default_input=present default_input_transport=built-in
2026-08-05T11:37:53.739Z audio_default_input_changed default_input=present default_input_transport=built-in
2026-08-05T11:37:53.739Z audio_default_input_changed default_input=present default_input_transport=built-in
2026-08-05T11:37:53.740Z audio_default_input_changed default_input=present default_input_transport=built-in
2026-08-05T11:37:53.741Z audio_default_input_changed default_input=present default_input_transport=built-in
2026-08-05T11:37:53.742Z audio_default_input_changed default_input=present default_input_transport=built-in
2026-08-05T11:37:53.743Z audio_default_input_changed default_input=present default_input_transport=built-in
2026-08-05T11:37:53.744Z audio_default_input_changed default_input=present default_input_transport=built-in
2026-08-05T11:37:53.744Z audio_default_input_changed default_input=present default_input_transport=built-in
2026-08-05T11:37:53.745Z audio_default_input_changed default_input=present default_input_transport=built-in
2026-08-05T11:37:53.745Z audio_default_input_changed default_input=present default_input_transport=built-in
2026-08-05T11:37:53.746Z audio_default_input_changed default_input=present default_input_transport=built-in
2026-08-05T11:37:53.842Z shared_mic_engine_configuration_changed sr=48000.0 ch=1 isRunning=false engine_is_running=false default_input=present default_input_transport=built-in
2026-08-05T11:37:53.843Z shared_mic_engine_prepared_discarded reason=configuration_changed
2026-08-05T11:37:54.494Z shared_mic_engine_prepare_timing vpio=false buffer_size=4096 set_vpio_ms=0.006 output_format_ms=0.006 install_tap_ms=0.009 total_ms=125.049
2026-08-05T11:37:54.495Z shared_mic_engine_input_device_prepared source=system_default device=present transport=built-in vpio=false set_device_ms=0.000 prepare_engine_ms=125.721
2026-08-05T11:37:56.718Z audio_default_input_changed default_input=present default_input_transport=bluetooth
2026-08-05T11:37:56.725Z audio_default_input_changed default_input=present default_input_transport=bluetooth
2026-08-05T11:37:56.726Z audio_default_input_changed default_input=present default_input_transport=bluetooth
2026-08-05T11:37:56.854Z audio_default_input_changed default_input=present default_input_transport=bluetooth
2026-08-05T11:37:56.999Z audio_default_input_changed default_input=present default_input_transport=bluetooth
2026-08-05T11:37:57.023Z audio_default_input_changed default_input=present default_input_transport=bluetooth
2026-08-05T11:37:57.025Z audio_default_input_changed default_input=present default_input_transport=bluetooth
2026-08-05T11:37:57.026Z audio_default_input_changed default_input=present default_input_transport=bluetooth
2026-08-05T11:37:57.027Z audio_default_input_changed default_input=present default_input_transport=bluetooth
2026-08-05T11:37:57.027Z audio_default_input_changed default_input=present default_input_transport=bluetooth
2026-08-05T11:37:57.028Z audio_default_input_changed default_input=present default_input_transport=bluetooth
2026-08-05T11:37:57.030Z audio_default_input_changed default_input=present default_input_transport=bluetooth
2026-08-05T11:37:57.033Z audio_default_input_changed default_input=present default_input_transport=bluetooth
2026-08-05T11:37:57.035Z audio_default_input_changed default_input=present default_input_transport=bluetooth
2026-08-05T11:37:57.036Z audio_default_input_changed default_input=present default_input_transport=bluetooth
2026-08-05T11:37:57.037Z audio_default_input_changed default_input=present default_input_transport=bluetooth
2026-08-05T11:37:57.039Z audio_default_input_changed default_input=present default_input_transport=bluetooth
2026-08-05T11:37:57.040Z audio_default_input_changed default_input=present default_input_transport=bluetooth
2026-08-05T11:37:57.041Z audio_default_input_changed default_input=present default_input_transport=bluetooth
2026-08-05T11:37:57.042Z audio_default_input_changed default_input=present default_input_transport=bluetooth
2026-08-05T11:37:57.042Z audio_default_input_changed default_input=present default_input_transport=bluetooth
2026-08-05T11:37:57.043Z audio_default_input_changed default_input=present default_input_transport=bluetooth
2026-08-05T11:37:57.043Z audio_default_input_changed default_input=present default_input_transport=bluetooth
2026-08-05T11:37:57.044Z audio_default_input_changed default_input=present default_input_transport=bluetooth
2026-08-05T11:37:57.044Z audio_default_input_changed default_input=present default_input_transport=bluetooth
2026-08-05T11:37:57.046Z audio_default_input_changed default_input=present default_input_transport=bluetooth
2026-08-05T11:37:57.046Z audio_default_input_changed default_input=present default_input_transport=bluetooth
2026-08-05T11:37:57.047Z audio_default_input_changed default_input=present default_input_transport=bluetooth
2026-08-05T11:37:57.047Z audio_default_input_changed default_input=present default_input_transport=bluetooth
2026-08-05T11:37:57.048Z audio_default_input_changed default_input=present default_input_transport=bluetooth
2026-08-05T11:37:57.049Z audio_default_input_changed default_input=present default_input_transport=bluetooth
2026-08-05T11:37:57.049Z audio_default_input_changed default_input=present default_input_transport=bluetooth
2026-08-05T11:37:57.050Z audio_default_input_changed default_input=present default_input_transport=bluetooth
2026-08-05T11:37:57.051Z audio_default_input_changed default_input=present default_input_transport=bluetooth
2026-08-05T11:37:57.051Z audio_default_input_changed default_input=present default_input_transport=bluetooth
2026-08-05T11:37:57.052Z audio_default_input_changed default_input=present default_input_transport=bluetooth
2026-08-05T11:37:57.052Z audio_default_input_changed default_input=present default_input_transport=bluetooth
2026-08-05T11:37:57.053Z audio_default_input_changed default_input=present default_input_transport=bluetooth
2026-08-05T11:37:57.053Z audio_default_input_changed default_input=present default_input_transport=bluetooth
2026-08-05T11:37:57.054Z audio_default_input_changed default_input=present default_input_transport=bluetooth
2026-08-05T11:37:57.054Z audio_default_input_changed default_input=present default_input_transport=bluetooth
2026-08-05T11:37:57.055Z audio_default_input_changed default_input=present default_input_transport=bluetooth
2026-08-05T11:37:57.055Z audio_default_input_changed default_input=present default_input_transport=bluetooth
2026-08-05T11:37:57.056Z audio_default_input_changed default_input=present default_input_transport=bluetooth
2026-08-05T11:37:57.056Z audio_default_input_changed default_input=present default_input_transport=bluetooth
2026-08-05T11:37:57.057Z audio_default_input_changed default_input=present default_input_transport=bluetooth
2026-08-05T11:37:57.057Z audio_default_input_changed default_input=present default_input_transport=bluetooth
2026-08-05T11:37:57.058Z audio_default_input_changed default_input=present default_input_transport=bluetooth
2026-08-05T11:37:57.058Z audio_default_input_changed default_input=present default_input_transport=bluetooth
2026-08-05T11:37:57.058Z audio_default_input_changed default_input=present default_input_transport=bluetooth
2026-08-05T11:37:57.059Z audio_default_input_changed default_input=present default_input_transport=bluetooth
2026-08-05T11:37:57.059Z audio_default_input_changed default_input=present default_input_transport=bluetooth
2026-08-05T11:37:57.158Z shared_mic_engine_configuration_changed sr=48000.0 ch=1 isRunning=false engine_is_running=false default_input=present default_input_transport=bluetooth
2026-08-05T11:37:57.159Z shared_mic_engine_prepared_discarded reason=configuration_changed
2026-08-05T11:37:57.636Z audio_default_input_changed default_input=present default_input_transport=built-in
2026-08-05T11:37:57.708Z audio_default_input_changed default_input=present default_input_transport=built-in
2026-08-05T11:37:57.741Z audio_default_input_changed default_input=present default_input_transport=built-in
2026-08-05T11:37:57.748Z audio_default_input_changed default_input=present default_input_transport=built-in
2026-08-05T11:37:57.840Z audio_default_input_changed default_input=present default_input_transport=built-in
2026-08-05T11:37:57.932Z audio_default_input_changed default_input=present default_input_transport=built-in
2026-08-05T11:37:57.961Z audio_default_input_changed default_input=present default_input_transport=built-in
2026-08-05T11:37:57.980Z audio_default_input_changed default_input=present default_input_transport=built-in
2026-08-05T11:37:57.981Z audio_default_input_changed default_input=present default_input_transport=built-in
2026-08-05T11:37:57.982Z audio_default_input_changed default_input=present default_input_transport=built-in
2026-08-05T11:37:57.982Z audio_default_input_changed default_input=present default_input_transport=built-in
2026-08-05T11:37:57.983Z audio_default_input_changed default_input=present default_input_transport=built-in
2026-08-05T11:37:57.984Z audio_default_input_changed default_input=present default_input_transport=built-in
2026-08-05T11:37:57.984Z audio_default_input_changed default_input=present default_input_transport=built-in
2026-08-05T11:37:57.985Z audio_default_input_changed default_input=present default_input_transport=built-in
2026-08-05T11:37:57.985Z audio_default_input_changed default_input=present default_input_transport=built-in
2026-08-05T11:37:57.986Z audio_default_input_changed default_input=present default_input_transport=built-in
2026-08-05T11:37:57.997Z audio_default_input_changed default_input=present default_input_transport=built-in
2026-08-05T11:37:58.079Z audio_default_input_changed default_input=present default_input_transport=built-in
2026-08-05T11:37:58.141Z audio_default_input_changed default_input=present default_input_transport=built-in
2026-08-05T11:37:58.143Z audio_default_input_changed default_input=present default_input_transport=built-in
2026-08-05T11:37:58.144Z shared_mic_engine_prepare_timing vpio=false buffer_size=4096 set_vpio_ms=0.004 output_format_ms=0.041 install_tap_ms=0.005 total_ms=316.814
2026-08-05T11:37:58.151Z shared_mic_engine_input_device_prepared source=system_default device=present transport=built-in vpio=false set_device_ms=0.000 prepare_engine_ms=322.101
2026-08-05T11:37:58.151Z audio_default_input_changed default_input=present default_input_transport=built-in
2026-08-05T11:37:58.160Z audio_default_input_changed default_input=present default_input_transport=built-in
2026-08-05T11:37:58.172Z audio_default_input_changed default_input=present default_input_transport=built-in
2026-08-05T11:37:58.175Z audio_default_input_changed default_input=present default_input_transport=built-in
2026-08-05T11:37:58.182Z audio_default_input_changed default_input=present default_input_transport=built-in
2026-08-05T11:37:58.194Z audio_default_input_changed default_input=present default_input_transport=built-in
2026-08-05T11:37:58.218Z audio_default_input_changed default_input=present default_input_transport=built-in
2026-08-05T11:37:58.223Z audio_default_input_changed default_input=present default_input_transport=built-in
2026-08-05T11:37:58.225Z audio_default_input_changed default_input=present default_input_transport=built-in
2026-08-05T11:37:58.225Z audio_default_input_changed default_input=present default_input_transport=built-in
2026-08-05T11:37:58.226Z audio_default_input_changed default_input=present default_input_transport=built-in
2026-08-05T11:37:58.227Z audio_default_input_changed default_input=present default_input_transport=built-in
2026-08-05T11:37:58.228Z audio_default_input_changed default_input=present default_input_transport=built-in
2026-08-05T11:37:58.229Z audio_default_input_changed default_input=present default_input_transport=built-in
2026-08-05T11:37:58.230Z audio_default_input_changed default_input=present default_input_transport=built-in
2026-08-05T11:37:58.232Z audio_default_input_changed default_input=present default_input_transport=built-in
2026-08-05T11:37:58.233Z audio_default_input_changed default_input=present default_input_transport=built-in
2026-08-05T11:37:58.235Z audio_default_input_changed default_input=present default_input_transport=built-in
2026-08-05T11:37:58.237Z audio_default_input_changed default_input=present default_input_transport=built-in
2026-08-05T11:37:58.238Z audio_default_input_changed default_input=present default_input_transport=built-in
2026-08-05T11:37:58.240Z audio_default_input_changed default_input=present default_input_transport=built-in
2026-08-05T11:37:58.241Z audio_default_input_changed default_input=present default_input_transport=built-in
2026-08-05T11:37:58.241Z audio_default_input_changed default_input=present default_input_transport=built-in
2026-08-05T11:37:58.243Z audio_default_input_changed default_input=present default_input_transport=built-in
2026-08-05T11:37:58.249Z shared_mic_engine_configuration_changed sr=44100.0 ch=2 isRunning=false engine_is_running=false default_input=present default_input_transport=built-in
2026-08-05T11:37:58.248Z audio_default_input_changed default_input=present default_input_transport=built-in
2026-08-05T11:37:58.251Z shared_mic_engine_prepared_discarded reason=configuration_changed
2026-08-05T11:37:58.252Z audio_default_input_changed default_input=present default_input_transport=built-in
2026-08-05T11:37:58.254Z audio_default_input_changed default_input=present default_input_transport=built-in
2026-08-05T11:37:58.256Z audio_default_input_changed default_input=present default_input_transport=built-in
2026-08-05T11:37:58.259Z audio_default_input_changed default_input=present default_input_transport=built-in
2026-08-05T11:37:58.261Z audio_default_input_changed default_input=present default_input_transport=built-in
2026-08-05T11:37:58.262Z audio_default_input_changed default_input=present default_input_transport=built-in
2026-08-05T11:37:58.264Z audio_default_input_changed default_input=present default_input_transport=built-in
2026-08-05T11:37:58.549Z audio_default_input_changed default_input=present default_input_transport=bluetooth
2026-08-05T11:37:58.760Z audio_default_input_changed default_input=present default_input_transport=bluetooth
2026-08-05T11:37:58.775Z audio_default_input_changed default_input=present default_input_transport=bluetooth
2026-08-05T11:37:58.782Z audio_default_input_changed default_input=present default_input_transport=bluetooth
2026-08-05T11:37:58.795Z audio_default_input_changed default_input=present default_input_transport=bluetooth
2026-08-05T11:37:58.807Z audio_default_input_changed default_input=present default_input_transport=bluetooth
2026-08-05T11:37:58.810Z audio_default_input_changed default_input=present default_input_transport=bluetooth
2026-08-05T11:37:58.834Z audio_default_input_changed default_input=present default_input_transport=bluetooth
2026-08-05T11:37:58.838Z audio_default_input_changed default_input=present default_input_transport=bluetooth
2026-08-05T11:37:58.839Z audio_default_input_changed default_input=present default_input_transport=bluetooth
2026-08-05T11:37:58.841Z audio_default_input_changed default_input=present default_input_transport=bluetooth
2026-08-05T11:37:58.842Z audio_default_input_changed default_input=present default_input_transport=bluetooth
2026-08-05T11:37:58.842Z audio_default_input_changed default_input=present default_input_transport=bluetooth
2026-08-05T11:37:58.843Z audio_default_input_changed default_input=present default_input_transport=bluetooth
2026-08-05T11:37:58.844Z audio_default_input_changed default_input=present default_input_transport=bluetooth
2026-08-05T11:37:58.844Z audio_default_input_changed default_input=present default_input_transport=bluetooth
2026-08-05T11:37:58.845Z audio_default_input_changed default_input=present default_input_transport=bluetooth
2026-08-05T11:37:58.846Z audio_default_input_changed default_input=present default_input_transport=bluetooth
2026-08-05T11:37:58.847Z audio_default_input_changed default_input=present default_input_transport=bluetooth
2026-08-05T11:37:58.848Z audio_default_input_changed default_input=present default_input_transport=bluetooth
2026-08-05T11:37:58.849Z audio_default_input_changed default_input=present default_input_transport=bluetooth
2026-08-05T11:37:58.850Z audio_default_input_changed default_input=present default_input_transport=bluetooth
2026-08-05T11:37:58.851Z audio_default_input_changed default_input=present default_input_transport=bluetooth
2026-08-05T11:37:58.851Z audio_default_input_changed default_input=present default_input_transport=bluetooth
2026-08-05T11:37:58.852Z audio_default_input_changed default_input=present default_input_transport=bluetooth
2026-08-05T11:37:58.853Z audio_default_input_changed default_input=present default_input_transport=bluetooth
2026-08-05T11:37:58.854Z audio_default_input_changed default_input=present default_input_transport=bluetooth
2026-08-05T11:37:58.854Z audio_default_input_changed default_input=present default_input_transport=bluetooth
2026-08-05T11:37:58.855Z audio_default_input_changed default_input=present default_input_transport=bluetooth
2026-08-05T11:37:58.856Z audio_default_input_changed default_input=present default_input_transport=bluetooth
2026-08-05T11:37:58.856Z audio_default_input_changed default_input=present default_input_transport=bluetooth
2026-08-05T11:37:58.857Z audio_default_input_changed default_input=present default_input_transport=bluetooth
2026-08-05T11:37:58.857Z audio_default_input_changed default_input=present default_input_transport=bluetooth
2026-08-05T11:37:58.857Z audio_default_input_changed default_input=present default_input_transport=bluetooth
2026-08-05T11:37:58.858Z audio_default_input_changed default_input=present default_input_transport=bluetooth
2026-08-05T11:37:58.858Z audio_default_input_changed default_input=present default_input_transport=bluetooth
2026-08-05T11:37:58.859Z audio_default_input_changed default_input=present default_input_transport=bluetooth
2026-08-05T11:37:58.859Z audio_default_input_changed default_input=present default_input_transport=bluetooth
2026-08-05T11:37:58.859Z audio_default_input_changed default_input=present default_input_transport=bluetooth
2026-08-05T11:37:58.860Z audio_default_input_changed default_input=present default_input_transport=bluetooth
2026-08-05T11:37:58.860Z audio_default_input_changed default_input=present default_input_transport=bluetooth
2026-08-05T11:37:58.861Z audio_default_input_changed default_input=present default_input_transport=bluetooth
2026-08-05T11:37:58.861Z audio_default_input_changed default_input=present default_input_transport=bluetooth
2026-08-05T11:37:58.862Z audio_default_input_changed default_input=present default_input_transport=bluetooth
2026-08-05T11:37:58.862Z audio_default_input_changed default_input=present default_input_transport=bluetooth
2026-08-05T11:37:58.863Z audio_default_input_changed default_input=present default_input_transport=bluetooth
2026-08-05T11:37:58.863Z audio_default_input_changed default_input=present default_input_transport=bluetooth
2026-08-05T11:37:58.864Z audio_default_input_changed default_input=present default_input_transport=bluetooth
2026-08-05T11:37:58.864Z audio_default_input_changed default_input=present default_input_transport=bluetooth
2026-08-05T11:37:58.865Z audio_default_input_changed default_input=present default_input_transport=bluetooth
2026-08-05T11:37:58.865Z audio_default_input_changed default_input=present default_input_transport=bluetooth
2026-08-05T11:37:58.866Z audio_default_input_changed default_input=present default_input_transport=bluetooth
2026-08-05T11:37:58.866Z audio_default_input_changed default_input=present default_input_transport=bluetooth
2026-08-05T11:37:58.867Z audio_default_input_changed default_input=present default_input_transport=bluetooth
2026-08-05T11:37:58.867Z audio_default_input_changed default_input=present default_input_transport=bluetooth
2026-08-05T11:37:59.296Z audio_default_input_changed default_input=present default_input_transport=built-in
2026-08-05T11:37:59.343Z audio_default_input_changed default_input=present default_input_transport=built-in
2026-08-05T11:37:59.349Z audio_default_input_changed default_input=present default_input_transport=built-in
2026-08-05T11:37:59.367Z audio_default_input_changed default_input=present default_input_transport=built-in
2026-08-05T11:37:59.393Z audio_default_input_changed default_input=present default_input_transport=built-in
2026-08-05T11:37:59.397Z audio_default_input_changed default_input=present default_input_transport=built-in
2026-08-05T11:37:59.401Z audio_default_input_changed default_input=present default_input_transport=built-in
2026-08-05T11:37:59.402Z audio_default_input_changed default_input=present default_input_transport=built-in
2026-08-05T11:37:59.450Z audio_default_input_changed default_input=present default_input_transport=built-in
2026-08-05T11:37:59.532Z audio_default_input_changed default_input=present default_input_transport=built-in
2026-08-05T11:37:59.538Z audio_default_input_changed default_input=present default_input_transport=built-in
2026-08-05T11:37:59.546Z audio_default_input_changed default_input=present default_input_transport=built-in
2026-08-05T11:37:59.585Z audio_default_input_changed default_input=present default_input_transport=built-in
2026-08-05T11:37:59.635Z audio_default_input_changed default_input=present default_input_transport=built-in
2026-08-05T11:37:59.642Z audio_default_input_changed default_input=present default_input_transport=built-in
2026-08-05T11:37:59.672Z audio_default_input_changed default_input=present default_input_transport=built-in
2026-08-05T11:37:59.673Z audio_default_input_changed default_input=present default_input_transport=built-in
2026-08-05T11:37:59.675Z audio_default_input_changed default_input=present default_input_transport=built-in
2026-08-05T11:37:59.677Z audio_default_input_changed default_input=present default_input_transport=built-in
2026-08-05T11:37:59.680Z audio_default_input_changed default_input=present default_input_transport=built-in
2026-08-05T11:37:59.682Z audio_default_input_changed default_input=present default_input_transport=built-in
2026-08-05T11:37:59.684Z audio_default_input_changed default_input=present default_input_transport=built-in
2026-08-05T11:37:59.686Z audio_default_input_changed default_input=present default_input_transport=built-in
2026-08-05T11:37:59.688Z audio_default_input_changed default_input=present default_input_transport=built-in
2026-08-05T11:37:59.690Z audio_default_input_changed default_input=present default_input_transport=built-in
2026-08-05T11:37:59.691Z audio_default_input_changed default_input=present default_input_transport=built-in
2026-08-05T11:37:59.691Z audio_default_input_changed default_input=present default_input_transport=built-in
2026-08-05T11:37:59.692Z audio_default_input_changed default_input=present default_input_transport=built-in
2026-08-05T11:37:59.693Z audio_default_input_changed default_input=present default_input_transport=built-in
2026-08-05T11:37:59.693Z audio_default_input_changed default_input=present default_input_transport=built-in
2026-08-05T11:37:59.694Z audio_default_input_changed default_input=present default_input_transport=built-in
2026-08-05T11:37:59.695Z audio_default_input_changed default_input=present default_input_transport=built-in
2026-08-05T11:37:59.696Z audio_default_input_changed default_input=present default_input_transport=built-in
2026-08-05T11:37:59.696Z audio_default_input_changed default_input=present default_input_transport=built-in
2026-08-05T11:37:59.697Z audio_default_input_changed default_input=present default_input_transport=built-in
2026-08-05T11:37:59.697Z audio_default_input_changed default_input=present default_input_transport=built-in
2026-08-05T11:37:59.698Z audio_default_input_changed default_input=present default_input_transport=built-in
2026-08-05T11:37:59.698Z audio_default_input_changed default_input=present default_input_transport=built-in
2026-08-05T11:37:59.699Z audio_default_input_changed default_input=present default_input_transport=built-in
2026-08-05T11:37:59.700Z audio_default_input_changed default_input=present default_input_transport=built-in
2026-08-05T11:37:59.700Z audio_default_input_changed default_input=present default_input_transport=built-in
2026-08-05T11:37:59.700Z audio_default_input_changed default_input=present default_input_transport=built-in
2026-08-05T11:37:59.701Z audio_default_input_changed default_input=present default_input_transport=built-in
2026-08-05T11:37:59.701Z audio_default_input_changed default_input=present default_input_transport=built-in
2026-08-05T11:37:59.702Z audio_default_input_changed default_input=present default_input_transport=built-in
2026-08-05T11:37:59.702Z audio_default_input_changed default_input=present default_input_transport=built-in
2026-08-05T11:37:59.702Z audio_default_input_changed default_input=present default_input_transport=built-in
2026-08-05T11:37:59.703Z audio_default_input_changed default_input=present default_input_transport=built-in
2026-08-05T11:37:59.703Z audio_default_input_changed default_input=present default_input_transport=built-in
2026-08-05T11:37:59.704Z audio_default_input_changed default_input=present default_input_transport=built-in
2026-08-05T11:37:59.704Z audio_default_input_changed default_input=present default_input_transport=built-in
2026-08-05T11:37:59.705Z audio_default_input_changed default_input=present default_input_transport=built-in
2026-08-05T11:37:59.705Z audio_default_input_changed default_input=present default_input_transport=built-in
2026-08-05T11:37:59.706Z audio_default_input_changed default_input=present default_input_transport=built-in
2026-08-05T11:37:59.706Z audio_default_input_changed default_input=present default_input_transport=built-in
2026-08-05T11:38:00.140Z audio_default_input_changed default_input=present default_input_transport=bluetooth
2026-08-05T11:38:00.152Z audio_default_input_changed default_input=present default_input_transport=bluetooth
2026-08-05T11:38:00.187Z audio_default_input_changed default_input=present default_input_transport=bluetooth
2026-08-05T11:38:00.356Z audio_default_input_changed default_input=present default_input_transport=bluetooth
2026-08-05T11:38:00.368Z audio_default_input_changed default_input=present default_input_transport=bluetooth
2026-08-05T11:38:00.370Z audio_default_input_changed default_input=present default_input_transport=bluetooth
2026-08-05T11:38:00.378Z audio_default_input_changed default_input=present default_input_transport=bluetooth
2026-08-05T11:38:00.402Z audio_default_input_changed default_input=present default_input_transport=bluetooth
2026-08-05T11:38:00.411Z audio_default_input_changed default_input=present default_input_transport=bluetooth
2026-08-05T11:38:00.456Z audio_default_input_changed default_input=present default_input_transport=bluetooth
2026-08-05T11:38:00.472Z audio_default_input_changed default_input=present default_input_transport=bluetooth
2026-08-05T11:38:00.482Z audio_default_input_changed default_input=present default_input_transport=bluetooth
2026-08-05T11:38:00.487Z audio_default_input_changed default_input=present default_input_transport=bluetooth
2026-08-05T11:38:00.490Z audio_default_input_changed default_input=present default_input_transport=bluetooth
2026-08-05T11:38:00.491Z audio_default_input_changed default_input=present default_input_transport=bluetooth
2026-08-05T11:38:00.492Z audio_default_input_changed default_input=present default_input_transport=bluetooth
2026-08-05T11:38:00.493Z audio_default_input_changed default_input=present default_input_transport=bluetooth
2026-08-05T11:38:00.493Z audio_default_input_changed default_input=present default_input_transport=bluetooth
2026-08-05T11:38:00.494Z audio_default_input_changed default_input=present default_input_transport=bluetooth
2026-08-05T11:38:00.494Z audio_default_input_changed default_input=present default_input_transport=bluetooth
2026-08-05T11:38:00.495Z audio_default_input_changed default_input=present default_input_transport=bluetooth
2026-08-05T11:38:00.496Z audio_default_input_changed default_input=present default_input_transport=bluetooth
2026-08-05T11:38:00.497Z audio_default_input_changed default_input=present default_input_transport=bluetooth
2026-08-05T11:38:00.497Z audio_default_input_changed default_input=present default_input_transport=bluetooth
2026-08-05T11:38:00.498Z audio_default_input_changed default_input=present default_input_transport=bluetooth
2026-08-05T11:38:00.499Z audio_default_input_changed default_input=present default_input_transport=bluetooth
2026-08-05T11:38:00.499Z audio_default_input_changed default_input=present default_input_transport=bluetooth
2026-08-05T11:38:00.500Z audio_default_input_changed default_input=present default_input_transport=bluetooth
2026-08-05T11:38:00.501Z audio_default_input_changed default_input=present default_input_transport=bluetooth
2026-08-05T11:38:00.501Z audio_default_input_changed default_input=present default_input_transport=bluetooth
2026-08-05T11:38:00.502Z audio_default_input_changed default_input=present default_input_transport=bluetooth
2026-08-05T11:38:00.502Z audio_default_input_changed default_input=present default_input_transport=bluetooth
2026-08-05T11:38:00.503Z audio_default_input_changed default_input=present default_input_transport=bluetooth
2026-08-05T11:38:00.503Z audio_default_input_changed default_input=present default_input_transport=bluetooth
2026-08-05T11:38:00.504Z audio_default_input_changed default_input=present default_input_transport=bluetooth
2026-08-05T11:38:00.504Z audio_default_input_changed default_input=present default_input_transport=bluetooth
2026-08-05T11:38:00.505Z audio_default_input_changed default_input=present default_input_transport=bluetooth
2026-08-05T11:38:00.506Z audio_default_input_changed default_input=present default_input_transport=bluetooth
2026-08-05T11:38:00.506Z audio_default_input_changed default_input=present default_input_transport=bluetooth
2026-08-05T11:38:00.507Z audio_default_input_changed default_input=present default_input_transport=bluetooth
2026-08-05T11:38:00.507Z audio_default_input_changed default_input=present default_input_transport=bluetooth
2026-08-05T11:38:00.508Z audio_default_input_changed default_input=present default_input_transport=bluetooth
2026-08-05T11:38:00.508Z audio_default_input_changed default_input=present default_input_transport=bluetooth
2026-08-05T11:38:00.508Z audio_default_input_changed default_input=present default_input_transport=bluetooth
2026-08-05T11:38:00.509Z audio_default_input_changed default_input=present default_input_transport=bluetooth
2026-08-05T11:38:00.509Z audio_default_input_changed default_input=present default_input_transport=bluetooth
2026-08-05T11:38:00.510Z audio_default_input_changed default_input=present default_input_transport=bluetooth
2026-08-05T11:38:00.510Z audio_default_input_changed default_input=present default_input_transport=bluetooth
2026-08-05T11:38:00.511Z audio_default_input_changed default_input=present default_input_transport=bluetooth
2026-08-05T11:38:00.511Z audio_default_input_changed default_input=present default_input_transport=bluetooth
2026-08-05T11:38:00.512Z audio_default_input_changed default_input=present default_input_transport=bluetooth
2026-08-05T11:38:00.512Z audio_default_input_changed default_input=present default_input_transport=bluetooth
2026-08-05T11:38:00.512Z audio_default_input_changed default_input=present default_input_transport=bluetooth
2026-08-05T11:38:00.513Z audio_default_input_changed default_input=present default_input_transport=bluetooth
2026-08-05T11:38:00.513Z audio_default_input_changed default_input=present default_input_transport=bluetooth
2026-08-05T11:38:00.591Z audio_default_input_changed default_input=present default_input_transport=built-in
2026-08-05T11:38:00.614Z audio_default_input_changed default_input=present default_input_transport=built-in
2026-08-05T11:38:00.646Z audio_default_input_changed default_input=present default_input_transport=built-in
2026-08-05T11:38:00.657Z audio_default_input_changed default_input=present default_input_transport=built-in
2026-08-05T11:38:00.665Z audio_default_input_changed default_input=present default_input_transport=built-in
2026-08-05T11:38:00.678Z audio_default_input_changed default_input=present default_input_transport=built-in
2026-08-05T11:38:00.681Z audio_default_input_changed default_input=present default_input_transport=built-in
2026-08-05T11:38:00.694Z audio_default_input_changed default_input=present default_input_transport=built-in
2026-08-05T11:38:00.791Z audio_default_input_changed default_input=present default_input_transport=built-in
2026-08-05T11:38:00.853Z audio_default_input_changed default_input=present default_input_transport=built-in
2026-08-05T11:38:00.864Z audio_default_input_changed default_input=present default_input_transport=built-in
2026-08-05T11:38:00.994Z audio_default_input_changed default_input=present default_input_transport=built-in
2026-08-05T11:38:00.995Z audio_default_input_changed default_input=present default_input_transport=built-in
2026-08-05T11:38:00.996Z audio_default_input_changed default_input=present default_input_transport=built-in
2026-08-05T11:38:00.997Z audio_default_input_changed default_input=present default_input_transport=built-in
2026-08-05T11:38:00.997Z audio_default_input_changed default_input=present default_input_transport=built-in
2026-08-05T11:38:00.999Z audio_default_input_changed default_input=present default_input_transport=built-in
2026-08-05T11:38:01.001Z audio_default_input_changed default_input=present default_input_transport=built-in
2026-08-05T11:38:01.002Z audio_default_input_changed default_input=present default_input_transport=built-in
2026-08-05T11:38:01.002Z audio_default_input_changed default_input=present default_input_transport=built-in
2026-08-05T11:38:01.003Z audio_default_input_changed default_input=present default_input_transport=built-in
2026-08-05T11:38:01.004Z audio_default_input_changed default_input=present default_input_transport=built-in
2026-08-05T11:38:01.005Z audio_default_input_changed default_input=present default_input_transport=built-in
2026-08-05T11:38:01.005Z audio_default_input_changed default_input=present default_input_transport=built-in
2026-08-05T11:38:01.006Z audio_default_input_changed default_input=present default_input_transport=built-in
2026-08-05T11:38:01.007Z audio_default_input_changed default_input=present default_input_transport=built-in
2026-08-05T11:38:01.010Z audio_default_input_changed default_input=present default_input_transport=built-in
2026-08-05T11:38:01.010Z audio_default_input_changed default_input=present default_input_transport=built-in
2026-08-05T11:38:01.011Z audio_default_input_changed default_input=present default_input_transport=built-in
2026-08-05T11:38:01.017Z audio_default_input_changed default_input=present default_input_transport=built-in
2026-08-05T11:38:01.017Z audio_default_input_changed default_input=present default_input_transport=built-in
2026-08-05T11:38:01.020Z audio_default_input_changed default_input=present default_input_transport=built-in
2026-08-05T11:38:01.020Z audio_default_input_changed default_input=present default_input_transport=built-in
2026-08-05T11:38:01.021Z audio_default_input_changed default_input=present default_input_transport=built-in
2026-08-05T11:38:01.021Z audio_default_input_changed default_input=present default_input_transport=built-in
2026-08-05T11:38:01.022Z audio_default_input_changed default_input=present default_input_transport=built-in
2026-08-05T11:38:01.023Z audio_default_input_changed default_input=present default_input_transport=built-in
2026-08-05T11:38:01.023Z audio_default_input_changed default_input=present default_input_transport=built-in
2026-08-05T11:38:01.024Z audio_default_input_changed default_input=present default_input_transport=built-in
2026-08-05T11:38:01.025Z audio_default_input_changed default_input=present default_input_transport=built-in
2026-08-05T11:38:01.026Z audio_default_input_changed default_input=present default_input_transport=built-in
2026-08-05T11:38:01.026Z audio_default_input_changed default_input=present default_input_transport=built-in
2026-08-05T11:38:01.027Z audio_default_input_changed default_input=present default_input_transport=built-in
2026-08-05T11:38:01.027Z audio_default_input_changed default_input=present default_input_transport=built-in
2026-08-05T11:38:01.028Z audio_default_input_changed default_input=present default_input_transport=built-in
2026-08-05T11:38:01.029Z audio_default_input_changed default_input=present default_input_transport=built-in
2026-08-05T11:38:01.029Z audio_default_input_changed default_input=present default_input_transport=built-in
2026-08-05T11:38:01.030Z audio_default_input_changed default_input=present default_input_transport=built-in
2026-08-05T11:38:01.030Z audio_default_input_changed default_input=present default_input_transport=built-in
2026-08-05T11:38:01.031Z audio_default_input_changed default_input=present default_input_transport=built-in
2026-08-05T11:38:01.031Z audio_default_input_changed default_input=present default_input_transport=built-in
2026-08-05T11:38:01.032Z audio_default_input_changed default_input=present default_input_transport=built-in
2026-08-05T11:38:01.032Z audio_default_input_changed default_input=present default_input_transport=built-in
2026-08-05T11:38:01.033Z audio_default_input_changed default_input=present default_input_transport=built-in
2026-08-05T11:38:01.033Z audio_default_input_changed default_input=present default_input_transport=built-in
2026-08-05T11:38:01.118Z audio_default_input_changed default_input=present default_input_transport=bluetooth
2026-08-05T11:38:01.239Z audio_default_input_changed default_input=present default_input_transport=bluetooth
2026-08-05T11:38:01.400Z audio_default_input_changed default_input=present default_input_transport=bluetooth
2026-08-05T11:38:01.407Z audio_default_input_changed default_input=present default_input_transport=bluetooth
2026-08-05T11:38:01.412Z audio_default_input_changed default_input=present default_input_transport=bluetooth
2026-08-05T11:38:01.415Z audio_default_input_changed default_input=present default_input_transport=bluetooth
2026-08-05T11:38:01.417Z audio_default_input_changed default_input=present default_input_transport=bluetooth
2026-08-05T11:38:01.418Z audio_default_input_changed default_input=present default_input_transport=bluetooth
2026-08-05T11:38:01.419Z audio_default_input_changed default_input=present default_input_transport=bluetooth
2026-08-05T11:38:01.421Z audio_default_input_changed default_input=present default_input_transport=bluetooth
2026-08-05T11:38:01.422Z audio_default_input_changed default_input=present default_input_transport=bluetooth
2026-08-05T11:38:01.423Z audio_default_input_changed default_input=present default_input_transport=bluetooth
2026-08-05T11:38:01.424Z audio_default_input_changed default_input=present default_input_transport=bluetooth
2026-08-05T11:38:01.425Z audio_default_input_changed default_input=present default_input_transport=bluetooth
2026-08-05T11:38:01.426Z audio_default_input_changed default_input=present default_input_transport=bluetooth
2026-08-05T11:38:01.426Z audio_default_input_changed default_input=present default_input_transport=bluetooth
2026-08-05T11:38:01.427Z audio_default_input_changed default_input=present default_input_transport=bluetooth
2026-08-05T11:38:01.428Z audio_default_input_changed default_input=present default_input_transport=bluetooth
2026-08-05T11:38:01.429Z audio_default_input_changed default_input=present default_input_transport=bluetooth
2026-08-05T11:38:01.429Z audio_default_input_changed default_input=present default_input_transport=bluetooth
2026-08-05T11:38:01.430Z audio_default_input_changed default_input=present default_input_transport=bluetooth
2026-08-05T11:38:01.431Z audio_default_input_changed default_input=present default_input_transport=bluetooth
2026-08-05T11:38:01.432Z audio_default_input_changed default_input=present default_input_transport=bluetooth
2026-08-05T11:38:01.432Z audio_default_input_changed default_input=present default_input_transport=bluetooth
2026-08-05T11:38:01.433Z audio_default_input_changed default_input=present default_input_transport=bluetooth
2026-08-05T11:38:01.434Z audio_default_input_changed default_input=present default_input_transport=bluetooth
2026-08-05T11:38:01.434Z audio_default_input_changed default_input=present default_input_transport=bluetooth
2026-08-05T11:38:01.435Z audio_default_input_changed default_input=present default_input_transport=bluetooth
2026-08-05T11:38:01.435Z audio_default_input_changed default_input=present default_input_transport=bluetooth
2026-08-05T11:38:01.436Z audio_default_input_changed default_input=present default_input_transport=bluetooth
2026-08-05T11:38:01.436Z audio_default_input_changed default_input=present default_input_transport=bluetooth
2026-08-05T11:38:01.437Z audio_default_input_changed default_input=present default_input_transport=bluetooth
2026-08-05T11:38:01.438Z audio_default_input_changed default_input=present default_input_transport=bluetooth
2026-08-05T11:38:01.438Z audio_default_input_changed default_input=present default_input_transport=bluetooth
2026-08-05T11:38:01.439Z audio_default_input_changed default_input=present default_input_transport=bluetooth
2026-08-05T11:38:01.440Z audio_default_input_changed default_input=present default_input_transport=bluetooth
2026-08-05T11:38:01.440Z audio_default_input_changed default_input=present default_input_transport=bluetooth
2026-08-05T11:38:01.441Z audio_default_input_changed default_input=present default_input_transport=bluetooth
2026-08-05T11:38:01.441Z audio_default_input_changed default_input=present default_input_transport=bluetooth
2026-08-05T11:38:01.442Z audio_default_input_changed default_input=present default_input_transport=bluetooth
2026-08-05T11:38:01.442Z audio_default_input_changed default_input=present default_input_transport=bluetooth
2026-08-05T11:38:01.443Z audio_default_input_changed default_input=present default_input_transport=bluetooth
2026-08-05T11:38:01.443Z audio_default_input_changed default_input=present default_input_transport=bluetooth
2026-08-05T11:38:01.444Z audio_default_input_changed default_input=present default_input_transport=bluetooth
2026-08-05T11:38:01.444Z audio_default_input_changed default_input=present default_input_transport=bluetooth
2026-08-05T11:38:01.445Z audio_default_input_changed default_input=present default_input_transport=bluetooth
2026-08-05T11:38:01.445Z audio_default_input_changed default_input=present default_input_transport=bluetooth
2026-08-05T11:38:01.446Z audio_default_input_changed default_input=present default_input_transport=bluetooth
2026-08-05T11:38:01.446Z audio_default_input_changed default_input=present default_input_transport=bluetooth
2026-08-05T11:38:01.447Z audio_default_input_changed default_input=present default_input_transport=bluetooth
2026-08-05T11:38:01.448Z audio_default_input_changed default_input=present default_input_transport=bluetooth
2026-08-05T11:38:01.448Z audio_default_input_changed default_input=present default_input_transport=bluetooth
2026-08-05T11:38:01.449Z audio_default_input_changed default_input=present default_input_transport=bluetooth
2026-08-05T11:38:01.449Z audio_default_input_changed default_input=present default_input_transport=bluetooth
2026-08-05T11:38:01.450Z audio_default_input_changed default_input=present default_input_transport=bluetooth
2026-08-05T11:38:01.978Z shared_mic_engine_prepare_skipped reason=bluetooth_or_unresolved_route
2026-08-05T11:38:02.236Z audio_default_input_changed default_input=present default_input_transport=built-in
2026-08-05T11:38:02.303Z audio_default_input_changed default_input=present default_input_transport=built-in
2026-08-05T11:38:02.318Z audio_default_input_changed default_input=present default_input_transport=built-in
2026-08-05T11:38:02.333Z audio_default_input_changed default_input=present default_input_transport=built-in
2026-08-05T11:38:02.353Z audio_default_input_changed default_input=present default_input_transport=built-in
2026-08-05T11:38:02.413Z audio_default_input_changed default_input=present default_input_transport=built-in
2026-08-05T11:38:02.490Z audio_default_input_changed default_input=present default_input_transport=built-in
2026-08-05T11:38:02.569Z audio_default_input_changed default_input=present default_input_transport=built-in
2026-08-05T11:38:02.598Z audio_default_input_changed default_input=present default_input_transport=built-in
2026-08-05T11:38:02.621Z audio_default_input_changed default_input=present default_input_transport=built-in
2026-08-05T11:38:02.625Z audio_default_input_changed default_input=present default_input_transport=built-in
2026-08-05T11:38:02.628Z audio_default_input_changed default_input=present default_input_transport=built-in
2026-08-05T11:38:02.631Z audio_default_input_changed default_input=present default_input_transport=built-in
2026-08-05T11:38:02.637Z audio_default_input_changed default_input=present default_input_transport=built-in
2026-08-05T11:38:02.642Z audio_default_input_changed default_input=present default_input_transport=built-in
2026-08-05T11:38:02.643Z audio_default_input_changed default_input=present default_input_transport=built-in
2026-08-05T11:38:02.643Z audio_default_input_changed default_input=present default_input_transport=built-in
2026-08-05T11:38:02.644Z audio_default_input_changed default_input=present default_input_transport=built-in
2026-08-05T11:38:02.644Z audio_default_input_changed default_input=present default_input_transport=built-in
2026-08-05T11:38:02.645Z audio_default_input_changed default_input=present default_input_transport=built-in
2026-08-05T11:38:02.645Z audio_default_input_changed default_input=present default_input_transport=built-in
2026-08-05T11:38:02.646Z audio_default_input_changed default_input=present default_input_transport=built-in
2026-08-05T11:38:02.646Z audio_default_input_changed default_input=present default_input_transport=built-in
2026-08-05T11:38:02.647Z audio_default_input_changed default_input=present default_input_transport=built-in
2026-08-05T11:38:02.647Z audio_default_input_changed default_input=present default_input_transport=built-in
2026-08-05T11:38:02.648Z audio_default_input_changed default_input=present default_input_transport=built-in
2026-08-05T11:38:02.648Z audio_default_input_changed default_input=present default_input_transport=built-in
2026-08-05T11:38:02.648Z audio_default_input_changed default_input=present default_input_transport=built-in
2026-08-05T11:38:02.649Z audio_default_input_changed default_input=present default_input_transport=built-in
2026-08-05T11:38:02.649Z audio_default_input_changed default_input=present default_input_transport=built-in
2026-08-05T11:38:02.650Z audio_default_input_changed default_input=present default_input_transport=built-in
2026-08-05T11:38:02.650Z audio_default_input_changed default_input=present default_input_transport=built-in
2026-08-05T11:38:02.651Z audio_default_input_changed default_input=present default_input_transport=built-in
2026-08-05T11:38:02.651Z audio_default_input_changed default_input=present default_input_transport=built-in
2026-08-05T11:38:02.652Z audio_default_input_changed default_input=present default_input_transport=built-in
2026-08-05T11:38:02.653Z audio_default_input_changed default_input=present default_input_transport=built-in
2026-08-05T11:38:02.653Z audio_default_input_changed default_input=present default_input_transport=built-in
2026-08-05T11:38:02.654Z audio_default_input_changed default_input=present default_input_transport=built-in
2026-08-05T11:38:02.655Z audio_default_input_changed default_input=present default_input_transport=built-in
2026-08-05T11:38:02.655Z audio_default_input_changed default_input=present default_input_transport=built-in
2026-08-05T11:38:02.656Z audio_default_input_changed default_input=present default_input_transport=built-in
2026-08-05T11:38:02.656Z audio_default_input_changed default_input=present default_input_transport=built-in
2026-08-05T11:38:02.657Z audio_default_input_changed default_input=present default_input_transport=built-in
2026-08-05T11:38:02.657Z audio_default_input_changed default_input=present default_input_transport=built-in
2026-08-05T11:38:02.658Z audio_default_input_changed default_input=present default_input_transport=built-in
2026-08-05T11:38:02.658Z audio_default_input_changed default_input=present default_input_transport=built-in
2026-08-05T11:38:02.659Z audio_default_input_changed default_input=present default_input_transport=built-in
2026-08-05T11:38:02.659Z audio_default_input_changed default_input=present default_input_transport=built-in
2026-08-05T11:38:02.660Z audio_default_input_changed default_input=present default_input_transport=built-in
2026-08-05T11:38:02.660Z audio_default_input_changed default_input=present default_input_transport=built-in
2026-08-05T11:38:02.661Z audio_default_input_changed default_input=present default_input_transport=built-in
2026-08-05T11:38:02.661Z audio_default_input_changed default_input=present default_input_transport=built-in
2026-08-05T11:38:02.662Z audio_default_input_changed default_input=present default_input_transport=built-in
2026-08-05T11:38:02.662Z audio_default_input_changed default_input=present default_input_transport=built-in
2026-08-05T11:38:02.663Z audio_default_input_changed default_input=present default_input_transport=built-in
2026-08-05T11:38:02.663Z audio_default_input_changed default_input=present default_input_transport=built-in
2026-08-05T11:38:03.192Z audio_default_input_changed default_input=present default_input_transport=bluetooth
2026-08-05T11:38:03.236Z audio_default_input_changed default_input=present default_input_transport=bluetooth
2026-08-05T11:38:03.252Z audio_default_input_changed default_input=present default_input_transport=bluetooth
2026-08-05T11:38:03.253Z audio_default_input_changed default_input=present default_input_transport=bluetooth
2026-08-05T11:38:03.255Z audio_default_input_changed default_input=present default_input_transport=bluetooth
2026-08-05T11:38:03.257Z audio_default_input_changed default_input=present default_input_transport=bluetooth
2026-08-05T11:38:03.258Z audio_default_input_changed default_input=present default_input_transport=bluetooth
2026-08-05T11:38:03.260Z audio_default_input_changed default_input=present default_input_transport=bluetooth
2026-08-05T11:38:03.262Z audio_default_input_changed default_input=present default_input_transport=bluetooth
2026-08-05T11:38:03.263Z audio_default_input_changed default_input=present default_input_transport=bluetooth
2026-08-05T11:38:03.265Z audio_default_input_changed default_input=present default_input_transport=bluetooth
2026-08-05T11:38:03.276Z audio_default_input_changed default_input=present default_input_transport=bluetooth
2026-08-05T11:38:03.305Z audio_default_input_changed default_input=present default_input_transport=bluetooth
2026-08-05T11:38:03.428Z shared_mic_engine_prepare_timing vpio=false buffer_size=4096 set_vpio_ms=0.005 output_format_ms=0.011 install_tap_ms=0.006 total_ms=194.391
2026-08-05T11:38:03.428Z shared_mic_engine_input_device_prepared source=system_default device=present transport=built-in vpio=false set_device_ms=0.000 prepare_engine_ms=195.423
2026-08-05T11:38:03.421Z audio_default_input_changed default_input=present default_input_transport=bluetooth
2026-08-05T11:38:03.429Z audio_default_input_changed default_input=present default_input_transport=bluetooth
2026-08-05T11:38:03.431Z audio_default_input_changed default_input=present default_input_transport=bluetooth
2026-08-05T11:38:03.432Z audio_default_input_changed default_input=present default_input_transport=bluetooth
2026-08-05T11:38:03.434Z audio_default_input_changed default_input=present default_input_transport=bluetooth
2026-08-05T11:38:03.436Z audio_default_input_changed default_input=present default_input_transport=bluetooth
2026-08-05T11:38:03.438Z audio_default_input_changed default_input=present default_input_transport=bluetooth
2026-08-05T11:38:03.440Z audio_default_input_changed default_input=present default_input_transport=bluetooth
2026-08-05T11:38:03.442Z audio_default_input_changed default_input=present default_input_transport=bluetooth
2026-08-05T11:38:03.444Z audio_default_input_changed default_input=present default_input_transport=bluetooth
2026-08-05T11:38:03.445Z audio_default_input_changed default_input=present default_input_transport=bluetooth
2026-08-05T11:38:03.446Z audio_default_input_changed default_input=present default_input_transport=bluetooth
2026-08-05T11:38:03.453Z audio_default_input_changed default_input=present default_input_transport=bluetooth
2026-08-05T11:38:03.459Z audio_default_input_changed default_input=present default_input_transport=bluetooth
2026-08-05T11:38:03.460Z audio_default_input_changed default_input=present default_input_transport=bluetooth
2026-08-05T11:38:03.461Z audio_default_input_changed default_input=present default_input_transport=bluetooth
2026-08-05T11:38:03.461Z audio_default_input_changed default_input=present default_input_transport=bluetooth
2026-08-05T11:38:03.462Z audio_default_input_changed default_input=present default_input_transport=bluetooth
2026-08-05T11:38:03.463Z audio_default_input_changed default_input=present default_input_transport=bluetooth
2026-08-05T11:38:03.464Z audio_default_input_changed default_input=present default_input_transport=bluetooth
2026-08-05T11:38:03.464Z audio_default_input_changed default_input=present default_input_transport=bluetooth
2026-08-05T11:38:03.465Z audio_default_input_changed default_input=present default_input_transport=bluetooth
2026-08-05T11:38:03.465Z audio_default_input_changed default_input=present default_input_transport=bluetooth
2026-08-05T11:38:03.466Z audio_default_input_changed default_input=present default_input_transport=bluetooth
2026-08-05T11:38:03.466Z audio_default_input_changed default_input=present default_input_transport=bluetooth
2026-08-05T11:38:03.467Z audio_default_input_changed default_input=present default_input_transport=bluetooth
2026-08-05T11:38:03.467Z audio_default_input_changed default_input=present default_input_transport=bluetooth
2026-08-05T11:38:03.468Z audio_default_input_changed default_input=present default_input_transport=bluetooth
2026-08-05T11:38:03.469Z audio_default_input_changed default_input=present default_input_transport=bluetooth
2026-08-05T11:38:03.469Z audio_default_input_changed default_input=present default_input_transport=bluetooth
2026-08-05T11:38:03.470Z audio_default_input_changed default_input=present default_input_transport=bluetooth
2026-08-05T11:38:03.470Z audio_default_input_changed default_input=present default_input_transport=bluetooth
2026-08-05T11:38:03.471Z audio_default_input_changed default_input=present default_input_transport=bluetooth
2026-08-05T11:38:03.471Z audio_default_input_changed default_input=present default_input_transport=bluetooth
2026-08-05T11:38:03.472Z audio_default_input_changed default_input=present default_input_transport=bluetooth
2026-08-05T11:38:03.472Z audio_default_input_changed default_input=present default_input_transport=bluetooth
2026-08-05T11:38:03.473Z audio_default_input_changed default_input=present default_input_transport=bluetooth
2026-08-05T11:38:03.473Z audio_default_input_changed default_input=present default_input_transport=bluetooth
2026-08-05T11:38:03.473Z audio_default_input_changed default_input=present default_input_transport=bluetooth
2026-08-05T11:38:03.474Z audio_default_input_changed default_input=present default_input_transport=bluetooth
2026-08-05T11:38:03.475Z audio_default_input_changed default_input=present default_input_transport=bluetooth
2026-08-05T11:38:03.476Z audio_default_input_changed default_input=present default_input_transport=bluetooth
2026-08-05T11:38:03.476Z audio_default_input_changed default_input=present default_input_transport=bluetooth
2026-08-05T11:38:03.477Z audio_default_input_changed default_input=present default_input_transport=bluetooth
2026-08-05T11:38:03.533Z shared_mic_engine_configuration_changed sr=44100.0 ch=2 isRunning=false engine_is_running=false default_input=present default_input_transport=bluetooth
2026-08-05T11:38:03.534Z shared_mic_engine_prepared_discarded reason=configuration_changed
2026-08-05T11:38:04.066Z shared_mic_engine_prepare_skipped reason=bluetooth_or_unresolved_route
2026-08-05T11:38:05.377Z audio_default_input_changed default_input=present default_input_transport=built-in
2026-08-05T11:38:05.411Z audio_default_input_changed default_input=present default_input_transport=built-in
2026-08-05T11:38:05.423Z audio_default_input_changed default_input=present default_input_transport=built-in
2026-08-05T11:38:05.439Z audio_default_input_changed default_input=present default_input_transport=built-in
2026-08-05T11:38:05.448Z audio_default_input_changed default_input=present default_input_transport=built-in
2026-08-05T11:38:05.453Z audio_default_input_changed default_input=present default_input_transport=built-in
2026-08-05T11:38:05.460Z audio_default_input_changed default_input=present default_input_transport=built-in
2026-08-05T11:38:05.476Z audio_default_input_changed default_input=present default_input_transport=built-in
2026-08-05T11:38:05.496Z audio_default_input_changed default_input=present default_input_transport=built-in
2026-08-05T11:38:05.586Z audio_default_input_changed default_input=present default_input_transport=built-in
2026-08-05T11:38:05.708Z audio_default_input_changed default_input=present default_input_transport=built-in
2026-08-05T11:38:05.741Z audio_default_input_changed default_input=present default_input_transport=built-in
2026-08-05T11:38:05.763Z audio_default_input_changed default_input=present default_input_transport=built-in
2026-08-05T11:38:05.766Z audio_default_input_changed default_input=present default_input_transport=built-in
2026-08-05T11:38:05.770Z audio_default_input_changed default_input=present default_input_transport=built-in
2026-08-05T11:38:05.771Z audio_default_input_changed default_input=present default_input_transport=built-in
2026-08-05T11:38:05.771Z audio_default_input_changed default_input=present default_input_transport=built-in
2026-08-05T11:38:05.772Z audio_default_input_changed default_input=present default_input_transport=built-in
2026-08-05T11:38:05.775Z audio_default_input_changed default_input=present default_input_transport=built-in
2026-08-05T11:38:05.784Z audio_default_input_changed default_input=present default_input_transport=built-in
2026-08-05T11:38:05.789Z audio_default_input_changed default_input=present default_input_transport=built-in
2026-08-05T11:38:05.790Z audio_default_input_changed default_input=present default_input_transport=built-in
2026-08-05T11:38:05.790Z audio_default_input_changed default_input=present default_input_transport=built-in
2026-08-05T11:38:05.791Z audio_default_input_changed default_input=present default_input_transport=built-in
2026-08-05T11:38:05.792Z audio_default_input_changed default_input=present default_input_transport=built-in
2026-08-05T11:38:05.793Z audio_default_input_changed default_input=present default_input_transport=built-in
2026-08-05T11:38:05.793Z audio_default_input_changed default_input=present default_input_transport=built-in
2026-08-05T11:38:05.794Z audio_default_input_changed default_input=present default_input_transport=built-in
2026-08-05T11:38:05.794Z audio_default_input_changed default_input=present default_input_transport=built-in
2026-08-05T11:38:05.795Z audio_default_input_changed default_input=present default_input_transport=built-in
2026-08-05T11:38:05.795Z audio_default_input_changed default_input=present default_input_transport=built-in
2026-08-05T11:38:05.796Z audio_default_input_changed default_input=present default_input_transport=built-in
2026-08-05T11:38:05.797Z audio_default_input_changed default_input=present default_input_transport=built-in
2026-08-05T11:38:05.797Z audio_default_input_changed default_input=present default_input_transport=built-in
2026-08-05T11:38:05.798Z audio_default_input_changed default_input=present default_input_transport=built-in
2026-08-05T11:38:05.798Z audio_default_input_changed default_input=present default_input_transport=built-in
2026-08-05T11:38:05.799Z audio_default_input_changed default_input=present default_input_transport=built-in
2026-08-05T11:38:05.799Z audio_default_input_changed default_input=present default_input_transport=built-in
2026-08-05T11:38:05.800Z audio_default_input_changed default_input=present default_input_transport=built-in
2026-08-05T11:38:05.801Z audio_default_input_changed default_input=present default_input_transport=built-in
2026-08-05T11:38:05.809Z audio_default_input_changed default_input=present default_input_transport=built-in
2026-08-05T11:38:05.810Z audio_default_input_changed default_input=present default_input_transport=built-in
2026-08-05T11:38:05.810Z audio_default_input_changed default_input=present default_input_transport=built-in
2026-08-05T11:38:05.811Z audio_default_input_changed default_input=present default_input_transport=built-in
2026-08-05T11:38:05.812Z audio_default_input_changed default_input=present default_input_transport=built-in
2026-08-05T11:38:05.812Z audio_default_input_changed default_input=present default_input_transport=built-in
2026-08-05T11:38:05.813Z audio_default_input_changed default_input=present default_input_transport=built-in
2026-08-05T11:38:05.814Z audio_default_input_changed default_input=present default_input_transport=built-in
2026-08-05T11:38:05.814Z audio_default_input_changed default_input=present default_input_transport=built-in
2026-08-05T11:38:05.815Z audio_default_input_changed default_input=present default_input_transport=built-in
2026-08-05T11:38:05.816Z audio_default_input_changed default_input=present default_input_transport=built-in
2026-08-05T11:38:05.817Z audio_default_input_changed default_input=present default_input_transport=built-in
2026-08-05T11:38:05.817Z audio_default_input_changed default_input=present default_input_transport=built-in
2026-08-05T11:38:05.818Z audio_default_input_changed default_input=present default_input_transport=built-in
2026-08-05T11:38:05.819Z audio_default_input_changed default_input=present default_input_transport=built-in
2026-08-05T11:38:05.819Z audio_default_input_changed default_input=present default_input_transport=built-in
2026-08-05T11:38:05.820Z audio_default_input_changed default_input=present default_input_transport=built-in
2026-08-05T11:38:05.820Z audio_default_input_changed default_input=present default_input_transport=built-in
2026-08-05T11:38:05.821Z audio_default_input_changed default_input=present default_input_transport=built-in
2026-08-05T11:38:06.498Z shared_mic_engine_prepare_timing vpio=false buffer_size=4096 set_vpio_ms=0.006 output_format_ms=0.011 install_tap_ms=0.007 total_ms=150.450
2026-08-05T11:38:06.499Z shared_mic_engine_input_device_prepared source=system_default device=present transport=built-in vpio=false set_device_ms=0.000 prepare_engine_ms=151.393
2026-08-05T11:38:18.701Z audio_default_input_changed default_input=present default_input_transport=bluetooth
2026-08-05T11:38:18.916Z audio_default_input_changed default_input=present default_input_transport=bluetooth
2026-08-05T11:38:18.934Z audio_default_input_changed default_input=present default_input_transport=bluetooth
2026-08-05T11:38:18.960Z audio_default_input_changed default_input=present default_input_transport=bluetooth
2026-08-05T11:38:18.964Z audio_default_input_changed default_input=present default_input_transport=bluetooth
2026-08-05T11:38:18.965Z audio_default_input_changed default_input=present default_input_transport=bluetooth
2026-08-05T11:38:18.967Z audio_default_input_changed default_input=present default_input_transport=bluetooth
2026-08-05T11:38:18.969Z audio_default_input_changed default_input=present default_input_transport=bluetooth
2026-08-05T11:38:18.971Z audio_default_input_changed default_input=present default_input_transport=bluetooth
2026-08-05T11:38:18.972Z audio_default_input_changed default_input=present default_input_transport=bluetooth
2026-08-05T11:38:18.975Z audio_default_input_changed default_input=present default_input_transport=bluetooth
2026-08-05T11:38:18.976Z audio_default_input_changed default_input=present default_input_transport=bluetooth
2026-08-05T11:38:18.977Z audio_default_input_changed default_input=present default_input_transport=bluetooth
2026-08-05T11:38:18.978Z audio_default_input_changed default_input=present default_input_transport=bluetooth
2026-08-05T11:38:18.980Z audio_default_input_changed default_input=present default_input_transport=bluetooth
2026-08-05T11:38:18.981Z audio_default_input_changed default_input=present default_input_transport=bluetooth
2026-08-05T11:38:18.987Z audio_default_input_changed default_input=present default_input_transport=bluetooth
2026-08-05T11:38:18.994Z audio_default_input_changed default_input=present default_input_transport=bluetooth
2026-08-05T11:38:18.995Z audio_default_input_changed default_input=present default_input_transport=bluetooth
2026-08-05T11:38:19.000Z audio_default_input_changed default_input=present default_input_transport=bluetooth
2026-08-05T11:38:19.001Z audio_default_input_changed default_input=present default_input_transport=bluetooth
2026-08-05T11:38:19.001Z audio_default_input_changed default_input=present default_input_transport=bluetooth
2026-08-05T11:38:19.002Z audio_default_input_changed default_input=present default_input_transport=bluetooth
2026-08-05T11:38:19.003Z audio_default_input_changed default_input=present default_input_transport=bluetooth
2026-08-05T11:38:19.003Z audio_default_input_changed default_input=present default_input_transport=bluetooth
2026-08-05T11:38:19.004Z audio_default_input_changed default_input=present default_input_transport=bluetooth
2026-08-05T11:38:19.005Z audio_default_input_changed default_input=present default_input_transport=bluetooth
2026-08-05T11:38:19.006Z audio_default_input_changed default_input=present default_input_transport=bluetooth
2026-08-05T11:38:19.006Z audio_default_input_changed default_input=present default_input_transport=bluetooth
2026-08-05T11:38:19.007Z audio_default_input_changed default_input=present default_input_transport=bluetooth
2026-08-05T11:38:19.009Z audio_default_input_changed default_input=present default_input_transport=bluetooth
2026-08-05T11:38:19.009Z audio_default_input_changed default_input=present default_input_transport=bluetooth
2026-08-05T11:38:19.010Z audio_default_input_changed default_input=present default_input_transport=bluetooth
2026-08-05T11:38:19.010Z audio_default_input_changed default_input=present default_input_transport=bluetooth
2026-08-05T11:38:19.011Z audio_default_input_changed default_input=present default_input_transport=bluetooth
2026-08-05T11:38:19.012Z audio_default_input_changed default_input=present default_input_transport=bluetooth
2026-08-05T11:38:19.012Z audio_default_input_changed default_input=present default_input_transport=bluetooth
2026-08-05T11:38:19.013Z audio_default_input_changed default_input=present default_input_transport=bluetooth
2026-08-05T11:38:19.013Z audio_default_input_changed default_input=present default_input_transport=bluetooth
2026-08-05T11:38:19.014Z audio_default_input_changed default_input=present default_input_transport=bluetooth
2026-08-05T11:38:19.014Z audio_default_input_changed default_input=present default_input_transport=bluetooth
2026-08-05T11:38:19.015Z audio_default_input_changed default_input=present default_input_transport=bluetooth
2026-08-05T11:38:19.015Z audio_default_input_changed default_input=present default_input_transport=bluetooth
2026-08-05T11:38:19.016Z audio_default_input_changed default_input=present default_input_transport=bluetooth
2026-08-05T11:38:19.016Z audio_default_input_changed default_input=present default_input_transport=bluetooth
2026-08-05T11:38:19.017Z audio_default_input_changed default_input=present default_input_transport=bluetooth
2026-08-05T11:38:19.017Z audio_default_input_changed default_input=present default_input_transport=bluetooth
2026-08-05T11:38:19.018Z audio_default_input_changed default_input=present default_input_transport=bluetooth
2026-08-05T11:38:19.018Z audio_default_input_changed default_input=present default_input_transport=bluetooth
2026-08-05T11:38:19.019Z audio_default_input_changed default_input=present default_input_transport=bluetooth
2026-08-05T11:38:19.019Z audio_default_input_changed default_input=present default_input_transport=bluetooth
2026-08-05T11:38:19.020Z audio_default_input_changed default_input=present default_input_transport=bluetooth
2026-08-05T11:38:19.020Z audio_default_input_changed default_input=present default_input_transport=bluetooth
2026-08-05T11:38:19.020Z audio_default_input_changed default_input=present default_input_transport=bluetooth
2026-08-05T11:38:19.021Z audio_default_input_changed default_input=present default_input_transport=bluetooth
2026-08-05T11:38:19.021Z audio_default_input_changed default_input=present default_input_transport=bluetooth
2026-08-05T11:38:19.022Z audio_default_input_changed default_input=present default_input_transport=bluetooth
2026-08-05T11:38:19.022Z audio_default_input_changed default_input=present default_input_transport=bluetooth
2026-08-05T11:38:19.022Z audio_default_input_changed default_input=present default_input_transport=bluetooth
2026-08-05T11:38:19.023Z audio_default_input_changed default_input=present default_input_transport=bluetooth
2026-08-05T11:38:19.091Z shared_mic_engine_configuration_changed sr=48000.0 ch=1 isRunning=false engine_is_running=false default_input=present default_input_transport=bluetooth
2026-08-05T11:38:19.092Z shared_mic_engine_prepared_discarded reason=configuration_changed
2026-08-05T11:38:19.621Z shared_mic_engine_prepare_skipped reason=bluetooth_or_unresolved_route
2026-08-05T11:38:20.181Z audio_default_input_changed default_input=present default_input_transport=built-in
2026-08-05T11:38:20.197Z audio_default_input_changed default_input=present default_input_transport=built-in
2026-08-05T11:38:20.202Z audio_default_input_changed default_input=present default_input_transport=built-in
2026-08-05T11:38:20.223Z audio_default_input_changed default_input=present default_input_transport=built-in
2026-08-05T11:38:20.229Z audio_default_input_changed default_input=present default_input_transport=built-in
2026-08-05T11:38:20.249Z audio_default_input_changed default_input=present default_input_transport=built-in
2026-08-05T11:38:20.270Z audio_default_input_changed default_input=present default_input_transport=built-in
2026-08-05T11:38:20.287Z audio_default_input_changed default_input=present default_input_transport=built-in
2026-08-05T11:38:20.340Z audio_default_input_changed default_input=present default_input_transport=built-in
2026-08-05T11:38:20.372Z audio_default_input_changed default_input=present default_input_transport=built-in
2026-08-05T11:38:20.489Z audio_default_input_changed default_input=present default_input_transport=built-in
2026-08-05T11:38:20.493Z audio_default_input_changed default_input=present default_input_transport=built-in
2026-08-05T11:38:20.521Z audio_default_input_changed default_input=present default_input_transport=built-in
2026-08-05T11:38:20.530Z audio_default_input_changed default_input=present default_input_transport=built-in
2026-08-05T11:38:20.532Z audio_default_input_changed default_input=present default_input_transport=built-in
2026-08-05T11:38:20.533Z audio_default_input_changed default_input=present default_input_transport=built-in
2026-08-05T11:38:20.535Z audio_default_input_changed default_input=present default_input_transport=built-in
2026-08-05T11:38:20.536Z audio_default_input_changed default_input=present default_input_transport=built-in
2026-08-05T11:38:20.537Z audio_default_input_changed default_input=present default_input_transport=built-in
2026-08-05T11:38:20.539Z audio_default_input_changed default_input=present default_input_transport=built-in
2026-08-05T11:38:20.540Z audio_default_input_changed default_input=present default_input_transport=built-in
2026-08-05T11:38:20.542Z audio_default_input_changed default_input=present default_input_transport=built-in
2026-08-05T11:38:20.547Z audio_default_input_changed default_input=present default_input_transport=built-in
2026-08-05T11:38:20.553Z audio_default_input_changed default_input=present default_input_transport=built-in
2026-08-05T11:38:20.557Z audio_default_input_changed default_input=present default_input_transport=built-in
2026-08-05T11:38:20.558Z audio_default_input_changed default_input=present default_input_transport=built-in
2026-08-05T11:38:20.559Z audio_default_input_changed default_input=present default_input_transport=built-in
2026-08-05T11:38:20.559Z audio_default_input_changed default_input=present default_input_transport=built-in
2026-08-05T11:38:20.560Z audio_default_input_changed default_input=present default_input_transport=built-in
2026-08-05T11:38:20.560Z audio_default_input_changed default_input=present default_input_transport=built-in
2026-08-05T11:38:20.561Z audio_default_input_changed default_input=present default_input_transport=built-in
2026-08-05T11:38:20.562Z audio_default_input_changed default_input=present default_input_transport=built-in
2026-08-05T11:38:20.562Z audio_default_input_changed default_input=present default_input_transport=built-in
2026-08-05T11:38:20.563Z audio_default_input_changed default_input=present default_input_transport=built-in
2026-08-05T11:38:20.564Z audio_default_input_changed default_input=present default_input_transport=built-in
2026-08-05T11:38:20.564Z audio_default_input_changed default_input=present default_input_transport=built-in
2026-08-05T11:38:20.565Z audio_default_input_changed default_input=present default_input_transport=built-in
2026-08-05T11:38:20.566Z audio_default_input_changed default_input=present default_input_transport=built-in
2026-08-05T11:38:20.566Z audio_default_input_changed default_input=present default_input_transport=built-in
2026-08-05T11:38:20.567Z audio_default_input_changed default_input=present default_input_transport=built-in
2026-08-05T11:38:20.568Z audio_default_input_changed default_input=present default_input_transport=built-in
2026-08-05T11:38:20.569Z audio_default_input_changed default_input=present default_input_transport=built-in
2026-08-05T11:38:20.569Z audio_default_input_changed default_input=present default_input_transport=built-in
2026-08-05T11:38:20.570Z audio_default_input_changed default_input=present default_input_transport=built-in
2026-08-05T11:38:20.571Z audio_default_input_changed default_input=present default_input_transport=built-in
2026-08-05T11:38:20.571Z audio_default_input_changed default_input=present default_input_transport=built-in
2026-08-05T11:38:20.572Z audio_default_input_changed default_input=present default_input_transport=built-in
2026-08-05T11:38:20.573Z audio_default_input_changed default_input=present default_input_transport=built-in
2026-08-05T11:38:20.573Z audio_default_input_changed default_input=present default_input_transport=built-in
2026-08-05T11:38:20.574Z audio_default_input_changed default_input=present default_input_transport=built-in
2026-08-05T11:38:20.574Z audio_default_input_changed default_input=present default_input_transport=built-in
2026-08-05T11:38:20.575Z audio_default_input_changed default_input=present default_input_transport=built-in
2026-08-05T11:38:20.575Z audio_default_input_changed default_input=present default_input_transport=built-in
2026-08-05T11:38:20.576Z audio_default_input_changed default_input=present default_input_transport=built-in
2026-08-05T11:38:20.577Z audio_default_input_changed default_input=present default_input_transport=built-in
2026-08-05T11:38:20.577Z audio_default_input_changed default_input=present default_input_transport=built-in
2026-08-05T11:38:20.578Z audio_default_input_changed default_input=present default_input_transport=built-in
2026-08-05T11:38:20.579Z audio_default_input_changed default_input=present default_input_transport=built-in
2026-08-05T11:38:20.580Z audio_default_input_changed default_input=present default_input_transport=built-in
2026-08-05T11:38:20.580Z audio_default_input_changed default_input=present default_input_transport=built-in
2026-08-05T11:38:20.581Z audio_default_input_changed default_input=present default_input_transport=built-in
2026-08-05T11:38:20.581Z audio_default_input_changed default_input=present default_input_transport=built-in
2026-08-05T11:38:20.798Z audio_default_input_changed default_input=present default_input_transport=bluetooth
2026-08-05T11:38:20.898Z audio_default_input_changed default_input=present default_input_transport=bluetooth
2026-08-05T11:38:20.936Z audio_default_input_changed default_input=present default_input_transport=bluetooth
2026-08-05T11:38:21.035Z audio_default_input_changed default_input=present default_input_transport=bluetooth
2026-08-05T11:38:21.074Z audio_default_input_changed default_input=present default_input_transport=bluetooth
2026-08-05T11:38:21.089Z audio_default_input_changed default_input=present default_input_transport=bluetooth
2026-08-05T11:38:21.095Z audio_default_input_changed default_input=present default_input_transport=bluetooth
2026-08-05T11:38:21.098Z audio_default_input_changed default_input=present default_input_transport=bluetooth
2026-08-05T11:38:21.102Z audio_default_input_changed default_input=present default_input_transport=bluetooth
2026-08-05T11:38:21.107Z audio_default_input_changed default_input=present default_input_transport=bluetooth
2026-08-05T11:38:21.108Z audio_default_input_changed default_input=present default_input_transport=bluetooth
2026-08-05T11:38:21.110Z audio_default_input_changed default_input=present default_input_transport=bluetooth
2026-08-05T11:38:21.113Z audio_default_input_changed default_input=present default_input_transport=bluetooth
2026-08-05T11:38:21.114Z audio_default_input_changed default_input=present default_input_transport=bluetooth
2026-08-05T11:38:21.116Z audio_default_input_changed default_input=present default_input_transport=bluetooth
2026-08-05T11:38:21.118Z audio_default_input_changed default_input=present default_input_transport=bluetooth
2026-08-05T11:38:21.120Z audio_default_input_changed default_input=present default_input_transport=bluetooth
2026-08-05T11:38:21.121Z audio_default_input_changed default_input=present default_input_transport=bluetooth
2026-08-05T11:38:21.123Z audio_default_input_changed default_input=present default_input_transport=bluetooth
2026-08-05T11:38:21.124Z audio_default_input_changed default_input=present default_input_transport=bluetooth
2026-08-05T11:38:21.126Z audio_default_input_changed default_input=present default_input_transport=bluetooth
2026-08-05T11:38:21.127Z audio_default_input_changed default_input=present default_input_transport=bluetooth
2026-08-05T11:38:21.128Z audio_default_input_changed default_input=present default_input_transport=bluetooth
2026-08-05T11:38:21.129Z audio_default_input_changed default_input=present default_input_transport=bluetooth
2026-08-05T11:38:21.130Z audio_default_input_changed default_input=present default_input_transport=bluetooth
2026-08-05T11:38:21.130Z audio_default_input_changed default_input=present default_input_transport=bluetooth
2026-08-05T11:38:21.131Z audio_default_input_changed default_input=present default_input_transport=bluetooth
2026-08-05T11:38:21.132Z audio_default_input_changed default_input=present default_input_transport=bluetooth
2026-08-05T11:38:21.132Z audio_default_input_changed default_input=present default_input_transport=bluetooth
2026-08-05T11:38:21.133Z audio_default_input_changed default_input=present default_input_transport=bluetooth
2026-08-05T11:38:21.134Z audio_default_input_changed default_input=present default_input_transport=bluetooth
2026-08-05T11:38:21.134Z audio_default_input_changed default_input=present default_input_transport=bluetooth
2026-08-05T11:38:21.135Z audio_default_input_changed default_input=present default_input_transport=bluetooth
2026-08-05T11:38:21.135Z audio_default_input_changed default_input=present default_input_transport=bluetooth
2026-08-05T11:38:21.136Z audio_default_input_changed default_input=present default_input_transport=bluetooth
2026-08-05T11:38:21.136Z audio_default_input_changed default_input=present default_input_transport=bluetooth
2026-08-05T11:38:21.137Z audio_default_input_changed default_input=present default_input_transport=bluetooth
2026-08-05T11:38:21.137Z audio_default_input_changed default_input=present default_input_transport=bluetooth
2026-08-05T11:38:21.137Z audio_default_input_changed default_input=present default_input_transport=bluetooth
2026-08-05T11:38:21.138Z audio_default_input_changed default_input=present default_input_transport=bluetooth
2026-08-05T11:38:21.138Z audio_default_input_changed default_input=present default_input_transport=bluetooth
2026-08-05T11:38:21.139Z audio_default_input_changed default_input=present default_input_transport=bluetooth
2026-08-05T11:38:21.139Z audio_default_input_changed default_input=present default_input_transport=bluetooth
2026-08-05T11:38:21.139Z audio_default_input_changed default_input=present default_input_transport=bluetooth
2026-08-05T11:38:21.140Z audio_default_input_changed default_input=present default_input_transport=bluetooth
2026-08-05T11:38:21.140Z audio_default_input_changed default_input=present default_input_transport=bluetooth
2026-08-05T11:38:21.140Z audio_default_input_changed default_input=present default_input_transport=bluetooth
2026-08-05T11:38:21.141Z audio_default_input_changed default_input=present default_input_transport=bluetooth
2026-08-05T11:38:21.141Z audio_default_input_changed default_input=present default_input_transport=bluetooth
2026-08-05T11:38:21.142Z audio_default_input_changed default_input=present default_input_transport=bluetooth
2026-08-05T11:38:21.142Z audio_default_input_changed default_input=present default_input_transport=bluetooth
2026-08-05T11:38:21.143Z audio_default_input_changed default_input=present default_input_transport=bluetooth
2026-08-05T11:38:21.143Z audio_default_input_changed default_input=present default_input_transport=bluetooth
2026-08-05T11:38:21.144Z audio_default_input_changed default_input=present default_input_transport=bluetooth
2026-08-05T11:38:21.144Z audio_default_input_changed default_input=present default_input_transport=bluetooth
2026-08-05T11:38:21.145Z audio_default_input_changed default_input=present default_input_transport=bluetooth
2026-08-05T11:38:21.145Z audio_default_input_changed default_input=present default_input_transport=bluetooth
2026-08-05T11:38:21.146Z audio_default_input_changed default_input=present default_input_transport=bluetooth
2026-08-05T11:38:21.146Z audio_default_input_changed default_input=present default_input_transport=bluetooth
2026-08-05T11:38:21.147Z audio_default_input_changed default_input=present default_input_transport=bluetooth
2026-08-05T11:38:21.147Z audio_default_input_changed default_input=present default_input_transport=bluetooth
2026-08-05T11:38:21.148Z audio_default_input_changed default_input=present default_input_transport=bluetooth
2026-08-05T11:38:21.656Z shared_mic_engine_prepare_skipped reason=bluetooth_or_unresolved_route
2026-08-05T11:38:24.689Z audio_default_input_changed default_input=present default_input_transport=built-in
2026-08-05T11:38:24.734Z audio_default_input_changed default_input=present default_input_transport=built-in
2026-08-05T11:38:24.744Z audio_default_input_changed default_input=present default_input_transport=built-in
2026-08-05T11:38:24.750Z audio_default_input_changed default_input=present default_input_transport=built-in
2026-08-05T11:38:24.761Z audio_default_input_changed default_input=present default_input_transport=built-in
2026-08-05T11:38:24.773Z audio_default_input_changed default_input=present default_input_transport=built-in
2026-08-05T11:38:24.788Z audio_default_input_changed default_input=present default_input_transport=built-in
2026-08-05T11:38:24.790Z audio_default_input_changed default_input=present default_input_transport=built-in
2026-08-05T11:38:24.791Z audio_default_input_changed default_input=present default_input_transport=built-in
2026-08-05T11:38:24.794Z audio_default_input_changed default_input=present default_input_transport=built-in
2026-08-05T11:38:24.797Z audio_default_input_changed default_input=present default_input_transport=built-in
2026-08-05T11:38:24.873Z audio_default_input_changed default_input=present default_input_transport=built-in
2026-08-05T11:38:25.003Z audio_default_input_changed default_input=present default_input_transport=built-in
2026-08-05T11:38:25.027Z audio_default_input_changed default_input=present default_input_transport=built-in
2026-08-05T11:38:25.073Z audio_default_input_changed default_input=present default_input_transport=built-in
2026-08-05T11:38:25.083Z audio_default_input_changed default_input=present default_input_transport=built-in
2026-08-05T11:38:25.085Z audio_default_input_changed default_input=present default_input_transport=built-in
2026-08-05T11:38:25.086Z audio_default_input_changed default_input=present default_input_transport=built-in
2026-08-05T11:38:25.087Z audio_default_input_changed default_input=present default_input_transport=built-in
2026-08-05T11:38:25.089Z audio_default_input_changed default_input=present default_input_transport=built-in
2026-08-05T11:38:25.090Z audio_default_input_changed default_input=present default_input_transport=built-in
2026-08-05T11:38:25.092Z audio_default_input_changed default_input=present default_input_transport=built-in
2026-08-05T11:38:25.094Z audio_default_input_changed default_input=present default_input_transport=built-in
2026-08-05T11:38:25.095Z audio_default_input_changed default_input=present default_input_transport=built-in
2026-08-05T11:38:25.096Z audio_default_input_changed default_input=present default_input_transport=built-in
2026-08-05T11:38:25.097Z audio_default_input_changed default_input=present default_input_transport=built-in
2026-08-05T11:38:25.098Z audio_default_input_changed default_input=present default_input_transport=built-in
2026-08-05T11:38:25.104Z audio_default_input_changed default_input=present default_input_transport=built-in
2026-08-05T11:38:25.105Z audio_default_input_changed default_input=present default_input_transport=built-in
2026-08-05T11:38:25.106Z audio_default_input_changed default_input=present default_input_transport=built-in
2026-08-05T11:38:25.108Z audio_default_input_changed default_input=present default_input_transport=built-in
2026-08-05T11:38:25.108Z audio_default_input_changed default_input=present default_input_transport=built-in
2026-08-05T11:38:25.109Z audio_default_input_changed default_input=present default_input_transport=built-in
2026-08-05T11:38:25.110Z audio_default_input_changed default_input=present default_input_transport=built-in
2026-08-05T11:38:25.111Z audio_default_input_changed default_input=present default_input_transport=built-in
2026-08-05T11:38:25.112Z audio_default_input_changed default_input=present default_input_transport=built-in
2026-08-05T11:38:25.112Z audio_default_input_changed default_input=present default_input_transport=built-in
2026-08-05T11:38:25.113Z audio_default_input_changed default_input=present default_input_transport=built-in
2026-08-05T11:38:25.114Z audio_default_input_changed default_input=present default_input_transport=built-in
2026-08-05T11:38:25.115Z audio_default_input_changed default_input=present default_input_transport=built-in
2026-08-05T11:38:25.116Z audio_default_input_changed default_input=present default_input_transport=built-in
2026-08-05T11:38:25.116Z audio_default_input_changed default_input=present default_input_transport=built-in
2026-08-05T11:38:25.117Z audio_default_input_changed default_input=present default_input_transport=built-in
2026-08-05T11:38:25.117Z audio_default_input_changed default_input=present default_input_transport=built-in
2026-08-05T11:38:25.118Z audio_default_input_changed default_input=present default_input_transport=built-in
2026-08-05T11:38:25.118Z audio_default_input_changed default_input=present default_input_transport=built-in
2026-08-05T11:38:25.119Z audio_default_input_changed default_input=present default_input_transport=built-in
2026-08-05T11:38:25.119Z audio_default_input_changed default_input=present default_input_transport=built-in
2026-08-05T11:38:25.120Z audio_default_input_changed default_input=present default_input_transport=built-in
2026-08-05T11:38:25.120Z audio_default_input_changed default_input=present default_input_transport=built-in
2026-08-05T11:38:25.121Z audio_default_input_changed default_input=present default_input_transport=built-in
2026-08-05T11:38:25.121Z audio_default_input_changed default_input=present default_input_transport=built-in
2026-08-05T11:38:25.121Z audio_default_input_changed default_input=present default_input_transport=built-in
2026-08-05T11:38:25.122Z audio_default_input_changed default_input=present default_input_transport=built-in
2026-08-05T11:38:25.122Z audio_default_input_changed default_input=present default_input_transport=built-in
2026-08-05T11:38:25.123Z audio_default_input_changed default_input=present default_input_transport=built-in
2026-08-05T11:38:25.123Z audio_default_input_changed default_input=present default_input_transport=built-in
2026-08-05T11:38:25.124Z audio_default_input_changed default_input=present default_input_transport=built-in
2026-08-05T11:38:25.124Z audio_default_input_changed default_input=present default_input_transport=built-in
2026-08-05T11:38:25.125Z audio_default_input_changed default_input=present default_input_transport=built-in
2026-08-05T11:38:25.125Z audio_default_input_changed default_input=present default_input_transport=built-in
2026-08-05T11:38:25.126Z audio_default_input_changed default_input=present default_input_transport=built-in
2026-08-05T11:38:25.126Z audio_default_input_changed default_input=present default_input_transport=built-in
2026-08-05T11:38:25.656Z shared_mic_engine_prepare_skipped reason=bluetooth_or_unresolved_route
2026-08-05T11:38:25.654Z audio_default_input_changed default_input=present default_input_transport=bluetooth
2026-08-05T11:38:25.873Z audio_default_input_changed default_input=present default_input_transport=bluetooth
2026-08-05T11:38:25.876Z audio_default_input_changed default_input=present default_input_transport=bluetooth
2026-08-05T11:38:25.877Z audio_default_input_changed default_input=present default_input_transport=bluetooth
2026-08-05T11:38:25.878Z audio_default_input_changed default_input=present default_input_transport=bluetooth
2026-08-05T11:38:25.880Z audio_default_input_changed default_input=present default_input_transport=bluetooth
2026-08-05T11:38:25.880Z audio_default_input_changed default_input=present default_input_transport=bluetooth
2026-08-05T11:38:25.881Z audio_default_input_changed default_input=present default_input_transport=bluetooth
2026-08-05T11:38:25.882Z audio_default_input_changed default_input=present default_input_transport=bluetooth
2026-08-05T11:38:25.888Z audio_default_input_changed default_input=present default_input_transport=bluetooth
2026-08-05T11:38:25.895Z audio_default_input_changed default_input=present default_input_transport=bluetooth
2026-08-05T11:38:25.908Z audio_default_input_changed default_input=present default_input_transport=bluetooth
2026-08-05T11:38:25.915Z audio_default_input_changed default_input=present default_input_transport=bluetooth
2026-08-05T11:38:25.920Z audio_default_input_changed default_input=present default_input_transport=bluetooth
2026-08-05T11:38:25.922Z audio_default_input_changed default_input=present default_input_transport=bluetooth
2026-08-05T11:38:25.926Z audio_default_input_changed default_input=present default_input_transport=bluetooth
2026-08-05T11:38:25.933Z audio_default_input_changed default_input=present default_input_transport=bluetooth
2026-08-05T11:38:25.940Z audio_default_input_changed default_input=present default_input_transport=bluetooth
2026-08-05T11:38:25.943Z audio_default_input_changed default_input=present default_input_transport=bluetooth
2026-08-05T11:38:25.945Z audio_default_input_changed default_input=present default_input_transport=bluetooth
2026-08-05T11:38:25.947Z audio_default_input_changed default_input=present default_input_transport=bluetooth
2026-08-05T11:38:25.949Z audio_default_input_changed default_input=present default_input_transport=bluetooth
2026-08-05T11:38:25.951Z audio_default_input_changed default_input=present default_input_transport=bluetooth
2026-08-05T11:38:25.952Z audio_default_input_changed default_input=present default_input_transport=bluetooth
2026-08-05T11:38:25.953Z audio_default_input_changed default_input=present default_input_transport=bluetooth
2026-08-05T11:38:25.955Z audio_default_input_changed default_input=present default_input_transport=bluetooth
2026-08-05T11:38:25.956Z audio_default_input_changed default_input=present default_input_transport=bluetooth
2026-08-05T11:38:25.958Z audio_default_input_changed default_input=present default_input_transport=bluetooth
2026-08-05T11:38:25.959Z audio_default_input_changed default_input=present default_input_transport=bluetooth
2026-08-05T11:38:25.961Z audio_default_input_changed default_input=present default_input_transport=bluetooth
2026-08-05T11:38:25.962Z audio_default_input_changed default_input=present default_input_transport=bluetooth
2026-08-05T11:38:25.963Z audio_default_input_changed default_input=present default_input_transport=bluetooth
2026-08-05T11:38:25.964Z audio_default_input_changed default_input=present default_input_transport=bluetooth
2026-08-05T11:38:25.965Z audio_default_input_changed default_input=present default_input_transport=bluetooth
2026-08-05T11:38:25.966Z audio_default_input_changed default_input=present default_input_transport=bluetooth
2026-08-05T11:38:25.966Z audio_default_input_changed default_input=present default_input_transport=bluetooth
2026-08-05T11:38:25.967Z audio_default_input_changed default_input=present default_input_transport=bluetooth
2026-08-05T11:38:25.967Z audio_default_input_changed default_input=present default_input_transport=bluetooth
2026-08-05T11:38:25.968Z audio_default_input_changed default_input=present default_input_transport=bluetooth
2026-08-05T11:38:25.968Z audio_default_input_changed default_input=present default_input_transport=bluetooth
2026-08-05T11:38:25.969Z audio_default_input_changed default_input=present default_input_transport=bluetooth
2026-08-05T11:38:25.969Z audio_default_input_changed default_input=present default_input_transport=bluetooth
2026-08-05T11:38:25.970Z audio_default_input_changed default_input=present default_input_transport=bluetooth
2026-08-05T11:38:25.970Z audio_default_input_changed default_input=present default_input_transport=bluetooth
2026-08-05T11:38:25.971Z audio_default_input_changed default_input=present default_input_transport=bluetooth
2026-08-05T11:38:25.971Z audio_default_input_changed default_input=present default_input_transport=bluetooth
2026-08-05T11:38:25.972Z audio_default_input_changed default_input=present default_input_transport=bluetooth
2026-08-05T11:38:25.972Z audio_default_input_changed default_input=present default_input_transport=bluetooth
2026-08-05T11:38:25.973Z audio_default_input_changed default_input=present default_input_transport=bluetooth
2026-08-05T11:38:25.973Z audio_default_input_changed default_input=present default_input_transport=bluetooth
2026-08-05T11:38:25.974Z audio_default_input_changed default_input=present default_input_transport=bluetooth
2026-08-05T11:38:25.974Z audio_default_input_changed default_input=present default_input_transport=bluetooth
2026-08-05T11:38:25.975Z audio_default_input_changed default_input=present default_input_transport=bluetooth
2026-08-05T11:38:25.975Z audio_default_input_changed default_input=present default_input_transport=bluetooth
2026-08-05T11:38:25.976Z audio_default_input_changed default_input=present default_input_transport=bluetooth
2026-08-05T11:38:25.976Z audio_default_input_changed default_input=present default_input_transport=bluetooth
2026-08-05T11:38:25.977Z audio_default_input_changed default_input=present default_input_transport=bluetooth
2026-08-05T11:38:25.977Z audio_default_input_changed default_input=present default_input_transport=bluetooth
2026-08-05T11:38:25.977Z audio_default_input_changed default_input=present default_input_transport=bluetooth
2026-08-05T11:38:25.978Z audio_default_input_changed default_input=present default_input_transport=bluetooth
2026-08-05T11:38:25.978Z audio_default_input_changed default_input=present default_input_transport=bluetooth
2026-08-05T11:38:25.978Z audio_default_input_changed default_input=present default_input_transport=bluetooth
2026-08-05T11:38:25.979Z audio_default_input_changed default_input=present default_input_transport=bluetooth
2026-08-05T11:38:26.511Z shared_mic_engine_prepare_skipped reason=bluetooth_or_unresolved_route
2026-08-05T11:38:29.987Z audio_default_input_changed default_input=present default_input_transport=built-in
2026-08-05T11:38:30.025Z audio_default_input_changed default_input=present default_input_transport=built-in
2026-08-05T11:38:30.046Z audio_default_input_changed default_input=present default_input_transport=built-in
2026-08-05T11:38:30.056Z audio_default_input_changed default_input=present default_input_transport=built-in
2026-08-05T11:38:30.066Z audio_default_input_changed default_input=present default_input_transport=built-in
2026-08-05T11:38:30.095Z audio_default_input_changed default_input=present default_input_transport=built-in
2026-08-05T11:38:30.169Z audio_default_input_changed default_input=present default_input_transport=built-in
2026-08-05T11:38:30.274Z audio_default_input_changed default_input=present default_input_transport=built-in
2026-08-05T11:38:30.294Z audio_default_input_changed default_input=present default_input_transport=built-in
2026-08-05T11:38:30.309Z audio_default_input_changed default_input=present default_input_transport=built-in
2026-08-05T11:38:30.310Z audio_default_input_changed default_input=present default_input_transport=built-in
2026-08-05T11:38:30.315Z audio_default_input_changed default_input=present default_input_transport=built-in
2026-08-05T11:38:30.326Z audio_default_input_changed default_input=present default_input_transport=built-in
2026-08-05T11:38:30.337Z audio_default_input_changed default_input=present default_input_transport=built-in
2026-08-05T11:38:30.348Z audio_default_input_changed default_input=present default_input_transport=built-in
2026-08-05T11:38:30.367Z audio_default_input_changed default_input=present default_input_transport=built-in
2026-08-05T11:38:30.372Z audio_default_input_changed default_input=present default_input_transport=built-in
2026-08-05T11:38:30.373Z audio_default_input_changed default_input=present default_input_transport=built-in
2026-08-05T11:38:30.374Z audio_default_input_changed default_input=present default_input_transport=built-in
2026-08-05T11:38:30.375Z audio_default_input_changed default_input=present default_input_transport=built-in
2026-08-05T11:38:30.377Z audio_default_input_changed default_input=present default_input_transport=built-in
2026-08-05T11:38:30.378Z audio_default_input_changed default_input=present default_input_transport=built-in
2026-08-05T11:38:30.379Z audio_default_input_changed default_input=present default_input_transport=built-in
2026-08-05T11:38:30.380Z audio_default_input_changed default_input=present default_input_transport=built-in
2026-08-05T11:38:30.381Z audio_default_input_changed default_input=present default_input_transport=built-in
2026-08-05T11:38:30.382Z audio_default_input_changed default_input=present default_input_transport=built-in
2026-08-05T11:38:30.382Z audio_default_input_changed default_input=present default_input_transport=built-in
2026-08-05T11:38:30.383Z audio_default_input_changed default_input=present default_input_transport=built-in
2026-08-05T11:38:30.392Z audio_default_input_changed default_input=present default_input_transport=built-in
2026-08-05T11:38:30.393Z audio_default_input_changed default_input=present default_input_transport=built-in
2026-08-05T11:38:30.394Z audio_default_input_changed default_input=present default_input_transport=built-in
2026-08-05T11:38:30.394Z audio_default_input_changed default_input=present default_input_transport=built-in
2026-08-05T11:38:30.395Z audio_default_input_changed default_input=present default_input_transport=built-in
2026-08-05T11:38:30.396Z audio_default_input_changed default_input=present default_input_transport=built-in
2026-08-05T11:38:30.396Z audio_default_input_changed default_input=present default_input_transport=built-in
2026-08-05T11:38:30.397Z audio_default_input_changed default_input=present default_input_transport=built-in
2026-08-05T11:38:30.397Z audio_default_input_changed default_input=present default_input_transport=built-in
2026-08-05T11:38:30.398Z audio_default_input_changed default_input=present default_input_transport=built-in
2026-08-05T11:38:30.399Z audio_default_input_changed default_input=present default_input_transport=built-in
2026-08-05T11:38:30.399Z audio_default_input_changed default_input=present default_input_transport=built-in
2026-08-05T11:38:30.400Z audio_default_input_changed default_input=present default_input_transport=built-in
2026-08-05T11:38:30.400Z audio_default_input_changed default_input=present default_input_transport=built-in
2026-08-05T11:38:30.401Z audio_default_input_changed default_input=present default_input_transport=built-in
2026-08-05T11:38:30.401Z audio_default_input_changed default_input=present default_input_transport=built-in
2026-08-05T11:38:30.402Z audio_default_input_changed default_input=present default_input_transport=built-in
2026-08-05T11:38:30.402Z audio_default_input_changed default_input=present default_input_transport=built-in
2026-08-05T11:38:30.403Z audio_default_input_changed default_input=present default_input_transport=built-in
2026-08-05T11:38:30.404Z audio_default_input_changed default_input=present default_input_transport=built-in
2026-08-05T11:38:30.404Z audio_default_input_changed default_input=present default_input_transport=built-in
2026-08-05T11:38:30.405Z audio_default_input_changed default_input=present default_input_transport=built-in
2026-08-05T11:38:30.405Z audio_default_input_changed default_input=present default_input_transport=built-in
2026-08-05T11:38:30.406Z audio_default_input_changed default_input=present default_input_transport=built-in
2026-08-05T11:38:30.406Z audio_default_input_changed default_input=present default_input_transport=built-in
2026-08-05T11:38:30.407Z audio_default_input_changed default_input=present default_input_transport=built-in
2026-08-05T11:38:30.407Z audio_default_input_changed default_input=present default_input_transport=built-in
2026-08-05T11:38:30.407Z audio_default_input_changed default_input=present default_input_transport=built-in
2026-08-05T11:38:30.408Z audio_default_input_changed default_input=present default_input_transport=built-in
2026-08-05T11:38:30.408Z audio_default_input_changed default_input=present default_input_transport=built-in
2026-08-05T11:38:30.409Z audio_default_input_changed default_input=present default_input_transport=built-in
2026-08-05T11:38:30.409Z audio_default_input_changed default_input=present default_input_transport=built-in
2026-08-05T11:38:30.412Z audio_default_input_changed default_input=present default_input_transport=built-in
2026-08-05T11:38:30.413Z audio_default_input_changed default_input=present default_input_transport=built-in
2026-08-05T11:38:30.413Z audio_default_input_changed default_input=present default_input_transport=built-in
2026-08-05T11:38:30.414Z audio_default_input_changed default_input=present default_input_transport=built-in
2026-08-05T11:38:30.415Z audio_default_input_changed default_input=present default_input_transport=built-in
2026-08-05T11:38:31.070Z shared_mic_engine_prepare_timing vpio=false buffer_size=4096 set_vpio_ms=0.007 output_format_ms=0.007 install_tap_ms=0.006 total_ms=151.061
2026-08-05T11:38:31.071Z shared_mic_engine_input_device_prepared source=system_default device=present transport=built-in vpio=false set_device_ms=0.000 prepare_engine_ms=151.736
2026-08-05T11:38:31.535Z audio_default_input_changed default_input=present default_input_transport=bluetooth
2026-08-05T11:38:31.543Z audio_default_input_changed default_input=present default_input_transport=bluetooth
2026-08-05T11:38:31.606Z audio_default_input_changed default_input=present default_input_transport=bluetooth
2026-08-05T11:38:31.609Z audio_default_input_changed default_input=present default_input_transport=bluetooth
2026-08-05T11:38:31.612Z audio_default_input_changed default_input=present default_input_transport=bluetooth
2026-08-05T11:38:31.613Z audio_default_input_changed default_input=present default_input_transport=bluetooth
2026-08-05T11:38:31.615Z audio_default_input_changed default_input=present default_input_transport=bluetooth
2026-08-05T11:38:31.616Z audio_default_input_changed default_input=present default_input_transport=bluetooth
2026-08-05T11:38:31.617Z audio_default_input_changed default_input=present default_input_transport=bluetooth
2026-08-05T11:38:31.618Z audio_default_input_changed default_input=present default_input_transport=bluetooth
2026-08-05T11:38:31.622Z audio_default_input_changed default_input=present default_input_transport=bluetooth
2026-08-05T11:38:31.623Z audio_default_input_changed default_input=present default_input_transport=bluetooth
2026-08-05T11:38:31.626Z audio_default_input_changed default_input=present default_input_transport=bluetooth
2026-08-05T11:38:31.665Z audio_default_input_changed default_input=present default_input_transport=bluetooth
2026-08-05T11:38:31.740Z audio_default_input_changed default_input=present default_input_transport=bluetooth
2026-08-05T11:38:31.754Z audio_default_input_changed default_input=present default_input_transport=bluetooth
2026-08-05T11:38:31.763Z audio_default_input_changed default_input=present default_input_transport=bluetooth
2026-08-05T11:38:31.775Z audio_default_input_changed default_input=present default_input_transport=bluetooth
2026-08-05T11:38:31.780Z audio_default_input_changed default_input=present default_input_transport=bluetooth
2026-08-05T11:38:31.809Z audio_default_input_changed default_input=present default_input_transport=bluetooth
2026-08-05T11:38:31.812Z audio_default_input_changed default_input=present default_input_transport=bluetooth
2026-08-05T11:38:31.814Z audio_default_input_changed default_input=present default_input_transport=bluetooth
2026-08-05T11:38:31.816Z audio_default_input_changed default_input=present default_input_transport=bluetooth
2026-08-05T11:38:31.818Z audio_default_input_changed default_input=present default_input_transport=bluetooth
2026-08-05T11:38:31.819Z audio_default_input_changed default_input=present default_input_transport=bluetooth
2026-08-05T11:38:31.822Z audio_default_input_changed default_input=present default_input_transport=bluetooth
2026-08-05T11:38:31.823Z audio_default_input_changed default_input=present default_input_transport=bluetooth
2026-08-05T11:38:31.825Z audio_default_input_changed default_input=present default_input_transport=bluetooth
2026-08-05T11:38:31.826Z audio_default_input_changed default_input=present default_input_transport=bluetooth
2026-08-05T11:38:31.827Z audio_default_input_changed default_input=present default_input_transport=bluetooth
2026-08-05T11:38:31.827Z audio_default_input_changed default_input=present default_input_transport=bluetooth
2026-08-05T11:38:31.828Z audio_default_input_changed default_input=present default_input_transport=bluetooth
2026-08-05T11:38:31.829Z audio_default_input_changed default_input=present default_input_transport=bluetooth
2026-08-05T11:38:31.830Z audio_default_input_changed default_input=present default_input_transport=bluetooth
2026-08-05T11:38:31.831Z audio_default_input_changed default_input=present default_input_transport=bluetooth
2026-08-05T11:38:31.832Z audio_default_input_changed default_input=present default_input_transport=bluetooth
2026-08-05T11:38:31.833Z audio_default_input_changed default_input=present default_input_transport=bluetooth
2026-08-05T11:38:31.834Z audio_default_input_changed default_input=present default_input_transport=bluetooth
2026-08-05T11:38:31.834Z audio_default_input_changed default_input=present default_input_transport=bluetooth
2026-08-05T11:38:31.834Z audio_default_input_changed default_input=present default_input_transport=bluetooth
2026-08-05T11:38:31.835Z audio_default_input_changed default_input=present default_input_transport=bluetooth
2026-08-05T11:38:31.835Z audio_default_input_changed default_input=present default_input_transport=bluetooth
2026-08-05T11:38:31.836Z audio_default_input_changed default_input=present default_input_transport=bluetooth
2026-08-05T11:38:31.836Z audio_default_input_changed default_input=present default_input_transport=bluetooth
2026-08-05T11:38:31.837Z audio_default_input_changed default_input=present default_input_transport=bluetooth
2026-08-05T11:38:31.838Z audio_default_input_changed default_input=present default_input_transport=bluetooth
2026-08-05T11:38:31.838Z audio_default_input_changed default_input=present default_input_transport=bluetooth
2026-08-05T11:38:31.839Z audio_default_input_changed default_input=present default_input_transport=bluetooth
2026-08-05T11:38:31.839Z audio_default_input_changed default_input=present default_input_transport=bluetooth
2026-08-05T11:38:31.840Z audio_default_input_changed default_input=present default_input_transport=bluetooth
2026-08-05T11:38:31.840Z audio_default_input_changed default_input=present default_input_transport=bluetooth
2026-08-05T11:38:31.841Z audio_default_input_changed default_input=present default_input_transport=bluetooth
2026-08-05T11:38:31.841Z audio_default_input_changed default_input=present default_input_transport=bluetooth
2026-08-05T11:38:31.842Z audio_default_input_changed default_input=present default_input_transport=bluetooth
2026-08-05T11:38:31.842Z audio_default_input_changed default_input=present default_input_transport=bluetooth
2026-08-05T11:38:31.842Z audio_default_input_changed default_input=present default_input_transport=bluetooth
2026-08-05T11:38:31.843Z audio_default_input_changed default_input=present default_input_transport=bluetooth
2026-08-05T11:38:31.843Z audio_default_input_changed default_input=present default_input_transport=bluetooth
2026-08-05T11:38:31.844Z audio_default_input_changed default_input=present default_input_transport=bluetooth
2026-08-05T11:38:31.844Z audio_default_input_changed default_input=present default_input_transport=bluetooth
2026-08-05T11:38:31.845Z audio_default_input_changed default_input=present default_input_transport=bluetooth
2026-08-05T11:38:31.846Z audio_default_input_changed default_input=present default_input_transport=bluetooth
2026-08-05T11:38:31.846Z audio_default_input_changed default_input=present default_input_transport=bluetooth
2026-08-05T11:38:31.847Z audio_default_input_changed default_input=present default_input_transport=bluetooth
2026-08-05T11:38:31.848Z audio_default_input_changed default_input=present default_input_transport=bluetooth
2026-08-05T11:38:31.849Z audio_default_input_changed default_input=present default_input_transport=bluetooth
2026-08-05T11:38:31.958Z shared_mic_engine_configuration_changed sr=48000.0 ch=1 isRunning=false engine_is_running=false default_input=present default_input_transport=bluetooth
2026-08-05T11:38:31.958Z shared_mic_engine_prepared_discarded reason=configuration_changed
2026-08-05T11:38:32.488Z shared_mic_engine_prepare_skipped reason=bluetooth_or_unresolved_route
2026-08-05T11:38:33.173Z audio_default_input_changed default_input=present default_input_transport=built-in
2026-08-05T11:38:33.202Z audio_default_input_changed default_input=present default_input_transport=built-in
2026-08-05T11:38:33.270Z audio_default_input_changed default_input=present default_input_transport=built-in
2026-08-05T11:38:33.451Z audio_default_input_changed default_input=present default_input_transport=built-in
2026-08-05T11:38:33.469Z audio_default_input_changed default_input=present default_input_transport=built-in
2026-08-05T11:38:33.484Z audio_default_input_changed default_input=present default_input_transport=built-in
2026-08-05T11:38:33.518Z audio_default_input_changed default_input=present default_input_transport=built-in
2026-08-05T11:38:33.536Z audio_default_input_changed default_input=present default_input_transport=built-in
2026-08-05T11:38:33.544Z audio_default_input_changed default_input=present default_input_transport=built-in
2026-08-05T11:38:33.546Z audio_default_input_changed default_input=present default_input_transport=built-in
2026-08-05T11:38:33.547Z audio_default_input_changed default_input=present default_input_transport=built-in
2026-08-05T11:38:33.548Z audio_default_input_changed default_input=present default_input_transport=built-in
2026-08-05T11:38:33.548Z audio_default_input_changed default_input=present default_input_transport=built-in
2026-08-05T11:38:33.549Z audio_default_input_changed default_input=present default_input_transport=built-in
2026-08-05T11:38:33.550Z audio_default_input_changed default_input=present default_input_transport=built-in
2026-08-05T11:38:33.550Z audio_default_input_changed default_input=present default_input_transport=built-in
2026-08-05T11:38:33.551Z audio_default_input_changed default_input=present default_input_transport=built-in
2026-08-05T11:38:33.552Z audio_default_input_changed default_input=present default_input_transport=built-in
2026-08-05T11:38:33.552Z audio_default_input_changed default_input=present default_input_transport=built-in
2026-08-05T11:38:33.553Z audio_default_input_changed default_input=present default_input_transport=built-in
2026-08-05T11:38:33.553Z audio_default_input_changed default_input=present default_input_transport=built-in
2026-08-05T11:38:33.554Z audio_default_input_changed default_input=present default_input_transport=built-in
2026-08-05T11:38:33.555Z audio_default_input_changed default_input=present default_input_transport=built-in
2026-08-05T11:38:33.555Z audio_default_input_changed default_input=present default_input_transport=built-in
2026-08-05T11:38:33.556Z audio_default_input_changed default_input=present default_input_transport=built-in
2026-08-05T11:38:33.556Z audio_default_input_changed default_input=present default_input_transport=built-in
2026-08-05T11:38:33.557Z audio_default_input_changed default_input=present default_input_transport=built-in
2026-08-05T11:38:33.557Z audio_default_input_changed default_input=present default_input_transport=built-in
2026-08-05T11:38:33.558Z audio_default_input_changed default_input=present default_input_transport=built-in
2026-08-05T11:38:33.558Z audio_default_input_changed default_input=present default_input_transport=built-in
2026-08-05T11:38:33.559Z audio_default_input_changed default_input=present default_input_transport=built-in
2026-08-05T11:38:33.559Z audio_default_input_changed default_input=present default_input_transport=built-in
2026-08-05T11:38:33.560Z audio_default_input_changed default_input=present default_input_transport=built-in
2026-08-05T11:38:33.561Z audio_default_input_changed default_input=present default_input_transport=built-in
2026-08-05T11:38:33.561Z audio_default_input_changed default_input=present default_input_transport=built-in
2026-08-05T11:38:33.561Z audio_default_input_changed default_input=present default_input_transport=built-in
2026-08-05T11:38:33.562Z audio_default_input_changed default_input=present default_input_transport=built-in
2026-08-05T11:38:33.562Z audio_default_input_changed default_input=present default_input_transport=built-in
2026-08-05T11:38:33.563Z audio_default_input_changed default_input=present default_input_transport=built-in
2026-08-05T11:38:33.563Z audio_default_input_changed default_input=present default_input_transport=built-in
2026-08-05T11:38:33.564Z audio_default_input_changed default_input=present default_input_transport=built-in
2026-08-05T11:38:33.564Z audio_default_input_changed default_input=present default_input_transport=built-in
2026-08-05T11:38:33.565Z audio_default_input_changed default_input=present default_input_transport=built-in
2026-08-05T11:38:33.565Z audio_default_input_changed default_input=present default_input_transport=built-in
2026-08-05T11:38:33.566Z audio_default_input_changed default_input=present default_input_transport=built-in
2026-08-05T11:38:33.566Z audio_default_input_changed default_input=present default_input_transport=built-in
2026-08-05T11:38:33.567Z audio_default_input_changed default_input=present default_input_transport=built-in
2026-08-05T11:38:33.567Z audio_default_input_changed default_input=present default_input_transport=built-in
2026-08-05T11:38:33.568Z audio_default_input_changed default_input=present default_input_transport=built-in
2026-08-05T11:38:33.569Z audio_default_input_changed default_input=present default_input_transport=built-in
2026-08-05T11:38:33.569Z audio_default_input_changed default_input=present default_input_transport=built-in
2026-08-05T11:38:33.570Z audio_default_input_changed default_input=present default_input_transport=built-in
2026-08-05T11:38:33.570Z audio_default_input_changed default_input=present default_input_transport=built-in
2026-08-05T11:38:33.571Z audio_default_input_changed default_input=present default_input_transport=built-in
2026-08-05T11:38:33.571Z audio_default_input_changed default_input=present default_input_transport=built-in
2026-08-05T11:38:33.572Z audio_default_input_changed default_input=present default_input_transport=built-in
2026-08-05T11:38:33.572Z audio_default_input_changed default_input=present default_input_transport=built-in
2026-08-05T11:38:33.573Z audio_default_input_changed default_input=present default_input_transport=built-in
2026-08-05T11:38:33.573Z audio_default_input_changed default_input=present default_input_transport=built-in
2026-08-05T11:38:33.574Z audio_default_input_changed default_input=present default_input_transport=built-in
2026-08-05T11:38:33.574Z audio_default_input_changed default_input=present default_input_transport=built-in
2026-08-05T11:38:33.574Z audio_default_input_changed default_input=present default_input_transport=built-in
2026-08-05T11:38:33.575Z audio_default_input_changed default_input=present default_input_transport=built-in
2026-08-05T11:38:33.576Z audio_default_input_changed default_input=present default_input_transport=built-in
2026-08-05T11:38:33.576Z audio_default_input_changed default_input=present default_input_transport=built-in
2026-08-05T11:38:33.577Z audio_default_input_changed default_input=present default_input_transport=built-in
2026-08-05T11:38:33.577Z audio_default_input_changed default_input=present default_input_transport=built-in
2026-08-05T11:38:33.578Z audio_default_input_changed default_input=present default_input_transport=built-in
2026-08-05T11:38:33.911Z audio_default_input_changed default_input=present default_input_transport=bluetooth
2026-08-05T11:38:34.111Z audio_default_input_changed default_input=present default_input_transport=bluetooth
2026-08-05T11:38:34.160Z shared_mic_engine_prepare_skipped reason=bluetooth_or_unresolved_route
2026-08-05T11:38:34.118Z audio_default_input_changed default_input=present default_input_transport=bluetooth
2026-08-05T11:38:34.169Z audio_default_input_changed default_input=present default_input_transport=bluetooth
2026-08-05T11:38:34.172Z audio_default_input_changed default_input=present default_input_transport=bluetooth
2026-08-05T11:38:34.176Z audio_default_input_changed default_input=present default_input_transport=bluetooth
2026-08-05T11:38:34.201Z audio_default_input_changed default_input=present default_input_transport=bluetooth
2026-08-05T11:38:34.205Z audio_default_input_changed default_input=present default_input_transport=bluetooth
2026-08-05T11:38:34.207Z audio_default_input_changed default_input=present default_input_transport=bluetooth
2026-08-05T11:38:34.208Z audio_default_input_changed default_input=present default_input_transport=bluetooth
2026-08-05T11:38:34.209Z audio_default_input_changed default_input=present default_input_transport=bluetooth
2026-08-05T11:38:34.210Z audio_default_input_changed default_input=present default_input_transport=bluetooth
2026-08-05T11:38:34.211Z audio_default_input_changed default_input=present default_input_transport=bluetooth
2026-08-05T11:38:34.212Z audio_default_input_changed default_input=present default_input_transport=bluetooth
2026-08-05T11:38:34.212Z audio_default_input_changed default_input=present default_input_transport=bluetooth
2026-08-05T11:38:34.213Z audio_default_input_changed default_input=present default_input_transport=bluetooth
2026-08-05T11:38:34.214Z audio_default_input_changed default_input=present default_input_transport=bluetooth
2026-08-05T11:38:34.215Z audio_default_input_changed default_input=present default_input_transport=bluetooth
2026-08-05T11:38:34.217Z audio_default_input_changed default_input=present default_input_transport=bluetooth
2026-08-05T11:38:34.218Z audio_default_input_changed default_input=present default_input_transport=bluetooth
2026-08-05T11:38:34.219Z audio_default_input_changed default_input=present default_input_transport=bluetooth
2026-08-05T11:38:34.221Z audio_default_input_changed default_input=present default_input_transport=bluetooth
2026-08-05T11:38:34.221Z audio_default_input_changed default_input=present default_input_transport=bluetooth
2026-08-05T11:38:34.222Z audio_default_input_changed default_input=present default_input_transport=bluetooth
2026-08-05T11:38:34.223Z audio_default_input_changed default_input=present default_input_transport=bluetooth
2026-08-05T11:38:34.223Z audio_default_input_changed default_input=present default_input_transport=bluetooth
2026-08-05T11:38:34.224Z audio_default_input_changed default_input=present default_input_transport=bluetooth
2026-08-05T11:38:34.224Z audio_default_input_changed default_input=present default_input_transport=bluetooth
2026-08-05T11:38:34.224Z audio_default_input_changed default_input=present default_input_transport=bluetooth
2026-08-05T11:38:34.225Z audio_default_input_changed default_input=present default_input_transport=bluetooth
2026-08-05T11:38:34.225Z audio_default_input_changed default_input=present default_input_transport=bluetooth
2026-08-05T11:38:34.226Z audio_default_input_changed default_input=present default_input_transport=bluetooth
2026-08-05T11:38:34.226Z audio_default_input_changed default_input=present default_input_transport=bluetooth
2026-08-05T11:38:34.227Z audio_default_input_changed default_input=present default_input_transport=bluetooth
2026-08-05T11:38:34.227Z audio_default_input_changed default_input=present default_input_transport=bluetooth
2026-08-05T11:38:34.228Z audio_default_input_changed default_input=present default_input_transport=bluetooth
2026-08-05T11:38:34.228Z audio_default_input_changed default_input=present default_input_transport=bluetooth
2026-08-05T11:38:34.229Z audio_default_input_changed default_input=present default_input_transport=bluetooth
2026-08-05T11:38:34.229Z audio_default_input_changed default_input=present default_input_transport=bluetooth
2026-08-05T11:38:34.230Z audio_default_input_changed default_input=present default_input_transport=bluetooth
2026-08-05T11:38:34.230Z audio_default_input_changed default_input=present default_input_transport=bluetooth
2026-08-05T11:38:34.231Z audio_default_input_changed default_input=present default_input_transport=bluetooth
2026-08-05T11:38:34.231Z audio_default_input_changed default_input=present default_input_transport=bluetooth
2026-08-05T11:38:34.232Z audio_default_input_changed default_input=present default_input_transport=bluetooth
2026-08-05T11:38:34.232Z audio_default_input_changed default_input=present default_input_transport=bluetooth
2026-08-05T11:38:34.233Z audio_default_input_changed default_input=present default_input_transport=bluetooth
2026-08-05T11:38:34.233Z audio_default_input_changed default_input=present default_input_transport=bluetooth
2026-08-05T11:38:34.234Z audio_default_input_changed default_input=present default_input_transport=bluetooth
2026-08-05T11:38:34.234Z audio_default_input_changed default_input=present default_input_transport=bluetooth
2026-08-05T11:38:34.235Z audio_default_input_changed default_input=present default_input_transport=bluetooth
2026-08-05T11:38:34.235Z audio_default_input_changed default_input=present default_input_transport=bluetooth
2026-08-05T11:38:34.236Z audio_default_input_changed default_input=present default_input_transport=bluetooth
2026-08-05T11:38:34.236Z audio_default_input_changed default_input=present default_input_transport=bluetooth
2026-08-05T11:38:34.237Z audio_default_input_changed default_input=present default_input_transport=bluetooth
2026-08-05T11:38:34.237Z audio_default_input_changed default_input=present default_input_transport=bluetooth
2026-08-05T11:38:34.238Z audio_default_input_changed default_input=present default_input_transport=bluetooth
2026-08-05T11:38:34.238Z audio_default_input_changed default_input=present default_input_transport=bluetooth
2026-08-05T11:38:34.239Z audio_default_input_changed default_input=present default_input_transport=bluetooth
2026-08-05T11:38:34.239Z audio_default_input_changed default_input=present default_input_transport=bluetooth
2026-08-05T11:38:34.239Z audio_default_input_changed default_input=present default_input_transport=bluetooth
2026-08-05T11:38:34.240Z audio_default_input_changed default_input=present default_input_transport=bluetooth
2026-08-05T11:38:34.240Z audio_default_input_changed default_input=present default_input_transport=bluetooth
2026-08-05T11:38:34.241Z audio_default_input_changed default_input=present default_input_transport=bluetooth
2026-08-05T11:38:34.241Z audio_default_input_changed default_input=present default_input_transport=bluetooth
2026-08-05T11:38:34.241Z audio_default_input_changed default_input=present default_input_transport=bluetooth
2026-08-05T11:38:34.242Z audio_default_input_changed default_input=present default_input_transport=bluetooth
2026-08-05T11:38:34.242Z audio_default_input_changed default_input=present default_input_transport=bluetooth
2026-08-05T11:38:34.243Z audio_default_input_changed default_input=present default_input_transport=bluetooth
2026-08-05T11:38:34.293Z audio_default_input_changed default_input=present default_input_transport=built-in
2026-08-05T11:38:34.308Z audio_default_input_changed default_input=present default_input_transport=built-in
2026-08-05T11:38:34.309Z audio_default_input_changed default_input=present default_input_transport=built-in
2026-08-05T11:38:34.316Z audio_default_input_changed default_input=present default_input_transport=built-in
2026-08-05T11:38:34.347Z audio_default_input_changed default_input=present default_input_transport=built-in
2026-08-05T11:38:34.356Z audio_default_input_changed default_input=present default_input_transport=built-in
2026-08-05T11:38:34.364Z audio_default_input_changed default_input=present default_input_transport=built-in
2026-08-05T11:38:34.368Z audio_default_input_changed default_input=present default_input_transport=built-in
2026-08-05T11:38:34.422Z audio_default_input_changed default_input=present default_input_transport=built-in
2026-08-05T11:38:34.472Z audio_default_input_changed default_input=present default_input_transport=built-in
2026-08-05T11:38:34.540Z audio_default_input_changed default_input=present default_input_transport=built-in
2026-08-05T11:38:34.550Z audio_default_input_changed default_input=present default_input_transport=built-in
2026-08-05T11:38:34.632Z audio_default_input_changed default_input=present default_input_transport=built-in
2026-08-05T11:38:34.641Z audio_default_input_changed default_input=present default_input_transport=built-in
2026-08-05T11:38:34.666Z audio_default_input_changed default_input=present default_input_transport=built-in
2026-08-05T11:38:34.668Z audio_default_input_changed default_input=present default_input_transport=built-in
2026-08-05T11:38:34.671Z audio_default_input_changed default_input=present default_input_transport=built-in
2026-08-05T11:38:34.674Z audio_default_input_changed default_input=present default_input_transport=built-in
2026-08-05T11:38:34.676Z audio_default_input_changed default_input=present default_input_transport=built-in
2026-08-05T11:38:34.677Z audio_default_input_changed default_input=present default_input_transport=built-in
2026-08-05T11:38:34.679Z audio_default_input_changed default_input=present default_input_transport=built-in
2026-08-05T11:38:34.680Z audio_default_input_changed default_input=present default_input_transport=built-in
2026-08-05T11:38:34.682Z audio_default_input_changed default_input=present default_input_transport=built-in
2026-08-05T11:38:34.683Z audio_default_input_changed default_input=present default_input_transport=built-in
2026-08-05T11:38:34.684Z audio_default_input_changed default_input=present default_input_transport=built-in
2026-08-05T11:38:34.684Z audio_default_input_changed default_input=present default_input_transport=built-in
2026-08-05T11:38:34.685Z audio_default_input_changed default_input=present default_input_transport=built-in
2026-08-05T11:38:34.686Z audio_default_input_changed default_input=present default_input_transport=built-in
2026-08-05T11:38:34.687Z audio_default_input_changed default_input=present default_input_transport=built-in
2026-08-05T11:38:34.687Z audio_default_input_changed default_input=present default_input_transport=built-in
2026-08-05T11:38:34.688Z audio_default_input_changed default_input=present default_input_transport=built-in
2026-08-05T11:38:34.688Z audio_default_input_changed default_input=present default_input_transport=built-in
2026-08-05T11:38:34.689Z audio_default_input_changed default_input=present default_input_transport=built-in
2026-08-05T11:38:34.689Z audio_default_input_changed default_input=present default_input_transport=built-in
2026-08-05T11:38:34.690Z audio_default_input_changed default_input=present default_input_transport=built-in
2026-08-05T11:38:34.690Z audio_default_input_changed default_input=present default_input_transport=built-in
2026-08-05T11:38:34.691Z audio_default_input_changed default_input=present default_input_transport=built-in
2026-08-05T11:38:34.691Z audio_default_input_changed default_input=present default_input_transport=built-in
2026-08-05T11:38:34.692Z audio_default_input_changed default_input=present default_input_transport=built-in
2026-08-05T11:38:34.692Z audio_default_input_changed default_input=present default_input_transport=built-in
2026-08-05T11:38:34.692Z audio_default_input_changed default_input=present default_input_transport=built-in
2026-08-05T11:38:34.693Z audio_default_input_changed default_input=present default_input_transport=built-in
2026-08-05T11:38:34.693Z audio_default_input_changed default_input=present default_input_transport=built-in
2026-08-05T11:38:34.694Z audio_default_input_changed default_input=present default_input_transport=built-in
2026-08-05T11:38:34.695Z audio_default_input_changed default_input=present default_input_transport=built-in
2026-08-05T11:38:34.695Z audio_default_input_changed default_input=present default_input_transport=built-in
2026-08-05T11:38:34.696Z audio_default_input_changed default_input=present default_input_transport=built-in
2026-08-05T11:38:34.696Z audio_default_input_changed default_input=present default_input_transport=built-in
2026-08-05T11:38:34.697Z audio_default_input_changed default_input=present default_input_transport=built-in
2026-08-05T11:38:34.697Z audio_default_input_changed default_input=present default_input_transport=built-in
2026-08-05T11:38:34.698Z audio_default_input_changed default_input=present default_input_transport=built-in
2026-08-05T11:38:34.698Z audio_default_input_changed default_input=present default_input_transport=built-in
2026-08-05T11:38:34.699Z audio_default_input_changed default_input=present default_input_transport=built-in
2026-08-05T11:38:34.699Z audio_default_input_changed default_input=present default_input_transport=built-in
2026-08-05T11:38:34.700Z audio_default_input_changed default_input=present default_input_transport=built-in
2026-08-05T11:38:34.700Z audio_default_input_changed default_input=present default_input_transport=built-in
2026-08-05T11:38:34.700Z audio_default_input_changed default_input=present default_input_transport=built-in
2026-08-05T11:38:34.701Z audio_default_input_changed default_input=present default_input_transport=built-in
2026-08-05T11:38:34.701Z audio_default_input_changed default_input=present default_input_transport=built-in
2026-08-05T11:38:34.702Z audio_default_input_changed default_input=present default_input_transport=built-in
2026-08-05T11:38:34.702Z audio_default_input_changed default_input=present default_input_transport=built-in
2026-08-05T11:38:34.702Z audio_default_input_changed default_input=present default_input_transport=built-in
2026-08-05T11:38:34.703Z audio_default_input_changed default_input=present default_input_transport=built-in
2026-08-05T11:38:34.703Z audio_default_input_changed default_input=present default_input_transport=built-in
2026-08-05T11:38:34.704Z audio_default_input_changed default_input=present default_input_transport=built-in
2026-08-05T11:38:34.704Z audio_default_input_changed default_input=present default_input_transport=built-in
2026-08-05T11:38:34.704Z audio_default_input_changed default_input=present default_input_transport=built-in
2026-08-05T11:38:34.705Z audio_default_input_changed default_input=present default_input_transport=built-in
2026-08-05T11:38:34.705Z audio_default_input_changed default_input=present default_input_transport=built-in
2026-08-05T11:38:35.333Z shared_mic_engine_prepare_timing vpio=false buffer_size=4096 set_vpio_ms=0.005 output_format_ms=0.008 install_tap_ms=0.005 total_ms=116.334
2026-08-05T11:38:35.333Z shared_mic_engine_input_device_prepared source=system_default device=present transport=built-in vpio=false set_device_ms=0.000 prepare_engine_ms=116.952
2026-08-05T11:38:49.655Z audio_default_input_changed default_input=present default_input_transport=bluetooth
2026-08-05T11:38:49.757Z audio_default_input_changed default_input=present default_input_transport=bluetooth
2026-08-05T11:38:49.759Z audio_default_input_changed default_input=present default_input_transport=bluetooth
2026-08-05T11:38:49.763Z audio_default_input_changed default_input=present default_input_transport=bluetooth
2026-08-05T11:38:49.764Z audio_default_input_changed default_input=present default_input_transport=bluetooth
2026-08-05T11:38:49.764Z audio_default_input_changed default_input=present default_input_transport=bluetooth
2026-08-05T11:38:49.765Z audio_default_input_changed default_input=present default_input_transport=bluetooth
2026-08-05T11:38:49.767Z audio_default_input_changed default_input=present default_input_transport=bluetooth
2026-08-05T11:38:49.768Z audio_default_input_changed default_input=present default_input_transport=bluetooth
2026-08-05T11:38:49.773Z audio_default_input_changed default_input=present default_input_transport=bluetooth
2026-08-05T11:38:49.811Z audio_default_input_changed default_input=present default_input_transport=bluetooth
2026-08-05T11:38:49.951Z audio_default_input_changed default_input=present default_input_transport=bluetooth
2026-08-05T11:38:49.953Z audio_default_input_changed default_input=present default_input_transport=bluetooth
2026-08-05T11:38:49.954Z audio_default_input_changed default_input=present default_input_transport=bluetooth
2026-08-05T11:38:49.955Z audio_default_input_changed default_input=present default_input_transport=bluetooth
2026-08-05T11:38:49.956Z audio_default_input_changed default_input=present default_input_transport=bluetooth
2026-08-05T11:38:49.957Z audio_default_input_changed default_input=present default_input_transport=bluetooth
2026-08-05T11:38:49.958Z audio_default_input_changed default_input=present default_input_transport=bluetooth
2026-08-05T11:38:49.959Z audio_default_input_changed default_input=present default_input_transport=bluetooth
2026-08-05T11:38:49.960Z audio_default_input_changed default_input=present default_input_transport=bluetooth
2026-08-05T11:38:49.960Z audio_default_input_changed default_input=present default_input_transport=bluetooth
2026-08-05T11:38:49.961Z audio_default_input_changed default_input=present default_input_transport=bluetooth
2026-08-05T11:38:49.962Z audio_default_input_changed default_input=present default_input_transport=bluetooth
2026-08-05T11:38:49.963Z audio_default_input_changed default_input=present default_input_transport=bluetooth
2026-08-05T11:38:49.964Z audio_default_input_changed default_input=present default_input_transport=bluetooth
2026-08-05T11:38:49.964Z audio_default_input_changed default_input=present default_input_transport=bluetooth
2026-08-05T11:38:49.965Z audio_default_input_changed default_input=present default_input_transport=bluetooth
2026-08-05T11:38:49.966Z audio_default_input_changed default_input=present default_input_transport=bluetooth
2026-08-05T11:38:49.968Z audio_default_input_changed default_input=present default_input_transport=bluetooth
2026-08-05T11:38:49.969Z audio_default_input_changed default_input=present default_input_transport=bluetooth
2026-08-05T11:38:49.970Z audio_default_input_changed default_input=present default_input_transport=bluetooth
2026-08-05T11:38:49.971Z audio_default_input_changed default_input=present default_input_transport=bluetooth
2026-08-05T11:38:49.972Z audio_default_input_changed default_input=present default_input_transport=bluetooth
2026-08-05T11:38:49.973Z audio_default_input_changed default_input=present default_input_transport=bluetooth
2026-08-05T11:38:49.974Z audio_default_input_changed default_input=present default_input_transport=bluetooth
2026-08-05T11:38:49.975Z audio_default_input_changed default_input=present default_input_transport=bluetooth
2026-08-05T11:38:49.976Z audio_default_input_changed default_input=present default_input_transport=bluetooth
2026-08-05T11:38:49.977Z audio_default_input_changed default_input=present default_input_transport=bluetooth
2026-08-05T11:38:49.977Z audio_default_input_changed default_input=present default_input_transport=bluetooth
2026-08-05T11:38:49.978Z audio_default_input_changed default_input=present default_input_transport=bluetooth
2026-08-05T11:38:49.978Z audio_default_input_changed default_input=present default_input_transport=bluetooth
2026-08-05T11:38:49.979Z audio_default_input_changed default_input=present default_input_transport=bluetooth
2026-08-05T11:38:49.980Z audio_default_input_changed default_input=present default_input_transport=bluetooth
2026-08-05T11:38:49.981Z audio_default_input_changed default_input=present default_input_transport=bluetooth
2026-08-05T11:38:49.982Z audio_default_input_changed default_input=present default_input_transport=bluetooth
2026-08-05T11:38:49.984Z audio_default_input_changed default_input=present default_input_transport=bluetooth
2026-08-05T11:38:49.985Z audio_default_input_changed default_input=present default_input_transport=bluetooth
2026-08-05T11:38:49.985Z audio_default_input_changed default_input=present default_input_transport=bluetooth
2026-08-05T11:38:49.986Z audio_default_input_changed default_input=present default_input_transport=bluetooth
2026-08-05T11:38:49.987Z audio_default_input_changed default_input=present default_input_transport=bluetooth
2026-08-05T11:38:49.987Z audio_default_input_changed default_input=present default_input_transport=bluetooth
2026-08-05T11:38:49.988Z audio_default_input_changed default_input=present default_input_transport=bluetooth
2026-08-05T11:38:49.988Z audio_default_input_changed default_input=present default_input_transport=bluetooth
2026-08-05T11:38:49.989Z audio_default_input_changed default_input=present default_input_transport=bluetooth
2026-08-05T11:38:49.989Z audio_default_input_changed default_input=present default_input_transport=bluetooth
2026-08-05T11:38:49.990Z audio_default_input_changed default_input=present default_input_transport=bluetooth
2026-08-05T11:38:49.990Z audio_default_input_changed default_input=present default_input_transport=bluetooth
2026-08-05T11:38:49.992Z audio_default_input_changed default_input=present default_input_transport=bluetooth
2026-08-05T11:38:49.992Z audio_default_input_changed default_input=present default_input_transport=bluetooth
2026-08-05T11:38:49.993Z audio_default_input_changed default_input=present default_input_transport=bluetooth
2026-08-05T11:38:49.993Z audio_default_input_changed default_input=present default_input_transport=bluetooth
2026-08-05T11:38:49.994Z audio_default_input_changed default_input=present default_input_transport=bluetooth
2026-08-05T11:38:49.994Z audio_default_input_changed default_input=present default_input_transport=bluetooth
2026-08-05T11:38:49.995Z audio_default_input_changed default_input=present default_input_transport=bluetooth
2026-08-05T11:38:49.995Z audio_default_input_changed default_input=present default_input_transport=bluetooth
2026-08-05T11:38:49.996Z audio_default_input_changed default_input=present default_input_transport=bluetooth
2026-08-05T11:38:49.996Z audio_default_input_changed default_input=present default_input_transport=bluetooth
2026-08-05T11:38:49.997Z audio_default_input_changed default_input=present default_input_transport=bluetooth
2026-08-05T11:38:49.997Z audio_default_input_changed default_input=present default_input_transport=bluetooth
2026-08-05T11:38:49.997Z audio_default_input_changed default_input=present default_input_transport=bluetooth
2026-08-05T11:38:50.102Z shared_mic_engine_configuration_changed sr=48000.0 ch=1 isRunning=false engine_is_running=false default_input=present default_input_transport=bluetooth
2026-08-05T11:38:50.103Z shared_mic_engine_prepared_discarded reason=configuration_changed
2026-08-05T11:38:50.634Z shared_mic_engine_prepare_skipped reason=bluetooth_or_unresolved_route
2026-08-05T11:38:51.735Z audio_default_input_changed default_input=present default_input_transport=built-in
2026-08-05T11:38:51.780Z audio_default_input_changed default_input=present default_input_transport=built-in
2026-08-05T11:38:51.784Z audio_default_input_changed default_input=present default_input_transport=built-in
2026-08-05T11:38:51.792Z audio_default_input_changed default_input=present default_input_transport=built-in
2026-08-05T11:38:51.798Z audio_default_input_changed default_input=present default_input_transport=built-in
2026-08-05T11:38:51.804Z audio_default_input_changed default_input=present default_input_transport=built-in
2026-08-05T11:38:51.809Z audio_default_input_changed default_input=present default_input_transport=built-in
2026-08-05T11:38:51.813Z audio_default_input_changed default_input=present default_input_transport=built-in
2026-08-05T11:38:51.818Z audio_default_input_changed default_input=present default_input_transport=built-in
2026-08-05T11:38:51.819Z audio_default_input_changed default_input=present default_input_transport=built-in
2026-08-05T11:38:51.820Z audio_default_input_changed default_input=present default_input_transport=built-in
2026-08-05T11:38:51.824Z audio_default_input_changed default_input=present default_input_transport=built-in
2026-08-05T11:38:51.904Z audio_default_input_changed default_input=present default_input_transport=built-in
2026-08-05T11:38:52.037Z audio_default_input_changed default_input=present default_input_transport=built-in
2026-08-05T11:38:52.088Z audio_default_input_changed default_input=present default_input_transport=built-in
2026-08-05T11:38:52.090Z audio_default_input_changed default_input=present default_input_transport=built-in
2026-08-05T11:38:52.092Z audio_default_input_changed default_input=present default_input_transport=built-in
2026-08-05T11:38:52.094Z audio_default_input_changed default_input=present default_input_transport=built-in
2026-08-05T11:38:52.096Z audio_default_input_changed default_input=present default_input_transport=built-in
2026-08-05T11:38:52.098Z audio_default_input_changed default_input=present default_input_transport=built-in
2026-08-05T11:38:52.102Z audio_default_input_changed default_input=present default_input_transport=built-in
2026-08-05T11:38:52.110Z audio_default_input_changed default_input=present default_input_transport=built-in
2026-08-05T11:38:52.114Z audio_default_input_changed default_input=present default_input_transport=built-in
2026-08-05T11:38:52.120Z audio_default_input_changed default_input=present default_input_transport=built-in
2026-08-05T11:38:52.122Z audio_default_input_changed default_input=present default_input_transport=built-in
2026-08-05T11:38:52.123Z audio_default_input_changed default_input=present default_input_transport=built-in
2026-08-05T11:38:52.124Z audio_default_input_changed default_input=present default_input_transport=built-in
2026-08-05T11:38:52.124Z audio_default_input_changed default_input=present default_input_transport=built-in
2026-08-05T11:38:52.125Z audio_default_input_changed default_input=present default_input_transport=built-in
2026-08-05T11:38:52.126Z audio_default_input_changed default_input=present default_input_transport=built-in
2026-08-05T11:38:52.127Z audio_default_input_changed default_input=present default_input_transport=built-in
2026-08-05T11:38:52.127Z audio_default_input_changed default_input=present default_input_transport=built-in
2026-08-05T11:38:52.128Z audio_default_input_changed default_input=present default_input_transport=built-in
2026-08-05T11:38:52.128Z audio_default_input_changed default_input=present default_input_transport=built-in
2026-08-05T11:38:52.129Z audio_default_input_changed default_input=present default_input_transport=built-in
2026-08-05T11:38:52.131Z audio_default_input_changed default_input=present default_input_transport=built-in
2026-08-05T11:38:52.131Z audio_default_input_changed default_input=present default_input_transport=built-in
2026-08-05T11:38:52.132Z audio_default_input_changed default_input=present default_input_transport=built-in
2026-08-05T11:38:52.133Z audio_default_input_changed default_input=present default_input_transport=built-in
2026-08-05T11:38:52.134Z audio_default_input_changed default_input=present default_input_transport=built-in
2026-08-05T11:38:52.134Z audio_default_input_changed default_input=present default_input_transport=built-in
2026-08-05T11:38:52.135Z audio_default_input_changed default_input=present default_input_transport=built-in
2026-08-05T11:38:52.136Z audio_default_input_changed default_input=present default_input_transport=built-in
2026-08-05T11:38:52.136Z audio_default_input_changed default_input=present default_input_transport=built-in
2026-08-05T11:38:52.142Z audio_default_input_changed default_input=present default_input_transport=built-in
2026-08-05T11:38:52.142Z audio_default_input_changed default_input=present default_input_transport=built-in
2026-08-05T11:38:52.143Z audio_default_input_changed default_input=present default_input_transport=built-in
2026-08-05T11:38:52.144Z audio_default_input_changed default_input=present default_input_transport=built-in
2026-08-05T11:38:52.144Z audio_default_input_changed default_input=present default_input_transport=built-in
2026-08-05T11:38:52.145Z audio_default_input_changed default_input=present default_input_transport=built-in
2026-08-05T11:38:52.145Z audio_default_input_changed default_input=present default_input_transport=built-in
2026-08-05T11:38:52.146Z audio_default_input_changed default_input=present default_input_transport=built-in
2026-08-05T11:38:52.146Z audio_default_input_changed default_input=present default_input_transport=built-in
2026-08-05T11:38:52.147Z audio_default_input_changed default_input=present default_input_transport=built-in
2026-08-05T11:38:52.147Z audio_default_input_changed default_input=present default_input_transport=built-in
2026-08-05T11:38:52.148Z audio_default_input_changed default_input=present default_input_transport=built-in
2026-08-05T11:38:52.148Z audio_default_input_changed default_input=present default_input_transport=built-in
2026-08-05T11:38:52.149Z audio_default_input_changed default_input=present default_input_transport=built-in
2026-08-05T11:38:52.149Z audio_default_input_changed default_input=present default_input_transport=built-in
2026-08-05T11:38:52.150Z audio_default_input_changed default_input=present default_input_transport=built-in
2026-08-05T11:38:52.150Z audio_default_input_changed default_input=present default_input_transport=built-in
2026-08-05T11:38:52.151Z audio_default_input_changed default_input=present default_input_transport=built-in
2026-08-05T11:38:52.151Z audio_default_input_changed default_input=present default_input_transport=built-in
2026-08-05T11:38:52.151Z audio_default_input_changed default_input=present default_input_transport=built-in
2026-08-05T11:38:52.152Z audio_default_input_changed default_input=present default_input_transport=built-in
2026-08-05T11:38:52.152Z audio_default_input_changed default_input=present default_input_transport=built-in
2026-08-05T11:38:52.152Z audio_default_input_changed default_input=present default_input_transport=built-in
2026-08-05T11:38:52.153Z audio_default_input_changed default_input=present default_input_transport=built-in
2026-08-05T11:38:52.153Z audio_default_input_changed default_input=present default_input_transport=built-in
2026-08-05T11:38:52.154Z audio_default_input_changed default_input=present default_input_transport=built-in
2026-08-05T11:38:52.154Z audio_default_input_changed default_input=present default_input_transport=built-in
2026-08-05T11:38:52.154Z audio_default_input_changed default_input=present default_input_transport=built-in
2026-08-05T11:38:52.820Z shared_mic_engine_prepare_timing vpio=false buffer_size=4096 set_vpio_ms=0.010 output_format_ms=0.010 install_tap_ms=0.014 total_ms=148.204
2026-08-05T11:38:52.820Z shared_mic_engine_input_device_prepared source=system_default device=present transport=built-in vpio=false set_device_ms=0.000 prepare_engine_ms=148.963
2026-08-05T12:32:03.408Z audio_default_input_changed default_input=present default_input_transport=bluetooth
2026-08-05T12:32:03.515Z audio_default_input_changed default_input=present default_input_transport=bluetooth
2026-08-05T12:32:03.558Z audio_default_input_changed default_input=present default_input_transport=bluetooth
2026-08-05T12:32:03.581Z audio_default_input_changed default_input=present default_input_transport=bluetooth
2026-08-05T12:32:03.607Z audio_default_input_changed default_input=present default_input_transport=bluetooth
2026-08-05T12:32:03.636Z audio_default_input_changed default_input=present default_input_transport=bluetooth
2026-08-05T12:32:03.684Z audio_default_input_changed default_input=present default_input_transport=bluetooth
2026-08-05T12:32:03.688Z audio_default_input_changed default_input=present default_input_transport=bluetooth
2026-08-05T12:32:03.691Z audio_default_input_changed default_input=present default_input_transport=bluetooth
2026-08-05T12:32:03.746Z audio_default_input_changed default_input=present default_input_transport=bluetooth
2026-08-05T12:32:03.750Z audio_default_input_changed default_input=present default_input_transport=bluetooth
2026-08-05T12:32:03.759Z audio_default_input_changed default_input=present default_input_transport=bluetooth
2026-08-05T12:32:03.770Z audio_default_input_changed default_input=present default_input_transport=bluetooth
2026-08-05T12:32:03.829Z audio_default_input_changed default_input=present default_input_transport=bluetooth
2026-08-05T12:32:03.837Z audio_default_input_changed default_input=present default_input_transport=bluetooth
2026-08-05T12:32:03.839Z audio_default_input_changed default_input=present default_input_transport=bluetooth
2026-08-05T12:32:03.841Z audio_default_input_changed default_input=present default_input_transport=bluetooth
2026-08-05T12:32:03.843Z audio_default_input_changed default_input=present default_input_transport=bluetooth
2026-08-05T12:32:03.845Z audio_default_input_changed default_input=present default_input_transport=bluetooth
2026-08-05T12:32:03.847Z audio_default_input_changed default_input=present default_input_transport=bluetooth
2026-08-05T12:32:03.849Z audio_default_input_changed default_input=present default_input_transport=bluetooth
2026-08-05T12:32:03.850Z audio_default_input_changed default_input=present default_input_transport=bluetooth
2026-08-05T12:32:03.850Z audio_default_input_changed default_input=present default_input_transport=bluetooth
2026-08-05T12:32:03.851Z audio_default_input_changed default_input=present default_input_transport=bluetooth
2026-08-05T12:32:03.853Z audio_default_input_changed default_input=present default_input_transport=bluetooth
2026-08-05T12:32:03.854Z audio_default_input_changed default_input=present default_input_transport=bluetooth
2026-08-05T12:32:03.855Z audio_default_input_changed default_input=present default_input_transport=bluetooth
2026-08-05T12:32:03.856Z audio_default_input_changed default_input=present default_input_transport=bluetooth
2026-08-05T12:32:03.858Z audio_default_input_changed default_input=present default_input_transport=bluetooth
2026-08-05T12:32:03.860Z audio_default_input_changed default_input=present default_input_transport=bluetooth
2026-08-05T12:32:03.865Z audio_default_input_changed default_input=present default_input_transport=bluetooth
2026-08-05T12:32:03.867Z audio_default_input_changed default_input=present default_input_transport=bluetooth
2026-08-05T12:32:03.870Z audio_default_input_changed default_input=present default_input_transport=bluetooth
2026-08-05T12:32:03.871Z audio_default_input_changed default_input=present default_input_transport=bluetooth
2026-08-05T12:32:03.873Z audio_default_input_changed default_input=present default_input_transport=bluetooth
2026-08-05T12:32:03.877Z audio_default_input_changed default_input=present default_input_transport=bluetooth
2026-08-05T12:32:03.878Z audio_default_input_changed default_input=present default_input_transport=bluetooth
2026-08-05T12:32:03.879Z audio_default_input_changed default_input=present default_input_transport=bluetooth
2026-08-05T12:32:03.880Z audio_default_input_changed default_input=present default_input_transport=bluetooth
2026-08-05T12:32:03.882Z audio_default_input_changed default_input=present default_input_transport=bluetooth
2026-08-05T12:32:03.884Z audio_default_input_changed default_input=present default_input_transport=bluetooth
2026-08-05T12:32:03.886Z audio_default_input_changed default_input=present default_input_transport=bluetooth
2026-08-05T12:32:03.889Z audio_default_input_changed default_input=present default_input_transport=bluetooth
2026-08-05T12:32:03.895Z audio_default_input_changed default_input=present default_input_transport=bluetooth
2026-08-05T12:32:03.898Z audio_default_input_changed default_input=present default_input_transport=bluetooth
2026-08-05T12:32:03.900Z audio_default_input_changed default_input=present default_input_transport=bluetooth
2026-08-05T12:32:03.902Z audio_default_input_changed default_input=present default_input_transport=bluetooth
2026-08-05T12:32:03.902Z audio_default_input_changed default_input=present default_input_transport=bluetooth
2026-08-05T12:32:03.904Z audio_default_input_changed default_input=present default_input_transport=bluetooth
2026-08-05T12:32:03.904Z audio_default_input_changed default_input=present default_input_transport=bluetooth
2026-08-05T12:32:03.906Z audio_default_input_changed default_input=present default_input_transport=bluetooth
2026-08-05T12:32:03.908Z audio_default_input_changed default_input=present default_input_transport=bluetooth
2026-08-05T12:32:03.910Z audio_default_input_changed default_input=present default_input_transport=bluetooth
2026-08-05T12:32:03.914Z audio_default_input_changed default_input=present default_input_transport=bluetooth
2026-08-05T12:32:03.917Z audio_default_input_changed default_input=present default_input_transport=bluetooth
2026-08-05T12:32:03.918Z audio_default_input_changed default_input=present default_input_transport=bluetooth
2026-08-05T12:32:03.920Z audio_default_input_changed default_input=present default_input_transport=bluetooth
2026-08-05T12:32:03.931Z audio_default_input_changed default_input=present default_input_transport=bluetooth
2026-08-05T12:32:03.935Z audio_default_input_changed default_input=present default_input_transport=bluetooth
2026-08-05T12:32:03.937Z audio_default_input_changed default_input=present default_input_transport=bluetooth
2026-08-05T12:32:03.941Z audio_default_input_changed default_input=present default_input_transport=bluetooth
2026-08-05T12:32:03.943Z audio_default_input_changed default_input=present default_input_transport=bluetooth
2026-08-05T12:32:03.945Z audio_default_input_changed default_input=present default_input_transport=bluetooth
2026-08-05T12:32:03.947Z audio_default_input_changed default_input=present default_input_transport=bluetooth
2026-08-05T12:32:03.952Z audio_default_input_changed default_input=present default_input_transport=bluetooth
2026-08-05T12:32:03.958Z audio_default_input_changed default_input=present default_input_transport=bluetooth
2026-08-05T12:32:03.968Z audio_default_input_changed default_input=present default_input_transport=bluetooth
2026-08-05T12:32:03.970Z audio_default_input_changed default_input=present default_input_transport=bluetooth
2026-08-05T12:32:03.972Z audio_default_input_changed default_input=present default_input_transport=bluetooth
2026-08-05T12:32:03.973Z audio_default_input_changed default_input=present default_input_transport=bluetooth
2026-08-05T12:32:03.975Z audio_default_input_changed default_input=present default_input_transport=bluetooth
2026-08-05T12:32:03.977Z audio_default_input_changed default_input=present default_input_transport=bluetooth
2026-08-05T12:32:03.979Z audio_default_input_changed default_input=present default_input_transport=bluetooth
2026-08-05T12:32:04.160Z shared_mic_engine_configuration_changed sr=48000.0 ch=1 isRunning=false engine_is_running=false default_input=present default_input_transport=bluetooth
2026-08-05T12:32:04.160Z shared_mic_engine_prepared_discarded reason=configuration_changed
2026-08-05T12:32:04.691Z shared_mic_engine_prepare_skipped reason=bluetooth_or_unresolved_route
2026-08-05T12:32:15.150Z meeting_live_chunking_mode session=3C667EA2-E48D-4C45-A07E-FB0338CC39ED mode=vad reason=started
2026-08-05T12:32:15.174Z meeting_mic_capture_starting requested_mode=raw default_input=present default_input_transport=bluetooth
2026-08-05T12:32:15.367Z shared_mic_engine_start_timing vpio=false buffer_size=4096 set_vpio_ms=0.023 ducking_ms=0.000 output_format_ms=0.017 install_tap_ms=0.006 audio_engine_start_ms=115.145 total_ms=189.226
2026-08-05T12:32:15.369Z shared_mic_engine_input_device_started source=system_default device=present transport=bluetooth vpio=false set_device_ms=0.000 start_engine_ms=191.233
2026-08-05T12:32:15.370Z shared_mic_diagnostics transition=subscribe wants_vpio=false blocks_vpio_promotion=true subscribers=1 vpio_subs=0 passive_subs=0 engine_running=true vpio_engaged=false vpio_deferred=false vpio_deferral_count=0
2026-08-05T12:32:15.371Z meeting_mic_processing mode=raw
2026-08-05T12:32:15.371Z meeting_mic_capture_started requested_mode=raw effective_mode=raw sr=48000.0 ch=1 default_input=present default_input_transport=bluetooth
2026-08-05T12:32:15.494Z meeting_mic_first_buffer sr=48000.0 ch=1 interleaved=false
2026-08-05T12:32:15.500Z system_audio_stream_screen_output_attached mode=discard
2026-08-05T12:32:15.791Z system_audio_stream_started sr=48000 ch=2
2026-08-05T12:32:15.793Z meeting_recording_started session=3C667EA2-E48D-4C45-A07E-FB0338CC39ED source_mode=Optional(MacParakeetCore.MeetingAudioSourceMode.microphoneAndSystem) requested_mic_mode=raw effective_mic_mode=raw
2026-08-05T12:32:15.894Z system_audio_stream_first_buffer sr=48000 ch=2
2026-08-05T13:15:01.123Z audio_default_input_changed default_input=present default_input_transport=built-in
2026-08-05T13:15:01.152Z audio_default_input_changed default_input=present default_input_transport=built-in
2026-08-05T13:15:01.152Z audio_default_input_changed default_input=present default_input_transport=built-in
2026-08-05T13:15:01.154Z audio_default_input_changed default_input=present default_input_transport=built-in
2026-08-05T13:15:01.154Z audio_default_input_changed default_input=present default_input_transport=built-in
2026-08-05T13:15:01.155Z audio_default_input_changed default_input=present default_input_transport=built-in
2026-08-05T13:15:01.156Z audio_default_input_changed default_input=present default_input_transport=built-in
2026-08-05T13:15:01.156Z audio_default_input_changed default_input=present default_input_transport=built-in
2026-08-05T13:15:01.156Z audio_default_input_changed default_input=present default_input_transport=built-in
2026-08-05T13:15:01.157Z audio_default_input_changed default_input=present default_input_transport=built-in
2026-08-05T13:15:01.158Z audio_default_input_changed default_input=present default_input_transport=built-in
2026-08-05T13:15:01.158Z audio_default_input_changed default_input=present default_input_transport=built-in
2026-08-05T13:15:01.160Z audio_default_input_changed default_input=present default_input_transport=built-in
2026-08-05T13:15:01.160Z audio_default_input_changed default_input=present default_input_transport=built-in
2026-08-05T13:15:01.161Z audio_default_input_changed default_input=present default_input_transport=built-in
2026-08-05T13:15:01.162Z audio_default_input_changed default_input=present default_input_transport=built-in
2026-08-05T13:15:01.163Z audio_default_input_changed default_input=present default_input_transport=built-in
2026-08-05T13:15:01.163Z audio_default_input_changed default_input=present default_input_transport=built-in
2026-08-05T13:15:01.164Z audio_default_input_changed default_input=present default_input_transport=built-in
2026-08-05T13:15:01.165Z audio_default_input_changed default_input=present default_input_transport=built-in
2026-08-05T13:15:01.165Z audio_default_input_changed default_input=present default_input_transport=built-in
2026-08-05T13:15:01.165Z audio_default_input_changed default_input=present default_input_transport=built-in
2026-08-05T13:15:01.166Z audio_default_input_changed default_input=present default_input_transport=built-in
2026-08-05T13:15:01.166Z audio_default_input_changed default_input=present default_input_transport=built-in
2026-08-05T13:15:01.167Z audio_default_input_changed default_input=present default_input_transport=built-in
2026-08-05T13:15:01.167Z audio_default_input_changed default_input=present default_input_transport=built-in
2026-08-05T13:15:01.168Z audio_default_input_changed default_input=present default_input_transport=built-in
2026-08-05T13:15:01.168Z audio_default_input_changed default_input=present default_input_transport=built-in
2026-08-05T13:15:01.169Z audio_default_input_changed default_input=present default_input_transport=built-in
2026-08-05T13:15:01.169Z audio_default_input_changed default_input=present default_input_transport=built-in
2026-08-05T13:15:01.171Z audio_default_input_changed default_input=present default_input_transport=built-in
2026-08-05T13:15:01.171Z audio_default_input_changed default_input=present default_input_transport=built-in
2026-08-05T13:15:01.172Z audio_default_input_changed default_input=present default_input_transport=built-in
2026-08-05T13:15:01.172Z audio_default_input_changed default_input=present default_input_transport=built-in
2026-08-05T13:15:01.173Z audio_default_input_changed default_input=present default_input_transport=built-in
2026-08-05T13:15:01.173Z audio_default_input_changed default_input=present default_input_transport=built-in
2026-08-05T13:15:01.174Z audio_default_input_changed default_input=present default_input_transport=built-in
2026-08-05T13:15:01.174Z audio_default_input_changed default_input=present default_input_transport=built-in
2026-08-05T13:15:01.175Z audio_default_input_changed default_input=present default_input_transport=built-in
2026-08-05T13:15:01.197Z audio_default_input_changed default_input=present default_input_transport=built-in
2026-08-05T13:15:01.205Z audio_default_input_changed default_input=present default_input_transport=built-in
2026-08-05T13:15:01.319Z audio_default_input_changed default_input=present default_input_transport=built-in
2026-08-05T13:15:01.365Z audio_default_input_changed default_input=present default_input_transport=built-in
2026-08-05T13:15:01.392Z audio_default_input_changed default_input=present default_input_transport=built-in
2026-08-05T13:15:01.399Z audio_default_input_changed default_input=present default_input_transport=built-in
2026-08-05T13:15:01.403Z audio_default_input_changed default_input=present default_input_transport=built-in
2026-08-05T13:15:01.404Z audio_default_input_changed default_input=present default_input_transport=built-in
2026-08-05T13:15:01.405Z audio_default_input_changed default_input=present default_input_transport=built-in
2026-08-05T13:15:01.405Z audio_default_input_changed default_input=present default_input_transport=built-in
2026-08-05T13:15:01.406Z audio_default_input_changed default_input=present default_input_transport=built-in
2026-08-05T13:15:01.407Z audio_default_input_changed default_input=present default_input_transport=built-in
2026-08-05T13:15:01.407Z audio_default_input_changed default_input=present default_input_transport=built-in
2026-08-05T13:15:01.408Z audio_default_input_changed default_input=present default_input_transport=built-in
2026-08-05T13:15:01.409Z audio_default_input_changed default_input=present default_input_transport=built-in
2026-08-05T13:15:01.409Z audio_default_input_changed default_input=present default_input_transport=built-in
2026-08-05T13:15:01.410Z audio_default_input_changed default_input=present default_input_transport=built-in
2026-08-05T13:15:01.410Z audio_default_input_changed default_input=present default_input_transport=built-in
2026-08-05T13:15:01.411Z audio_default_input_changed default_input=present default_input_transport=built-in
2026-08-05T13:15:01.412Z audio_default_input_changed default_input=present default_input_transport=built-in
2026-08-05T13:15:01.413Z audio_default_input_changed default_input=present default_input_transport=built-in
2026-08-05T13:15:01.414Z audio_default_input_changed default_input=present default_input_transport=built-in
2026-08-05T13:15:01.414Z audio_default_input_changed default_input=present default_input_transport=built-in
2026-08-05T13:15:01.415Z audio_default_input_changed default_input=present default_input_transport=built-in
2026-08-05T13:15:01.416Z audio_default_input_changed default_input=present default_input_transport=built-in
2026-08-05T13:15:01.416Z audio_default_input_changed default_input=present default_input_transport=built-in
2026-08-05T13:15:01.417Z audio_default_input_changed default_input=present default_input_transport=built-in
2026-08-05T13:15:01.417Z audio_default_input_changed default_input=present default_input_transport=built-in
2026-08-05T13:15:01.418Z audio_default_input_changed default_input=present default_input_transport=built-in
2026-08-05T13:15:01.418Z audio_default_input_changed default_input=present default_input_transport=built-in
2026-08-05T13:15:01.419Z audio_default_input_changed default_input=present default_input_transport=built-in
2026-08-05T13:15:01.420Z audio_default_input_changed default_input=present default_input_transport=built-in
2026-08-05T13:15:01.420Z audio_default_input_changed default_input=present default_input_transport=built-in
2026-08-05T13:15:01.421Z audio_default_input_changed default_input=present default_input_transport=built-in
2026-08-05T13:15:01.421Z audio_default_input_changed default_input=present default_input_transport=built-in
2026-08-05T13:15:01.422Z audio_default_input_changed default_input=present default_input_transport=built-in
2026-08-05T13:15:01.667Z shared_mic_engine_configuration_changed sr=48000.0 ch=1 isRunning=true engine_is_running=false default_input=present default_input_transport=built-in
2026-08-05T13:15:01.667Z shared_mic_engine_config_change_recovery_attempt
2026-08-05T13:15:01.837Z shared_mic_engine_start_timing vpio=false buffer_size=4096 set_vpio_ms=0.005 ducking_ms=0.000 output_format_ms=0.008 install_tap_ms=0.005 audio_engine_start_ms=70.820 total_ms=166.613
2026-08-05T13:15:01.838Z shared_mic_engine_input_device_started source=system_default device=present transport=built-in vpio=false set_device_ms=0.000 start_engine_ms=167.347
2026-08-05T13:15:01.838Z shared_mic_engine_config_change_recovery_succeeded
2026-08-05T13:16:47.283Z meeting_stop_stage session=3C667EA2-E48D-4C45-A07E-FB0338CC39ED stage=notes_commit duration_ms=3 outcome=success
2026-08-05T13:16:47.286Z meeting_recording_stopping session=3C667EA2-E48D-4C45-A07E-FB0338CC39ED
2026-08-05T13:16:47.286Z meeting_mic_capture_stopped default_input=present default_input_transport=built-in
2026-08-05T13:16:47.292Z shared_mic_engine_stopped
2026-08-05T13:16:47.293Z shared_mic_diagnostics transition=unsubscribe wants_vpio=n/a blocks_vpio_promotion=n/a subscribers=0 vpio_subs=0 passive_subs=0 engine_running=false vpio_engaged=false vpio_deferred=false vpio_deferral_count=0
2026-08-05T13:16:47.365Z system_audio_stream_stopped outcome=completed
2026-08-05T13:16:47.367Z meeting_stop_stage session=3C667EA2-E48D-4C45-A07E-FB0338CC39ED stage=capture_stop duration_ms=80 outcome=success
2026-08-05T13:16:47.379Z meeting_stop_stage session=3C667EA2-E48D-4C45-A07E-FB0338CC39ED stage=processing_drain duration_ms=11 outcome=success
2026-08-05T13:16:47.402Z meeting_stop_stage session=3C667EA2-E48D-4C45-A07E-FB0338CC39ED stage=writer_finalize duration_ms=23 outcome=success
2026-08-05T13:16:47.431Z meeting_stop_stage session=3C667EA2-E48D-4C45-A07E-FB0338CC39ED stage=source_urls duration_ms=29 outcome=success
2026-08-05T13:16:47.433Z meeting_stop_stage session=3C667EA2-E48D-4C45-A07E-FB0338CC39ED stage=metadata_save duration_ms=1 outcome=success
2026-08-05T13:16:47.462Z shared_mic_engine_prepare_timing vpio=false buffer_size=4096 set_vpio_ms=0.005 output_format_ms=0.008 install_tap_ms=0.005 total_ms=167.635
2026-08-05T13:16:47.463Z shared_mic_engine_input_device_prepared source=system_default device=present transport=built-in vpio=false set_device_ms=0.000 prepare_engine_ms=168.291
2026-08-05T13:17:12.952Z meeting_stop_stage session=3C667EA2-E48D-4C45-A07E-FB0338CC39ED stage=mix duration_ms=25519 outcome=success
2026-08-05T13:17:12.953Z meeting_stop_stage session=3C667EA2-E48D-4C45-A07E-FB0338CC39ED stage=notes_write duration_ms=1 outcome=success
2026-08-05T13:17:12.954Z meeting_stop_stage session=3C667EA2-E48D-4C45-A07E-FB0338CC39ED stage=lock_write duration_ms=1 outcome=success
2026-08-05T13:17:12.955Z meeting_cleaned_mic session=3C667EA2-E48D-4C45-A07E-FB0338CC39ED outcome=scheduled
2026-08-05T13:17:12.955Z meeting_stop_stage session=3C667EA2-E48D-4C45-A07E-FB0338CC39ED stage=cleaned_mic_schedule duration_ms=1 outcome=success
2026-08-05T13:17:12.956Z meeting_stop_stage session=3C667EA2-E48D-4C45-A07E-FB0338CC39ED stage=cleanup duration_ms=0 outcome=success
2026-08-05T13:17:12.956Z meeting_recording_stopped session=3C667EA2-E48D-4C45-A07E-FB0338CC39ED duration_s=2697.809
2026-08-05T13:17:12.956Z meeting_recording_health session=3C667EA2-E48D-4C45-A07E-FB0338CC39ED duration_s=2697.809 source_mode=microphone_and_system mic_started=true requested_mic_mode=raw effective_mic_mode=raw mic_first_buffer=true system_first_buffer=true mic_bytes=22357851 system_bytes=21465892 mixed_bytes=43540318 mic_frames=128222400 system_frames=128232000 mic_chunks_enqueued=82 system_chunks_enqueued=371 mic_chunks_low_signal_dropped=0 system_chunks_low_signal_dropped=16 mic_chunks_system_dominant_dropped=45 backpressure_drops=0 transcription_failures=0 interrupted_sources=none capture_failed=false
2026-08-05T13:17:12.957Z meeting_echo_suppression_summary session=3C667EA2-E48D-4C45-A07E-FB0338CC39ED processor=localvqe loaded=true mic_frames=166951 processed_frames=166951 raw_fallback_frames=2 full_reference_frames=166920 partial_reference_frames=0 missing_reference_frames=31 processing_failures=0 current_delay_samples=1474 delay_confidence=0.449 delay_estimate_count=2 rejected_delay_estimates=5340
2026-08-05T13:17:12.958Z meeting_stop_stage session=3C667EA2-E48D-4C45-A07E-FB0338CC39ED stage=service_total duration_ms=25672 outcome=success
2026-08-05T13:17:12.958Z meeting_stop_stage session=3C667EA2-E48D-4C45-A07E-FB0338CC39ED stage=service_stop duration_ms=25673 outcome=success
2026-08-05T13:17:12.966Z meeting_stop_stage session=3C667EA2-E48D-4C45-A07E-FB0338CC39ED stage=prepare_row duration_ms=8 outcome=success
2026-08-05T13:17:12.967Z meeting_stop_stage session=3C667EA2-E48D-4C45-A07E-FB0338CC39ED stage=queue_enqueue duration_ms=0 outcome=success
2026-08-05T13:17:12.968Z meeting_stop_stage session=3C667EA2-E48D-4C45-A07E-FB0338CC39ED stage=queued_total duration_ms=25688 outcome=success
2026-08-05T13:21:14.593Z meeting_cleaned_mic session=3C667EA2-E48D-4C45-A07E-FB0338CC39ED outcome=rendered duration_s=2671.300 render_duration_ms=241637 realtime_factor=11.06 processed_frames=166956 raw_fallback_frames=1 failures=0 rms_ratio=1.00 probe_windows=2 probe_best_correlation=0.151
2026-08-05T13:21:14.603Z meeting_echo_suppression_resolution session=3C667EA2-E48D-4C45-A07E-FB0338CC39ED reason_code=cleanedUsed model_version=localvqe-v1.4-aec-200K-f32.gguf render_duration_ms=241637 realtime_factor=11.06 delay_estimate_ms=none probe_windows=2 probe_best_correlation=0.151
2026-08-05T13:21:14.603Z meeting_cleaned_mic_source session=3C667EA2-E48D-4C45-A07E-FB0338CC39ED selected=cleaned reason=cleanedUsed timeout_s=600.000
2026-08-05T14:31:15.946Z audio_default_input_changed default_input=present default_input_transport=bluetooth
2026-08-05T14:31:16.030Z audio_default_input_changed default_input=present default_input_transport=bluetooth
2026-08-05T14:31:16.055Z audio_default_input_changed default_input=present default_input_transport=bluetooth
2026-08-05T14:31:16.113Z audio_default_input_changed default_input=present default_input_transport=bluetooth
2026-08-05T14:31:16.135Z audio_default_input_changed default_input=present default_input_transport=bluetooth
2026-08-05T14:31:16.185Z audio_default_input_changed default_input=present default_input_transport=bluetooth
2026-08-05T14:31:16.217Z audio_default_input_changed default_input=present default_input_transport=bluetooth
2026-08-05T14:31:16.221Z audio_default_input_changed default_input=present default_input_transport=bluetooth
2026-08-05T14:31:16.227Z audio_default_input_changed default_input=present default_input_transport=bluetooth
2026-08-05T14:31:16.230Z audio_default_input_changed default_input=present default_input_transport=bluetooth
2026-08-05T14:31:16.231Z audio_default_input_changed default_input=present default_input_transport=bluetooth
2026-08-05T14:31:16.232Z audio_default_input_changed default_input=present default_input_transport=bluetooth
2026-08-05T14:31:16.234Z audio_default_input_changed default_input=present default_input_transport=bluetooth
2026-08-05T14:31:16.235Z audio_default_input_changed default_input=present default_input_transport=bluetooth
2026-08-05T14:31:16.236Z audio_default_input_changed default_input=present default_input_transport=bluetooth
2026-08-05T14:31:16.237Z audio_default_input_changed default_input=present default_input_transport=bluetooth
2026-08-05T14:31:16.239Z audio_default_input_changed default_input=present default_input_transport=bluetooth
2026-08-05T14:31:16.242Z audio_default_input_changed default_input=present default_input_transport=bluetooth
2026-08-05T14:31:16.243Z audio_default_input_changed default_input=present default_input_transport=bluetooth
2026-08-05T14:31:16.244Z audio_default_input_changed default_input=present default_input_transport=bluetooth
2026-08-05T14:31:16.245Z audio_default_input_changed default_input=present default_input_transport=bluetooth
2026-08-05T14:31:16.245Z audio_default_input_changed default_input=present default_input_transport=bluetooth
2026-08-05T14:31:16.247Z audio_default_input_changed default_input=present default_input_transport=bluetooth
2026-08-05T14:31:16.249Z audio_default_input_changed default_input=present default_input_transport=bluetooth
2026-08-05T14:31:16.250Z audio_default_input_changed default_input=present default_input_transport=bluetooth
2026-08-05T14:31:16.251Z audio_default_input_changed default_input=present default_input_transport=bluetooth
2026-08-05T14:31:16.252Z audio_default_input_changed default_input=present default_input_transport=bluetooth
2026-08-05T14:31:16.252Z audio_default_input_changed default_input=present default_input_transport=bluetooth
2026-08-05T14:31:16.253Z audio_default_input_changed default_input=present default_input_transport=bluetooth
2026-08-05T14:31:16.254Z audio_default_input_changed default_input=present default_input_transport=bluetooth
2026-08-05T14:31:16.255Z audio_default_input_changed default_input=present default_input_transport=bluetooth
2026-08-05T14:31:16.257Z audio_default_input_changed default_input=present default_input_transport=bluetooth
2026-08-05T14:31:16.258Z audio_default_input_changed default_input=present default_input_transport=bluetooth
2026-08-05T14:31:16.259Z audio_default_input_changed default_input=present default_input_transport=bluetooth
2026-08-05T14:31:16.260Z audio_default_input_changed default_input=present default_input_transport=bluetooth
2026-08-05T14:31:16.261Z audio_default_input_changed default_input=present default_input_transport=bluetooth
2026-08-05T14:31:16.262Z audio_default_input_changed default_input=present default_input_transport=bluetooth
2026-08-05T14:31:16.262Z audio_default_input_changed default_input=present default_input_transport=bluetooth
2026-08-05T14:31:16.263Z audio_default_input_changed default_input=present default_input_transport=bluetooth
2026-08-05T14:31:16.264Z audio_default_input_changed default_input=present default_input_transport=bluetooth
2026-08-05T14:31:16.266Z audio_default_input_changed default_input=present default_input_transport=bluetooth
2026-08-05T14:31:16.267Z audio_default_input_changed default_input=present default_input_transport=bluetooth
2026-08-05T14:31:16.268Z audio_default_input_changed default_input=present default_input_transport=bluetooth
2026-08-05T14:31:16.269Z audio_default_input_changed default_input=present default_input_transport=bluetooth
2026-08-05T14:31:16.270Z audio_default_input_changed default_input=present default_input_transport=bluetooth
2026-08-05T14:31:16.271Z audio_default_input_changed default_input=present default_input_transport=bluetooth
2026-08-05T14:31:16.271Z audio_default_input_changed default_input=present default_input_transport=bluetooth
2026-08-05T14:31:16.273Z audio_default_input_changed default_input=present default_input_transport=bluetooth
2026-08-05T14:31:16.274Z audio_default_input_changed default_input=present default_input_transport=bluetooth
2026-08-05T14:31:16.275Z audio_default_input_changed default_input=present default_input_transport=bluetooth
2026-08-05T14:31:16.275Z audio_default_input_changed default_input=present default_input_transport=bluetooth
2026-08-05T14:31:16.277Z audio_default_input_changed default_input=present default_input_transport=bluetooth
2026-08-05T14:31:16.278Z audio_default_input_changed default_input=present default_input_transport=bluetooth
2026-08-05T14:31:16.279Z audio_default_input_changed default_input=present default_input_transport=bluetooth
2026-08-05T14:31:16.280Z audio_default_input_changed default_input=present default_input_transport=bluetooth
2026-08-05T14:31:16.280Z audio_default_input_changed default_input=present default_input_transport=bluetooth
2026-08-05T14:31:16.282Z audio_default_input_changed default_input=present default_input_transport=bluetooth
2026-08-05T14:31:16.283Z audio_default_input_changed default_input=present default_input_transport=bluetooth
2026-08-05T14:31:16.284Z audio_default_input_changed default_input=present default_input_transport=bluetooth
2026-08-05T14:31:16.285Z audio_default_input_changed default_input=present default_input_transport=bluetooth
2026-08-05T14:31:16.286Z audio_default_input_changed default_input=present default_input_transport=bluetooth
2026-08-05T14:31:16.287Z audio_default_input_changed default_input=present default_input_transport=bluetooth
2026-08-05T14:31:16.288Z audio_default_input_changed default_input=present default_input_transport=bluetooth
2026-08-05T14:31:16.290Z audio_default_input_changed default_input=present default_input_transport=bluetooth
2026-08-05T14:31:16.291Z audio_default_input_changed default_input=present default_input_transport=bluetooth
2026-08-05T14:31:16.292Z audio_default_input_changed default_input=present default_input_transport=bluetooth
2026-08-05T14:31:16.292Z audio_default_input_changed default_input=present default_input_transport=bluetooth
2026-08-05T14:31:16.293Z audio_default_input_changed default_input=present default_input_transport=bluetooth
2026-08-05T14:31:16.294Z audio_default_input_changed default_input=present default_input_transport=bluetooth
2026-08-05T14:31:16.294Z audio_default_input_changed default_input=present default_input_transport=bluetooth
2026-08-05T14:31:16.296Z audio_default_input_changed default_input=present default_input_transport=bluetooth
2026-08-05T14:31:16.297Z audio_default_input_changed default_input=present default_input_transport=bluetooth
2026-08-05T14:31:16.299Z audio_default_input_changed default_input=present default_input_transport=bluetooth
2026-08-05T14:31:16.300Z audio_default_input_changed default_input=present default_input_transport=bluetooth
2026-08-05T14:31:16.301Z audio_default_input_changed default_input=present default_input_transport=bluetooth
2026-08-05T14:31:16.302Z audio_default_input_changed default_input=present default_input_transport=bluetooth
2026-08-05T14:31:16.302Z audio_default_input_changed default_input=present default_input_transport=bluetooth
2026-08-05T14:31:16.428Z shared_mic_engine_configuration_changed sr=48000.0 ch=1 isRunning=false engine_is_running=false default_input=present default_input_transport=bluetooth
2026-08-05T14:31:16.429Z shared_mic_engine_prepared_discarded reason=configuration_changed
2026-08-05T14:31:16.961Z shared_mic_engine_prepare_skipped reason=bluetooth_or_unresolved_route
2026-08-05T14:55:43.846Z audio_default_input_changed default_input=present default_input_transport=built-in
2026-08-05T14:55:43.877Z audio_default_input_changed default_input=present default_input_transport=built-in
2026-08-05T14:55:43.883Z audio_default_input_changed default_input=present default_input_transport=built-in
2026-08-05T14:55:43.913Z audio_default_input_changed default_input=present default_input_transport=built-in
2026-08-05T14:55:43.947Z audio_default_input_changed default_input=present default_input_transport=built-in
2026-08-05T14:55:44.039Z audio_default_input_changed default_input=present default_input_transport=built-in
2026-08-05T14:55:44.152Z audio_default_input_changed default_input=present default_input_transport=built-in
2026-08-05T14:55:44.181Z audio_default_input_changed default_input=present default_input_transport=built-in
2026-08-05T14:55:44.207Z audio_default_input_changed default_input=present default_input_transport=built-in
2026-08-05T14:55:44.209Z audio_default_input_changed default_input=present default_input_transport=built-in
2026-08-05T14:55:44.211Z audio_default_input_changed default_input=present default_input_transport=built-in
2026-08-05T14:55:44.214Z audio_default_input_changed default_input=present default_input_transport=built-in
2026-08-05T14:55:44.219Z audio_default_input_changed default_input=present default_input_transport=built-in
2026-08-05T14:55:44.228Z audio_default_input_changed default_input=present default_input_transport=built-in
2026-08-05T14:55:44.230Z audio_default_input_changed default_input=present default_input_transport=built-in
2026-08-05T14:55:44.237Z audio_default_input_changed default_input=present default_input_transport=built-in
2026-08-05T14:55:44.238Z audio_default_input_changed default_input=present default_input_transport=built-in
2026-08-05T14:55:44.239Z audio_default_input_changed default_input=present default_input_transport=built-in
2026-08-05T14:55:44.241Z audio_default_input_changed default_input=present default_input_transport=built-in
2026-08-05T14:55:44.244Z audio_default_input_changed default_input=present default_input_transport=built-in
2026-08-05T14:55:44.245Z audio_default_input_changed default_input=present default_input_transport=built-in
2026-08-05T14:55:44.245Z audio_default_input_changed default_input=present default_input_transport=built-in
2026-08-05T14:55:44.246Z audio_default_input_changed default_input=present default_input_transport=built-in
2026-08-05T14:55:44.247Z audio_default_input_changed default_input=present default_input_transport=built-in
2026-08-05T14:55:44.248Z audio_default_input_changed default_input=present default_input_transport=built-in
2026-08-05T14:55:44.249Z audio_default_input_changed default_input=present default_input_transport=built-in
2026-08-05T14:55:44.250Z audio_default_input_changed default_input=present default_input_transport=built-in
2026-08-05T14:55:44.250Z audio_default_input_changed default_input=present default_input_transport=built-in
2026-08-05T14:55:44.251Z audio_default_input_changed default_input=present default_input_transport=built-in
2026-08-05T14:55:44.252Z audio_default_input_changed default_input=present default_input_transport=built-in
2026-08-05T14:55:44.253Z audio_default_input_changed default_input=present default_input_transport=built-in
2026-08-05T14:55:44.254Z audio_default_input_changed default_input=present default_input_transport=built-in
2026-08-05T14:55:44.255Z audio_default_input_changed default_input=present default_input_transport=built-in
2026-08-05T14:55:44.255Z audio_default_input_changed default_input=present default_input_transport=built-in
2026-08-05T14:55:44.256Z audio_default_input_changed default_input=present default_input_transport=built-in
2026-08-05T14:55:44.257Z audio_default_input_changed default_input=present default_input_transport=built-in
2026-08-05T14:55:44.258Z audio_default_input_changed default_input=present default_input_transport=built-in
2026-08-05T14:55:44.258Z audio_default_input_changed default_input=present default_input_transport=built-in
2026-08-05T14:55:44.259Z audio_default_input_changed default_input=present default_input_transport=built-in
2026-08-05T14:55:44.260Z audio_default_input_changed default_input=present default_input_transport=built-in
2026-08-05T14:55:44.261Z audio_default_input_changed default_input=present default_input_transport=built-in
2026-08-05T14:55:44.261Z audio_default_input_changed default_input=present default_input_transport=built-in
2026-08-05T14:55:44.262Z audio_default_input_changed default_input=present default_input_transport=built-in
2026-08-05T14:55:44.263Z audio_default_input_changed default_input=present default_input_transport=built-in
2026-08-05T14:55:44.264Z audio_default_input_changed default_input=present default_input_transport=built-in
2026-08-05T14:55:44.265Z audio_default_input_changed default_input=present default_input_transport=built-in
2026-08-05T14:55:44.266Z audio_default_input_changed default_input=present default_input_transport=built-in
2026-08-05T14:55:44.266Z audio_default_input_changed default_input=present default_input_transport=built-in
2026-08-05T14:55:44.267Z audio_default_input_changed default_input=present default_input_transport=built-in
2026-08-05T14:55:44.267Z audio_default_input_changed default_input=present default_input_transport=built-in
2026-08-05T14:55:44.268Z audio_default_input_changed default_input=present default_input_transport=built-in
2026-08-05T14:55:44.269Z audio_default_input_changed default_input=present default_input_transport=built-in
2026-08-05T14:55:44.270Z audio_default_input_changed default_input=present default_input_transport=built-in
2026-08-05T14:55:44.272Z audio_default_input_changed default_input=present default_input_transport=built-in
2026-08-05T14:55:44.273Z audio_default_input_changed default_input=present default_input_transport=built-in
2026-08-05T14:55:44.274Z audio_default_input_changed default_input=present default_input_transport=built-in
2026-08-05T14:55:44.274Z audio_default_input_changed default_input=present default_input_transport=built-in
2026-08-05T14:55:44.276Z audio_default_input_changed default_input=present default_input_transport=built-in
2026-08-05T14:55:44.278Z audio_default_input_changed default_input=present default_input_transport=built-in
2026-08-05T14:55:44.279Z audio_default_input_changed default_input=present default_input_transport=built-in
2026-08-05T14:55:44.281Z audio_default_input_changed default_input=present default_input_transport=built-in
2026-08-05T14:55:44.282Z audio_default_input_changed default_input=present default_input_transport=built-in
2026-08-05T14:55:44.282Z audio_default_input_changed default_input=present default_input_transport=built-in
2026-08-05T14:55:44.284Z audio_default_input_changed default_input=present default_input_transport=built-in
2026-08-05T14:55:44.284Z audio_default_input_changed default_input=present default_input_transport=built-in
2026-08-05T14:55:44.285Z audio_default_input_changed default_input=present default_input_transport=built-in
2026-08-05T14:55:44.286Z audio_default_input_changed default_input=present default_input_transport=built-in
2026-08-05T14:55:44.287Z audio_default_input_changed default_input=present default_input_transport=built-in
2026-08-05T14:55:44.288Z audio_default_input_changed default_input=present default_input_transport=built-in
2026-08-05T14:55:44.290Z audio_default_input_changed default_input=present default_input_transport=built-in
2026-08-05T14:55:44.291Z audio_default_input_changed default_input=present default_input_transport=built-in
2026-08-05T14:55:44.292Z audio_default_input_changed default_input=present default_input_transport=built-in
2026-08-05T14:55:44.293Z audio_default_input_changed default_input=present default_input_transport=built-in
2026-08-05T14:55:44.300Z audio_default_input_changed default_input=present default_input_transport=built-in
2026-08-05T14:55:44.300Z audio_default_input_changed default_input=present default_input_transport=built-in
2026-08-05T14:55:44.301Z audio_default_input_changed default_input=present default_input_transport=built-in
2026-08-05T14:55:44.302Z audio_default_input_changed default_input=present default_input_transport=built-in
2026-08-05T14:55:44.303Z audio_default_input_changed default_input=present default_input_transport=built-in
2026-08-05T14:55:44.307Z audio_default_input_changed default_input=present default_input_transport=built-in
2026-08-05T14:55:44.943Z shared_mic_engine_prepare_timing vpio=false buffer_size=4096 set_vpio_ms=0.025 output_format_ms=0.012 install_tap_ms=0.008 total_ms=130.121
2026-08-05T14:55:44.944Z shared_mic_engine_input_device_prepared source=system_default device=present transport=built-in vpio=false set_device_ms=0.000 prepare_engine_ms=130.903
2026-08-06T08:04:06.605Z audio_default_input_changed default_input=present default_input_transport=bluetooth
2026-08-06T08:04:06.770Z audio_default_input_changed default_input=present default_input_transport=bluetooth
2026-08-06T08:04:06.861Z audio_default_input_changed default_input=present default_input_transport=bluetooth
2026-08-06T08:04:06.927Z audio_default_input_changed default_input=present default_input_transport=bluetooth
2026-08-06T08:04:06.929Z audio_default_input_changed default_input=present default_input_transport=bluetooth
2026-08-06T08:04:06.932Z audio_default_input_changed default_input=present default_input_transport=bluetooth
2026-08-06T08:04:06.936Z audio_default_input_changed default_input=present default_input_transport=bluetooth
2026-08-06T08:04:06.942Z audio_default_input_changed default_input=present default_input_transport=bluetooth
2026-08-06T08:04:06.944Z audio_default_input_changed default_input=present default_input_transport=bluetooth
2026-08-06T08:04:06.945Z audio_default_input_changed default_input=present default_input_transport=bluetooth
2026-08-06T08:04:06.947Z audio_default_input_changed default_input=present default_input_transport=bluetooth
2026-08-06T08:04:06.948Z audio_default_input_changed default_input=present default_input_transport=bluetooth
2026-08-06T08:04:06.949Z audio_default_input_changed default_input=present default_input_transport=bluetooth
2026-08-06T08:04:06.950Z audio_default_input_changed default_input=present default_input_transport=bluetooth
2026-08-06T08:04:06.957Z audio_default_input_changed default_input=present default_input_transport=bluetooth
2026-08-06T08:04:06.962Z audio_default_input_changed default_input=present default_input_transport=bluetooth
2026-08-06T08:04:06.967Z audio_default_input_changed default_input=present default_input_transport=bluetooth
2026-08-06T08:04:06.968Z audio_default_input_changed default_input=present default_input_transport=bluetooth
2026-08-06T08:04:06.969Z audio_default_input_changed default_input=present default_input_transport=bluetooth
2026-08-06T08:04:06.971Z audio_default_input_changed default_input=present default_input_transport=bluetooth
2026-08-06T08:04:06.971Z audio_default_input_changed default_input=present default_input_transport=bluetooth
2026-08-06T08:04:06.972Z audio_default_input_changed default_input=present default_input_transport=bluetooth
2026-08-06T08:04:06.973Z audio_default_input_changed default_input=present default_input_transport=bluetooth
2026-08-06T08:04:06.974Z audio_default_input_changed default_input=present default_input_transport=bluetooth
2026-08-06T08:04:06.974Z audio_default_input_changed default_input=present default_input_transport=bluetooth
2026-08-06T08:04:06.975Z audio_default_input_changed default_input=present default_input_transport=bluetooth
2026-08-06T08:04:06.976Z audio_default_input_changed default_input=present default_input_transport=bluetooth
2026-08-06T08:04:06.976Z audio_default_input_changed default_input=present default_input_transport=bluetooth
2026-08-06T08:04:06.977Z audio_default_input_changed default_input=present default_input_transport=bluetooth
2026-08-06T08:04:06.979Z audio_default_input_changed default_input=present default_input_transport=bluetooth
2026-08-06T08:04:06.980Z audio_default_input_changed default_input=present default_input_transport=bluetooth
2026-08-06T08:04:06.981Z audio_default_input_changed default_input=present default_input_transport=bluetooth
2026-08-06T08:04:06.982Z audio_default_input_changed default_input=present default_input_transport=bluetooth
2026-08-06T08:04:06.982Z audio_default_input_changed default_input=present default_input_transport=bluetooth
2026-08-06T08:04:06.983Z audio_default_input_changed default_input=present default_input_transport=bluetooth
2026-08-06T08:04:06.984Z audio_default_input_changed default_input=present default_input_transport=bluetooth
2026-08-06T08:04:06.985Z audio_default_input_changed default_input=present default_input_transport=bluetooth
2026-08-06T08:04:06.985Z audio_default_input_changed default_input=present default_input_transport=bluetooth
2026-08-06T08:04:06.986Z audio_default_input_changed default_input=present default_input_transport=bluetooth
2026-08-06T08:04:06.987Z audio_default_input_changed default_input=present default_input_transport=bluetooth
2026-08-06T08:04:06.988Z audio_default_input_changed default_input=present default_input_transport=bluetooth
2026-08-06T08:04:06.989Z audio_default_input_changed default_input=present default_input_transport=bluetooth
2026-08-06T08:04:06.990Z audio_default_input_changed default_input=present default_input_transport=bluetooth
2026-08-06T08:04:06.991Z audio_default_input_changed default_input=present default_input_transport=bluetooth
2026-08-06T08:04:06.991Z audio_default_input_changed default_input=present default_input_transport=bluetooth
2026-08-06T08:04:06.992Z audio_default_input_changed default_input=present default_input_transport=bluetooth
2026-08-06T08:04:06.993Z audio_default_input_changed default_input=present default_input_transport=bluetooth
2026-08-06T08:04:06.994Z audio_default_input_changed default_input=present default_input_transport=bluetooth
2026-08-06T08:04:06.994Z audio_default_input_changed default_input=present default_input_transport=bluetooth
2026-08-06T08:04:06.996Z audio_default_input_changed default_input=present default_input_transport=bluetooth
2026-08-06T08:04:06.997Z audio_default_input_changed default_input=present default_input_transport=bluetooth
2026-08-06T08:04:06.999Z audio_default_input_changed default_input=present default_input_transport=bluetooth
2026-08-06T08:04:07.000Z audio_default_input_changed default_input=present default_input_transport=bluetooth
2026-08-06T08:04:07.001Z audio_default_input_changed default_input=present default_input_transport=bluetooth
2026-08-06T08:04:07.002Z audio_default_input_changed default_input=present default_input_transport=bluetooth
2026-08-06T08:04:07.002Z audio_default_input_changed default_input=present default_input_transport=bluetooth
2026-08-06T08:04:07.003Z audio_default_input_changed default_input=present default_input_transport=bluetooth
2026-08-06T08:04:07.004Z audio_default_input_changed default_input=present default_input_transport=bluetooth
2026-08-06T08:04:07.006Z audio_default_input_changed default_input=present default_input_transport=bluetooth
2026-08-06T08:04:07.006Z audio_default_input_changed default_input=present default_input_transport=bluetooth
2026-08-06T08:04:07.008Z audio_default_input_changed default_input=present default_input_transport=bluetooth
2026-08-06T08:04:07.008Z audio_default_input_changed default_input=present default_input_transport=bluetooth
2026-08-06T08:04:07.009Z audio_default_input_changed default_input=present default_input_transport=bluetooth
2026-08-06T08:04:07.010Z audio_default_input_changed default_input=present default_input_transport=bluetooth
2026-08-06T08:04:07.011Z audio_default_input_changed default_input=present default_input_transport=bluetooth
2026-08-06T08:04:07.011Z audio_default_input_changed default_input=present default_input_transport=bluetooth
2026-08-06T08:04:07.013Z audio_default_input_changed default_input=present default_input_transport=bluetooth
2026-08-06T08:04:07.013Z audio_default_input_changed default_input=present default_input_transport=bluetooth
2026-08-06T08:04:07.014Z audio_default_input_changed default_input=present default_input_transport=bluetooth
2026-08-06T08:04:07.015Z audio_default_input_changed default_input=present default_input_transport=bluetooth
2026-08-06T08:04:07.016Z audio_default_input_changed default_input=present default_input_transport=bluetooth
2026-08-06T08:04:07.017Z audio_default_input_changed default_input=present default_input_transport=bluetooth
2026-08-06T08:04:07.018Z audio_default_input_changed default_input=present default_input_transport=bluetooth
2026-08-06T08:04:07.018Z audio_default_input_changed default_input=present default_input_transport=bluetooth
2026-08-06T08:04:07.019Z audio_default_input_changed default_input=present default_input_transport=bluetooth
2026-08-06T08:04:07.020Z audio_default_input_changed default_input=present default_input_transport=bluetooth
2026-08-06T08:04:07.021Z audio_default_input_changed default_input=present default_input_transport=bluetooth
2026-08-06T08:04:07.022Z audio_default_input_changed default_input=present default_input_transport=bluetooth
2026-08-06T08:04:07.023Z audio_default_input_changed default_input=present default_input_transport=bluetooth
2026-08-06T08:04:07.024Z audio_default_input_changed default_input=present default_input_transport=bluetooth
2026-08-06T08:04:07.541Z shared_mic_engine_stopped
2026-08-06T08:04:07.547Z shared_mic_engine_prepare_skipped reason=bluetooth_or_unresolved_route
2026-08-06T08:05:31.265Z meeting_live_chunking_mode session=0B081FBB-6194-4EE1-8DCD-60D96A5A2C46 mode=vad reason=started
2026-08-06T08:05:31.289Z meeting_mic_capture_starting requested_mode=raw default_input=present default_input_transport=bluetooth
2026-08-06T08:05:31.475Z shared_mic_engine_start_timing vpio=false buffer_size=4096 set_vpio_ms=0.009 ducking_ms=0.000 output_format_ms=0.015 install_tap_ms=0.008 audio_engine_start_ms=111.324 total_ms=181.994
2026-08-06T08:05:31.476Z shared_mic_engine_input_device_started source=system_default device=present transport=bluetooth vpio=false set_device_ms=0.000 start_engine_ms=182.797
2026-08-06T08:05:31.477Z shared_mic_diagnostics transition=subscribe wants_vpio=false blocks_vpio_promotion=true subscribers=1 vpio_subs=0 passive_subs=0 engine_running=true vpio_engaged=false vpio_deferred=false vpio_deferral_count=0
2026-08-06T08:05:31.477Z meeting_mic_processing mode=raw
2026-08-06T08:05:31.478Z meeting_mic_capture_started requested_mode=raw effective_mode=raw sr=48000.0 ch=1 default_input=present default_input_transport=bluetooth
2026-08-06T08:05:31.585Z system_audio_stream_screen_output_attached mode=discard
2026-08-06T08:05:31.601Z meeting_mic_first_buffer sr=48000.0 ch=1 interleaved=false
2026-08-06T08:05:31.791Z system_audio_stream_started sr=48000 ch=2
2026-08-06T08:05:31.792Z meeting_recording_started session=0B081FBB-6194-4EE1-8DCD-60D96A5A2C46 source_mode=Optional(MacParakeetCore.MeetingAudioSourceMode.microphoneAndSystem) requested_mic_mode=raw effective_mic_mode=raw
2026-08-06T08:05:31.912Z system_audio_stream_first_buffer sr=48000 ch=2
2026-08-06T08:48:47.143Z meeting_stop_stage session=0B081FBB-6194-4EE1-8DCD-60D96A5A2C46 stage=notes_commit duration_ms=1 outcome=success
2026-08-06T08:48:47.145Z meeting_recording_stopping session=0B081FBB-6194-4EE1-8DCD-60D96A5A2C46
2026-08-06T08:48:47.145Z meeting_mic_capture_stopped default_input=present default_input_transport=bluetooth
2026-08-06T08:48:47.161Z shared_mic_engine_stopped
2026-08-06T08:48:47.162Z shared_mic_diagnostics transition=unsubscribe wants_vpio=n/a blocks_vpio_promotion=n/a subscribers=0 vpio_subs=0 passive_subs=0 engine_running=false vpio_engaged=false vpio_deferred=false vpio_deferral_count=0
2026-08-06T08:48:47.164Z shared_mic_engine_prepare_skipped reason=bluetooth_or_unresolved_route
2026-08-06T08:48:47.194Z system_audio_stream_stopped outcome=completed
2026-08-06T08:48:47.196Z meeting_stop_stage session=0B081FBB-6194-4EE1-8DCD-60D96A5A2C46 stage=capture_stop duration_ms=50 outcome=success
2026-08-06T08:48:47.207Z meeting_stop_stage session=0B081FBB-6194-4EE1-8DCD-60D96A5A2C46 stage=processing_drain duration_ms=11 outcome=success
2026-08-06T08:48:47.226Z meeting_stop_stage session=0B081FBB-6194-4EE1-8DCD-60D96A5A2C46 stage=writer_finalize duration_ms=18 outcome=success
2026-08-06T08:48:47.254Z meeting_stop_stage session=0B081FBB-6194-4EE1-8DCD-60D96A5A2C46 stage=source_urls duration_ms=28 outcome=success
2026-08-06T08:48:47.256Z meeting_stop_stage session=0B081FBB-6194-4EE1-8DCD-60D96A5A2C46 stage=metadata_save duration_ms=1 outcome=success
2026-08-06T08:48:51.983Z audio_default_input_changed default_input=present default_input_transport=built-in
2026-08-06T08:48:52.002Z audio_default_input_changed default_input=present default_input_transport=built-in
2026-08-06T08:48:52.004Z audio_default_input_changed default_input=present default_input_transport=built-in
2026-08-06T08:48:52.005Z audio_default_input_changed default_input=present default_input_transport=built-in
2026-08-06T08:48:52.006Z audio_default_input_changed default_input=present default_input_transport=built-in
2026-08-06T08:48:52.007Z audio_default_input_changed default_input=present default_input_transport=built-in
2026-08-06T08:48:52.008Z audio_default_input_changed default_input=present default_input_transport=built-in
2026-08-06T08:48:52.009Z audio_default_input_changed default_input=present default_input_transport=built-in
2026-08-06T08:48:52.009Z audio_default_input_changed default_input=present default_input_transport=built-in
2026-08-06T08:48:52.010Z audio_default_input_changed default_input=present default_input_transport=built-in
2026-08-06T08:48:52.011Z audio_default_input_changed default_input=present default_input_transport=built-in
2026-08-06T08:48:52.011Z audio_default_input_changed default_input=present default_input_transport=built-in
2026-08-06T08:48:52.013Z audio_default_input_changed default_input=present default_input_transport=built-in
2026-08-06T08:48:52.013Z audio_default_input_changed default_input=present default_input_transport=built-in
2026-08-06T08:48:52.025Z audio_default_input_changed default_input=present default_input_transport=built-in
2026-08-06T08:48:52.027Z audio_default_input_changed default_input=present default_input_transport=built-in
2026-08-06T08:48:52.050Z audio_default_input_changed default_input=present default_input_transport=built-in
2026-08-06T08:48:52.059Z audio_default_input_changed default_input=present default_input_transport=built-in
2026-08-06T08:48:52.070Z audio_default_input_changed default_input=present default_input_transport=built-in
2026-08-06T08:48:52.078Z audio_default_input_changed default_input=present default_input_transport=built-in
2026-08-06T08:48:52.079Z audio_default_input_changed default_input=present default_input_transport=built-in
2026-08-06T08:48:52.080Z audio_default_input_changed default_input=present default_input_transport=built-in
2026-08-06T08:48:52.081Z audio_default_input_changed default_input=present default_input_transport=built-in
2026-08-06T08:48:52.083Z audio_default_input_changed default_input=present default_input_transport=built-in
2026-08-06T08:48:52.083Z audio_default_input_changed default_input=present default_input_transport=built-in
2026-08-06T08:48:52.084Z audio_default_input_changed default_input=present default_input_transport=built-in
2026-08-06T08:48:52.085Z audio_default_input_changed default_input=present default_input_transport=built-in
2026-08-06T08:48:52.086Z audio_default_input_changed default_input=present default_input_transport=built-in
2026-08-06T08:48:52.087Z audio_default_input_changed default_input=present default_input_transport=built-in
2026-08-06T08:48:52.087Z audio_default_input_changed default_input=present default_input_transport=built-in
2026-08-06T08:48:52.088Z audio_default_input_changed default_input=present default_input_transport=built-in
2026-08-06T08:48:52.090Z audio_default_input_changed default_input=present default_input_transport=built-in
2026-08-06T08:48:52.093Z audio_default_input_changed default_input=present default_input_transport=built-in
2026-08-06T08:48:52.094Z audio_default_input_changed default_input=present default_input_transport=built-in
2026-08-06T08:48:52.095Z audio_default_input_changed default_input=present default_input_transport=built-in
2026-08-06T08:48:52.096Z audio_default_input_changed default_input=present default_input_transport=built-in
2026-08-06T08:48:52.097Z audio_default_input_changed default_input=present default_input_transport=built-in
2026-08-06T08:48:52.097Z audio_default_input_changed default_input=present default_input_transport=built-in
2026-08-06T08:48:52.098Z audio_default_input_changed default_input=present default_input_transport=built-in
2026-08-06T08:48:52.098Z audio_default_input_changed default_input=present default_input_transport=built-in
2026-08-06T08:48:52.099Z audio_default_input_changed default_input=present default_input_transport=built-in
2026-08-06T08:48:52.100Z audio_default_input_changed default_input=present default_input_transport=built-in
2026-08-06T08:48:52.100Z audio_default_input_changed default_input=present default_input_transport=built-in
2026-08-06T08:48:52.101Z audio_default_input_changed default_input=present default_input_transport=built-in
2026-08-06T08:48:52.102Z audio_default_input_changed default_input=present default_input_transport=built-in
2026-08-06T08:48:52.102Z audio_default_input_changed default_input=present default_input_transport=built-in
2026-08-06T08:48:52.103Z audio_default_input_changed default_input=present default_input_transport=built-in
2026-08-06T08:48:52.104Z audio_default_input_changed default_input=present default_input_transport=built-in
2026-08-06T08:48:52.104Z audio_default_input_changed default_input=present default_input_transport=built-in
2026-08-06T08:48:52.105Z audio_default_input_changed default_input=present default_input_transport=built-in
2026-08-06T08:48:52.105Z audio_default_input_changed default_input=present default_input_transport=built-in
2026-08-06T08:48:52.106Z audio_default_input_changed default_input=present default_input_transport=built-in
2026-08-06T08:48:52.106Z audio_default_input_changed default_input=present default_input_transport=built-in
2026-08-06T08:48:52.107Z audio_default_input_changed default_input=present default_input_transport=built-in
2026-08-06T08:48:52.107Z audio_default_input_changed default_input=present default_input_transport=built-in
2026-08-06T08:48:52.107Z audio_default_input_changed default_input=present default_input_transport=built-in
2026-08-06T08:48:52.108Z audio_default_input_changed default_input=present default_input_transport=built-in
2026-08-06T08:48:52.108Z audio_default_input_changed default_input=present default_input_transport=built-in
2026-08-06T08:48:52.109Z audio_default_input_changed default_input=present default_input_transport=built-in
2026-08-06T08:48:52.109Z audio_default_input_changed default_input=present default_input_transport=built-in
2026-08-06T08:48:52.110Z audio_default_input_changed default_input=present default_input_transport=built-in
2026-08-06T08:48:52.111Z audio_default_input_changed default_input=present default_input_transport=built-in
2026-08-06T08:48:52.111Z audio_default_input_changed default_input=present default_input_transport=built-in
2026-08-06T08:48:52.111Z audio_default_input_changed default_input=present default_input_transport=built-in
2026-08-06T08:48:52.112Z audio_default_input_changed default_input=present default_input_transport=built-in
2026-08-06T08:48:52.112Z audio_default_input_changed default_input=present default_input_transport=built-in
2026-08-06T08:48:52.113Z audio_default_input_changed default_input=present default_input_transport=built-in
2026-08-06T08:48:52.113Z audio_default_input_changed default_input=present default_input_transport=built-in
2026-08-06T08:48:52.114Z audio_default_input_changed default_input=present default_input_transport=built-in
2026-08-06T08:48:52.114Z audio_default_input_changed default_input=present default_input_transport=built-in
2026-08-06T08:48:52.115Z audio_default_input_changed default_input=present default_input_transport=built-in
2026-08-06T08:48:52.115Z audio_default_input_changed default_input=present default_input_transport=built-in
2026-08-06T08:48:52.116Z audio_default_input_changed default_input=present default_input_transport=built-in
2026-08-06T08:48:52.116Z audio_default_input_changed default_input=present default_input_transport=built-in
2026-08-06T08:48:52.116Z audio_default_input_changed default_input=present default_input_transport=built-in
2026-08-06T08:48:52.117Z audio_default_input_changed default_input=present default_input_transport=built-in
2026-08-06T08:48:52.117Z audio_default_input_changed default_input=present default_input_transport=built-in
2026-08-06T08:48:52.118Z audio_default_input_changed default_input=present default_input_transport=built-in
2026-08-06T08:48:52.118Z audio_default_input_changed default_input=present default_input_transport=built-in
2026-08-06T08:48:52.119Z audio_default_input_changed default_input=present default_input_transport=built-in
2026-08-06T08:48:52.119Z audio_default_input_changed default_input=present default_input_transport=built-in
2026-08-06T08:48:52.120Z audio_default_input_changed default_input=present default_input_transport=built-in
2026-08-06T08:48:52.742Z shared_mic_engine_prepare_timing vpio=false buffer_size=4096 set_vpio_ms=0.005 output_format_ms=0.007 install_tap_ms=0.005 total_ms=106.900
2026-08-06T08:48:52.743Z shared_mic_engine_input_device_prepared source=system_default device=present transport=built-in vpio=false set_device_ms=0.000 prepare_engine_ms=107.678
2026-08-06T08:49:11.031Z meeting_stop_stage session=0B081FBB-6194-4EE1-8DCD-60D96A5A2C46 stage=mix duration_ms=23774 outcome=success
2026-08-06T08:49:11.032Z meeting_stop_stage session=0B081FBB-6194-4EE1-8DCD-60D96A5A2C46 stage=notes_write duration_ms=1 outcome=success
2026-08-06T08:49:11.033Z meeting_stop_stage session=0B081FBB-6194-4EE1-8DCD-60D96A5A2C46 stage=lock_write duration_ms=0 outcome=success
2026-08-06T08:49:11.034Z meeting_cleaned_mic session=0B081FBB-6194-4EE1-8DCD-60D96A5A2C46 outcome=scheduled
2026-08-06T08:49:11.034Z meeting_stop_stage session=0B081FBB-6194-4EE1-8DCD-60D96A5A2C46 stage=cleaned_mic_schedule duration_ms=1 outcome=success
2026-08-06T08:49:11.034Z meeting_stop_stage session=0B081FBB-6194-4EE1-8DCD-60D96A5A2C46 stage=cleanup duration_ms=0 outcome=success
2026-08-06T08:49:11.035Z meeting_recording_stopped session=0B081FBB-6194-4EE1-8DCD-60D96A5A2C46 duration_s=2619.773
2026-08-06T08:49:11.035Z meeting_recording_health session=0B081FBB-6194-4EE1-8DCD-60D96A5A2C46 duration_s=2619.773 source_mode=microphone_and_system mic_started=true requested_mic_mode=raw effective_mic_mode=raw mic_first_buffer=true system_first_buffer=true mic_bytes=21750378 system_bytes=19004971 mixed_bytes=42238630 mic_frames=124588800 system_frames=124576320 mic_chunks_enqueued=207 system_chunks_enqueued=238 mic_chunks_low_signal_dropped=0 system_chunks_low_signal_dropped=5 mic_chunks_system_dominant_dropped=78 backpressure_drops=0 transcription_failures=0 interrupted_sources=none capture_failed=false
2026-08-06T08:49:11.036Z meeting_echo_suppression_summary session=0B081FBB-6194-4EE1-8DCD-60D96A5A2C46 processor=localvqe loaded=true mic_frames=162208 processed_frames=162208 raw_fallback_frames=0 full_reference_frames=162208 partial_reference_frames=0 missing_reference_frames=0 processing_failures=0 current_delay_samples=0 delay_confidence=0.000 delay_estimate_count=0 rejected_delay_estimates=5190
2026-08-06T08:49:11.036Z meeting_stop_stage session=0B081FBB-6194-4EE1-8DCD-60D96A5A2C46 stage=service_total duration_ms=23891 outcome=success
2026-08-06T08:49:11.037Z meeting_stop_stage session=0B081FBB-6194-4EE1-8DCD-60D96A5A2C46 stage=service_stop duration_ms=23892 outcome=success
2026-08-06T08:49:11.044Z meeting_stop_stage session=0B081FBB-6194-4EE1-8DCD-60D96A5A2C46 stage=prepare_row duration_ms=7 outcome=success
2026-08-06T08:49:11.045Z meeting_stop_stage session=0B081FBB-6194-4EE1-8DCD-60D96A5A2C46 stage=queue_enqueue duration_ms=0 outcome=success
2026-08-06T08:49:11.046Z meeting_stop_stage session=0B081FBB-6194-4EE1-8DCD-60D96A5A2C46 stage=queued_total duration_ms=23904 outcome=success
2026-08-06T08:52:59.608Z meeting_cleaned_mic session=0B081FBB-6194-4EE1-8DCD-60D96A5A2C46 outcome=rendered duration_s=2595.600 render_duration_ms=228571 realtime_factor=11.36 processed_frames=162225 raw_fallback_frames=0 failures=0 rms_ratio=1.00 probe_windows=2 probe_best_correlation=0.135
2026-08-06T08:52:59.617Z meeting_echo_suppression_resolution session=0B081FBB-6194-4EE1-8DCD-60D96A5A2C46 reason_code=cleanedUsed model_version=localvqe-v1.4-aec-200K-f32.gguf render_duration_ms=228571 realtime_factor=11.36 delay_estimate_ms=55 probe_windows=2 probe_best_correlation=0.135
2026-08-06T08:52:59.617Z meeting_cleaned_mic_source session=0B081FBB-6194-4EE1-8DCD-60D96A5A2C46 selected=cleaned reason=cleanedUsed timeout_s=600.000
2026-08-06T13:00:18.187Z audio_default_input_changed default_input=present default_input_transport=bluetooth
2026-08-06T13:00:18.330Z audio_default_input_changed default_input=present default_input_transport=bluetooth
2026-08-06T13:00:18.332Z audio_default_input_changed default_input=present default_input_transport=bluetooth
2026-08-06T13:00:18.334Z audio_default_input_changed default_input=present default_input_transport=bluetooth
2026-08-06T13:00:18.336Z audio_default_input_changed default_input=present default_input_transport=bluetooth
2026-08-06T13:00:18.343Z audio_default_input_changed default_input=present default_input_transport=bluetooth
2026-08-06T13:00:18.345Z audio_default_input_changed default_input=present default_input_transport=bluetooth
2026-08-06T13:00:18.347Z audio_default_input_changed default_input=present default_input_transport=bluetooth
2026-08-06T13:00:18.353Z audio_default_input_changed default_input=present default_input_transport=bluetooth
2026-08-06T13:00:18.376Z audio_default_input_changed default_input=present default_input_transport=bluetooth
2026-08-06T13:00:18.424Z audio_default_input_changed default_input=present default_input_transport=bluetooth
2026-08-06T13:00:18.454Z audio_default_input_changed default_input=present default_input_transport=bluetooth
2026-08-06T13:00:18.458Z audio_default_input_changed default_input=present default_input_transport=bluetooth
2026-08-06T13:00:18.459Z audio_default_input_changed default_input=present default_input_transport=bluetooth
2026-08-06T13:00:18.460Z audio_default_input_changed default_input=present default_input_transport=bluetooth
2026-08-06T13:00:18.461Z audio_default_input_changed default_input=present default_input_transport=bluetooth
2026-08-06T13:00:18.462Z audio_default_input_changed default_input=present default_input_transport=bluetooth
2026-08-06T13:00:18.502Z audio_default_input_changed default_input=present default_input_transport=bluetooth
2026-08-06T13:00:18.510Z audio_default_input_changed default_input=present default_input_transport=bluetooth
2026-08-06T13:00:18.512Z audio_default_input_changed default_input=present default_input_transport=bluetooth
2026-08-06T13:00:18.515Z audio_default_input_changed default_input=present default_input_transport=bluetooth
2026-08-06T13:00:18.516Z audio_default_input_changed default_input=present default_input_transport=bluetooth
2026-08-06T13:00:18.517Z audio_default_input_changed default_input=present default_input_transport=bluetooth
2026-08-06T13:00:18.519Z audio_default_input_changed default_input=present default_input_transport=bluetooth
2026-08-06T13:00:18.523Z audio_default_input_changed default_input=present default_input_transport=bluetooth
2026-08-06T13:00:18.526Z audio_default_input_changed default_input=present default_input_transport=bluetooth
2026-08-06T13:00:18.527Z audio_default_input_changed default_input=present default_input_transport=bluetooth
2026-08-06T13:00:18.528Z audio_default_input_changed default_input=present default_input_transport=bluetooth
2026-08-06T13:00:18.529Z audio_default_input_changed default_input=present default_input_transport=bluetooth
2026-08-06T13:00:18.530Z audio_default_input_changed default_input=present default_input_transport=bluetooth
2026-08-06T13:00:18.531Z audio_default_input_changed default_input=present default_input_transport=bluetooth
2026-08-06T13:00:18.532Z audio_default_input_changed default_input=present default_input_transport=bluetooth
2026-08-06T13:00:18.533Z audio_default_input_changed default_input=present default_input_transport=bluetooth
2026-08-06T13:00:18.534Z audio_default_input_changed default_input=present default_input_transport=bluetooth
2026-08-06T13:00:18.535Z audio_default_input_changed default_input=present default_input_transport=bluetooth
2026-08-06T13:00:18.536Z audio_default_input_changed default_input=present default_input_transport=bluetooth
2026-08-06T13:00:18.537Z audio_default_input_changed default_input=present default_input_transport=bluetooth
2026-08-06T13:00:18.538Z audio_default_input_changed default_input=present default_input_transport=bluetooth
2026-08-06T13:00:18.539Z audio_default_input_changed default_input=present default_input_transport=bluetooth
2026-08-06T13:00:18.540Z audio_default_input_changed default_input=present default_input_transport=bluetooth
2026-08-06T13:00:18.541Z audio_default_input_changed default_input=present default_input_transport=bluetooth
2026-08-06T13:00:18.542Z audio_default_input_changed default_input=present default_input_transport=bluetooth
2026-08-06T13:00:18.543Z audio_default_input_changed default_input=present default_input_transport=bluetooth
2026-08-06T13:00:18.543Z audio_default_input_changed default_input=present default_input_transport=bluetooth
2026-08-06T13:00:18.544Z audio_default_input_changed default_input=present default_input_transport=bluetooth
2026-08-06T13:00:18.545Z audio_default_input_changed default_input=present default_input_transport=bluetooth
2026-08-06T13:00:18.546Z audio_default_input_changed default_input=present default_input_transport=bluetooth
2026-08-06T13:00:18.547Z audio_default_input_changed default_input=present default_input_transport=bluetooth
2026-08-06T13:00:18.548Z audio_default_input_changed default_input=present default_input_transport=bluetooth
2026-08-06T13:00:18.548Z audio_default_input_changed default_input=present default_input_transport=bluetooth
2026-08-06T13:00:18.549Z audio_default_input_changed default_input=present default_input_transport=bluetooth
2026-08-06T13:00:18.550Z audio_default_input_changed default_input=present default_input_transport=bluetooth
2026-08-06T13:00:18.551Z audio_default_input_changed default_input=present default_input_transport=bluetooth
2026-08-06T13:00:18.552Z audio_default_input_changed default_input=present default_input_transport=bluetooth
2026-08-06T13:00:18.553Z audio_default_input_changed default_input=present default_input_transport=bluetooth
2026-08-06T13:00:18.554Z audio_default_input_changed default_input=present default_input_transport=bluetooth
2026-08-06T13:00:18.555Z audio_default_input_changed default_input=present default_input_transport=bluetooth
2026-08-06T13:00:18.556Z audio_default_input_changed default_input=present default_input_transport=bluetooth
2026-08-06T13:00:18.557Z audio_default_input_changed default_input=present default_input_transport=bluetooth
2026-08-06T13:00:18.558Z audio_default_input_changed default_input=present default_input_transport=bluetooth
2026-08-06T13:00:18.559Z audio_default_input_changed default_input=present default_input_transport=bluetooth
2026-08-06T13:00:18.560Z audio_default_input_changed default_input=present default_input_transport=bluetooth
2026-08-06T13:00:18.560Z audio_default_input_changed default_input=present default_input_transport=bluetooth
2026-08-06T13:00:18.561Z audio_default_input_changed default_input=present default_input_transport=bluetooth
2026-08-06T13:00:18.562Z audio_default_input_changed default_input=present default_input_transport=bluetooth
2026-08-06T13:00:18.563Z audio_default_input_changed default_input=present default_input_transport=bluetooth
2026-08-06T13:00:18.564Z audio_default_input_changed default_input=present default_input_transport=bluetooth
2026-08-06T13:00:18.565Z audio_default_input_changed default_input=present default_input_transport=bluetooth
2026-08-06T13:00:18.565Z audio_default_input_changed default_input=present default_input_transport=bluetooth
2026-08-06T13:00:18.566Z audio_default_input_changed default_input=present default_input_transport=bluetooth
2026-08-06T13:00:18.567Z audio_default_input_changed default_input=present default_input_transport=bluetooth
2026-08-06T13:00:18.568Z audio_default_input_changed default_input=present default_input_transport=bluetooth
2026-08-06T13:00:18.569Z audio_default_input_changed default_input=present default_input_transport=bluetooth
2026-08-06T13:00:18.569Z audio_default_input_changed default_input=present default_input_transport=bluetooth
2026-08-06T13:00:18.570Z audio_default_input_changed default_input=present default_input_transport=bluetooth
2026-08-06T13:00:18.571Z audio_default_input_changed default_input=present default_input_transport=bluetooth
2026-08-06T13:00:18.572Z audio_default_input_changed default_input=present default_input_transport=bluetooth
2026-08-06T13:00:18.573Z audio_default_input_changed default_input=present default_input_transport=bluetooth
2026-08-06T13:00:18.574Z audio_default_input_changed default_input=present default_input_transport=bluetooth
2026-08-06T13:00:18.575Z audio_default_input_changed default_input=present default_input_transport=bluetooth
2026-08-06T13:00:18.576Z audio_default_input_changed default_input=present default_input_transport=bluetooth
2026-08-06T13:00:18.576Z audio_default_input_changed default_input=present default_input_transport=bluetooth
2026-08-06T13:00:18.577Z audio_default_input_changed default_input=present default_input_transport=bluetooth
2026-08-06T13:00:19.095Z shared_mic_engine_stopped
2026-08-06T13:00:19.104Z shared_mic_engine_prepare_skipped reason=bluetooth_or_unresolved_route
2026-08-06T13:00:57.549Z meeting_live_chunking_mode session=85C726EE-9B6F-468F-92DF-C4AD3073F2E9 mode=vad reason=started
2026-08-06T13:00:57.568Z meeting_mic_capture_starting requested_mode=raw default_input=present default_input_transport=bluetooth
2026-08-06T13:00:57.752Z shared_mic_engine_start_timing vpio=false buffer_size=4096 set_vpio_ms=0.010 ducking_ms=0.000 output_format_ms=0.016 install_tap_ms=0.008 audio_engine_start_ms=106.363 total_ms=180.640
2026-08-06T13:00:57.754Z shared_mic_engine_input_device_started source=system_default device=present transport=bluetooth vpio=false set_device_ms=0.000 start_engine_ms=183.042
2026-08-06T13:00:57.755Z shared_mic_diagnostics transition=subscribe wants_vpio=false blocks_vpio_promotion=true subscribers=1 vpio_subs=0 passive_subs=0 engine_running=true vpio_engaged=false vpio_deferred=false vpio_deferral_count=0
2026-08-06T13:00:57.756Z meeting_mic_processing mode=raw
2026-08-06T13:00:57.757Z meeting_mic_capture_started requested_mode=raw effective_mode=raw sr=48000.0 ch=1 default_input=present default_input_transport=bluetooth
2026-08-06T13:00:57.864Z system_audio_stream_screen_output_attached mode=discard
2026-08-06T13:00:57.878Z meeting_mic_first_buffer sr=48000.0 ch=1 interleaved=false
2026-08-06T13:00:58.125Z system_audio_stream_started sr=48000 ch=2
2026-08-06T13:00:58.126Z meeting_recording_started session=85C726EE-9B6F-468F-92DF-C4AD3073F2E9 source_mode=Optional(MacParakeetCore.MeetingAudioSourceMode.microphoneAndSystem) requested_mic_mode=raw effective_mic_mode=raw
2026-08-06T13:00:58.220Z system_audio_stream_first_buffer sr=48000 ch=2
2026-08-06T14:03:39.676Z meeting_stop_stage session=85C726EE-9B6F-468F-92DF-C4AD3073F2E9 stage=notes_commit duration_ms=2 outcome=success
2026-08-06T14:03:39.678Z meeting_recording_stopping session=85C726EE-9B6F-468F-92DF-C4AD3073F2E9
2026-08-06T14:03:39.678Z meeting_mic_capture_stopped default_input=present default_input_transport=bluetooth
2026-08-06T14:03:39.697Z shared_mic_engine_stopped
2026-08-06T14:03:39.698Z shared_mic_diagnostics transition=unsubscribe wants_vpio=n/a blocks_vpio_promotion=n/a subscribers=0 vpio_subs=0 passive_subs=0 engine_running=false vpio_engaged=false vpio_deferred=false vpio_deferral_count=0
2026-08-06T14:03:39.702Z shared_mic_engine_prepare_skipped reason=bluetooth_or_unresolved_route
2026-08-06T14:03:39.787Z system_audio_stream_stopped outcome=completed
2026-08-06T14:03:39.790Z meeting_stop_stage session=85C726EE-9B6F-468F-92DF-C4AD3073F2E9 stage=capture_stop duration_ms=111 outcome=success
2026-08-06T14:03:39.803Z meeting_stop_stage session=85C726EE-9B6F-468F-92DF-C4AD3073F2E9 stage=processing_drain duration_ms=11 outcome=success
2026-08-06T14:03:39.836Z meeting_stop_stage session=85C726EE-9B6F-468F-92DF-C4AD3073F2E9 stage=writer_finalize duration_ms=31 outcome=success
2026-08-06T14:03:39.882Z meeting_stop_stage session=85C726EE-9B6F-468F-92DF-C4AD3073F2E9 stage=source_urls duration_ms=45 outcome=success
2026-08-06T14:03:39.884Z meeting_stop_stage session=85C726EE-9B6F-468F-92DF-C4AD3073F2E9 stage=metadata_save duration_ms=1 outcome=success
2026-08-06T14:03:53.165Z audio_default_input_changed default_input=present default_input_transport=built-in
2026-08-06T14:03:53.186Z audio_default_input_changed default_input=present default_input_transport=built-in
2026-08-06T14:03:53.187Z audio_default_input_changed default_input=present default_input_transport=built-in
2026-08-06T14:03:53.187Z audio_default_input_changed default_input=present default_input_transport=built-in
2026-08-06T14:03:53.188Z audio_default_input_changed default_input=present default_input_transport=built-in
2026-08-06T14:03:53.189Z audio_default_input_changed default_input=present default_input_transport=built-in
2026-08-06T14:03:53.189Z audio_default_input_changed default_input=present default_input_transport=built-in
2026-08-06T14:03:53.190Z audio_default_input_changed default_input=present default_input_transport=built-in
2026-08-06T14:03:53.191Z audio_default_input_changed default_input=present default_input_transport=built-in
2026-08-06T14:03:53.206Z audio_default_input_changed default_input=present default_input_transport=built-in
2026-08-06T14:03:53.209Z audio_default_input_changed default_input=present default_input_transport=built-in
2026-08-06T14:03:53.215Z audio_default_input_changed default_input=present default_input_transport=built-in
2026-08-06T14:03:53.227Z audio_default_input_changed default_input=present default_input_transport=built-in
2026-08-06T14:03:53.236Z audio_default_input_changed default_input=present default_input_transport=built-in
2026-08-06T14:03:53.240Z audio_default_input_changed default_input=present default_input_transport=built-in
2026-08-06T14:03:53.249Z audio_default_input_changed default_input=present default_input_transport=built-in
2026-08-06T14:03:53.296Z audio_default_input_changed default_input=present default_input_transport=built-in
2026-08-06T14:03:53.299Z audio_default_input_changed default_input=present default_input_transport=built-in
2026-08-06T14:03:53.300Z audio_default_input_changed default_input=present default_input_transport=built-in
2026-08-06T14:03:53.304Z audio_default_input_changed default_input=present default_input_transport=built-in
2026-08-06T14:03:53.305Z audio_default_input_changed default_input=present default_input_transport=built-in
2026-08-06T14:03:53.306Z audio_default_input_changed default_input=present default_input_transport=built-in
2026-08-06T14:03:53.307Z audio_default_input_changed default_input=present default_input_transport=built-in
2026-08-06T14:03:53.307Z audio_default_input_changed default_input=present default_input_transport=built-in
2026-08-06T14:03:53.308Z audio_default_input_changed default_input=present default_input_transport=built-in
2026-08-06T14:03:53.308Z audio_default_input_changed default_input=present default_input_transport=built-in
2026-08-06T14:03:53.309Z audio_default_input_changed default_input=present default_input_transport=built-in
2026-08-06T14:03:53.310Z audio_default_input_changed default_input=present default_input_transport=built-in
2026-08-06T14:03:53.310Z audio_default_input_changed default_input=present default_input_transport=built-in
2026-08-06T14:03:53.311Z audio_default_input_changed default_input=present default_input_transport=built-in
2026-08-06T14:03:53.311Z audio_default_input_changed default_input=present default_input_transport=built-in
2026-08-06T14:03:53.312Z audio_default_input_changed default_input=present default_input_transport=built-in
2026-08-06T14:03:53.312Z audio_default_input_changed default_input=present default_input_transport=built-in
2026-08-06T14:03:53.313Z audio_default_input_changed default_input=present default_input_transport=built-in
2026-08-06T14:03:53.313Z audio_default_input_changed default_input=present default_input_transport=built-in
2026-08-06T14:03:53.314Z audio_default_input_changed default_input=present default_input_transport=built-in
2026-08-06T14:03:53.314Z audio_default_input_changed default_input=present default_input_transport=built-in
2026-08-06T14:03:53.315Z audio_default_input_changed default_input=present default_input_transport=built-in
2026-08-06T14:03:53.315Z audio_default_input_changed default_input=present default_input_transport=built-in
2026-08-06T14:03:53.315Z audio_default_input_changed default_input=present default_input_transport=built-in
2026-08-06T14:03:53.316Z audio_default_input_changed default_input=present default_input_transport=built-in
2026-08-06T14:03:53.316Z audio_default_input_changed default_input=present default_input_transport=built-in
2026-08-06T14:03:53.317Z audio_default_input_changed default_input=present default_input_transport=built-in
2026-08-06T14:03:53.317Z audio_default_input_changed default_input=present default_input_transport=built-in
2026-08-06T14:03:53.318Z audio_default_input_changed default_input=present default_input_transport=built-in
2026-08-06T14:03:53.318Z audio_default_input_changed default_input=present default_input_transport=built-in
2026-08-06T14:03:53.319Z audio_default_input_changed default_input=present default_input_transport=built-in
2026-08-06T14:03:53.319Z audio_default_input_changed default_input=present default_input_transport=built-in
2026-08-06T14:03:53.320Z audio_default_input_changed default_input=present default_input_transport=built-in
2026-08-06T14:03:53.320Z audio_default_input_changed default_input=present default_input_transport=built-in
2026-08-06T14:03:53.320Z audio_default_input_changed default_input=present default_input_transport=built-in
2026-08-06T14:03:53.321Z audio_default_input_changed default_input=present default_input_transport=built-in
2026-08-06T14:03:53.321Z audio_default_input_changed default_input=present default_input_transport=built-in
2026-08-06T14:03:53.322Z audio_default_input_changed default_input=present default_input_transport=built-in
2026-08-06T14:03:53.322Z audio_default_input_changed default_input=present default_input_transport=built-in
2026-08-06T14:03:53.323Z audio_default_input_changed default_input=present default_input_transport=built-in
2026-08-06T14:03:53.323Z audio_default_input_changed default_input=present default_input_transport=built-in
2026-08-06T14:03:53.324Z audio_default_input_changed default_input=present default_input_transport=built-in
2026-08-06T14:03:53.324Z audio_default_input_changed default_input=present default_input_transport=built-in
2026-08-06T14:03:53.325Z audio_default_input_changed default_input=present default_input_transport=built-in
2026-08-06T14:03:53.326Z audio_default_input_changed default_input=present default_input_transport=built-in
2026-08-06T14:03:53.326Z audio_default_input_changed default_input=present default_input_transport=built-in
2026-08-06T14:03:53.327Z audio_default_input_changed default_input=present default_input_transport=built-in
2026-08-06T14:03:53.327Z audio_default_input_changed default_input=present default_input_transport=built-in
2026-08-06T14:03:53.328Z audio_default_input_changed default_input=present default_input_transport=built-in
2026-08-06T14:03:53.328Z audio_default_input_changed default_input=present default_input_transport=built-in
2026-08-06T14:03:53.329Z audio_default_input_changed default_input=present default_input_transport=built-in
2026-08-06T14:03:53.329Z audio_default_input_changed default_input=present default_input_transport=built-in
2026-08-06T14:03:53.330Z audio_default_input_changed default_input=present default_input_transport=built-in
2026-08-06T14:03:53.330Z audio_default_input_changed default_input=present default_input_transport=built-in
2026-08-06T14:03:53.331Z audio_default_input_changed default_input=present default_input_transport=built-in
2026-08-06T14:03:53.331Z audio_default_input_changed default_input=present default_input_transport=built-in
2026-08-06T14:03:53.332Z audio_default_input_changed default_input=present default_input_transport=built-in
2026-08-06T14:03:53.332Z audio_default_input_changed default_input=present default_input_transport=built-in
2026-08-06T14:03:53.333Z audio_default_input_changed default_input=present default_input_transport=built-in
2026-08-06T14:03:53.333Z audio_default_input_changed default_input=present default_input_transport=built-in
2026-08-06T14:03:53.334Z audio_default_input_changed default_input=present default_input_transport=built-in
2026-08-06T14:03:53.334Z audio_default_input_changed default_input=present default_input_transport=built-in
2026-08-06T14:03:53.335Z audio_default_input_changed default_input=present default_input_transport=built-in
2026-08-06T14:03:53.335Z audio_default_input_changed default_input=present default_input_transport=built-in
2026-08-06T14:03:53.336Z audio_default_input_changed default_input=present default_input_transport=built-in
2026-08-06T14:03:53.337Z audio_default_input_changed default_input=present default_input_transport=built-in
2026-08-06T14:03:53.337Z audio_default_input_changed default_input=present default_input_transport=built-in
2026-08-06T14:03:53.337Z audio_default_input_changed default_input=present default_input_transport=built-in
2026-08-06T14:03:53.338Z audio_default_input_changed default_input=present default_input_transport=built-in
2026-08-06T14:03:53.967Z shared_mic_engine_prepare_timing vpio=false buffer_size=4096 set_vpio_ms=0.005 output_format_ms=0.006 install_tap_ms=0.007 total_ms=115.508
2026-08-06T14:03:53.967Z shared_mic_engine_input_device_prepared source=system_default device=present transport=built-in vpio=false set_device_ms=0.000 prepare_engine_ms=116.210
2026-08-06T14:04:13.229Z meeting_stop_stage session=85C726EE-9B6F-468F-92DF-C4AD3073F2E9 stage=mix duration_ms=33345 outcome=success
2026-08-06T14:04:13.230Z meeting_stop_stage session=85C726EE-9B6F-468F-92DF-C4AD3073F2E9 stage=notes_write duration_ms=1 outcome=success
2026-08-06T14:04:13.231Z meeting_stop_stage session=85C726EE-9B6F-468F-92DF-C4AD3073F2E9 stage=lock_write duration_ms=0 outcome=success
2026-08-06T14:04:13.232Z meeting_cleaned_mic session=85C726EE-9B6F-468F-92DF-C4AD3073F2E9 outcome=scheduled
2026-08-06T14:04:13.232Z meeting_stop_stage session=85C726EE-9B6F-468F-92DF-C4AD3073F2E9 stage=cleaned_mic_schedule duration_ms=1 outcome=success
2026-08-06T14:04:13.232Z meeting_stop_stage session=85C726EE-9B6F-468F-92DF-C4AD3073F2E9 stage=cleanup duration_ms=0 outcome=success
2026-08-06T14:04:13.233Z meeting_recording_stopped session=85C726EE-9B6F-468F-92DF-C4AD3073F2E9 duration_s=3795.686
2026-08-06T14:04:13.233Z meeting_recording_health session=85C726EE-9B6F-468F-92DF-C4AD3073F2E9 duration_s=3795.686 source_mode=microphone_and_system mic_started=true requested_mic_mode=raw effective_mic_mode=raw mic_first_buffer=true system_first_buffer=true mic_bytes=31475702 system_bytes=26775987 mixed_bytes=61195050 mic_frames=180566400 system_frames=180552000 mic_chunks_enqueued=179 system_chunks_enqueued=298 mic_chunks_low_signal_dropped=0 system_chunks_low_signal_dropped=18 mic_chunks_system_dominant_dropped=55 backpressure_drops=0 transcription_failures=0 interrupted_sources=none capture_failed=false
2026-08-06T14:04:13.234Z meeting_echo_suppression_summary session=85C726EE-9B6F-468F-92DF-C4AD3073F2E9 processor=localvqe loaded=true mic_frames=235093 processed_frames=235093 raw_fallback_frames=0 full_reference_frames=235093 partial_reference_frames=0 missing_reference_frames=0 processing_failures=0 current_delay_samples=0 delay_confidence=0.000 delay_estimate_count=0 rejected_delay_estimates=7523
2026-08-06T14:04:13.234Z meeting_stop_stage session=85C726EE-9B6F-468F-92DF-C4AD3073F2E9 stage=service_total duration_ms=33557 outcome=success
2026-08-06T14:04:13.235Z meeting_stop_stage session=85C726EE-9B6F-468F-92DF-C4AD3073F2E9 stage=service_stop duration_ms=33557 outcome=success
2026-08-06T14:04:13.240Z meeting_stop_stage session=85C726EE-9B6F-468F-92DF-C4AD3073F2E9 stage=prepare_row duration_ms=5 outcome=success
2026-08-06T14:04:13.241Z meeting_stop_stage session=85C726EE-9B6F-468F-92DF-C4AD3073F2E9 stage=queue_enqueue duration_ms=0 outcome=success
2026-08-06T14:04:13.242Z meeting_stop_stage session=85C726EE-9B6F-468F-92DF-C4AD3073F2E9 stage=queued_total duration_ms=33568 outcome=success
2026-08-06T14:09:46.921Z meeting_cleaned_mic session=85C726EE-9B6F-468F-92DF-C4AD3073F2E9 outcome=rendered duration_s=3761.800 render_duration_ms=333688 realtime_factor=11.27 processed_frames=235112 raw_fallback_frames=1 failures=0 rms_ratio=1.00 probe_windows=5 probe_best_correlation=0.157
2026-08-06T14:09:46.932Z meeting_echo_suppression_resolution session=85C726EE-9B6F-468F-92DF-C4AD3073F2E9 reason_code=cleanedUsed model_version=localvqe-v1.4-aec-200K-f32.gguf render_duration_ms=333688 realtime_factor=11.27 delay_estimate_ms=99 probe_windows=5 probe_best_correlation=0.157
2026-08-06T14:09:46.932Z meeting_cleaned_mic_source session=85C726EE-9B6F-468F-92DF-C4AD3073F2E9 selected=cleaned reason=cleanedUsed timeout_s=600.000
2026-08-08T08:21:26.401Z audio_default_input_changed default_input=present default_input_transport=bluetooth
2026-08-08T08:21:26.562Z audio_default_input_changed default_input=present default_input_transport=bluetooth
2026-08-08T08:21:26.686Z audio_default_input_changed default_input=present default_input_transport=bluetooth
2026-08-08T08:21:26.703Z audio_default_input_changed default_input=present default_input_transport=bluetooth
2026-08-08T08:21:26.704Z audio_default_input_changed default_input=present default_input_transport=bluetooth
2026-08-08T08:21:26.705Z audio_default_input_changed default_input=present default_input_transport=bluetooth
2026-08-08T08:21:26.705Z audio_default_input_changed default_input=present default_input_transport=bluetooth
2026-08-08T08:21:26.709Z audio_default_input_changed default_input=present default_input_transport=bluetooth
2026-08-08T08:21:26.711Z audio_default_input_changed default_input=present default_input_transport=bluetooth
2026-08-08T08:21:26.717Z audio_default_input_changed default_input=present default_input_transport=bluetooth
2026-08-08T08:21:26.731Z audio_default_input_changed default_input=present default_input_transport=bluetooth
2026-08-08T08:21:26.736Z audio_default_input_changed default_input=present default_input_transport=bluetooth
2026-08-08T08:21:26.737Z audio_default_input_changed default_input=present default_input_transport=bluetooth
2026-08-08T08:21:26.739Z audio_default_input_changed default_input=present default_input_transport=bluetooth
2026-08-08T08:21:26.740Z audio_default_input_changed default_input=present default_input_transport=bluetooth
2026-08-08T08:21:26.741Z audio_default_input_changed default_input=present default_input_transport=bluetooth
2026-08-08T08:21:26.744Z audio_default_input_changed default_input=present default_input_transport=bluetooth
2026-08-08T08:21:26.745Z audio_default_input_changed default_input=present default_input_transport=bluetooth
2026-08-08T08:21:26.745Z audio_default_input_changed default_input=present default_input_transport=bluetooth
2026-08-08T08:21:26.746Z audio_default_input_changed default_input=present default_input_transport=bluetooth
2026-08-08T08:21:26.747Z audio_default_input_changed default_input=present default_input_transport=bluetooth
2026-08-08T08:21:26.747Z audio_default_input_changed default_input=present default_input_transport=bluetooth
2026-08-08T08:21:26.748Z audio_default_input_changed default_input=present default_input_transport=bluetooth
2026-08-08T08:21:26.750Z audio_default_input_changed default_input=present default_input_transport=bluetooth
2026-08-08T08:21:26.751Z audio_default_input_changed default_input=present default_input_transport=bluetooth
2026-08-08T08:21:26.752Z audio_default_input_changed default_input=present default_input_transport=bluetooth
2026-08-08T08:21:26.753Z audio_default_input_changed default_input=present default_input_transport=bluetooth
2026-08-08T08:21:26.754Z audio_default_input_changed default_input=present default_input_transport=bluetooth
2026-08-08T08:21:26.755Z audio_default_input_changed default_input=present default_input_transport=bluetooth
2026-08-08T08:21:26.757Z audio_default_input_changed default_input=present default_input_transport=bluetooth
2026-08-08T08:21:26.759Z audio_default_input_changed default_input=present default_input_transport=bluetooth
2026-08-08T08:21:26.760Z audio_default_input_changed default_input=present default_input_transport=bluetooth
2026-08-08T08:21:26.761Z audio_default_input_changed default_input=present default_input_transport=bluetooth
2026-08-08T08:21:26.762Z audio_default_input_changed default_input=present default_input_transport=bluetooth
2026-08-08T08:21:26.764Z audio_default_input_changed default_input=present default_input_transport=bluetooth
2026-08-08T08:21:26.766Z audio_default_input_changed default_input=present default_input_transport=bluetooth
2026-08-08T08:21:26.767Z audio_default_input_changed default_input=present default_input_transport=bluetooth
2026-08-08T08:21:26.768Z audio_default_input_changed default_input=present default_input_transport=bluetooth
2026-08-08T08:21:26.769Z audio_default_input_changed default_input=present default_input_transport=bluetooth
2026-08-08T08:21:26.770Z audio_default_input_changed default_input=present default_input_transport=bluetooth
2026-08-08T08:21:26.771Z audio_default_input_changed default_input=present default_input_transport=bluetooth
2026-08-08T08:21:26.772Z audio_default_input_changed default_input=present default_input_transport=bluetooth
2026-08-08T08:21:26.773Z audio_default_input_changed default_input=present default_input_transport=bluetooth
2026-08-08T08:21:26.774Z audio_default_input_changed default_input=present default_input_transport=bluetooth
2026-08-08T08:21:26.775Z audio_default_input_changed default_input=present default_input_transport=bluetooth
2026-08-08T08:21:26.776Z audio_default_input_changed default_input=present default_input_transport=bluetooth
2026-08-08T08:21:26.777Z audio_default_input_changed default_input=present default_input_transport=bluetooth
2026-08-08T08:21:26.778Z audio_default_input_changed default_input=present default_input_transport=bluetooth
2026-08-08T08:21:26.778Z audio_default_input_changed default_input=present default_input_transport=bluetooth
2026-08-08T08:21:26.779Z audio_default_input_changed default_input=present default_input_transport=bluetooth
2026-08-08T08:21:26.782Z audio_default_input_changed default_input=present default_input_transport=bluetooth
2026-08-08T08:21:26.782Z audio_default_input_changed default_input=present default_input_transport=bluetooth
2026-08-08T08:21:26.783Z audio_default_input_changed default_input=present default_input_transport=bluetooth
2026-08-08T08:21:26.783Z audio_default_input_changed default_input=present default_input_transport=bluetooth
2026-08-08T08:21:26.785Z audio_default_input_changed default_input=present default_input_transport=bluetooth
2026-08-08T08:21:26.786Z audio_default_input_changed default_input=present default_input_transport=bluetooth
2026-08-08T08:21:26.787Z audio_default_input_changed default_input=present default_input_transport=bluetooth
2026-08-08T08:21:26.789Z audio_default_input_changed default_input=present default_input_transport=bluetooth
2026-08-08T08:21:26.789Z audio_default_input_changed default_input=present default_input_transport=bluetooth
2026-08-08T08:21:26.790Z audio_default_input_changed default_input=present default_input_transport=bluetooth
2026-08-08T08:21:26.791Z audio_default_input_changed default_input=present default_input_transport=bluetooth
2026-08-08T08:21:26.792Z audio_default_input_changed default_input=present default_input_transport=bluetooth
2026-08-08T08:21:26.793Z audio_default_input_changed default_input=present default_input_transport=bluetooth
2026-08-08T08:21:26.794Z audio_default_input_changed default_input=present default_input_transport=bluetooth
2026-08-08T08:21:26.795Z audio_default_input_changed default_input=present default_input_transport=bluetooth
2026-08-08T08:21:26.796Z audio_default_input_changed default_input=present default_input_transport=bluetooth
2026-08-08T08:21:26.797Z audio_default_input_changed default_input=present default_input_transport=bluetooth
2026-08-08T08:21:26.798Z audio_default_input_changed default_input=present default_input_transport=bluetooth
2026-08-08T08:21:26.799Z audio_default_input_changed default_input=present default_input_transport=bluetooth
2026-08-08T08:21:26.800Z audio_default_input_changed default_input=present default_input_transport=bluetooth
2026-08-08T08:21:26.800Z audio_default_input_changed default_input=present default_input_transport=bluetooth
2026-08-08T08:21:26.801Z audio_default_input_changed default_input=present default_input_transport=bluetooth
2026-08-08T08:21:26.802Z audio_default_input_changed default_input=present default_input_transport=bluetooth
2026-08-08T08:21:26.803Z audio_default_input_changed default_input=present default_input_transport=bluetooth
2026-08-08T08:21:26.804Z audio_default_input_changed default_input=present default_input_transport=bluetooth
2026-08-08T08:21:26.806Z audio_default_input_changed default_input=present default_input_transport=bluetooth
2026-08-08T08:21:26.807Z audio_default_input_changed default_input=present default_input_transport=bluetooth
2026-08-08T08:21:26.808Z audio_default_input_changed default_input=present default_input_transport=bluetooth
2026-08-08T08:21:26.810Z audio_default_input_changed default_input=present default_input_transport=bluetooth
2026-08-08T08:21:26.811Z audio_default_input_changed default_input=present default_input_transport=bluetooth
2026-08-08T08:21:26.811Z audio_default_input_changed default_input=present default_input_transport=bluetooth
2026-08-08T08:21:26.812Z audio_default_input_changed default_input=present default_input_transport=bluetooth
2026-08-08T08:21:26.812Z audio_default_input_changed default_input=present default_input_transport=bluetooth
2026-08-08T08:21:26.813Z audio_default_input_changed default_input=present default_input_transport=bluetooth
2026-08-08T08:21:26.814Z audio_default_input_changed default_input=present default_input_transport=bluetooth
2026-08-08T08:21:26.814Z audio_default_input_changed default_input=present default_input_transport=bluetooth
2026-08-08T08:21:27.334Z shared_mic_engine_stopped
2026-08-08T08:21:27.340Z shared_mic_engine_prepare_skipped reason=bluetooth_or_unresolved_route
2026-08-08T08:45:36.152Z audio_default_input_changed default_input=present default_input_transport=built-in
2026-08-08T08:45:36.161Z audio_default_input_changed default_input=present default_input_transport=built-in
2026-08-08T08:45:36.162Z audio_default_input_changed default_input=present default_input_transport=built-in
2026-08-08T08:45:36.164Z audio_default_input_changed default_input=present default_input_transport=built-in
2026-08-08T08:45:36.165Z audio_default_input_changed default_input=present default_input_transport=built-in
2026-08-08T08:45:36.165Z audio_default_input_changed default_input=present default_input_transport=built-in
2026-08-08T08:45:36.166Z audio_default_input_changed default_input=present default_input_transport=built-in
2026-08-08T08:45:36.166Z audio_default_input_changed default_input=present default_input_transport=built-in
2026-08-08T08:45:36.167Z audio_default_input_changed default_input=present default_input_transport=built-in
2026-08-08T08:45:36.167Z audio_default_input_changed default_input=present default_input_transport=built-in
2026-08-08T08:45:36.168Z audio_default_input_changed default_input=present default_input_transport=built-in
2026-08-08T08:45:36.168Z audio_default_input_changed default_input=present default_input_transport=built-in
2026-08-08T08:45:36.169Z audio_default_input_changed default_input=present default_input_transport=built-in
2026-08-08T08:45:36.169Z audio_default_input_changed default_input=present default_input_transport=built-in
2026-08-08T08:45:36.170Z audio_default_input_changed default_input=present default_input_transport=built-in
2026-08-08T08:45:36.237Z audio_default_input_changed default_input=present default_input_transport=built-in
2026-08-08T08:45:36.419Z audio_default_input_changed default_input=present default_input_transport=built-in
2026-08-08T08:45:36.425Z audio_default_input_changed default_input=present default_input_transport=built-in
2026-08-08T08:45:36.433Z audio_default_input_changed default_input=present default_input_transport=built-in
2026-08-08T08:45:36.436Z audio_default_input_changed default_input=present default_input_transport=built-in
2026-08-08T08:45:36.438Z audio_default_input_changed default_input=present default_input_transport=built-in
2026-08-08T08:45:36.443Z audio_default_input_changed default_input=present default_input_transport=built-in
2026-08-08T08:45:36.445Z audio_default_input_changed default_input=present default_input_transport=built-in
2026-08-08T08:45:36.446Z audio_default_input_changed default_input=present default_input_transport=built-in
2026-08-08T08:45:36.447Z audio_default_input_changed default_input=present default_input_transport=built-in
2026-08-08T08:45:36.448Z audio_default_input_changed default_input=present default_input_transport=built-in
2026-08-08T08:45:36.448Z audio_default_input_changed default_input=present default_input_transport=built-in
2026-08-08T08:45:36.449Z audio_default_input_changed default_input=present default_input_transport=built-in
2026-08-08T08:45:36.449Z audio_default_input_changed default_input=present default_input_transport=built-in
2026-08-08T08:45:36.450Z audio_default_input_changed default_input=present default_input_transport=built-in
2026-08-08T08:45:36.451Z audio_default_input_changed default_input=present default_input_transport=built-in
2026-08-08T08:45:36.451Z audio_default_input_changed default_input=present default_input_transport=built-in
2026-08-08T08:45:36.451Z audio_default_input_changed default_input=present default_input_transport=built-in
2026-08-08T08:45:36.452Z audio_default_input_changed default_input=present default_input_transport=built-in
2026-08-08T08:45:36.452Z audio_default_input_changed default_input=present default_input_transport=built-in
2026-08-08T08:45:36.453Z audio_default_input_changed default_input=present default_input_transport=built-in
2026-08-08T08:45:36.453Z audio_default_input_changed default_input=present default_input_transport=built-in
2026-08-08T08:45:36.453Z audio_default_input_changed default_input=present default_input_transport=built-in
2026-08-08T08:45:36.454Z audio_default_input_changed default_input=present default_input_transport=built-in
2026-08-08T08:45:36.454Z audio_default_input_changed default_input=present default_input_transport=built-in
2026-08-08T08:45:36.455Z audio_default_input_changed default_input=present default_input_transport=built-in
2026-08-08T08:45:36.455Z audio_default_input_changed default_input=present default_input_transport=built-in
2026-08-08T08:45:36.456Z audio_default_input_changed default_input=present default_input_transport=built-in
2026-08-08T08:45:36.456Z audio_default_input_changed default_input=present default_input_transport=built-in
2026-08-08T08:45:36.456Z audio_default_input_changed default_input=present default_input_transport=built-in
2026-08-08T08:45:36.457Z audio_default_input_changed default_input=present default_input_transport=built-in
2026-08-08T08:45:36.457Z audio_default_input_changed default_input=present default_input_transport=built-in
2026-08-08T08:45:36.458Z audio_default_input_changed default_input=present default_input_transport=built-in
2026-08-08T08:45:36.458Z audio_default_input_changed default_input=present default_input_transport=built-in
2026-08-08T08:45:36.459Z audio_default_input_changed default_input=present default_input_transport=built-in
2026-08-08T08:45:36.459Z audio_default_input_changed default_input=present default_input_transport=built-in
2026-08-08T08:45:36.459Z audio_default_input_changed default_input=present default_input_transport=built-in
2026-08-08T08:45:36.460Z audio_default_input_changed default_input=present default_input_transport=built-in
2026-08-08T08:45:36.460Z audio_default_input_changed default_input=present default_input_transport=built-in
2026-08-08T08:45:36.461Z audio_default_input_changed default_input=present default_input_transport=built-in
2026-08-08T08:45:36.461Z audio_default_input_changed default_input=present default_input_transport=built-in
2026-08-08T08:45:36.462Z audio_default_input_changed default_input=present default_input_transport=built-in
2026-08-08T08:45:36.462Z audio_default_input_changed default_input=present default_input_transport=built-in
2026-08-08T08:45:36.463Z audio_default_input_changed default_input=present default_input_transport=built-in
2026-08-08T08:45:36.463Z audio_default_input_changed default_input=present default_input_transport=built-in
2026-08-08T08:45:36.464Z audio_default_input_changed default_input=present default_input_transport=built-in
2026-08-08T08:45:36.464Z audio_default_input_changed default_input=present default_input_transport=built-in
2026-08-08T08:45:36.465Z audio_default_input_changed default_input=present default_input_transport=built-in
2026-08-08T08:45:36.465Z audio_default_input_changed default_input=present default_input_transport=built-in
2026-08-08T08:45:36.466Z audio_default_input_changed default_input=present default_input_transport=built-in
2026-08-08T08:45:36.466Z audio_default_input_changed default_input=present default_input_transport=built-in
2026-08-08T08:45:36.466Z audio_default_input_changed default_input=present default_input_transport=built-in
2026-08-08T08:45:36.467Z audio_default_input_changed default_input=present default_input_transport=built-in
2026-08-08T08:45:36.467Z audio_default_input_changed default_input=present default_input_transport=built-in
2026-08-08T08:45:36.468Z audio_default_input_changed default_input=present default_input_transport=built-in
2026-08-08T08:45:36.468Z audio_default_input_changed default_input=present default_input_transport=built-in
2026-08-08T08:45:36.469Z audio_default_input_changed default_input=present default_input_transport=built-in
2026-08-08T08:45:36.469Z audio_default_input_changed default_input=present default_input_transport=built-in
2026-08-08T08:45:36.470Z audio_default_input_changed default_input=present default_input_transport=built-in
2026-08-08T08:45:36.470Z audio_default_input_changed default_input=present default_input_transport=built-in
2026-08-08T08:45:36.471Z audio_default_input_changed default_input=present default_input_transport=built-in
2026-08-08T08:45:36.471Z audio_default_input_changed default_input=present default_input_transport=built-in
2026-08-08T08:45:36.472Z audio_default_input_changed default_input=present default_input_transport=built-in
2026-08-08T08:45:36.473Z audio_default_input_changed default_input=present default_input_transport=built-in
2026-08-08T08:45:36.473Z audio_default_input_changed default_input=present default_input_transport=built-in
2026-08-08T08:45:36.473Z audio_default_input_changed default_input=present default_input_transport=built-in
2026-08-08T08:45:36.474Z audio_default_input_changed default_input=present default_input_transport=built-in
2026-08-08T08:45:36.474Z audio_default_input_changed default_input=present default_input_transport=built-in
2026-08-08T08:45:36.475Z audio_default_input_changed default_input=present default_input_transport=built-in
2026-08-08T08:45:36.475Z audio_default_input_changed default_input=present default_input_transport=built-in
2026-08-08T08:45:36.476Z audio_default_input_changed default_input=present default_input_transport=built-in
2026-08-08T08:45:36.476Z audio_default_input_changed default_input=present default_input_transport=built-in
2026-08-08T08:45:37.144Z shared_mic_engine_prepare_timing vpio=false buffer_size=4096 set_vpio_ms=0.017 output_format_ms=0.007 install_tap_ms=0.009 total_ms=144.965
2026-08-08T08:45:37.145Z shared_mic_engine_input_device_prepared source=system_default device=present transport=built-in vpio=false set_device_ms=0.000 prepare_engine_ms=145.628
2026-08-08T09:21:58.790Z audio_default_input_changed default_input=present default_input_transport=bluetooth
2026-08-08T09:21:58.960Z audio_default_input_changed default_input=present default_input_transport=bluetooth
2026-08-08T09:21:58.996Z audio_default_input_changed default_input=present default_input_transport=bluetooth
2026-08-08T09:21:59.022Z audio_default_input_changed default_input=present default_input_transport=bluetooth
2026-08-08T09:21:59.036Z audio_default_input_changed default_input=present default_input_transport=bluetooth
2026-08-08T09:21:59.047Z audio_default_input_changed default_input=present default_input_transport=bluetooth
2026-08-08T09:21:59.077Z audio_default_input_changed default_input=present default_input_transport=bluetooth
2026-08-08T09:21:59.192Z audio_default_input_changed default_input=present default_input_transport=bluetooth
2026-08-08T09:21:59.297Z audio_default_input_changed default_input=present default_input_transport=bluetooth
2026-08-08T09:21:59.361Z audio_default_input_changed default_input=present default_input_transport=bluetooth
2026-08-08T09:21:59.370Z audio_default_input_changed default_input=present default_input_transport=bluetooth
2026-08-08T09:21:59.374Z audio_default_input_changed default_input=present default_input_transport=bluetooth
2026-08-08T09:21:59.378Z audio_default_input_changed default_input=present default_input_transport=bluetooth
2026-08-08T09:21:59.379Z audio_default_input_changed default_input=present default_input_transport=bluetooth
2026-08-08T09:21:59.381Z audio_default_input_changed default_input=present default_input_transport=bluetooth
2026-08-08T09:21:59.382Z audio_default_input_changed default_input=present default_input_transport=bluetooth
2026-08-08T09:21:59.382Z audio_default_input_changed default_input=present default_input_transport=bluetooth
2026-08-08T09:21:59.383Z audio_default_input_changed default_input=present default_input_transport=bluetooth
2026-08-08T09:21:59.385Z audio_default_input_changed default_input=present default_input_transport=bluetooth
2026-08-08T09:21:59.386Z audio_default_input_changed default_input=present default_input_transport=bluetooth
2026-08-08T09:21:59.387Z audio_default_input_changed default_input=present default_input_transport=bluetooth
2026-08-08T09:21:59.388Z audio_default_input_changed default_input=present default_input_transport=bluetooth
2026-08-08T09:21:59.388Z audio_default_input_changed default_input=present default_input_transport=bluetooth
2026-08-08T09:21:59.390Z audio_default_input_changed default_input=present default_input_transport=bluetooth
2026-08-08T09:21:59.390Z audio_default_input_changed default_input=present default_input_transport=bluetooth
2026-08-08T09:21:59.391Z audio_default_input_changed default_input=present default_input_transport=bluetooth
2026-08-08T09:21:59.392Z audio_default_input_changed default_input=present default_input_transport=bluetooth
2026-08-08T09:21:59.392Z audio_default_input_changed default_input=present default_input_transport=bluetooth
2026-08-08T09:21:59.393Z audio_default_input_changed default_input=present default_input_transport=bluetooth
2026-08-08T09:21:59.394Z audio_default_input_changed default_input=present default_input_transport=bluetooth
2026-08-08T09:21:59.397Z audio_default_input_changed default_input=present default_input_transport=bluetooth
2026-08-08T09:21:59.398Z audio_default_input_changed default_input=present default_input_transport=bluetooth
2026-08-08T09:21:59.399Z audio_default_input_changed default_input=present default_input_transport=bluetooth
2026-08-08T09:21:59.400Z audio_default_input_changed default_input=present default_input_transport=bluetooth
2026-08-08T09:21:59.401Z audio_default_input_changed default_input=present default_input_transport=bluetooth
2026-08-08T09:21:59.402Z audio_default_input_changed default_input=present default_input_transport=bluetooth
2026-08-08T09:21:59.403Z audio_default_input_changed default_input=present default_input_transport=bluetooth
2026-08-08T09:21:59.404Z audio_default_input_changed default_input=present default_input_transport=bluetooth
2026-08-08T09:21:59.404Z audio_default_input_changed default_input=present default_input_transport=bluetooth
2026-08-08T09:21:59.405Z audio_default_input_changed default_input=present default_input_transport=bluetooth
2026-08-08T09:21:59.406Z audio_default_input_changed default_input=present default_input_transport=bluetooth
2026-08-08T09:21:59.406Z audio_default_input_changed default_input=present default_input_transport=bluetooth
2026-08-08T09:21:59.407Z audio_default_input_changed default_input=present default_input_transport=bluetooth
2026-08-08T09:21:59.408Z audio_default_input_changed default_input=present default_input_transport=bluetooth
2026-08-08T09:21:59.409Z audio_default_input_changed default_input=present default_input_transport=bluetooth
2026-08-08T09:21:59.409Z audio_default_input_changed default_input=present default_input_transport=bluetooth
2026-08-08T09:21:59.411Z audio_default_input_changed default_input=present default_input_transport=bluetooth
2026-08-08T09:21:59.411Z audio_default_input_changed default_input=present default_input_transport=bluetooth
2026-08-08T09:21:59.412Z audio_default_input_changed default_input=present default_input_transport=bluetooth
2026-08-08T09:21:59.412Z audio_default_input_changed default_input=present default_input_transport=bluetooth
2026-08-08T09:21:59.413Z audio_default_input_changed default_input=present default_input_transport=bluetooth
2026-08-08T09:21:59.413Z audio_default_input_changed default_input=present default_input_transport=bluetooth
2026-08-08T09:21:59.413Z audio_default_input_changed default_input=present default_input_transport=bluetooth
2026-08-08T09:21:59.414Z audio_default_input_changed default_input=present default_input_transport=bluetooth
2026-08-08T09:21:59.414Z audio_default_input_changed default_input=present default_input_transport=bluetooth
2026-08-08T09:21:59.415Z audio_default_input_changed default_input=present default_input_transport=bluetooth
2026-08-08T09:21:59.415Z audio_default_input_changed default_input=present default_input_transport=bluetooth
2026-08-08T09:21:59.416Z audio_default_input_changed default_input=present default_input_transport=bluetooth
2026-08-08T09:21:59.416Z audio_default_input_changed default_input=present default_input_transport=bluetooth
2026-08-08T09:21:59.417Z audio_default_input_changed default_input=present default_input_transport=bluetooth
2026-08-08T09:21:59.418Z audio_default_input_changed default_input=present default_input_transport=bluetooth
2026-08-08T09:21:59.418Z audio_default_input_changed default_input=present default_input_transport=bluetooth
2026-08-08T09:21:59.419Z audio_default_input_changed default_input=present default_input_transport=bluetooth
2026-08-08T09:21:59.420Z audio_default_input_changed default_input=present default_input_transport=bluetooth
2026-08-08T09:21:59.420Z audio_default_input_changed default_input=present default_input_transport=bluetooth
2026-08-08T09:21:59.421Z audio_default_input_changed default_input=present default_input_transport=bluetooth
2026-08-08T09:21:59.421Z audio_default_input_changed default_input=present default_input_transport=bluetooth
2026-08-08T09:21:59.421Z audio_default_input_changed default_input=present default_input_transport=bluetooth
2026-08-08T09:21:59.422Z audio_default_input_changed default_input=present default_input_transport=bluetooth
2026-08-08T09:21:59.422Z audio_default_input_changed default_input=present default_input_transport=bluetooth
2026-08-08T09:21:59.423Z audio_default_input_changed default_input=present default_input_transport=bluetooth
2026-08-08T09:21:59.423Z audio_default_input_changed default_input=present default_input_transport=bluetooth
2026-08-08T09:21:59.424Z audio_default_input_changed default_input=present default_input_transport=bluetooth
2026-08-08T09:21:59.424Z audio_default_input_changed default_input=present default_input_transport=bluetooth
2026-08-08T09:21:59.424Z audio_default_input_changed default_input=present default_input_transport=bluetooth
2026-08-08T09:21:59.425Z audio_default_input_changed default_input=present default_input_transport=bluetooth
2026-08-08T09:21:59.426Z audio_default_input_changed default_input=present default_input_transport=bluetooth
2026-08-08T09:21:59.426Z audio_default_input_changed default_input=present default_input_transport=bluetooth
2026-08-08T09:21:59.427Z audio_default_input_changed default_input=present default_input_transport=bluetooth
2026-08-08T09:21:59.428Z audio_default_input_changed default_input=present default_input_transport=bluetooth
2026-08-08T09:21:59.428Z audio_default_input_changed default_input=present default_input_transport=bluetooth
2026-08-08T09:21:59.429Z audio_default_input_changed default_input=present default_input_transport=bluetooth
2026-08-08T09:21:59.429Z audio_default_input_changed default_input=present default_input_transport=bluetooth
2026-08-08T09:21:59.430Z audio_default_input_changed default_input=present default_input_transport=bluetooth
2026-08-08T09:21:59.430Z audio_default_input_changed default_input=present default_input_transport=bluetooth
2026-08-08T09:21:59.431Z audio_default_input_changed default_input=present default_input_transport=bluetooth
2026-08-08T09:21:59.432Z audio_default_input_changed default_input=present default_input_transport=bluetooth
2026-08-08T09:21:59.433Z audio_default_input_changed default_input=present default_input_transport=bluetooth
2026-08-08T09:21:59.533Z shared_mic_engine_configuration_changed sr=48000.0 ch=1 isRunning=false engine_is_running=false default_input=present default_input_transport=bluetooth
2026-08-08T09:21:59.533Z shared_mic_engine_prepared_discarded reason=configuration_changed
2026-08-08T09:22:00.062Z shared_mic_engine_prepare_skipped reason=bluetooth_or_unresolved_route
2026-08-08T09:24:26.474Z audio_default_input_changed default_input=present default_input_transport=built-in
2026-08-08T09:24:26.507Z audio_default_input_changed default_input=present default_input_transport=built-in
2026-08-08T09:24:26.522Z audio_default_input_changed default_input=present default_input_transport=built-in
2026-08-08T09:24:26.524Z audio_default_input_changed default_input=present default_input_transport=built-in
2026-08-08T09:24:26.525Z audio_default_input_changed default_input=present default_input_transport=built-in
2026-08-08T09:24:26.529Z audio_default_input_changed default_input=present default_input_transport=built-in
2026-08-08T09:24:26.543Z audio_default_input_changed default_input=present default_input_transport=built-in
2026-08-08T09:24:26.549Z audio_default_input_changed default_input=present default_input_transport=built-in
2026-08-08T09:24:26.549Z audio_default_input_changed default_input=present default_input_transport=built-in
2026-08-08T09:24:26.550Z audio_default_input_changed default_input=present default_input_transport=built-in
2026-08-08T09:24:26.551Z audio_default_input_changed default_input=present default_input_transport=built-in
2026-08-08T09:24:26.552Z audio_default_input_changed default_input=present default_input_transport=built-in
2026-08-08T09:24:26.552Z audio_default_input_changed default_input=present default_input_transport=built-in
2026-08-08T09:24:26.553Z audio_default_input_changed default_input=present default_input_transport=built-in
2026-08-08T09:24:26.553Z audio_default_input_changed default_input=present default_input_transport=built-in
2026-08-08T09:24:26.554Z audio_default_input_changed default_input=present default_input_transport=built-in
2026-08-08T09:24:26.555Z audio_default_input_changed default_input=present default_input_transport=built-in
2026-08-08T09:24:26.556Z audio_default_input_changed default_input=present default_input_transport=built-in
2026-08-08T09:24:26.557Z audio_default_input_changed default_input=present default_input_transport=built-in
2026-08-08T09:24:26.560Z audio_default_input_changed default_input=present default_input_transport=built-in
2026-08-08T09:24:26.571Z audio_default_input_changed default_input=present default_input_transport=built-in
2026-08-08T09:24:26.579Z audio_default_input_changed default_input=present default_input_transport=built-in
2026-08-08T09:24:26.589Z audio_default_input_changed default_input=present default_input_transport=built-in
2026-08-08T09:24:26.589Z audio_default_input_changed default_input=present default_input_transport=built-in
2026-08-08T09:24:26.591Z audio_default_input_changed default_input=present default_input_transport=built-in
2026-08-08T09:24:26.592Z audio_default_input_changed default_input=present default_input_transport=built-in
2026-08-08T09:24:26.593Z audio_default_input_changed default_input=present default_input_transport=built-in
2026-08-08T09:24:26.593Z audio_default_input_changed default_input=present default_input_transport=built-in
2026-08-08T09:24:26.597Z audio_default_input_changed default_input=present default_input_transport=built-in
2026-08-08T09:24:26.599Z audio_default_input_changed default_input=present default_input_transport=built-in
2026-08-08T09:24:26.600Z audio_default_input_changed default_input=present default_input_transport=built-in
2026-08-08T09:24:26.601Z audio_default_input_changed default_input=present default_input_transport=built-in
2026-08-08T09:24:26.603Z audio_default_input_changed default_input=present default_input_transport=built-in
2026-08-08T09:24:26.604Z audio_default_input_changed default_input=present default_input_transport=built-in
2026-08-08T09:24:26.605Z audio_default_input_changed default_input=present default_input_transport=built-in
2026-08-08T09:24:26.606Z audio_default_input_changed default_input=present default_input_transport=built-in
2026-08-08T09:24:26.607Z audio_default_input_changed default_input=present default_input_transport=built-in
2026-08-08T09:24:26.609Z audio_default_input_changed default_input=present default_input_transport=built-in
2026-08-08T09:24:26.609Z audio_default_input_changed default_input=present default_input_transport=built-in
2026-08-08T09:24:26.610Z audio_default_input_changed default_input=present default_input_transport=built-in
2026-08-08T09:24:26.611Z audio_default_input_changed default_input=present default_input_transport=built-in
2026-08-08T09:24:26.613Z audio_default_input_changed default_input=present default_input_transport=built-in
2026-08-08T09:24:26.614Z audio_default_input_changed default_input=present default_input_transport=built-in
2026-08-08T09:24:26.616Z audio_default_input_changed default_input=present default_input_transport=built-in
2026-08-08T09:24:26.620Z audio_default_input_changed default_input=present default_input_transport=built-in
2026-08-08T09:24:26.642Z audio_default_input_changed default_input=present default_input_transport=built-in
2026-08-08T09:24:26.645Z audio_default_input_changed default_input=present default_input_transport=built-in
2026-08-08T09:24:26.646Z audio_default_input_changed default_input=present default_input_transport=built-in
2026-08-08T09:24:26.648Z audio_default_input_changed default_input=present default_input_transport=built-in
2026-08-08T09:24:26.650Z audio_default_input_changed default_input=present default_input_transport=built-in
2026-08-08T09:24:26.651Z audio_default_input_changed default_input=present default_input_transport=built-in
2026-08-08T09:24:26.652Z audio_default_input_changed default_input=present default_input_transport=built-in
2026-08-08T09:24:26.654Z audio_default_input_changed default_input=present default_input_transport=built-in
2026-08-08T09:24:26.655Z audio_default_input_changed default_input=present default_input_transport=built-in
2026-08-08T09:24:26.657Z audio_default_input_changed default_input=present default_input_transport=built-in
2026-08-08T09:24:26.658Z audio_default_input_changed default_input=present default_input_transport=built-in
2026-08-08T09:24:26.659Z audio_default_input_changed default_input=present default_input_transport=built-in
2026-08-08T09:24:26.662Z audio_default_input_changed default_input=present default_input_transport=built-in
2026-08-08T09:24:26.663Z audio_default_input_changed default_input=present default_input_transport=built-in
2026-08-08T09:24:26.675Z audio_default_input_changed default_input=present default_input_transport=built-in
2026-08-08T09:24:26.678Z audio_default_input_changed default_input=present default_input_transport=built-in
2026-08-08T09:24:26.680Z audio_default_input_changed default_input=present default_input_transport=built-in
2026-08-08T09:24:26.681Z audio_default_input_changed default_input=present default_input_transport=built-in
2026-08-08T09:24:26.682Z audio_default_input_changed default_input=present default_input_transport=built-in
2026-08-08T09:24:26.683Z audio_default_input_changed default_input=present default_input_transport=built-in
2026-08-08T09:24:26.685Z audio_default_input_changed default_input=present default_input_transport=built-in
2026-08-08T09:24:26.686Z audio_default_input_changed default_input=present default_input_transport=built-in
2026-08-08T09:24:26.687Z audio_default_input_changed default_input=present default_input_transport=built-in
2026-08-08T09:24:26.688Z audio_default_input_changed default_input=present default_input_transport=built-in
2026-08-08T09:24:26.689Z audio_default_input_changed default_input=present default_input_transport=built-in
2026-08-08T09:24:26.690Z audio_default_input_changed default_input=present default_input_transport=built-in
2026-08-08T09:24:26.691Z audio_default_input_changed default_input=present default_input_transport=built-in
2026-08-08T09:24:26.692Z audio_default_input_changed default_input=present default_input_transport=built-in
2026-08-08T09:24:26.693Z audio_default_input_changed default_input=present default_input_transport=built-in
2026-08-08T09:24:26.693Z audio_default_input_changed default_input=present default_input_transport=built-in
2026-08-08T09:24:26.694Z audio_default_input_changed default_input=present default_input_transport=built-in
2026-08-08T09:24:26.695Z audio_default_input_changed default_input=present default_input_transport=built-in
2026-08-08T09:24:26.696Z audio_default_input_changed default_input=present default_input_transport=built-in
2026-08-08T09:24:26.697Z audio_default_input_changed default_input=present default_input_transport=built-in
2026-08-08T09:24:26.699Z audio_default_input_changed default_input=present default_input_transport=built-in
2026-08-08T09:24:26.700Z audio_default_input_changed default_input=present default_input_transport=built-in
2026-08-08T09:24:26.701Z audio_default_input_changed default_input=present default_input_transport=built-in
2026-08-08T09:24:26.703Z audio_default_input_changed default_input=present default_input_transport=built-in
2026-08-08T09:24:26.704Z audio_default_input_changed default_input=present default_input_transport=built-in
2026-08-08T09:24:26.706Z audio_default_input_changed default_input=present default_input_transport=built-in
2026-08-08T09:24:26.707Z audio_default_input_changed default_input=present default_input_transport=built-in
2026-08-08T09:24:26.708Z audio_default_input_changed default_input=present default_input_transport=built-in
2026-08-08T09:24:26.709Z audio_default_input_changed default_input=present default_input_transport=built-in
2026-08-08T09:24:26.711Z audio_default_input_changed default_input=present default_input_transport=built-in
2026-08-08T09:24:26.714Z audio_default_input_changed default_input=present default_input_transport=built-in
2026-08-08T09:24:27.364Z shared_mic_engine_prepare_timing vpio=false buffer_size=4096 set_vpio_ms=0.015 output_format_ms=0.011 install_tap_ms=0.006 total_ms=135.157
2026-08-08T09:24:27.364Z shared_mic_engine_input_device_prepared source=system_default device=present transport=built-in vpio=false set_device_ms=0.000 prepare_engine_ms=135.841
2026-08-08T09:24:30.949Z audio_default_input_changed default_input=present default_input_transport=bluetooth
2026-08-08T09:24:31.145Z audio_default_input_changed default_input=present default_input_transport=bluetooth
2026-08-08T09:24:31.180Z audio_default_input_changed default_input=present default_input_transport=bluetooth
2026-08-08T09:24:31.274Z audio_default_input_changed default_input=present default_input_transport=bluetooth
2026-08-08T09:24:31.283Z audio_default_input_changed default_input=present default_input_transport=bluetooth
2026-08-08T09:24:31.284Z audio_default_input_changed default_input=present default_input_transport=bluetooth
2026-08-08T09:24:31.285Z audio_default_input_changed default_input=present default_input_transport=bluetooth
2026-08-08T09:24:31.286Z audio_default_input_changed default_input=present default_input_transport=bluetooth
2026-08-08T09:24:31.287Z audio_default_input_changed default_input=present default_input_transport=bluetooth
2026-08-08T09:24:31.287Z audio_default_input_changed default_input=present default_input_transport=bluetooth
2026-08-08T09:24:31.288Z audio_default_input_changed default_input=present default_input_transport=bluetooth
2026-08-08T09:24:31.290Z audio_default_input_changed default_input=present default_input_transport=bluetooth
2026-08-08T09:24:31.291Z audio_default_input_changed default_input=present default_input_transport=bluetooth
2026-08-08T09:24:31.293Z audio_default_input_changed default_input=present default_input_transport=bluetooth
2026-08-08T09:24:31.294Z audio_default_input_changed default_input=present default_input_transport=bluetooth
2026-08-08T09:24:31.295Z audio_default_input_changed default_input=present default_input_transport=bluetooth
2026-08-08T09:24:31.296Z audio_default_input_changed default_input=present default_input_transport=bluetooth
2026-08-08T09:24:31.297Z audio_default_input_changed default_input=present default_input_transport=bluetooth
2026-08-08T09:24:31.299Z audio_default_input_changed default_input=present default_input_transport=bluetooth
2026-08-08T09:24:31.300Z audio_default_input_changed default_input=present default_input_transport=bluetooth
2026-08-08T09:24:31.301Z audio_default_input_changed default_input=present default_input_transport=bluetooth
2026-08-08T09:24:31.302Z audio_default_input_changed default_input=present default_input_transport=bluetooth
2026-08-08T09:24:31.303Z audio_default_input_changed default_input=present default_input_transport=bluetooth
2026-08-08T09:24:31.305Z audio_default_input_changed default_input=present default_input_transport=bluetooth
2026-08-08T09:24:31.308Z audio_default_input_changed default_input=present default_input_transport=bluetooth
2026-08-08T09:24:31.309Z audio_default_input_changed default_input=present default_input_transport=bluetooth
2026-08-08T09:24:31.310Z audio_default_input_changed default_input=present default_input_transport=bluetooth
2026-08-08T09:24:31.312Z audio_default_input_changed default_input=present default_input_transport=bluetooth
2026-08-08T09:24:31.314Z audio_default_input_changed default_input=present default_input_transport=bluetooth
2026-08-08T09:24:31.314Z audio_default_input_changed default_input=present default_input_transport=bluetooth
2026-08-08T09:24:31.316Z audio_default_input_changed default_input=present default_input_transport=bluetooth
2026-08-08T09:24:31.316Z audio_default_input_changed default_input=present default_input_transport=bluetooth
2026-08-08T09:24:31.317Z audio_default_input_changed default_input=present default_input_transport=bluetooth
2026-08-08T09:24:31.317Z audio_default_input_changed default_input=present default_input_transport=bluetooth
2026-08-08T09:24:31.318Z audio_default_input_changed default_input=present default_input_transport=bluetooth
2026-08-08T09:24:31.318Z audio_default_input_changed default_input=present default_input_transport=bluetooth
2026-08-08T09:24:31.319Z audio_default_input_changed default_input=present default_input_transport=bluetooth
2026-08-08T09:24:31.319Z audio_default_input_changed default_input=present default_input_transport=bluetooth
2026-08-08T09:24:31.320Z audio_default_input_changed default_input=present default_input_transport=bluetooth
2026-08-08T09:24:31.321Z audio_default_input_changed default_input=present default_input_transport=bluetooth
2026-08-08T09:24:31.322Z audio_default_input_changed default_input=present default_input_transport=bluetooth
2026-08-08T09:24:31.323Z audio_default_input_changed default_input=present default_input_transport=bluetooth
2026-08-08T09:24:31.324Z audio_default_input_changed default_input=present default_input_transport=bluetooth
2026-08-08T09:24:31.325Z audio_default_input_changed default_input=present default_input_transport=bluetooth
2026-08-08T09:24:31.326Z audio_default_input_changed default_input=present default_input_transport=bluetooth
2026-08-08T09:24:31.326Z audio_default_input_changed default_input=present default_input_transport=bluetooth
2026-08-08T09:24:31.327Z audio_default_input_changed default_input=present default_input_transport=bluetooth
2026-08-08T09:24:31.328Z audio_default_input_changed default_input=present default_input_transport=bluetooth
2026-08-08T09:24:31.329Z audio_default_input_changed default_input=present default_input_transport=bluetooth
2026-08-08T09:24:31.329Z audio_default_input_changed default_input=present default_input_transport=bluetooth
2026-08-08T09:24:31.330Z audio_default_input_changed default_input=present default_input_transport=bluetooth
2026-08-08T09:24:31.330Z audio_default_input_changed default_input=present default_input_transport=bluetooth
2026-08-08T09:24:31.331Z audio_default_input_changed default_input=present default_input_transport=bluetooth
2026-08-08T09:24:31.332Z audio_default_input_changed default_input=present default_input_transport=bluetooth
2026-08-08T09:24:31.332Z audio_default_input_changed default_input=present default_input_transport=bluetooth
2026-08-08T09:24:31.333Z audio_default_input_changed default_input=present default_input_transport=bluetooth
2026-08-08T09:24:31.333Z audio_default_input_changed default_input=present default_input_transport=bluetooth
2026-08-08T09:24:31.334Z audio_default_input_changed default_input=present default_input_transport=bluetooth
2026-08-08T09:24:31.335Z audio_default_input_changed default_input=present default_input_transport=bluetooth
2026-08-08T09:24:31.336Z audio_default_input_changed default_input=present default_input_transport=bluetooth
2026-08-08T09:24:31.336Z audio_default_input_changed default_input=present default_input_transport=bluetooth
2026-08-08T09:24:31.337Z audio_default_input_changed default_input=present default_input_transport=bluetooth
2026-08-08T09:24:31.337Z audio_default_input_changed default_input=present default_input_transport=bluetooth
2026-08-08T09:24:31.338Z audio_default_input_changed default_input=present default_input_transport=bluetooth
2026-08-08T09:24:31.339Z audio_default_input_changed default_input=present default_input_transport=bluetooth
2026-08-08T09:24:31.339Z audio_default_input_changed default_input=present default_input_transport=bluetooth
2026-08-08T09:24:31.340Z audio_default_input_changed default_input=present default_input_transport=bluetooth
2026-08-08T09:24:31.340Z audio_default_input_changed default_input=present default_input_transport=bluetooth
2026-08-08T09:24:31.341Z audio_default_input_changed default_input=present default_input_transport=bluetooth
2026-08-08T09:24:31.342Z audio_default_input_changed default_input=present default_input_transport=bluetooth
2026-08-08T09:24:31.343Z audio_default_input_changed default_input=present default_input_transport=bluetooth
2026-08-08T09:24:31.343Z audio_default_input_changed default_input=present default_input_transport=bluetooth
2026-08-08T09:24:31.344Z audio_default_input_changed default_input=present default_input_transport=bluetooth
2026-08-08T09:24:31.344Z audio_default_input_changed default_input=present default_input_transport=bluetooth
2026-08-08T09:24:31.345Z audio_default_input_changed default_input=present default_input_transport=bluetooth
2026-08-08T09:24:31.346Z audio_default_input_changed default_input=present default_input_transport=bluetooth
2026-08-08T09:24:31.347Z audio_default_input_changed default_input=present default_input_transport=bluetooth
2026-08-08T09:24:31.347Z audio_default_input_changed default_input=present default_input_transport=bluetooth
2026-08-08T09:24:31.348Z audio_default_input_changed default_input=present default_input_transport=bluetooth
2026-08-08T09:24:31.348Z audio_default_input_changed default_input=present default_input_transport=bluetooth
2026-08-08T09:24:31.349Z audio_default_input_changed default_input=present default_input_transport=bluetooth
2026-08-08T09:24:31.351Z audio_default_input_changed default_input=present default_input_transport=bluetooth
2026-08-08T09:24:31.351Z audio_default_input_changed default_input=present default_input_transport=bluetooth
2026-08-08T09:24:31.352Z audio_default_input_changed default_input=present default_input_transport=bluetooth
2026-08-08T09:24:31.353Z audio_default_input_changed default_input=present default_input_transport=bluetooth
2026-08-08T09:24:31.354Z audio_default_input_changed default_input=present default_input_transport=bluetooth
2026-08-08T09:24:31.354Z audio_default_input_changed default_input=present default_input_transport=bluetooth
2026-08-08T09:24:31.355Z audio_default_input_changed default_input=present default_input_transport=bluetooth
2026-08-08T09:24:31.355Z audio_default_input_changed default_input=present default_input_transport=bluetooth
2026-08-08T09:24:31.356Z audio_default_input_changed default_input=present default_input_transport=bluetooth
2026-08-08T09:24:31.357Z audio_default_input_changed default_input=present default_input_transport=bluetooth
2026-08-08T09:24:31.419Z shared_mic_engine_configuration_changed sr=48000.0 ch=1 isRunning=false engine_is_running=false default_input=present default_input_transport=bluetooth
2026-08-08T09:24:31.420Z shared_mic_engine_prepared_discarded reason=configuration_changed
2026-08-08T09:24:31.949Z shared_mic_engine_prepare_skipped reason=bluetooth_or_unresolved_route
2026-08-08T09:36:59.776Z audio_default_input_changed default_input=present default_input_transport=built-in
2026-08-08T09:36:59.816Z audio_default_input_changed default_input=present default_input_transport=built-in
2026-08-08T09:36:59.829Z audio_default_input_changed default_input=present default_input_transport=built-in
2026-08-08T09:36:59.834Z audio_default_input_changed default_input=present default_input_transport=built-in
2026-08-08T09:36:59.837Z audio_default_input_changed default_input=present default_input_transport=built-in
2026-08-08T09:36:59.842Z audio_default_input_changed default_input=present default_input_transport=built-in
2026-08-08T09:36:59.845Z audio_default_input_changed default_input=present default_input_transport=built-in
2026-08-08T09:36:59.856Z audio_default_input_changed default_input=present default_input_transport=built-in
2026-08-08T09:37:00.033Z audio_default_input_changed default_input=present default_input_transport=built-in
2026-08-08T09:37:00.039Z audio_default_input_changed default_input=present default_input_transport=built-in
2026-08-08T09:37:00.047Z audio_default_input_changed default_input=present default_input_transport=built-in
2026-08-08T09:37:00.051Z audio_default_input_changed default_input=present default_input_transport=built-in
2026-08-08T09:37:00.058Z audio_default_input_changed default_input=present default_input_transport=built-in
2026-08-08T09:37:00.082Z audio_default_input_changed default_input=present default_input_transport=built-in
2026-08-08T09:37:00.101Z audio_default_input_changed default_input=present default_input_transport=built-in
2026-08-08T09:37:00.108Z audio_default_input_changed default_input=present default_input_transport=built-in
2026-08-08T09:37:00.109Z audio_default_input_changed default_input=present default_input_transport=built-in
2026-08-08T09:37:00.110Z audio_default_input_changed default_input=present default_input_transport=built-in
2026-08-08T09:37:00.111Z audio_default_input_changed default_input=present default_input_transport=built-in
2026-08-08T09:37:00.112Z audio_default_input_changed default_input=present default_input_transport=built-in
2026-08-08T09:37:00.113Z audio_default_input_changed default_input=present default_input_transport=built-in
2026-08-08T09:37:00.113Z audio_default_input_changed default_input=present default_input_transport=built-in
2026-08-08T09:37:00.114Z audio_default_input_changed default_input=present default_input_transport=built-in
2026-08-08T09:37:00.115Z audio_default_input_changed default_input=present default_input_transport=built-in
2026-08-08T09:37:00.117Z audio_default_input_changed default_input=present default_input_transport=built-in
2026-08-08T09:37:00.118Z audio_default_input_changed default_input=present default_input_transport=built-in
2026-08-08T09:37:00.119Z audio_default_input_changed default_input=present default_input_transport=built-in
2026-08-08T09:37:00.120Z audio_default_input_changed default_input=present default_input_transport=built-in
2026-08-08T09:37:00.122Z audio_default_input_changed default_input=present default_input_transport=built-in
2026-08-08T09:37:00.123Z audio_default_input_changed default_input=present default_input_transport=built-in
2026-08-08T09:37:00.124Z audio_default_input_changed default_input=present default_input_transport=built-in
2026-08-08T09:37:00.125Z audio_default_input_changed default_input=present default_input_transport=built-in
2026-08-08T09:37:00.127Z audio_default_input_changed default_input=present default_input_transport=built-in
2026-08-08T09:37:00.128Z audio_default_input_changed default_input=present default_input_transport=built-in
2026-08-08T09:37:00.129Z audio_default_input_changed default_input=present default_input_transport=built-in
2026-08-08T09:37:00.131Z audio_default_input_changed default_input=present default_input_transport=built-in
2026-08-08T09:37:00.132Z audio_default_input_changed default_input=present default_input_transport=built-in
2026-08-08T09:37:00.134Z audio_default_input_changed default_input=present default_input_transport=built-in
2026-08-08T09:37:00.135Z audio_default_input_changed default_input=present default_input_transport=built-in
2026-08-08T09:37:00.137Z audio_default_input_changed default_input=present default_input_transport=built-in
2026-08-08T09:37:00.138Z audio_default_input_changed default_input=present default_input_transport=built-in
2026-08-08T09:37:00.139Z audio_default_input_changed default_input=present default_input_transport=built-in
2026-08-08T09:37:00.140Z audio_default_input_changed default_input=present default_input_transport=built-in
2026-08-08T09:37:00.142Z audio_default_input_changed default_input=present default_input_transport=built-in
2026-08-08T09:37:00.143Z audio_default_input_changed default_input=present default_input_transport=built-in
2026-08-08T09:37:00.144Z audio_default_input_changed default_input=present default_input_transport=built-in
2026-08-08T09:37:00.145Z audio_default_input_changed default_input=present default_input_transport=built-in
2026-08-08T09:37:00.146Z audio_default_input_changed default_input=present default_input_transport=built-in
2026-08-08T09:37:00.147Z audio_default_input_changed default_input=present default_input_transport=built-in
2026-08-08T09:37:00.148Z audio_default_input_changed default_input=present default_input_transport=built-in
2026-08-08T09:37:00.149Z audio_default_input_changed default_input=present default_input_transport=built-in
2026-08-08T09:37:00.150Z audio_default_input_changed default_input=present default_input_transport=built-in
2026-08-08T09:37:00.152Z audio_default_input_changed default_input=present default_input_transport=built-in
2026-08-08T09:37:00.153Z audio_default_input_changed default_input=present default_input_transport=built-in
2026-08-08T09:37:00.154Z audio_default_input_changed default_input=present default_input_transport=built-in
2026-08-08T09:37:00.156Z audio_default_input_changed default_input=present default_input_transport=built-in
2026-08-08T09:37:00.157Z audio_default_input_changed default_input=present default_input_transport=built-in
2026-08-08T09:37:00.158Z audio_default_input_changed default_input=present default_input_transport=built-in
2026-08-08T09:37:00.160Z audio_default_input_changed default_input=present default_input_transport=built-in
2026-08-08T09:37:00.161Z audio_default_input_changed default_input=present default_input_transport=built-in
2026-08-08T09:37:00.161Z audio_default_input_changed default_input=present default_input_transport=built-in
2026-08-08T09:37:00.162Z audio_default_input_changed default_input=present default_input_transport=built-in
2026-08-08T09:37:00.163Z audio_default_input_changed default_input=present default_input_transport=built-in
2026-08-08T09:37:00.164Z audio_default_input_changed default_input=present default_input_transport=built-in
2026-08-08T09:37:00.164Z audio_default_input_changed default_input=present default_input_transport=built-in
2026-08-08T09:37:00.166Z audio_default_input_changed default_input=present default_input_transport=built-in
2026-08-08T09:37:00.168Z audio_default_input_changed default_input=present default_input_transport=built-in
2026-08-08T09:37:00.170Z audio_default_input_changed default_input=present default_input_transport=built-in
2026-08-08T09:37:00.172Z audio_default_input_changed default_input=present default_input_transport=built-in
2026-08-08T09:37:00.174Z audio_default_input_changed default_input=present default_input_transport=built-in
2026-08-08T09:37:00.174Z audio_default_input_changed default_input=present default_input_transport=built-in
2026-08-08T09:37:00.175Z audio_default_input_changed default_input=present default_input_transport=built-in
2026-08-08T09:37:00.176Z audio_default_input_changed default_input=present default_input_transport=built-in
2026-08-08T09:37:00.177Z audio_default_input_changed default_input=present default_input_transport=built-in
2026-08-08T09:37:00.179Z audio_default_input_changed default_input=present default_input_transport=built-in
2026-08-08T09:37:00.179Z audio_default_input_changed default_input=present default_input_transport=built-in
2026-08-08T09:37:00.180Z audio_default_input_changed default_input=present default_input_transport=built-in
2026-08-08T09:37:00.181Z audio_default_input_changed default_input=present default_input_transport=built-in
2026-08-08T09:37:00.182Z audio_default_input_changed default_input=present default_input_transport=built-in
2026-08-08T09:37:00.184Z audio_default_input_changed default_input=present default_input_transport=built-in
2026-08-08T09:37:00.185Z audio_default_input_changed default_input=present default_input_transport=built-in
2026-08-08T09:37:00.186Z audio_default_input_changed default_input=present default_input_transport=built-in
2026-08-08T09:37:00.187Z audio_default_input_changed default_input=present default_input_transport=built-in
2026-08-08T09:37:00.188Z audio_default_input_changed default_input=present default_input_transport=built-in
2026-08-08T09:37:00.189Z audio_default_input_changed default_input=present default_input_transport=built-in
2026-08-08T09:37:00.190Z audio_default_input_changed default_input=present default_input_transport=built-in
2026-08-08T09:37:00.191Z audio_default_input_changed default_input=present default_input_transport=built-in
2026-08-08T09:37:00.192Z audio_default_input_changed default_input=present default_input_transport=built-in
2026-08-08T09:37:00.194Z audio_default_input_changed default_input=present default_input_transport=built-in
2026-08-08T09:37:00.196Z audio_default_input_changed default_input=present default_input_transport=built-in
2026-08-08T09:37:00.197Z audio_default_input_changed default_input=present default_input_transport=built-in
2026-08-08T09:37:00.198Z audio_default_input_changed default_input=present default_input_transport=built-in
2026-08-08T09:37:00.198Z audio_default_input_changed default_input=present default_input_transport=built-in
2026-08-08T09:37:00.852Z shared_mic_engine_prepare_timing vpio=false buffer_size=4096 set_vpio_ms=0.011 output_format_ms=0.004 install_tap_ms=0.003 total_ms=122.544
2026-08-08T09:37:00.852Z shared_mic_engine_input_device_prepared source=system_default device=present transport=built-in vpio=false set_device_ms=0.000 prepare_engine_ms=123.241
2026-08-09T07:05:53.984Z audio_default_input_changed default_input=present default_input_transport=bluetooth
2026-08-09T07:05:54.213Z audio_default_input_changed default_input=present default_input_transport=bluetooth
2026-08-09T07:05:54.248Z audio_default_input_changed default_input=present default_input_transport=bluetooth
2026-08-09T07:05:54.269Z audio_default_input_changed default_input=present default_input_transport=bluetooth
2026-08-09T07:05:54.273Z audio_default_input_changed default_input=present default_input_transport=bluetooth
2026-08-09T07:05:54.278Z audio_default_input_changed default_input=present default_input_transport=bluetooth
2026-08-09T07:05:54.280Z audio_default_input_changed default_input=present default_input_transport=bluetooth
2026-08-09T07:05:54.281Z audio_default_input_changed default_input=present default_input_transport=bluetooth
2026-08-09T07:05:54.282Z audio_default_input_changed default_input=present default_input_transport=bluetooth
2026-08-09T07:05:54.283Z audio_default_input_changed default_input=present default_input_transport=bluetooth
2026-08-09T07:05:54.284Z audio_default_input_changed default_input=present default_input_transport=bluetooth
2026-08-09T07:05:54.285Z audio_default_input_changed default_input=present default_input_transport=bluetooth
2026-08-09T07:05:54.286Z audio_default_input_changed default_input=present default_input_transport=bluetooth
2026-08-09T07:05:54.288Z audio_default_input_changed default_input=present default_input_transport=bluetooth
2026-08-09T07:05:54.289Z audio_default_input_changed default_input=present default_input_transport=bluetooth
2026-08-09T07:05:54.290Z audio_default_input_changed default_input=present default_input_transport=bluetooth
2026-08-09T07:05:54.291Z audio_default_input_changed default_input=present default_input_transport=bluetooth
2026-08-09T07:05:54.291Z audio_default_input_changed default_input=present default_input_transport=bluetooth
2026-08-09T07:05:54.292Z audio_default_input_changed default_input=present default_input_transport=bluetooth
2026-08-09T07:05:54.292Z audio_default_input_changed default_input=present default_input_transport=bluetooth
2026-08-09T07:05:54.293Z audio_default_input_changed default_input=present default_input_transport=bluetooth
2026-08-09T07:05:54.293Z audio_default_input_changed default_input=present default_input_transport=bluetooth
2026-08-09T07:05:54.294Z audio_default_input_changed default_input=present default_input_transport=bluetooth
2026-08-09T07:05:54.295Z audio_default_input_changed default_input=present default_input_transport=bluetooth
2026-08-09T07:05:54.295Z audio_default_input_changed default_input=present default_input_transport=bluetooth
2026-08-09T07:05:54.298Z audio_default_input_changed default_input=present default_input_transport=bluetooth
2026-08-09T07:05:54.300Z audio_default_input_changed default_input=present default_input_transport=bluetooth
2026-08-09T07:05:54.301Z audio_default_input_changed default_input=present default_input_transport=bluetooth
2026-08-09T07:05:54.302Z audio_default_input_changed default_input=present default_input_transport=bluetooth
2026-08-09T07:05:54.303Z audio_default_input_changed default_input=present default_input_transport=bluetooth
2026-08-09T07:05:54.304Z audio_default_input_changed default_input=present default_input_transport=bluetooth
2026-08-09T07:05:54.305Z audio_default_input_changed default_input=present default_input_transport=bluetooth
2026-08-09T07:05:54.306Z audio_default_input_changed default_input=present default_input_transport=bluetooth
2026-08-09T07:05:54.309Z audio_default_input_changed default_input=present default_input_transport=bluetooth
2026-08-09T07:05:54.310Z audio_default_input_changed default_input=present default_input_transport=bluetooth
2026-08-09T07:05:54.313Z audio_default_input_changed default_input=present default_input_transport=bluetooth
2026-08-09T07:05:54.314Z audio_default_input_changed default_input=present default_input_transport=bluetooth
2026-08-09T07:05:54.315Z audio_default_input_changed default_input=present default_input_transport=bluetooth
2026-08-09T07:05:54.315Z audio_default_input_changed default_input=present default_input_transport=bluetooth
2026-08-09T07:05:54.316Z audio_default_input_changed default_input=present default_input_transport=bluetooth
2026-08-09T07:05:54.316Z audio_default_input_changed default_input=present default_input_transport=bluetooth
2026-08-09T07:05:54.317Z audio_default_input_changed default_input=present default_input_transport=bluetooth
2026-08-09T07:05:54.317Z audio_default_input_changed default_input=present default_input_transport=bluetooth
2026-08-09T07:05:54.318Z audio_default_input_changed default_input=present default_input_transport=bluetooth
2026-08-09T07:05:54.318Z audio_default_input_changed default_input=present default_input_transport=bluetooth
2026-08-09T07:05:54.318Z audio_default_input_changed default_input=present default_input_transport=bluetooth
2026-08-09T07:05:54.319Z audio_default_input_changed default_input=present default_input_transport=bluetooth
2026-08-09T07:05:54.320Z audio_default_input_changed default_input=present default_input_transport=bluetooth
2026-08-09T07:05:54.320Z audio_default_input_changed default_input=present default_input_transport=bluetooth
2026-08-09T07:05:54.321Z audio_default_input_changed default_input=present default_input_transport=bluetooth
2026-08-09T07:05:54.322Z audio_default_input_changed default_input=present default_input_transport=bluetooth
2026-08-09T07:05:54.322Z audio_default_input_changed default_input=present default_input_transport=bluetooth
2026-08-09T07:05:54.323Z audio_default_input_changed default_input=present default_input_transport=bluetooth
2026-08-09T07:05:54.323Z audio_default_input_changed default_input=present default_input_transport=bluetooth
2026-08-09T07:05:54.324Z audio_default_input_changed default_input=present default_input_transport=bluetooth
2026-08-09T07:05:54.324Z audio_default_input_changed default_input=present default_input_transport=bluetooth
2026-08-09T07:05:54.325Z audio_default_input_changed default_input=present default_input_transport=bluetooth
2026-08-09T07:05:54.325Z audio_default_input_changed default_input=present default_input_transport=bluetooth
2026-08-09T07:05:54.326Z audio_default_input_changed default_input=present default_input_transport=bluetooth
2026-08-09T07:05:54.326Z audio_default_input_changed default_input=present default_input_transport=bluetooth
2026-08-09T07:05:54.327Z audio_default_input_changed default_input=present default_input_transport=bluetooth
2026-08-09T07:05:54.327Z audio_default_input_changed default_input=present default_input_transport=bluetooth
2026-08-09T07:05:54.328Z audio_default_input_changed default_input=present default_input_transport=bluetooth
2026-08-09T07:05:54.329Z audio_default_input_changed default_input=present default_input_transport=bluetooth
2026-08-09T07:05:54.329Z audio_default_input_changed default_input=present default_input_transport=bluetooth
2026-08-09T07:05:54.330Z audio_default_input_changed default_input=present default_input_transport=bluetooth
2026-08-09T07:05:54.330Z audio_default_input_changed default_input=present default_input_transport=bluetooth
2026-08-09T07:05:54.331Z audio_default_input_changed default_input=present default_input_transport=bluetooth
2026-08-09T07:05:54.332Z audio_default_input_changed default_input=present default_input_transport=bluetooth
2026-08-09T07:05:54.332Z audio_default_input_changed default_input=present default_input_transport=bluetooth
2026-08-09T07:05:54.333Z audio_default_input_changed default_input=present default_input_transport=bluetooth
2026-08-09T07:05:54.334Z audio_default_input_changed default_input=present default_input_transport=bluetooth
2026-08-09T07:05:54.334Z audio_default_input_changed default_input=present default_input_transport=bluetooth
2026-08-09T07:05:54.335Z audio_default_input_changed default_input=present default_input_transport=bluetooth
2026-08-09T07:05:54.335Z audio_default_input_changed default_input=present default_input_transport=bluetooth
2026-08-09T07:05:54.338Z audio_default_input_changed default_input=present default_input_transport=bluetooth
2026-08-09T07:05:54.338Z audio_default_input_changed default_input=present default_input_transport=bluetooth
2026-08-09T07:05:54.339Z audio_default_input_changed default_input=present default_input_transport=bluetooth
2026-08-09T07:05:54.339Z audio_default_input_changed default_input=present default_input_transport=bluetooth
2026-08-09T07:05:54.340Z audio_default_input_changed default_input=present default_input_transport=bluetooth
2026-08-09T07:05:54.340Z audio_default_input_changed default_input=present default_input_transport=bluetooth
2026-08-09T07:05:54.341Z audio_default_input_changed default_input=present default_input_transport=bluetooth
2026-08-09T07:05:54.342Z audio_default_input_changed default_input=present default_input_transport=bluetooth
2026-08-09T07:05:54.342Z audio_default_input_changed default_input=present default_input_transport=bluetooth
2026-08-09T07:05:54.346Z audio_default_input_changed default_input=present default_input_transport=bluetooth
2026-08-09T07:05:54.347Z audio_default_input_changed default_input=present default_input_transport=bluetooth
2026-08-09T07:05:54.348Z audio_default_input_changed default_input=present default_input_transport=bluetooth
2026-08-09T07:05:54.348Z audio_default_input_changed default_input=present default_input_transport=bluetooth
2026-08-09T07:05:54.349Z audio_default_input_changed default_input=present default_input_transport=bluetooth
2026-08-09T07:05:54.350Z audio_default_input_changed default_input=present default_input_transport=bluetooth
2026-08-09T07:05:54.350Z audio_default_input_changed default_input=present default_input_transport=bluetooth
2026-08-09T07:05:54.351Z audio_default_input_changed default_input=present default_input_transport=bluetooth
2026-08-09T07:05:54.351Z audio_default_input_changed default_input=present default_input_transport=bluetooth
2026-08-09T07:05:54.352Z audio_default_input_changed default_input=present default_input_transport=bluetooth
2026-08-09T07:05:54.433Z shared_mic_engine_configuration_changed sr=48000.0 ch=1 isRunning=false engine_is_running=false default_input=present default_input_transport=bluetooth
2026-08-09T07:05:54.433Z shared_mic_engine_prepared_discarded reason=configuration_changed
2026-08-09T07:05:54.964Z shared_mic_engine_prepare_skipped reason=bluetooth_or_unresolved_route
2026-08-09T07:11:11.769Z audio_default_input_changed default_input=present default_input_transport=built-in
2026-08-09T07:11:11.819Z audio_default_input_changed default_input=present default_input_transport=built-in
2026-08-09T07:11:11.827Z audio_default_input_changed default_input=present default_input_transport=built-in
2026-08-09T07:11:11.842Z audio_default_input_changed default_input=present default_input_transport=built-in
2026-08-09T07:11:11.855Z audio_default_input_changed default_input=present default_input_transport=built-in
2026-08-09T07:11:11.863Z audio_default_input_changed default_input=present default_input_transport=built-in
2026-08-09T07:11:11.867Z audio_default_input_changed default_input=present default_input_transport=built-in
2026-08-09T07:11:11.875Z audio_default_input_changed default_input=present default_input_transport=built-in
2026-08-09T07:11:11.954Z audio_default_input_changed default_input=present default_input_transport=built-in
2026-08-09T07:11:12.057Z audio_default_input_changed default_input=present default_input_transport=built-in
2026-08-09T07:11:12.067Z audio_default_input_changed default_input=present default_input_transport=built-in
2026-08-09T07:11:12.083Z audio_default_input_changed default_input=present default_input_transport=built-in
2026-08-09T07:11:12.146Z audio_default_input_changed default_input=present default_input_transport=built-in
2026-08-09T07:11:12.200Z audio_default_input_changed default_input=present default_input_transport=built-in
2026-08-09T07:11:12.230Z audio_default_input_changed default_input=present default_input_transport=built-in
2026-08-09T07:11:12.232Z audio_default_input_changed default_input=present default_input_transport=built-in
2026-08-09T07:11:12.236Z audio_default_input_changed default_input=present default_input_transport=built-in
2026-08-09T07:11:12.238Z audio_default_input_changed default_input=present default_input_transport=built-in
2026-08-09T07:11:12.241Z audio_default_input_changed default_input=present default_input_transport=built-in
2026-08-09T07:11:12.243Z audio_default_input_changed default_input=present default_input_transport=built-in
2026-08-09T07:11:12.245Z audio_default_input_changed default_input=present default_input_transport=built-in
2026-08-09T07:11:12.247Z audio_default_input_changed default_input=present default_input_transport=built-in
2026-08-09T07:11:12.250Z audio_default_input_changed default_input=present default_input_transport=built-in
2026-08-09T07:11:12.251Z audio_default_input_changed default_input=present default_input_transport=built-in
2026-08-09T07:11:12.253Z audio_default_input_changed default_input=present default_input_transport=built-in
2026-08-09T07:11:12.254Z audio_default_input_changed default_input=present default_input_transport=built-in
2026-08-09T07:11:12.255Z audio_default_input_changed default_input=present default_input_transport=built-in
2026-08-09T07:11:12.257Z audio_default_input_changed default_input=present default_input_transport=built-in
2026-08-09T07:11:12.259Z audio_default_input_changed default_input=present default_input_transport=built-in
2026-08-09T07:11:12.260Z audio_default_input_changed default_input=present default_input_transport=built-in
2026-08-09T07:11:12.262Z audio_default_input_changed default_input=present default_input_transport=built-in
2026-08-09T07:11:12.263Z audio_default_input_changed default_input=present default_input_transport=built-in
2026-08-09T07:11:12.264Z audio_default_input_changed default_input=present default_input_transport=built-in
2026-08-09T07:11:12.265Z audio_default_input_changed default_input=present default_input_transport=built-in
2026-08-09T07:11:12.266Z audio_default_input_changed default_input=present default_input_transport=built-in
2026-08-09T07:11:12.267Z audio_default_input_changed default_input=present default_input_transport=built-in
2026-08-09T07:11:12.273Z audio_default_input_changed default_input=present default_input_transport=built-in
2026-08-09T07:11:12.274Z audio_default_input_changed default_input=present default_input_transport=built-in
2026-08-09T07:11:12.275Z audio_default_input_changed default_input=present default_input_transport=built-in
2026-08-09T07:11:12.276Z audio_default_input_changed default_input=present default_input_transport=built-in
2026-08-09T07:11:12.277Z audio_default_input_changed default_input=present default_input_transport=built-in
2026-08-09T07:11:12.277Z audio_default_input_changed default_input=present default_input_transport=built-in
2026-08-09T07:11:12.278Z audio_default_input_changed default_input=present default_input_transport=built-in
2026-08-09T07:11:12.279Z audio_default_input_changed default_input=present default_input_transport=built-in
2026-08-09T07:11:12.279Z audio_default_input_changed default_input=present default_input_transport=built-in
2026-08-09T07:11:12.280Z audio_default_input_changed default_input=present default_input_transport=built-in
2026-08-09T07:11:12.280Z audio_default_input_changed default_input=present default_input_transport=built-in
2026-08-09T07:11:12.281Z audio_default_input_changed default_input=present default_input_transport=built-in
2026-08-09T07:11:12.282Z audio_default_input_changed default_input=present default_input_transport=built-in
2026-08-09T07:11:12.283Z audio_default_input_changed default_input=present default_input_transport=built-in
2026-08-09T07:11:12.284Z audio_default_input_changed default_input=present default_input_transport=built-in
2026-08-09T07:11:12.284Z audio_default_input_changed default_input=present default_input_transport=built-in
2026-08-09T07:11:12.285Z audio_default_input_changed default_input=present default_input_transport=built-in
2026-08-09T07:11:12.286Z audio_default_input_changed default_input=present default_input_transport=built-in
2026-08-09T07:11:12.287Z audio_default_input_changed default_input=present default_input_transport=built-in
2026-08-09T07:11:12.288Z audio_default_input_changed default_input=present default_input_transport=built-in
2026-08-09T07:11:12.289Z audio_default_input_changed default_input=present default_input_transport=built-in
2026-08-09T07:11:12.289Z audio_default_input_changed default_input=present default_input_transport=built-in
2026-08-09T07:11:12.290Z audio_default_input_changed default_input=present default_input_transport=built-in
2026-08-09T07:11:12.291Z audio_default_input_changed default_input=present default_input_transport=built-in
2026-08-09T07:11:12.292Z audio_default_input_changed default_input=present default_input_transport=built-in
2026-08-09T07:11:12.292Z audio_default_input_changed default_input=present default_input_transport=built-in
2026-08-09T07:11:12.293Z audio_default_input_changed default_input=present default_input_transport=built-in
2026-08-09T07:11:12.293Z audio_default_input_changed default_input=present default_input_transport=built-in
2026-08-09T07:11:12.294Z audio_default_input_changed default_input=present default_input_transport=built-in
2026-08-09T07:11:12.295Z audio_default_input_changed default_input=present default_input_transport=built-in
2026-08-09T07:11:12.295Z audio_default_input_changed default_input=present default_input_transport=built-in
2026-08-09T07:11:12.295Z audio_default_input_changed default_input=present default_input_transport=built-in
2026-08-09T07:11:12.296Z audio_default_input_changed default_input=present default_input_transport=built-in
2026-08-09T07:11:12.297Z audio_default_input_changed default_input=present default_input_transport=built-in
2026-08-09T07:11:12.297Z audio_default_input_changed default_input=present default_input_transport=built-in
2026-08-09T07:11:12.298Z audio_default_input_changed default_input=present default_input_transport=built-in
2026-08-09T07:11:12.298Z audio_default_input_changed default_input=present default_input_transport=built-in
2026-08-09T07:11:12.299Z audio_default_input_changed default_input=present default_input_transport=built-in
2026-08-09T07:11:12.299Z audio_default_input_changed default_input=present default_input_transport=built-in
2026-08-09T07:11:12.300Z audio_default_input_changed default_input=present default_input_transport=built-in
2026-08-09T07:11:12.300Z audio_default_input_changed default_input=present default_input_transport=built-in
2026-08-09T07:11:12.301Z audio_default_input_changed default_input=present default_input_transport=built-in
2026-08-09T07:11:12.302Z audio_default_input_changed default_input=present default_input_transport=built-in
2026-08-09T07:11:12.302Z audio_default_input_changed default_input=present default_input_transport=built-in
2026-08-09T07:11:12.303Z audio_default_input_changed default_input=present default_input_transport=built-in
2026-08-09T07:11:12.303Z audio_default_input_changed default_input=present default_input_transport=built-in
2026-08-09T07:11:12.304Z audio_default_input_changed default_input=present default_input_transport=built-in
2026-08-09T07:11:12.304Z audio_default_input_changed default_input=present default_input_transport=built-in
2026-08-09T07:11:12.305Z audio_default_input_changed default_input=present default_input_transport=built-in
2026-08-09T07:11:12.305Z audio_default_input_changed default_input=present default_input_transport=built-in
2026-08-09T07:11:12.306Z audio_default_input_changed default_input=present default_input_transport=built-in
2026-08-09T07:11:12.306Z audio_default_input_changed default_input=present default_input_transport=built-in
2026-08-09T07:11:12.307Z audio_default_input_changed default_input=present default_input_transport=built-in
2026-08-09T07:11:12.307Z audio_default_input_changed default_input=present default_input_transport=built-in
2026-08-09T07:11:12.308Z audio_default_input_changed default_input=present default_input_transport=built-in
2026-08-09T07:11:12.308Z audio_default_input_changed default_input=present default_input_transport=built-in
2026-08-09T07:11:12.309Z audio_default_input_changed default_input=present default_input_transport=built-in
2026-08-09T07:11:12.309Z audio_default_input_changed default_input=present default_input_transport=built-in
2026-08-09T07:11:12.310Z audio_default_input_changed default_input=present default_input_transport=built-in
2026-08-09T07:11:12.310Z audio_default_input_changed default_input=present default_input_transport=built-in
2026-08-09T07:11:12.959Z shared_mic_engine_prepare_timing vpio=false buffer_size=4096 set_vpio_ms=0.015 output_format_ms=0.004 install_tap_ms=0.005 total_ms=122.854
2026-08-09T07:11:12.961Z shared_mic_engine_input_device_prepared source=system_default device=present transport=built-in vpio=false set_device_ms=0.000 prepare_engine_ms=123.480
2026-08-09T07:14:07.431Z audio_default_input_changed default_input=present default_input_transport=bluetooth
2026-08-09T07:14:07.486Z audio_default_input_changed default_input=present default_input_transport=bluetooth
2026-08-09T07:14:07.656Z audio_default_input_changed default_input=present default_input_transport=bluetooth
2026-08-09T07:14:07.672Z audio_default_input_changed default_input=present default_input_transport=bluetooth
2026-08-09T07:14:07.674Z audio_default_input_changed default_input=present default_input_transport=bluetooth
2026-08-09T07:14:07.681Z audio_default_input_changed default_input=present default_input_transport=bluetooth
2026-08-09T07:14:07.686Z audio_default_input_changed default_input=present default_input_transport=bluetooth
2026-08-09T07:14:07.692Z audio_default_input_changed default_input=present default_input_transport=bluetooth
2026-08-09T07:14:07.694Z audio_default_input_changed default_input=present default_input_transport=bluetooth
2026-08-09T07:14:07.696Z audio_default_input_changed default_input=present default_input_transport=bluetooth
2026-08-09T07:14:07.697Z audio_default_input_changed default_input=present default_input_transport=bluetooth
2026-08-09T07:14:07.701Z audio_default_input_changed default_input=present default_input_transport=bluetooth
2026-08-09T07:14:07.705Z audio_default_input_changed default_input=present default_input_transport=bluetooth
2026-08-09T07:14:07.726Z audio_default_input_changed default_input=present default_input_transport=bluetooth
2026-08-09T07:14:07.728Z audio_default_input_changed default_input=present default_input_transport=bluetooth
2026-08-09T07:14:07.730Z audio_default_input_changed default_input=present default_input_transport=bluetooth
2026-08-09T07:14:07.731Z audio_default_input_changed default_input=present default_input_transport=bluetooth
2026-08-09T07:14:07.733Z audio_default_input_changed default_input=present default_input_transport=bluetooth
2026-08-09T07:14:07.735Z audio_default_input_changed default_input=present default_input_transport=bluetooth
2026-08-09T07:14:07.735Z audio_default_input_changed default_input=present default_input_transport=bluetooth
2026-08-09T07:14:07.736Z audio_default_input_changed default_input=present default_input_transport=bluetooth
2026-08-09T07:14:07.737Z audio_default_input_changed default_input=present default_input_transport=bluetooth
2026-08-09T07:14:07.737Z audio_default_input_changed default_input=present default_input_transport=bluetooth
2026-08-09T07:14:07.738Z audio_default_input_changed default_input=present default_input_transport=bluetooth
2026-08-09T07:14:07.738Z audio_default_input_changed default_input=present default_input_transport=bluetooth
2026-08-09T07:14:07.739Z audio_default_input_changed default_input=present default_input_transport=bluetooth
2026-08-09T07:14:07.739Z audio_default_input_changed default_input=present default_input_transport=bluetooth
2026-08-09T07:14:07.740Z audio_default_input_changed default_input=present default_input_transport=bluetooth
2026-08-09T07:14:07.742Z audio_default_input_changed default_input=present default_input_transport=bluetooth
2026-08-09T07:14:07.743Z audio_default_input_changed default_input=present default_input_transport=bluetooth
2026-08-09T07:14:07.745Z audio_default_input_changed default_input=present default_input_transport=bluetooth
2026-08-09T07:14:07.746Z audio_default_input_changed default_input=present default_input_transport=bluetooth
2026-08-09T07:14:07.746Z audio_default_input_changed default_input=present default_input_transport=bluetooth
2026-08-09T07:14:07.747Z audio_default_input_changed default_input=present default_input_transport=bluetooth
2026-08-09T07:14:07.748Z audio_default_input_changed default_input=present default_input_transport=bluetooth
2026-08-09T07:14:07.750Z audio_default_input_changed default_input=present default_input_transport=bluetooth
2026-08-09T07:14:07.751Z audio_default_input_changed default_input=present default_input_transport=bluetooth
2026-08-09T07:14:07.752Z audio_default_input_changed default_input=present default_input_transport=bluetooth
2026-08-09T07:14:07.752Z audio_default_input_changed default_input=present default_input_transport=bluetooth
2026-08-09T07:14:07.753Z audio_default_input_changed default_input=present default_input_transport=bluetooth
2026-08-09T07:14:07.754Z audio_default_input_changed default_input=present default_input_transport=bluetooth
2026-08-09T07:14:07.754Z audio_default_input_changed default_input=present default_input_transport=bluetooth
2026-08-09T07:14:07.755Z audio_default_input_changed default_input=present default_input_transport=bluetooth
2026-08-09T07:14:07.755Z audio_default_input_changed default_input=present default_input_transport=bluetooth
2026-08-09T07:14:07.756Z audio_default_input_changed default_input=present default_input_transport=bluetooth
2026-08-09T07:14:07.757Z audio_default_input_changed default_input=present default_input_transport=bluetooth
2026-08-09T07:14:07.758Z audio_default_input_changed default_input=present default_input_transport=bluetooth
2026-08-09T07:14:07.759Z audio_default_input_changed default_input=present default_input_transport=bluetooth
2026-08-09T07:14:07.759Z audio_default_input_changed default_input=present default_input_transport=bluetooth
2026-08-09T07:14:07.761Z audio_default_input_changed default_input=present default_input_transport=bluetooth
2026-08-09T07:14:07.761Z audio_default_input_changed default_input=present default_input_transport=bluetooth
2026-08-09T07:14:07.762Z audio_default_input_changed default_input=present default_input_transport=bluetooth
2026-08-09T07:14:07.762Z audio_default_input_changed default_input=present default_input_transport=bluetooth
2026-08-09T07:14:07.763Z audio_default_input_changed default_input=present default_input_transport=bluetooth
2026-08-09T07:14:07.763Z audio_default_input_changed default_input=present default_input_transport=bluetooth
2026-08-09T07:14:07.764Z audio_default_input_changed default_input=present default_input_transport=bluetooth
2026-08-09T07:14:07.764Z audio_default_input_changed default_input=present default_input_transport=bluetooth
2026-08-09T07:14:07.765Z audio_default_input_changed default_input=present default_input_transport=bluetooth
2026-08-09T07:14:07.766Z audio_default_input_changed default_input=present default_input_transport=bluetooth
2026-08-09T07:14:07.767Z audio_default_input_changed default_input=present default_input_transport=bluetooth
2026-08-09T07:14:07.768Z audio_default_input_changed default_input=present default_input_transport=bluetooth
2026-08-09T07:14:07.768Z audio_default_input_changed default_input=present default_input_transport=bluetooth
2026-08-09T07:14:07.769Z audio_default_input_changed default_input=present default_input_transport=bluetooth
2026-08-09T07:14:07.769Z audio_default_input_changed default_input=present default_input_transport=bluetooth
2026-08-09T07:14:07.770Z audio_default_input_changed default_input=present default_input_transport=bluetooth
2026-08-09T07:14:07.770Z audio_default_input_changed default_input=present default_input_transport=bluetooth
2026-08-09T07:14:07.771Z audio_default_input_changed default_input=present default_input_transport=bluetooth
2026-08-09T07:14:07.771Z audio_default_input_changed default_input=present default_input_transport=bluetooth
2026-08-09T07:14:07.772Z audio_default_input_changed default_input=present default_input_transport=bluetooth
2026-08-09T07:14:07.772Z audio_default_input_changed default_input=present default_input_transport=bluetooth
2026-08-09T07:14:07.772Z audio_default_input_changed default_input=present default_input_transport=bluetooth
2026-08-09T07:14:07.773Z audio_default_input_changed default_input=present default_input_transport=bluetooth
2026-08-09T07:14:07.773Z audio_default_input_changed default_input=present default_input_transport=bluetooth
2026-08-09T07:14:07.774Z audio_default_input_changed default_input=present default_input_transport=bluetooth
2026-08-09T07:14:07.774Z audio_default_input_changed default_input=present default_input_transport=bluetooth
2026-08-09T07:14:07.775Z audio_default_input_changed default_input=present default_input_transport=bluetooth
2026-08-09T07:14:07.775Z audio_default_input_changed default_input=present default_input_transport=bluetooth
2026-08-09T07:14:07.776Z audio_default_input_changed default_input=present default_input_transport=bluetooth
2026-08-09T07:14:07.777Z audio_default_input_changed default_input=present default_input_transport=bluetooth
2026-08-09T07:14:07.777Z audio_default_input_changed default_input=present default_input_transport=bluetooth
2026-08-09T07:14:07.778Z audio_default_input_changed default_input=present default_input_transport=bluetooth
2026-08-09T07:14:07.778Z audio_default_input_changed default_input=present default_input_transport=bluetooth
2026-08-09T07:14:07.779Z audio_default_input_changed default_input=present default_input_transport=bluetooth
2026-08-09T07:14:07.779Z audio_default_input_changed default_input=present default_input_transport=bluetooth
2026-08-09T07:14:07.780Z audio_default_input_changed default_input=present default_input_transport=bluetooth
2026-08-09T07:14:07.780Z audio_default_input_changed default_input=present default_input_transport=bluetooth
2026-08-09T07:14:07.780Z audio_default_input_changed default_input=present default_input_transport=bluetooth
2026-08-09T07:14:07.781Z audio_default_input_changed default_input=present default_input_transport=bluetooth
2026-08-09T07:14:07.781Z audio_default_input_changed default_input=present default_input_transport=bluetooth
2026-08-09T07:14:07.782Z audio_default_input_changed default_input=present default_input_transport=bluetooth
2026-08-09T07:14:07.782Z audio_default_input_changed default_input=present default_input_transport=bluetooth
2026-08-09T07:14:07.783Z audio_default_input_changed default_input=present default_input_transport=bluetooth
2026-08-09T07:14:07.783Z audio_default_input_changed default_input=present default_input_transport=bluetooth
2026-08-09T07:14:07.783Z audio_default_input_changed default_input=present default_input_transport=bluetooth
2026-08-09T07:14:07.784Z audio_default_input_changed default_input=present default_input_transport=bluetooth
2026-08-09T07:14:07.784Z audio_default_input_changed default_input=present default_input_transport=bluetooth
2026-08-09T07:14:07.785Z audio_default_input_changed default_input=present default_input_transport=bluetooth
2026-08-09T07:14:07.833Z shared_mic_engine_configuration_changed sr=48000.0 ch=1 isRunning=false engine_is_running=false default_input=present default_input_transport=bluetooth
2026-08-09T07:14:07.833Z shared_mic_engine_prepared_discarded reason=configuration_changed
2026-08-09T07:14:08.362Z shared_mic_engine_prepare_skipped reason=bluetooth_or_unresolved_route
2026-08-09T07:17:44.936Z audio_default_input_changed default_input=present default_input_transport=built-in
2026-08-09T07:17:44.940Z audio_default_input_changed default_input=present default_input_transport=built-in
2026-08-09T07:17:44.942Z audio_default_input_changed default_input=present default_input_transport=built-in
2026-08-09T07:17:44.945Z audio_default_input_changed default_input=present default_input_transport=built-in
2026-08-09T07:17:44.948Z audio_default_input_changed default_input=present default_input_transport=built-in
2026-08-09T07:17:44.950Z audio_default_input_changed default_input=present default_input_transport=built-in
2026-08-09T07:17:44.966Z audio_default_input_changed default_input=present default_input_transport=built-in
2026-08-09T07:17:45.152Z audio_default_input_changed default_input=present default_input_transport=built-in
2026-08-09T07:17:45.157Z audio_default_input_changed default_input=present default_input_transport=built-in
2026-08-09T07:17:45.180Z audio_default_input_changed default_input=present default_input_transport=built-in
2026-08-09T07:17:45.184Z audio_default_input_changed default_input=present default_input_transport=built-in
2026-08-09T07:17:45.215Z audio_default_input_changed default_input=present default_input_transport=built-in
2026-08-09T07:17:45.227Z audio_default_input_changed default_input=present default_input_transport=built-in
2026-08-09T07:17:45.240Z audio_default_input_changed default_input=present default_input_transport=built-in
2026-08-09T07:17:45.241Z audio_default_input_changed default_input=present default_input_transport=built-in
2026-08-09T07:17:45.244Z audio_default_input_changed default_input=present default_input_transport=built-in
2026-08-09T07:17:45.246Z audio_default_input_changed default_input=present default_input_transport=built-in
2026-08-09T07:17:45.247Z audio_default_input_changed default_input=present default_input_transport=built-in
2026-08-09T07:17:45.248Z audio_default_input_changed default_input=present default_input_transport=built-in
2026-08-09T07:17:45.249Z audio_default_input_changed default_input=present default_input_transport=built-in
2026-08-09T07:17:45.250Z audio_default_input_changed default_input=present default_input_transport=built-in
2026-08-09T07:17:45.250Z audio_default_input_changed default_input=present default_input_transport=built-in
2026-08-09T07:17:45.251Z audio_default_input_changed default_input=present default_input_transport=built-in
2026-08-09T07:17:45.252Z audio_default_input_changed default_input=present default_input_transport=built-in
2026-08-09T07:17:45.254Z audio_default_input_changed default_input=present default_input_transport=built-in
2026-08-09T07:17:45.255Z audio_default_input_changed default_input=present default_input_transport=built-in
2026-08-09T07:17:45.256Z audio_default_input_changed default_input=present default_input_transport=built-in
2026-08-09T07:17:45.257Z audio_default_input_changed default_input=present default_input_transport=built-in
2026-08-09T07:17:45.258Z audio_default_input_changed default_input=present default_input_transport=built-in
2026-08-09T07:17:45.259Z audio_default_input_changed default_input=present default_input_transport=built-in
2026-08-09T07:17:45.260Z audio_default_input_changed default_input=present default_input_transport=built-in
2026-08-09T07:17:45.261Z audio_default_input_changed default_input=present default_input_transport=built-in
2026-08-09T07:17:45.263Z audio_default_input_changed default_input=present default_input_transport=built-in
2026-08-09T07:17:45.264Z audio_default_input_changed default_input=present default_input_transport=built-in
2026-08-09T07:17:45.265Z audio_default_input_changed default_input=present default_input_transport=built-in
2026-08-09T07:17:45.266Z audio_default_input_changed default_input=present default_input_transport=built-in
2026-08-09T07:17:45.267Z audio_default_input_changed default_input=present default_input_transport=built-in
2026-08-09T07:17:45.268Z audio_default_input_changed default_input=present default_input_transport=built-in
2026-08-09T07:17:45.269Z audio_default_input_changed default_input=present default_input_transport=built-in
2026-08-09T07:17:45.270Z audio_default_input_changed default_input=present default_input_transport=built-in
2026-08-09T07:17:45.271Z audio_default_input_changed default_input=present default_input_transport=built-in
2026-08-09T07:17:45.272Z audio_default_input_changed default_input=present default_input_transport=built-in
2026-08-09T07:17:45.273Z audio_default_input_changed default_input=present default_input_transport=built-in
2026-08-09T07:17:45.275Z audio_default_input_changed default_input=present default_input_transport=built-in
2026-08-09T07:17:45.276Z audio_default_input_changed default_input=present default_input_transport=built-in
2026-08-09T07:17:45.276Z audio_default_input_changed default_input=present default_input_transport=built-in
2026-08-09T07:17:45.277Z audio_default_input_changed default_input=present default_input_transport=built-in
2026-08-09T07:17:45.278Z audio_default_input_changed default_input=present default_input_transport=built-in
2026-08-09T07:17:45.279Z audio_default_input_changed default_input=present default_input_transport=built-in
2026-08-09T07:17:45.279Z audio_default_input_changed default_input=present default_input_transport=built-in
2026-08-09T07:17:45.280Z audio_default_input_changed default_input=present default_input_transport=built-in
2026-08-09T07:17:45.281Z audio_default_input_changed default_input=present default_input_transport=built-in
2026-08-09T07:17:45.282Z audio_default_input_changed default_input=present default_input_transport=built-in
2026-08-09T07:17:45.283Z audio_default_input_changed default_input=present default_input_transport=built-in
2026-08-09T07:17:45.284Z audio_default_input_changed default_input=present default_input_transport=built-in
2026-08-09T07:17:45.285Z audio_default_input_changed default_input=present default_input_transport=built-in
2026-08-09T07:17:45.286Z audio_default_input_changed default_input=present default_input_transport=built-in
2026-08-09T07:17:45.287Z audio_default_input_changed default_input=present default_input_transport=built-in
2026-08-09T07:17:45.288Z audio_default_input_changed default_input=present default_input_transport=built-in
2026-08-09T07:17:45.288Z audio_default_input_changed default_input=present default_input_transport=built-in
2026-08-09T07:17:45.289Z audio_default_input_changed default_input=present default_input_transport=built-in
2026-08-09T07:17:45.290Z audio_default_input_changed default_input=present default_input_transport=built-in
2026-08-09T07:17:45.291Z audio_default_input_changed default_input=present default_input_transport=built-in
2026-08-09T07:17:45.292Z audio_default_input_changed default_input=present default_input_transport=built-in
2026-08-09T07:17:45.292Z audio_default_input_changed default_input=present default_input_transport=built-in
2026-08-09T07:17:45.293Z audio_default_input_changed default_input=present default_input_transport=built-in
2026-08-09T07:17:45.294Z audio_default_input_changed default_input=present default_input_transport=built-in
2026-08-09T07:17:45.294Z audio_default_input_changed default_input=present default_input_transport=built-in
2026-08-09T07:17:45.295Z audio_default_input_changed default_input=present default_input_transport=built-in
2026-08-09T07:17:45.296Z audio_default_input_changed default_input=present default_input_transport=built-in
2026-08-09T07:17:45.296Z audio_default_input_changed default_input=present default_input_transport=built-in
2026-08-09T07:17:45.297Z audio_default_input_changed default_input=present default_input_transport=built-in
2026-08-09T07:17:45.298Z audio_default_input_changed default_input=present default_input_transport=built-in
2026-08-09T07:17:45.299Z audio_default_input_changed default_input=present default_input_transport=built-in
2026-08-09T07:17:45.300Z audio_default_input_changed default_input=present default_input_transport=built-in
2026-08-09T07:17:45.300Z audio_default_input_changed default_input=present default_input_transport=built-in
2026-08-09T07:17:45.302Z audio_default_input_changed default_input=present default_input_transport=built-in
2026-08-09T07:17:45.303Z audio_default_input_changed default_input=present default_input_transport=built-in
2026-08-09T07:17:45.304Z audio_default_input_changed default_input=present default_input_transport=built-in
2026-08-09T07:17:45.306Z audio_default_input_changed default_input=present default_input_transport=built-in
2026-08-09T07:17:45.307Z audio_default_input_changed default_input=present default_input_transport=built-in
2026-08-09T07:17:45.308Z audio_default_input_changed default_input=present default_input_transport=built-in
2026-08-09T07:17:45.308Z audio_default_input_changed default_input=present default_input_transport=built-in
2026-08-09T07:17:45.309Z audio_default_input_changed default_input=present default_input_transport=built-in
2026-08-09T07:17:45.310Z audio_default_input_changed default_input=present default_input_transport=built-in
2026-08-09T07:17:45.312Z audio_default_input_changed default_input=present default_input_transport=built-in
2026-08-09T07:17:45.312Z audio_default_input_changed default_input=present default_input_transport=built-in
2026-08-09T07:17:45.313Z audio_default_input_changed default_input=present default_input_transport=built-in
2026-08-09T07:17:45.314Z audio_default_input_changed default_input=present default_input_transport=built-in
2026-08-09T07:17:45.314Z audio_default_input_changed default_input=present default_input_transport=built-in
2026-08-09T07:17:45.315Z audio_default_input_changed default_input=present default_input_transport=built-in
2026-08-09T07:17:45.315Z audio_default_input_changed default_input=present default_input_transport=built-in
2026-08-09T07:17:45.316Z audio_default_input_changed default_input=present default_input_transport=built-in
2026-08-09T07:17:45.317Z audio_default_input_changed default_input=present default_input_transport=built-in
2026-08-09T07:17:45.318Z audio_default_input_changed default_input=present default_input_transport=built-in
2026-08-09T07:17:45.319Z audio_default_input_changed default_input=present default_input_transport=built-in
2026-08-09T07:17:45.320Z audio_default_input_changed default_input=present default_input_transport=built-in
2026-08-09T07:17:45.321Z audio_default_input_changed default_input=present default_input_transport=built-in
2026-08-09T07:17:45.322Z audio_default_input_changed default_input=present default_input_transport=built-in
2026-08-09T07:17:45.994Z shared_mic_engine_prepare_timing vpio=false buffer_size=4096 set_vpio_ms=0.014 output_format_ms=0.011 install_tap_ms=0.005 total_ms=152.954
2026-08-09T07:17:45.995Z shared_mic_engine_input_device_prepared source=system_default device=present transport=built-in vpio=false set_device_ms=0.000 prepare_engine_ms=153.682
2026-08-10T07:01:33.387Z audio_default_input_changed default_input=present default_input_transport=bluetooth
2026-08-10T07:01:33.452Z audio_default_input_changed default_input=present default_input_transport=bluetooth
2026-08-10T07:01:33.467Z audio_default_input_changed default_input=present default_input_transport=bluetooth
2026-08-10T07:01:33.473Z audio_default_input_changed default_input=present default_input_transport=bluetooth
2026-08-10T07:01:33.486Z audio_default_input_changed default_input=present default_input_transport=bluetooth
2026-08-10T07:01:33.487Z audio_default_input_changed default_input=present default_input_transport=bluetooth
2026-08-10T07:01:33.488Z audio_default_input_changed default_input=present default_input_transport=bluetooth
2026-08-10T07:01:33.489Z audio_default_input_changed default_input=present default_input_transport=bluetooth
2026-08-10T07:01:33.490Z audio_default_input_changed default_input=present default_input_transport=bluetooth
2026-08-10T07:01:33.491Z audio_default_input_changed default_input=present default_input_transport=bluetooth
2026-08-10T07:01:33.492Z audio_default_input_changed default_input=present default_input_transport=bluetooth
2026-08-10T07:01:33.493Z audio_default_input_changed default_input=present default_input_transport=bluetooth
2026-08-10T07:01:33.494Z audio_default_input_changed default_input=present default_input_transport=bluetooth
2026-08-10T07:01:33.497Z audio_default_input_changed default_input=present default_input_transport=bluetooth
2026-08-10T07:01:33.499Z audio_default_input_changed default_input=present default_input_transport=bluetooth
2026-08-10T07:01:33.501Z audio_default_input_changed default_input=present default_input_transport=bluetooth
2026-08-10T07:01:33.502Z audio_default_input_changed default_input=present default_input_transport=bluetooth
2026-08-10T07:01:33.504Z audio_default_input_changed default_input=present default_input_transport=bluetooth
2026-08-10T07:01:33.506Z audio_default_input_changed default_input=present default_input_transport=bluetooth
2026-08-10T07:01:33.507Z audio_default_input_changed default_input=present default_input_transport=bluetooth
2026-08-10T07:01:33.508Z audio_default_input_changed default_input=present default_input_transport=bluetooth
2026-08-10T07:01:33.511Z audio_default_input_changed default_input=present default_input_transport=bluetooth
2026-08-10T07:01:33.513Z audio_default_input_changed default_input=present default_input_transport=bluetooth
2026-08-10T07:01:33.514Z audio_default_input_changed default_input=present default_input_transport=bluetooth
2026-08-10T07:01:33.515Z audio_default_input_changed default_input=present default_input_transport=bluetooth
2026-08-10T07:01:33.517Z audio_default_input_changed default_input=present default_input_transport=bluetooth
2026-08-10T07:01:33.518Z audio_default_input_changed default_input=present default_input_transport=bluetooth
2026-08-10T07:01:33.519Z audio_default_input_changed default_input=present default_input_transport=bluetooth
2026-08-10T07:01:33.521Z audio_default_input_changed default_input=present default_input_transport=bluetooth
2026-08-10T07:01:33.522Z audio_default_input_changed default_input=present default_input_transport=bluetooth
2026-08-10T07:01:33.523Z audio_default_input_changed default_input=present default_input_transport=bluetooth
2026-08-10T07:01:33.524Z audio_default_input_changed default_input=present default_input_transport=bluetooth
2026-08-10T07:01:33.525Z audio_default_input_changed default_input=present default_input_transport=bluetooth
2026-08-10T07:01:33.532Z audio_default_input_changed default_input=present default_input_transport=bluetooth
2026-08-10T07:01:33.559Z audio_default_input_changed default_input=present default_input_transport=bluetooth
2026-08-10T07:01:33.615Z audio_default_input_changed default_input=present default_input_transport=bluetooth
2026-08-10T07:01:33.690Z audio_default_input_changed default_input=present default_input_transport=bluetooth
2026-08-10T07:01:33.692Z audio_default_input_changed default_input=present default_input_transport=bluetooth
2026-08-10T07:01:33.693Z audio_default_input_changed default_input=present default_input_transport=bluetooth
2026-08-10T07:01:33.694Z audio_default_input_changed default_input=present default_input_transport=bluetooth
2026-08-10T07:01:33.694Z audio_default_input_changed default_input=present default_input_transport=bluetooth
2026-08-10T07:01:33.696Z audio_default_input_changed default_input=present default_input_transport=bluetooth
2026-08-10T07:01:33.698Z audio_default_input_changed default_input=present default_input_transport=bluetooth
2026-08-10T07:01:33.701Z audio_default_input_changed default_input=present default_input_transport=bluetooth
2026-08-10T07:01:33.702Z audio_default_input_changed default_input=present default_input_transport=bluetooth
2026-08-10T07:01:33.703Z audio_default_input_changed default_input=present default_input_transport=bluetooth
2026-08-10T07:01:33.705Z audio_default_input_changed default_input=present default_input_transport=bluetooth
2026-08-10T07:01:33.731Z audio_default_input_changed default_input=present default_input_transport=bluetooth
2026-08-10T07:01:33.765Z audio_default_input_changed default_input=present default_input_transport=bluetooth
2026-08-10T07:01:33.767Z audio_default_input_changed default_input=present default_input_transport=bluetooth
2026-08-10T07:01:33.767Z audio_default_input_changed default_input=present default_input_transport=bluetooth
2026-08-10T07:01:33.769Z audio_default_input_changed default_input=present default_input_transport=bluetooth
2026-08-10T07:01:33.772Z audio_default_input_changed default_input=present default_input_transport=bluetooth
2026-08-10T07:01:33.774Z audio_default_input_changed default_input=present default_input_transport=bluetooth
2026-08-10T07:01:33.776Z audio_default_input_changed default_input=present default_input_transport=bluetooth
2026-08-10T07:01:33.777Z audio_default_input_changed default_input=present default_input_transport=bluetooth
2026-08-10T07:01:33.778Z audio_default_input_changed default_input=present default_input_transport=bluetooth
2026-08-10T07:01:33.779Z audio_default_input_changed default_input=present default_input_transport=bluetooth
2026-08-10T07:01:33.780Z audio_default_input_changed default_input=present default_input_transport=bluetooth
2026-08-10T07:01:33.784Z audio_default_input_changed default_input=present default_input_transport=bluetooth
2026-08-10T07:01:33.786Z audio_default_input_changed default_input=present default_input_transport=bluetooth
2026-08-10T07:01:33.789Z audio_default_input_changed default_input=present default_input_transport=bluetooth
2026-08-10T07:01:33.790Z shared_mic_engine_configuration_changed sr=48000.0 ch=1 isRunning=false engine_is_running=false default_input=present default_input_transport=bluetooth
2026-08-10T07:01:33.790Z audio_default_input_changed default_input=present default_input_transport=bluetooth
2026-08-10T07:01:33.790Z shared_mic_engine_prepared_discarded reason=configuration_changed
2026-08-10T07:01:33.791Z audio_default_input_changed default_input=present default_input_transport=bluetooth
2026-08-10T07:01:33.793Z audio_default_input_changed default_input=present default_input_transport=bluetooth
2026-08-10T07:01:33.795Z audio_default_input_changed default_input=present default_input_transport=bluetooth
2026-08-10T07:01:33.801Z audio_default_input_changed default_input=present default_input_transport=bluetooth
2026-08-10T07:01:33.805Z audio_default_input_changed default_input=present default_input_transport=bluetooth
2026-08-10T07:01:33.806Z audio_default_input_changed default_input=present default_input_transport=bluetooth
2026-08-10T07:01:33.807Z audio_default_input_changed default_input=present default_input_transport=bluetooth
2026-08-10T07:01:33.807Z audio_default_input_changed default_input=present default_input_transport=bluetooth
2026-08-10T07:01:33.808Z audio_default_input_changed default_input=present default_input_transport=bluetooth
2026-08-10T07:01:33.809Z audio_default_input_changed default_input=present default_input_transport=bluetooth
2026-08-10T07:01:33.811Z audio_default_input_changed default_input=present default_input_transport=bluetooth
2026-08-10T07:01:33.813Z audio_default_input_changed default_input=present default_input_transport=bluetooth
2026-08-10T07:01:33.814Z audio_default_input_changed default_input=present default_input_transport=bluetooth
2026-08-10T07:01:33.816Z audio_default_input_changed default_input=present default_input_transport=bluetooth
2026-08-10T07:01:33.817Z audio_default_input_changed default_input=present default_input_transport=bluetooth
2026-08-10T07:01:33.818Z audio_default_input_changed default_input=present default_input_transport=bluetooth
2026-08-10T07:01:33.820Z audio_default_input_changed default_input=present default_input_transport=bluetooth
2026-08-10T07:01:33.821Z audio_default_input_changed default_input=present default_input_transport=bluetooth
2026-08-10T07:01:33.821Z audio_default_input_changed default_input=present default_input_transport=bluetooth
2026-08-10T07:01:33.823Z audio_default_input_changed default_input=present default_input_transport=bluetooth
2026-08-10T07:01:33.824Z audio_default_input_changed default_input=present default_input_transport=bluetooth
2026-08-10T07:01:33.825Z audio_default_input_changed default_input=present default_input_transport=bluetooth
2026-08-10T07:01:33.826Z audio_default_input_changed default_input=present default_input_transport=bluetooth
2026-08-10T07:01:33.828Z audio_default_input_changed default_input=present default_input_transport=bluetooth
2026-08-10T07:01:33.829Z audio_default_input_changed default_input=present default_input_transport=bluetooth
2026-08-10T07:01:33.830Z audio_default_input_changed default_input=present default_input_transport=bluetooth
2026-08-10T07:01:33.831Z audio_default_input_changed default_input=present default_input_transport=bluetooth
2026-08-10T07:01:33.833Z audio_default_input_changed default_input=present default_input_transport=bluetooth
2026-08-10T07:01:33.834Z audio_default_input_changed default_input=present default_input_transport=bluetooth
2026-08-10T07:01:33.835Z audio_default_input_changed default_input=present default_input_transport=bluetooth
2026-08-10T07:01:33.835Z audio_default_input_changed default_input=present default_input_transport=bluetooth
2026-08-10T07:01:33.836Z audio_default_input_changed default_input=present default_input_transport=bluetooth
2026-08-10T07:01:33.837Z audio_default_input_changed default_input=present default_input_transport=bluetooth
2026-08-10T07:01:33.837Z audio_default_input_changed default_input=present default_input_transport=bluetooth
2026-08-10T07:01:33.838Z audio_default_input_changed default_input=present default_input_transport=bluetooth
2026-08-10T07:01:33.839Z audio_default_input_changed default_input=present default_input_transport=bluetooth
2026-08-10T07:01:33.839Z audio_default_input_changed default_input=present default_input_transport=bluetooth
2026-08-10T07:01:34.373Z shared_mic_engine_prepare_skipped reason=bluetooth_or_unresolved_route
2026-08-10T07:12:41.565Z audio_default_input_changed default_input=present default_input_transport=built-in
2026-08-10T07:12:41.608Z audio_default_input_changed default_input=present default_input_transport=built-in
2026-08-10T07:12:41.609Z audio_default_input_changed default_input=present default_input_transport=built-in
2026-08-10T07:12:41.610Z audio_default_input_changed default_input=present default_input_transport=built-in
2026-08-10T07:12:41.611Z audio_default_input_changed default_input=present default_input_transport=built-in
2026-08-10T07:12:41.611Z audio_default_input_changed default_input=present default_input_transport=built-in
2026-08-10T07:12:41.612Z audio_default_input_changed default_input=present default_input_transport=built-in
2026-08-10T07:12:41.613Z audio_default_input_changed default_input=present default_input_transport=built-in
2026-08-10T07:12:41.613Z audio_default_input_changed default_input=present default_input_transport=built-in
2026-08-10T07:12:41.614Z audio_default_input_changed default_input=present default_input_transport=built-in
2026-08-10T07:12:41.614Z audio_default_input_changed default_input=present default_input_transport=built-in
2026-08-10T07:12:41.615Z audio_default_input_changed default_input=present default_input_transport=built-in
2026-08-10T07:12:41.616Z audio_default_input_changed default_input=present default_input_transport=built-in
2026-08-10T07:12:41.616Z audio_default_input_changed default_input=present default_input_transport=built-in
2026-08-10T07:12:41.617Z audio_default_input_changed default_input=present default_input_transport=built-in
2026-08-10T07:12:41.617Z audio_default_input_changed default_input=present default_input_transport=built-in
2026-08-10T07:12:41.618Z audio_default_input_changed default_input=present default_input_transport=built-in
2026-08-10T07:12:41.618Z audio_default_input_changed default_input=present default_input_transport=built-in
2026-08-10T07:12:41.619Z audio_default_input_changed default_input=present default_input_transport=built-in
2026-08-10T07:12:41.620Z audio_default_input_changed default_input=present default_input_transport=built-in
2026-08-10T07:12:41.621Z audio_default_input_changed default_input=present default_input_transport=built-in
2026-08-10T07:12:41.622Z audio_default_input_changed default_input=present default_input_transport=built-in
2026-08-10T07:12:41.623Z audio_default_input_changed default_input=present default_input_transport=built-in
2026-08-10T07:12:41.627Z audio_default_input_changed default_input=present default_input_transport=built-in
2026-08-10T07:12:41.628Z audio_default_input_changed default_input=present default_input_transport=built-in
2026-08-10T07:12:41.629Z audio_default_input_changed default_input=present default_input_transport=built-in
2026-08-10T07:12:41.632Z audio_default_input_changed default_input=present default_input_transport=built-in
2026-08-10T07:12:41.641Z audio_default_input_changed default_input=present default_input_transport=built-in
2026-08-10T07:12:41.794Z audio_default_input_changed default_input=present default_input_transport=built-in
2026-08-10T07:12:41.795Z audio_default_input_changed default_input=present default_input_transport=built-in
2026-08-10T07:12:41.797Z audio_default_input_changed default_input=present default_input_transport=built-in
2026-08-10T07:12:41.799Z audio_default_input_changed default_input=present default_input_transport=built-in
2026-08-10T07:12:41.800Z audio_default_input_changed default_input=present default_input_transport=built-in
2026-08-10T07:12:41.801Z audio_default_input_changed default_input=present default_input_transport=built-in
2026-08-10T07:12:41.802Z audio_default_input_changed default_input=present default_input_transport=built-in
2026-08-10T07:12:41.803Z audio_default_input_changed default_input=present default_input_transport=built-in
2026-08-10T07:12:41.804Z audio_default_input_changed default_input=present default_input_transport=built-in
2026-08-10T07:12:41.806Z audio_default_input_changed default_input=present default_input_transport=built-in
2026-08-10T07:12:41.807Z audio_default_input_changed default_input=present default_input_transport=built-in
2026-08-10T07:12:41.808Z audio_default_input_changed default_input=present default_input_transport=built-in
2026-08-10T07:12:41.809Z audio_default_input_changed default_input=present default_input_transport=built-in
2026-08-10T07:12:41.810Z audio_default_input_changed default_input=present default_input_transport=built-in
2026-08-10T07:12:41.810Z audio_default_input_changed default_input=present default_input_transport=built-in
2026-08-10T07:12:41.811Z audio_default_input_changed default_input=present default_input_transport=built-in
2026-08-10T07:12:41.812Z audio_default_input_changed default_input=present default_input_transport=built-in
2026-08-10T07:12:41.816Z audio_default_input_changed default_input=present default_input_transport=built-in
2026-08-10T07:12:41.824Z audio_default_input_changed default_input=present default_input_transport=built-in
2026-08-10T07:12:41.829Z audio_default_input_changed default_input=present default_input_transport=built-in
2026-08-10T07:12:41.834Z audio_default_input_changed default_input=present default_input_transport=built-in
2026-08-10T07:12:41.840Z audio_default_input_changed default_input=present default_input_transport=built-in
2026-08-10T07:12:41.846Z audio_default_input_changed default_input=present default_input_transport=built-in
2026-08-10T07:12:41.848Z audio_default_input_changed default_input=present default_input_transport=built-in
2026-08-10T07:12:41.848Z audio_default_input_changed default_input=present default_input_transport=built-in
2026-08-10T07:12:41.849Z audio_default_input_changed default_input=present default_input_transport=built-in
2026-08-10T07:12:41.850Z audio_default_input_changed default_input=present default_input_transport=built-in
2026-08-10T07:12:41.850Z audio_default_input_changed default_input=present default_input_transport=built-in
2026-08-10T07:12:41.851Z audio_default_input_changed default_input=present default_input_transport=built-in
2026-08-10T07:12:41.852Z audio_default_input_changed default_input=present default_input_transport=built-in
2026-08-10T07:12:41.853Z audio_default_input_changed default_input=present default_input_transport=built-in
2026-08-10T07:12:41.853Z audio_default_input_changed default_input=present default_input_transport=built-in
2026-08-10T07:12:41.854Z audio_default_input_changed default_input=present default_input_transport=built-in
2026-08-10T07:12:41.855Z audio_default_input_changed default_input=present default_input_transport=built-in
2026-08-10T07:12:41.857Z audio_default_input_changed default_input=present default_input_transport=built-in
2026-08-10T07:12:41.858Z audio_default_input_changed default_input=present default_input_transport=built-in
2026-08-10T07:12:41.858Z audio_default_input_changed default_input=present default_input_transport=built-in
2026-08-10T07:12:41.859Z audio_default_input_changed default_input=present default_input_transport=built-in
2026-08-10T07:12:41.860Z audio_default_input_changed default_input=present default_input_transport=built-in
2026-08-10T07:12:41.861Z audio_default_input_changed default_input=present default_input_transport=built-in
2026-08-10T07:12:41.863Z audio_default_input_changed default_input=present default_input_transport=built-in
2026-08-10T07:12:41.868Z audio_default_input_changed default_input=present default_input_transport=built-in
2026-08-10T07:12:41.874Z audio_default_input_changed default_input=present default_input_transport=built-in
2026-08-10T07:12:41.877Z audio_default_input_changed default_input=present default_input_transport=built-in
2026-08-10T07:12:41.878Z audio_default_input_changed default_input=present default_input_transport=built-in
2026-08-10T07:12:41.879Z audio_default_input_changed default_input=present default_input_transport=built-in
2026-08-10T07:12:41.880Z audio_default_input_changed default_input=present default_input_transport=built-in
2026-08-10T07:12:41.881Z audio_default_input_changed default_input=present default_input_transport=built-in
2026-08-10T07:12:41.882Z audio_default_input_changed default_input=present default_input_transport=built-in
2026-08-10T07:12:41.883Z audio_default_input_changed default_input=present default_input_transport=built-in
2026-08-10T07:12:41.883Z audio_default_input_changed default_input=present default_input_transport=built-in
2026-08-10T07:12:41.884Z audio_default_input_changed default_input=present default_input_transport=built-in
2026-08-10T07:12:41.885Z audio_default_input_changed default_input=present default_input_transport=built-in
2026-08-10T07:12:41.886Z audio_default_input_changed default_input=present default_input_transport=built-in
2026-08-10T07:12:41.886Z audio_default_input_changed default_input=present default_input_transport=built-in
2026-08-10T07:12:41.888Z audio_default_input_changed default_input=present default_input_transport=built-in
2026-08-10T07:12:41.888Z audio_default_input_changed default_input=present default_input_transport=built-in
2026-08-10T07:12:41.889Z audio_default_input_changed default_input=present default_input_transport=built-in
2026-08-10T07:12:41.890Z audio_default_input_changed default_input=present default_input_transport=built-in
2026-08-10T07:12:41.890Z audio_default_input_changed default_input=present default_input_transport=built-in
2026-08-10T07:12:41.891Z audio_default_input_changed default_input=present default_input_transport=built-in
2026-08-10T07:12:41.892Z audio_default_input_changed default_input=present default_input_transport=built-in
2026-08-10T07:12:41.893Z audio_default_input_changed default_input=present default_input_transport=built-in
2026-08-10T07:12:41.893Z audio_default_input_changed default_input=present default_input_transport=built-in
2026-08-10T07:12:41.894Z audio_default_input_changed default_input=present default_input_transport=built-in
2026-08-10T07:12:41.895Z audio_default_input_changed default_input=present default_input_transport=built-in
2026-08-10T07:12:41.896Z audio_default_input_changed default_input=present default_input_transport=built-in
2026-08-10T07:12:41.897Z audio_default_input_changed default_input=present default_input_transport=built-in
2026-08-10T07:12:41.897Z audio_default_input_changed default_input=present default_input_transport=built-in
2026-08-10T07:12:41.898Z audio_default_input_changed default_input=present default_input_transport=built-in
2026-08-10T07:12:41.899Z audio_default_input_changed default_input=present default_input_transport=built-in
2026-08-10T07:12:41.900Z audio_default_input_changed default_input=present default_input_transport=built-in
2026-08-10T07:12:41.901Z audio_default_input_changed default_input=present default_input_transport=built-in
2026-08-10T07:12:41.901Z audio_default_input_changed default_input=present default_input_transport=built-in
2026-08-10T07:12:42.581Z shared_mic_engine_prepare_timing vpio=false buffer_size=4096 set_vpio_ms=0.019 output_format_ms=0.006 install_tap_ms=0.010 total_ms=155.077
2026-08-10T07:12:42.582Z shared_mic_engine_input_device_prepared source=system_default device=present transport=built-in vpio=false set_device_ms=0.000 prepare_engine_ms=155.813
2026-08-11T08:43:14.055Z audio_default_input_changed default_input=present default_input_transport=bluetooth
2026-08-11T08:43:14.165Z audio_default_input_changed default_input=present default_input_transport=bluetooth
2026-08-11T08:43:14.173Z audio_default_input_changed default_input=present default_input_transport=bluetooth
2026-08-11T08:43:14.174Z audio_default_input_changed default_input=present default_input_transport=bluetooth
2026-08-11T08:43:14.175Z audio_default_input_changed default_input=present default_input_transport=bluetooth
2026-08-11T08:43:14.176Z audio_default_input_changed default_input=present default_input_transport=bluetooth
2026-08-11T08:43:14.178Z audio_default_input_changed default_input=present default_input_transport=bluetooth
2026-08-11T08:43:14.184Z audio_default_input_changed default_input=present default_input_transport=bluetooth
2026-08-11T08:43:14.186Z audio_default_input_changed default_input=present default_input_transport=bluetooth
2026-08-11T08:43:14.192Z audio_default_input_changed default_input=present default_input_transport=bluetooth
2026-08-11T08:43:14.194Z audio_default_input_changed default_input=present default_input_transport=bluetooth
2026-08-11T08:43:14.198Z audio_default_input_changed default_input=present default_input_transport=bluetooth
2026-08-11T08:43:14.201Z audio_default_input_changed default_input=present default_input_transport=bluetooth
2026-08-11T08:43:14.202Z audio_default_input_changed default_input=present default_input_transport=bluetooth
2026-08-11T08:43:14.204Z audio_default_input_changed default_input=present default_input_transport=bluetooth
2026-08-11T08:43:14.205Z audio_default_input_changed default_input=present default_input_transport=bluetooth
2026-08-11T08:43:14.206Z audio_default_input_changed default_input=present default_input_transport=bluetooth
2026-08-11T08:43:14.207Z audio_default_input_changed default_input=present default_input_transport=bluetooth
2026-08-11T08:43:14.209Z audio_default_input_changed default_input=present default_input_transport=bluetooth
2026-08-11T08:43:14.210Z audio_default_input_changed default_input=present default_input_transport=bluetooth
2026-08-11T08:43:14.211Z audio_default_input_changed default_input=present default_input_transport=bluetooth
2026-08-11T08:43:14.212Z audio_default_input_changed default_input=present default_input_transport=bluetooth
2026-08-11T08:43:14.213Z audio_default_input_changed default_input=present default_input_transport=bluetooth
2026-08-11T08:43:14.214Z audio_default_input_changed default_input=present default_input_transport=bluetooth
2026-08-11T08:43:14.215Z audio_default_input_changed default_input=present default_input_transport=bluetooth
2026-08-11T08:43:14.216Z audio_default_input_changed default_input=present default_input_transport=bluetooth
2026-08-11T08:43:14.217Z audio_default_input_changed default_input=present default_input_transport=bluetooth
2026-08-11T08:43:14.218Z audio_default_input_changed default_input=present default_input_transport=bluetooth
2026-08-11T08:43:14.218Z audio_default_input_changed default_input=present default_input_transport=bluetooth
2026-08-11T08:43:14.219Z audio_default_input_changed default_input=present default_input_transport=bluetooth
2026-08-11T08:43:14.220Z audio_default_input_changed default_input=present default_input_transport=bluetooth
2026-08-11T08:43:14.220Z audio_default_input_changed default_input=present default_input_transport=bluetooth
2026-08-11T08:43:14.221Z audio_default_input_changed default_input=present default_input_transport=bluetooth
2026-08-11T08:43:14.222Z audio_default_input_changed default_input=present default_input_transport=bluetooth
2026-08-11T08:43:14.223Z audio_default_input_changed default_input=present default_input_transport=bluetooth
2026-08-11T08:43:14.223Z audio_default_input_changed default_input=present default_input_transport=bluetooth
2026-08-11T08:43:14.224Z audio_default_input_changed default_input=present default_input_transport=bluetooth
2026-08-11T08:43:14.224Z audio_default_input_changed default_input=present default_input_transport=bluetooth
2026-08-11T08:43:14.225Z audio_default_input_changed default_input=present default_input_transport=bluetooth
2026-08-11T08:43:14.225Z audio_default_input_changed default_input=present default_input_transport=bluetooth
2026-08-11T08:43:14.226Z audio_default_input_changed default_input=present default_input_transport=bluetooth
2026-08-11T08:43:14.226Z audio_default_input_changed default_input=present default_input_transport=bluetooth
2026-08-11T08:43:14.227Z audio_default_input_changed default_input=present default_input_transport=bluetooth
2026-08-11T08:43:14.227Z audio_default_input_changed default_input=present default_input_transport=bluetooth
2026-08-11T08:43:14.228Z audio_default_input_changed default_input=present default_input_transport=bluetooth
2026-08-11T08:43:14.228Z audio_default_input_changed default_input=present default_input_transport=bluetooth
2026-08-11T08:43:14.229Z audio_default_input_changed default_input=present default_input_transport=bluetooth
2026-08-11T08:43:14.229Z audio_default_input_changed default_input=present default_input_transport=bluetooth
2026-08-11T08:43:14.230Z audio_default_input_changed default_input=present default_input_transport=bluetooth
2026-08-11T08:43:14.230Z audio_default_input_changed default_input=present default_input_transport=bluetooth
2026-08-11T08:43:14.231Z audio_default_input_changed default_input=present default_input_transport=bluetooth
2026-08-11T08:43:14.231Z audio_default_input_changed default_input=present default_input_transport=bluetooth
2026-08-11T08:43:14.236Z audio_default_input_changed default_input=present default_input_transport=bluetooth
2026-08-11T08:43:14.237Z audio_default_input_changed default_input=present default_input_transport=bluetooth
2026-08-11T08:43:14.237Z audio_default_input_changed default_input=present default_input_transport=bluetooth
2026-08-11T08:43:14.238Z audio_default_input_changed default_input=present default_input_transport=bluetooth
2026-08-11T08:43:14.240Z audio_default_input_changed default_input=present default_input_transport=bluetooth
2026-08-11T08:43:14.255Z audio_default_input_changed default_input=present default_input_transport=bluetooth
2026-08-11T08:43:14.259Z audio_default_input_changed default_input=present default_input_transport=bluetooth
2026-08-11T08:43:14.264Z audio_default_input_changed default_input=present default_input_transport=bluetooth
2026-08-11T08:43:14.272Z audio_default_input_changed default_input=present default_input_transport=bluetooth
2026-08-11T08:43:14.284Z audio_default_input_changed default_input=present default_input_transport=bluetooth
2026-08-11T08:43:14.315Z audio_default_input_changed default_input=present default_input_transport=bluetooth
2026-08-11T08:43:14.328Z audio_default_input_changed default_input=present default_input_transport=bluetooth
2026-08-11T08:43:14.329Z audio_default_input_changed default_input=present default_input_transport=bluetooth
2026-08-11T08:43:14.329Z audio_default_input_changed default_input=present default_input_transport=bluetooth
2026-08-11T08:43:14.330Z audio_default_input_changed default_input=present default_input_transport=bluetooth
2026-08-11T08:43:14.331Z audio_default_input_changed default_input=present default_input_transport=bluetooth
2026-08-11T08:43:14.331Z audio_default_input_changed default_input=present default_input_transport=bluetooth
2026-08-11T08:43:14.332Z audio_default_input_changed default_input=present default_input_transport=bluetooth
2026-08-11T08:43:14.332Z audio_default_input_changed default_input=present default_input_transport=bluetooth
2026-08-11T08:43:14.333Z audio_default_input_changed default_input=present default_input_transport=bluetooth
2026-08-11T08:43:14.337Z audio_default_input_changed default_input=present default_input_transport=bluetooth
2026-08-11T08:43:14.340Z audio_default_input_changed default_input=present default_input_transport=bluetooth
2026-08-11T08:43:14.355Z audio_default_input_changed default_input=present default_input_transport=bluetooth
2026-08-11T08:43:14.365Z audio_default_input_changed default_input=present default_input_transport=bluetooth
2026-08-11T08:43:14.366Z audio_default_input_changed default_input=present default_input_transport=bluetooth
2026-08-11T08:43:14.367Z audio_default_input_changed default_input=present default_input_transport=bluetooth
2026-08-11T08:43:14.367Z audio_default_input_changed default_input=present default_input_transport=bluetooth
2026-08-11T08:43:14.368Z audio_default_input_changed default_input=present default_input_transport=bluetooth
2026-08-11T08:43:14.369Z audio_default_input_changed default_input=present default_input_transport=bluetooth
2026-08-11T08:43:14.370Z audio_default_input_changed default_input=present default_input_transport=bluetooth
2026-08-11T08:43:14.370Z audio_default_input_changed default_input=present default_input_transport=bluetooth
2026-08-11T08:43:14.371Z audio_default_input_changed default_input=present default_input_transport=bluetooth
2026-08-11T08:43:14.372Z audio_default_input_changed default_input=present default_input_transport=bluetooth
2026-08-11T08:43:14.373Z audio_default_input_changed default_input=present default_input_transport=bluetooth
2026-08-11T08:43:14.374Z audio_default_input_changed default_input=present default_input_transport=bluetooth
2026-08-11T08:43:14.375Z audio_default_input_changed default_input=present default_input_transport=bluetooth
2026-08-11T08:43:14.377Z shared_mic_engine_configuration_changed sr=48000.0 ch=1 isRunning=false engine_is_running=false default_input=present default_input_transport=bluetooth
2026-08-11T08:43:14.377Z audio_default_input_changed default_input=present default_input_transport=bluetooth
2026-08-11T08:43:14.377Z shared_mic_engine_prepared_discarded reason=configuration_changed
2026-08-11T08:43:14.378Z audio_default_input_changed default_input=present default_input_transport=bluetooth
2026-08-11T08:43:14.378Z audio_default_input_changed default_input=present default_input_transport=bluetooth
2026-08-11T08:43:14.379Z audio_default_input_changed default_input=present default_input_transport=bluetooth
2026-08-11T08:43:14.380Z audio_default_input_changed default_input=present default_input_transport=bluetooth
2026-08-11T08:43:14.380Z audio_default_input_changed default_input=present default_input_transport=bluetooth
2026-08-11T08:43:14.381Z audio_default_input_changed default_input=present default_input_transport=bluetooth
2026-08-11T08:43:14.383Z audio_default_input_changed default_input=present default_input_transport=bluetooth
2026-08-11T08:43:14.388Z audio_default_input_changed default_input=present default_input_transport=bluetooth
2026-08-11T08:43:14.388Z audio_default_input_changed default_input=present default_input_transport=bluetooth
2026-08-11T08:43:14.396Z audio_default_input_changed default_input=present default_input_transport=bluetooth
2026-08-11T08:43:14.399Z audio_default_input_changed default_input=present default_input_transport=bluetooth
2026-08-11T08:43:14.410Z audio_default_input_changed default_input=present default_input_transport=bluetooth
2026-08-11T08:43:14.458Z audio_default_input_changed default_input=present default_input_transport=bluetooth
2026-08-11T08:43:14.481Z audio_default_input_changed default_input=present default_input_transport=bluetooth
2026-08-11T08:43:15.022Z shared_mic_engine_prepare_skipped reason=bluetooth_or_unresolved_route
2026-08-11T09:12:05.447Z audio_default_input_changed default_input=present default_input_transport=built-in
2026-08-11T09:12:05.472Z audio_default_input_changed default_input=present default_input_transport=built-in
2026-08-11T09:12:05.475Z audio_default_input_changed default_input=present default_input_transport=built-in
2026-08-11T09:12:05.478Z audio_default_input_changed default_input=present default_input_transport=built-in
2026-08-11T09:12:05.484Z audio_default_input_changed default_input=present default_input_transport=built-in
2026-08-11T09:12:05.490Z audio_default_input_changed default_input=present default_input_transport=built-in
2026-08-11T09:12:05.494Z audio_default_input_changed default_input=present default_input_transport=built-in
2026-08-11T09:12:05.494Z audio_default_input_changed default_input=present default_input_transport=built-in
2026-08-11T09:12:05.496Z audio_default_input_changed default_input=present default_input_transport=built-in
2026-08-11T09:12:05.497Z audio_default_input_changed default_input=present default_input_transport=built-in
2026-08-11T09:12:05.498Z audio_default_input_changed default_input=present default_input_transport=built-in
2026-08-11T09:12:05.499Z audio_default_input_changed default_input=present default_input_transport=built-in
2026-08-11T09:12:05.499Z audio_default_input_changed default_input=present default_input_transport=built-in
2026-08-11T09:12:05.500Z audio_default_input_changed default_input=present default_input_transport=built-in
2026-08-11T09:12:05.500Z audio_default_input_changed default_input=present default_input_transport=built-in
2026-08-11T09:12:05.501Z audio_default_input_changed default_input=present default_input_transport=built-in
2026-08-11T09:12:05.501Z audio_default_input_changed default_input=present default_input_transport=built-in
2026-08-11T09:12:05.502Z audio_default_input_changed default_input=present default_input_transport=built-in
2026-08-11T09:12:05.502Z audio_default_input_changed default_input=present default_input_transport=built-in
2026-08-11T09:12:05.502Z audio_default_input_changed default_input=present default_input_transport=built-in
2026-08-11T09:12:05.503Z audio_default_input_changed default_input=present default_input_transport=built-in
2026-08-11T09:12:05.504Z audio_default_input_changed default_input=present default_input_transport=built-in
2026-08-11T09:12:05.504Z audio_default_input_changed default_input=present default_input_transport=built-in
2026-08-11T09:12:05.505Z audio_default_input_changed default_input=present default_input_transport=built-in
2026-08-11T09:12:05.505Z audio_default_input_changed default_input=present default_input_transport=built-in
2026-08-11T09:12:05.506Z audio_default_input_changed default_input=present default_input_transport=built-in
2026-08-11T09:12:05.509Z audio_default_input_changed default_input=present default_input_transport=built-in
2026-08-11T09:12:05.516Z audio_default_input_changed default_input=present default_input_transport=built-in
2026-08-11T09:12:05.641Z audio_default_input_changed default_input=present default_input_transport=built-in
2026-08-11T09:12:05.650Z audio_default_input_changed default_input=present default_input_transport=built-in
2026-08-11T09:12:05.656Z audio_default_input_changed default_input=present default_input_transport=built-in
2026-08-11T09:12:05.657Z audio_default_input_changed default_input=present default_input_transport=built-in
2026-08-11T09:12:05.658Z audio_default_input_changed default_input=present default_input_transport=built-in
2026-08-11T09:12:05.659Z audio_default_input_changed default_input=present default_input_transport=built-in
2026-08-11T09:12:05.663Z audio_default_input_changed default_input=present default_input_transport=built-in
2026-08-11T09:12:05.669Z audio_default_input_changed default_input=present default_input_transport=built-in
2026-08-11T09:12:05.676Z audio_default_input_changed default_input=present default_input_transport=built-in
2026-08-11T09:12:05.678Z audio_default_input_changed default_input=present default_input_transport=built-in
2026-08-11T09:12:05.680Z audio_default_input_changed default_input=present default_input_transport=built-in
2026-08-11T09:12:05.681Z audio_default_input_changed default_input=present default_input_transport=built-in
2026-08-11T09:12:05.682Z audio_default_input_changed default_input=present default_input_transport=built-in
2026-08-11T09:12:05.683Z audio_default_input_changed default_input=present default_input_transport=built-in
2026-08-11T09:12:05.684Z audio_default_input_changed default_input=present default_input_transport=built-in
2026-08-11T09:12:05.685Z audio_default_input_changed default_input=present default_input_transport=built-in
2026-08-11T09:12:05.686Z audio_default_input_changed default_input=present default_input_transport=built-in
2026-08-11T09:12:05.686Z audio_default_input_changed default_input=present default_input_transport=built-in
2026-08-11T09:12:05.687Z audio_default_input_changed default_input=present default_input_transport=built-in
2026-08-11T09:12:05.687Z audio_default_input_changed default_input=present default_input_transport=built-in
2026-08-11T09:12:05.687Z audio_default_input_changed default_input=present default_input_transport=built-in
2026-08-11T09:12:05.688Z audio_default_input_changed default_input=present default_input_transport=built-in
2026-08-11T09:12:05.688Z audio_default_input_changed default_input=present default_input_transport=built-in
2026-08-11T09:12:05.730Z audio_default_input_changed default_input=present default_input_transport=built-in
2026-08-11T09:12:05.733Z audio_default_input_changed default_input=present default_input_transport=built-in
2026-08-11T09:12:05.741Z audio_default_input_changed default_input=present default_input_transport=built-in
2026-08-11T09:12:05.742Z audio_default_input_changed default_input=present default_input_transport=built-in
2026-08-11T09:12:05.743Z audio_default_input_changed default_input=present default_input_transport=built-in
2026-08-11T09:12:05.743Z audio_default_input_changed default_input=present default_input_transport=built-in
2026-08-11T09:12:05.744Z audio_default_input_changed default_input=present default_input_transport=built-in
2026-08-11T09:12:05.745Z audio_default_input_changed default_input=present default_input_transport=built-in
2026-08-11T09:12:05.745Z audio_default_input_changed default_input=present default_input_transport=built-in
2026-08-11T09:12:05.747Z audio_default_input_changed default_input=present default_input_transport=built-in
2026-08-11T09:12:05.750Z audio_default_input_changed default_input=present default_input_transport=built-in
2026-08-11T09:12:05.753Z audio_default_input_changed default_input=present default_input_transport=built-in
2026-08-11T09:12:05.755Z audio_default_input_changed default_input=present default_input_transport=built-in
2026-08-11T09:12:05.757Z audio_default_input_changed default_input=present default_input_transport=built-in
2026-08-11T09:12:05.757Z audio_default_input_changed default_input=present default_input_transport=built-in
2026-08-11T09:12:05.758Z audio_default_input_changed default_input=present default_input_transport=built-in
2026-08-11T09:12:05.759Z audio_default_input_changed default_input=present default_input_transport=built-in
2026-08-11T09:12:05.760Z audio_default_input_changed default_input=present default_input_transport=built-in
2026-08-11T09:12:05.762Z audio_default_input_changed default_input=present default_input_transport=built-in
2026-08-11T09:12:05.764Z audio_default_input_changed default_input=present default_input_transport=built-in
2026-08-11T09:12:05.766Z audio_default_input_changed default_input=present default_input_transport=built-in
2026-08-11T09:12:05.771Z audio_default_input_changed default_input=present default_input_transport=built-in
2026-08-11T09:12:05.772Z audio_default_input_changed default_input=present default_input_transport=built-in
2026-08-11T09:12:05.772Z audio_default_input_changed default_input=present default_input_transport=built-in
2026-08-11T09:12:05.773Z audio_default_input_changed default_input=present default_input_transport=built-in
2026-08-11T09:12:05.774Z audio_default_input_changed default_input=present default_input_transport=built-in
2026-08-11T09:12:05.774Z audio_default_input_changed default_input=present default_input_transport=built-in
2026-08-11T09:12:05.775Z audio_default_input_changed default_input=present default_input_transport=built-in
2026-08-11T09:12:05.775Z audio_default_input_changed default_input=present default_input_transport=built-in
2026-08-11T09:12:05.776Z audio_default_input_changed default_input=present default_input_transport=built-in
2026-08-11T09:12:05.777Z audio_default_input_changed default_input=present default_input_transport=built-in
2026-08-11T09:12:05.777Z audio_default_input_changed default_input=present default_input_transport=built-in
2026-08-11T09:12:05.777Z audio_default_input_changed default_input=present default_input_transport=built-in
2026-08-11T09:12:05.778Z audio_default_input_changed default_input=present default_input_transport=built-in
2026-08-11T09:12:05.779Z audio_default_input_changed default_input=present default_input_transport=built-in
2026-08-11T09:12:05.779Z audio_default_input_changed default_input=present default_input_transport=built-in
2026-08-11T09:12:05.780Z audio_default_input_changed default_input=present default_input_transport=built-in
2026-08-11T09:12:05.780Z audio_default_input_changed default_input=present default_input_transport=built-in
2026-08-11T09:12:05.780Z audio_default_input_changed default_input=present default_input_transport=built-in
2026-08-11T09:12:05.781Z audio_default_input_changed default_input=present default_input_transport=built-in
2026-08-11T09:12:05.781Z audio_default_input_changed default_input=present default_input_transport=built-in
2026-08-11T09:12:05.782Z audio_default_input_changed default_input=present default_input_transport=built-in
2026-08-11T09:12:05.782Z audio_default_input_changed default_input=present default_input_transport=built-in
2026-08-11T09:12:05.783Z audio_default_input_changed default_input=present default_input_transport=built-in
2026-08-11T09:12:05.783Z audio_default_input_changed default_input=present default_input_transport=built-in
2026-08-11T09:12:05.784Z audio_default_input_changed default_input=present default_input_transport=built-in
2026-08-11T09:12:05.784Z audio_default_input_changed default_input=present default_input_transport=built-in
2026-08-11T09:12:05.784Z audio_default_input_changed default_input=present default_input_transport=built-in
2026-08-11T09:12:05.785Z audio_default_input_changed default_input=present default_input_transport=built-in
2026-08-11T09:12:05.785Z audio_default_input_changed default_input=present default_input_transport=built-in
2026-08-11T09:12:05.786Z audio_default_input_changed default_input=present default_input_transport=built-in
2026-08-11T09:12:05.786Z audio_default_input_changed default_input=present default_input_transport=built-in
2026-08-11T09:12:05.786Z audio_default_input_changed default_input=present default_input_transport=built-in
2026-08-11T09:12:05.787Z audio_default_input_changed default_input=present default_input_transport=built-in
2026-08-11T09:12:06.464Z shared_mic_engine_prepare_timing vpio=false buffer_size=4096 set_vpio_ms=0.015 output_format_ms=0.004 install_tap_ms=0.005 total_ms=152.866
2026-08-11T09:12:06.465Z shared_mic_engine_input_device_prepared source=system_default device=present transport=built-in vpio=false set_device_ms=0.000 prepare_engine_ms=154.574
2026-08-11T11:44:33.806Z audio_default_input_changed default_input=present default_input_transport=bluetooth
2026-08-11T11:44:33.845Z audio_default_input_changed default_input=present default_input_transport=bluetooth
2026-08-11T11:44:33.930Z audio_default_input_changed default_input=present default_input_transport=bluetooth
2026-08-11T11:44:33.940Z audio_default_input_changed default_input=present default_input_transport=bluetooth
2026-08-11T11:44:33.942Z audio_default_input_changed default_input=present default_input_transport=bluetooth
2026-08-11T11:44:33.945Z audio_default_input_changed default_input=present default_input_transport=bluetooth
2026-08-11T11:44:33.948Z audio_default_input_changed default_input=present default_input_transport=bluetooth
2026-08-11T11:44:33.957Z audio_default_input_changed default_input=present default_input_transport=bluetooth
2026-08-11T11:44:33.966Z audio_default_input_changed default_input=present default_input_transport=bluetooth
2026-08-11T11:44:33.986Z audio_default_input_changed default_input=present default_input_transport=bluetooth
2026-08-11T11:44:33.990Z audio_default_input_changed default_input=present default_input_transport=bluetooth
2026-08-11T11:44:33.992Z audio_default_input_changed default_input=present default_input_transport=bluetooth
2026-08-11T11:44:33.993Z audio_default_input_changed default_input=present default_input_transport=bluetooth
2026-08-11T11:44:33.995Z audio_default_input_changed default_input=present default_input_transport=bluetooth
2026-08-11T11:44:33.996Z audio_default_input_changed default_input=present default_input_transport=bluetooth
2026-08-11T11:44:33.997Z audio_default_input_changed default_input=present default_input_transport=bluetooth
2026-08-11T11:44:33.998Z audio_default_input_changed default_input=present default_input_transport=bluetooth
2026-08-11T11:44:33.999Z audio_default_input_changed default_input=present default_input_transport=bluetooth
2026-08-11T11:44:34.000Z audio_default_input_changed default_input=present default_input_transport=bluetooth
2026-08-11T11:44:34.004Z audio_default_input_changed default_input=present default_input_transport=bluetooth
2026-08-11T11:44:34.005Z audio_default_input_changed default_input=present default_input_transport=bluetooth
2026-08-11T11:44:34.006Z audio_default_input_changed default_input=present default_input_transport=bluetooth
2026-08-11T11:44:34.007Z audio_default_input_changed default_input=present default_input_transport=bluetooth
2026-08-11T11:44:34.008Z audio_default_input_changed default_input=present default_input_transport=bluetooth
2026-08-11T11:44:34.008Z audio_default_input_changed default_input=present default_input_transport=bluetooth
2026-08-11T11:44:34.009Z audio_default_input_changed default_input=present default_input_transport=bluetooth
2026-08-11T11:44:34.012Z audio_default_input_changed default_input=present default_input_transport=bluetooth
2026-08-11T11:44:34.013Z audio_default_input_changed default_input=present default_input_transport=bluetooth
2026-08-11T11:44:34.015Z audio_default_input_changed default_input=present default_input_transport=bluetooth
2026-08-11T11:44:34.016Z audio_default_input_changed default_input=present default_input_transport=bluetooth
2026-08-11T11:44:34.017Z audio_default_input_changed default_input=present default_input_transport=bluetooth
2026-08-11T11:44:34.018Z audio_default_input_changed default_input=present default_input_transport=bluetooth
2026-08-11T11:44:34.019Z audio_default_input_changed default_input=present default_input_transport=bluetooth
2026-08-11T11:44:34.020Z audio_default_input_changed default_input=present default_input_transport=bluetooth
2026-08-11T11:44:34.021Z audio_default_input_changed default_input=present default_input_transport=bluetooth
2026-08-11T11:44:34.021Z audio_default_input_changed default_input=present default_input_transport=bluetooth
2026-08-11T11:44:34.022Z audio_default_input_changed default_input=present default_input_transport=bluetooth
2026-08-11T11:44:34.023Z audio_default_input_changed default_input=present default_input_transport=bluetooth
2026-08-11T11:44:34.024Z audio_default_input_changed default_input=present default_input_transport=bluetooth
2026-08-11T11:44:34.025Z audio_default_input_changed default_input=present default_input_transport=bluetooth
2026-08-11T11:44:34.026Z audio_default_input_changed default_input=present default_input_transport=bluetooth
2026-08-11T11:44:34.027Z audio_default_input_changed default_input=present default_input_transport=bluetooth
2026-08-11T11:44:34.028Z audio_default_input_changed default_input=present default_input_transport=bluetooth
2026-08-11T11:44:34.029Z audio_default_input_changed default_input=present default_input_transport=bluetooth
2026-08-11T11:44:34.030Z audio_default_input_changed default_input=present default_input_transport=bluetooth
2026-08-11T11:44:34.031Z audio_default_input_changed default_input=present default_input_transport=bluetooth
2026-08-11T11:44:34.031Z audio_default_input_changed default_input=present default_input_transport=bluetooth
2026-08-11T11:44:34.032Z audio_default_input_changed default_input=present default_input_transport=bluetooth
2026-08-11T11:44:34.033Z audio_default_input_changed default_input=present default_input_transport=bluetooth
2026-08-11T11:44:34.033Z audio_default_input_changed default_input=present default_input_transport=bluetooth
2026-08-11T11:44:34.034Z audio_default_input_changed default_input=present default_input_transport=bluetooth
2026-08-11T11:44:34.035Z audio_default_input_changed default_input=present default_input_transport=bluetooth
2026-08-11T11:44:34.035Z audio_default_input_changed default_input=present default_input_transport=bluetooth
2026-08-11T11:44:34.037Z audio_default_input_changed default_input=present default_input_transport=bluetooth
2026-08-11T11:44:34.037Z audio_default_input_changed default_input=present default_input_transport=bluetooth
2026-08-11T11:44:34.038Z audio_default_input_changed default_input=present default_input_transport=bluetooth
2026-08-11T11:44:34.038Z audio_default_input_changed default_input=present default_input_transport=bluetooth
2026-08-11T11:44:34.039Z audio_default_input_changed default_input=present default_input_transport=bluetooth
2026-08-11T11:44:34.039Z audio_default_input_changed default_input=present default_input_transport=bluetooth
2026-08-11T11:44:34.040Z audio_default_input_changed default_input=present default_input_transport=bluetooth
2026-08-11T11:44:34.040Z audio_default_input_changed default_input=present default_input_transport=bluetooth
2026-08-11T11:44:34.041Z audio_default_input_changed default_input=present default_input_transport=bluetooth
2026-08-11T11:44:34.041Z audio_default_input_changed default_input=present default_input_transport=bluetooth
2026-08-11T11:44:34.042Z audio_default_input_changed default_input=present default_input_transport=bluetooth
2026-08-11T11:44:34.043Z audio_default_input_changed default_input=present default_input_transport=bluetooth
2026-08-11T11:44:34.051Z audio_default_input_changed default_input=present default_input_transport=bluetooth
2026-08-11T11:44:34.058Z audio_default_input_changed default_input=present default_input_transport=bluetooth
2026-08-11T11:44:34.061Z audio_default_input_changed default_input=present default_input_transport=bluetooth
2026-08-11T11:44:34.065Z audio_default_input_changed default_input=present default_input_transport=bluetooth
2026-08-11T11:44:34.067Z audio_default_input_changed default_input=present default_input_transport=bluetooth
2026-08-11T11:44:34.074Z audio_default_input_changed default_input=present default_input_transport=bluetooth
2026-08-11T11:44:34.076Z audio_default_input_changed default_input=present default_input_transport=bluetooth
2026-08-11T11:44:34.083Z audio_default_input_changed default_input=present default_input_transport=bluetooth
2026-08-11T11:44:34.200Z audio_default_input_changed default_input=present default_input_transport=bluetooth
2026-08-11T11:44:34.201Z audio_default_input_changed default_input=present default_input_transport=bluetooth
2026-08-11T11:44:34.204Z audio_default_input_changed default_input=present default_input_transport=bluetooth
2026-08-11T11:44:34.207Z audio_default_input_changed default_input=present default_input_transport=bluetooth
2026-08-11T11:44:34.207Z audio_default_input_changed default_input=present default_input_transport=bluetooth
2026-08-11T11:44:34.254Z audio_default_input_changed default_input=present default_input_transport=bluetooth
2026-08-11T11:44:34.282Z audio_default_input_changed default_input=present default_input_transport=bluetooth
2026-08-11T11:44:34.286Z audio_default_input_changed default_input=present default_input_transport=bluetooth
2026-08-11T11:44:34.289Z audio_default_input_changed default_input=present default_input_transport=bluetooth
2026-08-11T11:44:34.290Z audio_default_input_changed default_input=present default_input_transport=bluetooth
2026-08-11T11:44:34.291Z audio_default_input_changed default_input=present default_input_transport=bluetooth
2026-08-11T11:44:34.295Z audio_default_input_changed default_input=present default_input_transport=bluetooth
2026-08-11T11:44:34.302Z audio_default_input_changed default_input=present default_input_transport=bluetooth
2026-08-11T11:44:34.303Z audio_default_input_changed default_input=present default_input_transport=bluetooth
2026-08-11T11:44:34.306Z audio_default_input_changed default_input=present default_input_transport=bluetooth
2026-08-11T11:44:34.306Z audio_default_input_changed default_input=present default_input_transport=bluetooth
2026-08-11T11:44:34.308Z audio_default_input_changed default_input=present default_input_transport=bluetooth
2026-08-11T11:44:34.309Z audio_default_input_changed default_input=present default_input_transport=bluetooth
2026-08-11T11:44:34.310Z audio_default_input_changed default_input=present default_input_transport=bluetooth
2026-08-11T11:44:34.311Z audio_default_input_changed default_input=present default_input_transport=bluetooth
2026-08-11T11:44:34.313Z audio_default_input_changed default_input=present default_input_transport=bluetooth
2026-08-11T11:44:34.315Z audio_default_input_changed default_input=present default_input_transport=bluetooth
2026-08-11T11:44:34.316Z shared_mic_engine_configuration_changed sr=48000.0 ch=1 isRunning=false engine_is_running=false default_input=present default_input_transport=bluetooth
2026-08-11T11:44:34.316Z audio_default_input_changed default_input=present default_input_transport=bluetooth
2026-08-11T11:44:34.317Z shared_mic_engine_prepared_discarded reason=configuration_changed
2026-08-11T11:44:34.318Z audio_default_input_changed default_input=present default_input_transport=bluetooth
2026-08-11T11:44:34.319Z audio_default_input_changed default_input=present default_input_transport=bluetooth
2026-08-11T11:44:34.320Z audio_default_input_changed default_input=present default_input_transport=bluetooth
2026-08-11T11:44:34.321Z audio_default_input_changed default_input=present default_input_transport=bluetooth
2026-08-11T11:44:34.322Z audio_default_input_changed default_input=present default_input_transport=bluetooth
2026-08-11T11:44:34.323Z audio_default_input_changed default_input=present default_input_transport=bluetooth
2026-08-11T11:44:34.325Z audio_default_input_changed default_input=present default_input_transport=bluetooth
2026-08-11T11:44:34.326Z audio_default_input_changed default_input=present default_input_transport=bluetooth
2026-08-11T11:44:34.327Z audio_default_input_changed default_input=present default_input_transport=bluetooth
2026-08-11T11:44:34.328Z audio_default_input_changed default_input=present default_input_transport=bluetooth
2026-08-11T11:44:34.889Z shared_mic_engine_prepare_skipped reason=bluetooth_or_unresolved_route
2026-08-11T11:46:14.984Z meeting_live_chunking_mode session=63742DE4-89D2-4DBE-AF27-07570000047E mode=vad reason=started
2026-08-11T11:46:15.008Z meeting_mic_capture_starting requested_mode=raw default_input=present default_input_transport=bluetooth
2026-08-11T11:46:15.208Z shared_mic_engine_start_timing vpio=false buffer_size=4096 set_vpio_ms=0.008 ducking_ms=0.000 output_format_ms=0.011 install_tap_ms=0.006 audio_engine_start_ms=99.334 total_ms=197.059
2026-08-11T11:46:15.209Z shared_mic_engine_input_device_started source=system_default device=present transport=bluetooth vpio=false set_device_ms=0.000 start_engine_ms=198.247
2026-08-11T11:46:15.210Z shared_mic_diagnostics transition=subscribe wants_vpio=false blocks_vpio_promotion=true subscribers=1 vpio_subs=0 passive_subs=0 engine_running=true vpio_engaged=false vpio_deferred=false vpio_deferral_count=0
2026-08-11T11:46:15.210Z meeting_mic_processing mode=raw
2026-08-11T11:46:15.211Z meeting_mic_capture_started requested_mode=raw effective_mode=raw sr=24000.0 ch=1 default_input=present default_input_transport=bluetooth
2026-08-11T11:46:15.336Z system_audio_stream_screen_output_attached mode=discard
2026-08-11T11:46:15.410Z meeting_mic_first_buffer sr=24000.0 ch=1 interleaved=false
2026-08-11T11:46:15.658Z system_audio_stream_started sr=48000 ch=2
2026-08-11T11:46:15.660Z meeting_recording_started session=63742DE4-89D2-4DBE-AF27-07570000047E source_mode=Optional(MacParakeetCore.MeetingAudioSourceMode.microphoneAndSystem) requested_mic_mode=raw effective_mic_mode=raw
2026-08-11T11:46:15.778Z system_audio_stream_first_buffer sr=48000 ch=2
2026-08-11T13:00:56.949Z meeting_stop_stage session=63742DE4-89D2-4DBE-AF27-07570000047E stage=notes_commit duration_ms=2 outcome=success
2026-08-11T13:00:56.951Z meeting_recording_stopping session=63742DE4-89D2-4DBE-AF27-07570000047E
2026-08-11T13:00:56.951Z meeting_mic_capture_stopped default_input=present default_input_transport=bluetooth
2026-08-11T13:00:56.978Z shared_mic_engine_stopped
2026-08-11T13:00:57.012Z shared_mic_diagnostics transition=unsubscribe wants_vpio=n/a blocks_vpio_promotion=n/a subscribers=0 vpio_subs=0 passive_subs=0 engine_running=false vpio_engaged=false vpio_deferred=false vpio_deferral_count=0
2026-08-11T13:00:57.056Z system_audio_stream_stopped outcome=completed
2026-08-11T13:00:57.059Z meeting_stop_stage session=63742DE4-89D2-4DBE-AF27-07570000047E stage=capture_stop duration_ms=107 outcome=success
2026-08-11T13:00:57.072Z meeting_stop_stage session=63742DE4-89D2-4DBE-AF27-07570000047E stage=processing_drain duration_ms=11 outcome=success
2026-08-11T13:00:57.109Z shared_mic_engine_prepare_skipped reason=bluetooth_or_unresolved_route
2026-08-11T13:00:57.165Z meeting_stop_stage session=63742DE4-89D2-4DBE-AF27-07570000047E stage=writer_finalize duration_ms=90 outcome=success
2026-08-11T13:00:57.215Z meeting_stop_stage session=63742DE4-89D2-4DBE-AF27-07570000047E stage=source_urls duration_ms=49 outcome=success
2026-08-11T13:00:57.217Z meeting_stop_stage session=63742DE4-89D2-4DBE-AF27-07570000047E stage=metadata_save duration_ms=1 outcome=success
2026-08-11T13:01:16.756Z audio_default_input_changed default_input=present default_input_transport=built-in
2026-08-11T13:01:16.760Z audio_default_input_changed default_input=present default_input_transport=built-in
2026-08-11T13:01:16.780Z audio_default_input_changed default_input=present default_input_transport=built-in
2026-08-11T13:01:16.794Z audio_default_input_changed default_input=present default_input_transport=built-in
2026-08-11T13:01:16.804Z audio_default_input_changed default_input=present default_input_transport=built-in
2026-08-11T13:01:16.812Z audio_default_input_changed default_input=present default_input_transport=built-in
2026-08-11T13:01:16.848Z audio_default_input_changed default_input=present default_input_transport=built-in
2026-08-11T13:01:16.871Z audio_default_input_changed default_input=present default_input_transport=built-in
2026-08-11T13:01:16.879Z audio_default_input_changed default_input=present default_input_transport=built-in
2026-08-11T13:01:16.891Z audio_default_input_changed default_input=present default_input_transport=built-in
2026-08-11T13:01:16.894Z audio_default_input_changed default_input=present default_input_transport=built-in
2026-08-11T13:01:16.901Z audio_default_input_changed default_input=present default_input_transport=built-in
2026-08-11T13:01:16.911Z audio_default_input_changed default_input=present default_input_transport=built-in
2026-08-11T13:01:16.913Z audio_default_input_changed default_input=present default_input_transport=built-in
2026-08-11T13:01:16.915Z audio_default_input_changed default_input=present default_input_transport=built-in
2026-08-11T13:01:16.918Z audio_default_input_changed default_input=present default_input_transport=built-in
2026-08-11T13:01:16.919Z audio_default_input_changed default_input=present default_input_transport=built-in
2026-08-11T13:01:16.921Z audio_default_input_changed default_input=present default_input_transport=built-in
2026-08-11T13:01:16.926Z audio_default_input_changed default_input=present default_input_transport=built-in
2026-08-11T13:01:16.927Z audio_default_input_changed default_input=present default_input_transport=built-in
2026-08-11T13:01:16.929Z audio_default_input_changed default_input=present default_input_transport=built-in
2026-08-11T13:01:16.929Z audio_default_input_changed default_input=present default_input_transport=built-in
2026-08-11T13:01:16.930Z audio_default_input_changed default_input=present default_input_transport=built-in
2026-08-11T13:01:16.932Z audio_default_input_changed default_input=present default_input_transport=built-in
2026-08-11T13:01:16.933Z audio_default_input_changed default_input=present default_input_transport=built-in
2026-08-11T13:01:16.934Z audio_default_input_changed default_input=present default_input_transport=built-in
2026-08-11T13:01:16.936Z audio_default_input_changed default_input=present default_input_transport=built-in
2026-08-11T13:01:16.937Z audio_default_input_changed default_input=present default_input_transport=built-in
2026-08-11T13:01:16.938Z audio_default_input_changed default_input=present default_input_transport=built-in
2026-08-11T13:01:16.939Z audio_default_input_changed default_input=present default_input_transport=built-in
2026-08-11T13:01:16.940Z audio_default_input_changed default_input=present default_input_transport=built-in
2026-08-11T13:01:16.941Z audio_default_input_changed default_input=present default_input_transport=built-in
2026-08-11T13:01:16.943Z audio_default_input_changed default_input=present default_input_transport=built-in
2026-08-11T13:01:16.943Z audio_default_input_changed default_input=present default_input_transport=built-in
2026-08-11T13:01:16.944Z audio_default_input_changed default_input=present default_input_transport=built-in
2026-08-11T13:01:16.945Z audio_default_input_changed default_input=present default_input_transport=built-in
2026-08-11T13:01:16.946Z audio_default_input_changed default_input=present default_input_transport=built-in
2026-08-11T13:01:16.946Z audio_default_input_changed default_input=present default_input_transport=built-in
2026-08-11T13:01:16.947Z audio_default_input_changed default_input=present default_input_transport=built-in
2026-08-11T13:01:16.947Z audio_default_input_changed default_input=present default_input_transport=built-in
2026-08-11T13:01:16.948Z audio_default_input_changed default_input=present default_input_transport=built-in
2026-08-11T13:01:16.949Z audio_default_input_changed default_input=present default_input_transport=built-in
2026-08-11T13:01:16.949Z audio_default_input_changed default_input=present default_input_transport=built-in
2026-08-11T13:01:16.951Z audio_default_input_changed default_input=present default_input_transport=built-in
2026-08-11T13:01:16.951Z audio_default_input_changed default_input=present default_input_transport=built-in
2026-08-11T13:01:16.952Z audio_default_input_changed default_input=present default_input_transport=built-in
2026-08-11T13:01:16.952Z audio_default_input_changed default_input=present default_input_transport=built-in
2026-08-11T13:01:16.954Z audio_default_input_changed default_input=present default_input_transport=built-in
2026-08-11T13:01:16.955Z audio_default_input_changed default_input=present default_input_transport=built-in
2026-08-11T13:01:16.956Z audio_default_input_changed default_input=present default_input_transport=built-in
2026-08-11T13:01:16.956Z audio_default_input_changed default_input=present default_input_transport=built-in
2026-08-11T13:01:16.957Z audio_default_input_changed default_input=present default_input_transport=built-in
2026-08-11T13:01:16.957Z audio_default_input_changed default_input=present default_input_transport=built-in
2026-08-11T13:01:16.958Z audio_default_input_changed default_input=present default_input_transport=built-in
2026-08-11T13:01:16.959Z audio_default_input_changed default_input=present default_input_transport=built-in
2026-08-11T13:01:16.959Z audio_default_input_changed default_input=present default_input_transport=built-in
2026-08-11T13:01:16.960Z audio_default_input_changed default_input=present default_input_transport=built-in
2026-08-11T13:01:16.960Z audio_default_input_changed default_input=present default_input_transport=built-in
2026-08-11T13:01:16.961Z audio_default_input_changed default_input=present default_input_transport=built-in
2026-08-11T13:01:16.961Z audio_default_input_changed default_input=present default_input_transport=built-in
2026-08-11T13:01:16.962Z audio_default_input_changed default_input=present default_input_transport=built-in
2026-08-11T13:01:16.962Z audio_default_input_changed default_input=present default_input_transport=built-in
2026-08-11T13:01:16.963Z audio_default_input_changed default_input=present default_input_transport=built-in
2026-08-11T13:01:16.963Z audio_default_input_changed default_input=present default_input_transport=built-in
2026-08-11T13:01:16.963Z audio_default_input_changed default_input=present default_input_transport=built-in
2026-08-11T13:01:16.964Z audio_default_input_changed default_input=present default_input_transport=built-in
2026-08-11T13:01:16.964Z audio_default_input_changed default_input=present default_input_transport=built-in
2026-08-11T13:01:16.965Z audio_default_input_changed default_input=present default_input_transport=built-in
2026-08-11T13:01:16.965Z audio_default_input_changed default_input=present default_input_transport=built-in
2026-08-11T13:01:16.966Z audio_default_input_changed default_input=present default_input_transport=built-in
2026-08-11T13:01:16.966Z audio_default_input_changed default_input=present default_input_transport=built-in
2026-08-11T13:01:16.967Z audio_default_input_changed default_input=present default_input_transport=built-in
2026-08-11T13:01:16.967Z audio_default_input_changed default_input=present default_input_transport=built-in
2026-08-11T13:01:16.968Z audio_default_input_changed default_input=present default_input_transport=built-in
2026-08-11T13:01:16.968Z audio_default_input_changed default_input=present default_input_transport=built-in
2026-08-11T13:01:16.969Z audio_default_input_changed default_input=present default_input_transport=built-in
2026-08-11T13:01:16.970Z audio_default_input_changed default_input=present default_input_transport=built-in
2026-08-11T13:01:16.970Z audio_default_input_changed default_input=present default_input_transport=built-in
2026-08-11T13:01:16.971Z audio_default_input_changed default_input=present default_input_transport=built-in
2026-08-11T13:01:16.971Z audio_default_input_changed default_input=present default_input_transport=built-in
2026-08-11T13:01:16.972Z audio_default_input_changed default_input=present default_input_transport=built-in
2026-08-11T13:01:16.972Z audio_default_input_changed default_input=present default_input_transport=built-in
2026-08-11T13:01:16.973Z audio_default_input_changed default_input=present default_input_transport=built-in
2026-08-11T13:01:16.974Z audio_default_input_changed default_input=present default_input_transport=built-in
2026-08-11T13:01:16.974Z audio_default_input_changed default_input=present default_input_transport=built-in
2026-08-11T13:01:16.975Z audio_default_input_changed default_input=present default_input_transport=built-in
2026-08-11T13:01:16.975Z audio_default_input_changed default_input=present default_input_transport=built-in
2026-08-11T13:01:16.976Z audio_default_input_changed default_input=present default_input_transport=built-in
2026-08-11T13:01:16.976Z audio_default_input_changed default_input=present default_input_transport=built-in
2026-08-11T13:01:16.977Z audio_default_input_changed default_input=present default_input_transport=built-in
2026-08-11T13:01:16.977Z audio_default_input_changed default_input=present default_input_transport=built-in
2026-08-11T13:01:16.978Z audio_default_input_changed default_input=present default_input_transport=built-in
2026-08-11T13:01:16.978Z audio_default_input_changed default_input=present default_input_transport=built-in
2026-08-11T13:01:16.979Z audio_default_input_changed default_input=present default_input_transport=built-in
2026-08-11T13:01:16.979Z audio_default_input_changed default_input=present default_input_transport=built-in
2026-08-11T13:01:16.979Z audio_default_input_changed default_input=present default_input_transport=built-in
2026-08-11T13:01:16.980Z audio_default_input_changed default_input=present default_input_transport=built-in
2026-08-11T13:01:16.980Z audio_default_input_changed default_input=present default_input_transport=built-in
2026-08-11T13:01:16.981Z audio_default_input_changed default_input=present default_input_transport=built-in
2026-08-11T13:01:16.981Z audio_default_input_changed default_input=present default_input_transport=built-in
2026-08-11T13:01:16.982Z audio_default_input_changed default_input=present default_input_transport=built-in
2026-08-11T13:01:16.982Z audio_default_input_changed default_input=present default_input_transport=built-in
2026-08-11T13:01:16.983Z audio_default_input_changed default_input=present default_input_transport=built-in
2026-08-11T13:01:16.983Z audio_default_input_changed default_input=present default_input_transport=built-in
2026-08-11T13:01:16.984Z audio_default_input_changed default_input=present default_input_transport=built-in
2026-08-11T13:01:16.984Z audio_default_input_changed default_input=present default_input_transport=built-in
2026-08-11T13:01:16.985Z audio_default_input_changed default_input=present default_input_transport=built-in
2026-08-11T13:01:16.985Z audio_default_input_changed default_input=present default_input_transport=built-in
2026-08-11T13:01:16.986Z audio_default_input_changed default_input=present default_input_transport=built-in
2026-08-11T13:01:17.622Z shared_mic_engine_prepare_timing vpio=false buffer_size=4096 set_vpio_ms=0.006 output_format_ms=0.007 install_tap_ms=0.005 total_ms=119.921
2026-08-11T13:01:17.622Z shared_mic_engine_input_device_prepared source=system_default device=present transport=built-in vpio=false set_device_ms=0.000 prepare_engine_ms=120.585
2026-08-11T13:01:38.112Z meeting_stop_stage session=63742DE4-89D2-4DBE-AF27-07570000047E stage=mix duration_ms=40895 outcome=success
2026-08-11T13:01:38.114Z meeting_stop_stage session=63742DE4-89D2-4DBE-AF27-07570000047E stage=notes_write duration_ms=1 outcome=success
2026-08-11T13:01:38.115Z meeting_stop_stage session=63742DE4-89D2-4DBE-AF27-07570000047E stage=lock_write duration_ms=1 outcome=success
2026-08-11T13:01:38.116Z meeting_cleaned_mic session=63742DE4-89D2-4DBE-AF27-07570000047E outcome=scheduled
2026-08-11T13:01:38.116Z meeting_stop_stage session=63742DE4-89D2-4DBE-AF27-07570000047E stage=cleaned_mic_schedule duration_ms=0 outcome=success
2026-08-11T13:01:38.116Z meeting_stop_stage session=63742DE4-89D2-4DBE-AF27-07570000047E stage=cleanup duration_ms=0 outcome=success
2026-08-11T13:01:38.116Z meeting_recording_stopped session=63742DE4-89D2-4DBE-AF27-07570000047E duration_s=4523.135
2026-08-11T13:01:38.117Z meeting_recording_health session=63742DE4-89D2-4DBE-AF27-07570000047E duration_s=4523.135 source_mode=microphone_and_system mic_started=true requested_mic_mode=raw effective_mic_mode=raw mic_first_buffer=true system_first_buffer=true mic_bytes=37510825 system_bytes=37452008 mixed_bytes=72922832 mic_frames=215113696 system_frames=215099520 mic_chunks_enqueued=62 system_chunks_enqueued=648 mic_chunks_low_signal_dropped=0 system_chunks_low_signal_dropped=0 mic_chunks_system_dominant_dropped=68 backpressure_drops=0 transcription_failures=0 interrupted_sources=none capture_failed=false
2026-08-11T13:01:38.118Z meeting_echo_suppression_summary session=63742DE4-89D2-4DBE-AF27-07570000047E processor=localvqe loaded=true mic_frames=280017 processed_frames=280017 raw_fallback_frames=10 full_reference_frames=280017 partial_reference_frames=0 missing_reference_frames=0 processing_failures=0 current_delay_samples=898 delay_confidence=1.000 delay_estimate_count=1 rejected_delay_estimates=8959
2026-08-11T13:01:38.119Z meeting_stop_stage session=63742DE4-89D2-4DBE-AF27-07570000047E stage=service_total duration_ms=41169 outcome=success
2026-08-11T13:01:38.120Z meeting_stop_stage session=63742DE4-89D2-4DBE-AF27-07570000047E stage=service_stop duration_ms=41170 outcome=success
2026-08-11T13:01:38.131Z meeting_stop_stage session=63742DE4-89D2-4DBE-AF27-07570000047E stage=prepare_row duration_ms=11 outcome=success
2026-08-11T13:01:38.132Z meeting_stop_stage session=63742DE4-89D2-4DBE-AF27-07570000047E stage=queue_enqueue duration_ms=0 outcome=success
2026-08-11T13:01:38.134Z meeting_stop_stage session=63742DE4-89D2-4DBE-AF27-07570000047E stage=queued_total duration_ms=41187 outcome=success
2026-08-11T13:01:41.276Z meeting_cleaned_mic session=63742DE4-89D2-4DBE-AF27-07570000047E outcome=skipped reason=skippedNoEchoPath renderer_reason=no_echo_path probe_detail=below_threshold probe_windows=5 probe_best_correlation=0.052
2026-08-11T13:01:41.278Z meeting_echo_suppression_resolution session=63742DE4-89D2-4DBE-AF27-07570000047E reason_code=skippedNoEchoPath model_version=none render_duration_ms=none realtime_factor=none delay_estimate_ms=none probe_windows=5 probe_best_correlation=0.052
2026-08-11T13:01:41.279Z meeting_cleaned_mic_source session=63742DE4-89D2-4DBE-AF27-07570000047E selected=raw reason=skippedNoEchoPath timeout_s=600.000
