2026-08-22T18:21:36.434Z dictation_diagnostics_session_start pid=41698 version=0.7.3 build=20260717011712 source=dist-xcodebuild-release commit=d6321f87dcce
2026-08-22T18:22:16.710Z shared_mic_engine_start_timing vpio=false buffer_size=4096 set_vpio_ms=0.007 ducking_ms=0.000 output_format_ms=0.014 install_tap_ms=0.006 audio_engine_start_ms=79.913 total_ms=259.130
2026-08-22T18:22:16.711Z shared_mic_engine_input_device_started source=system_default device=present transport=built-in vpio=false set_device_ms=0.000 start_engine_ms=260.212
2026-08-22T18:22:16.711Z shared_mic_diagnostics transition=subscribe wants_vpio=false blocks_vpio_promotion=true subscribers=1 vpio_subs=0 passive_subs=0 engine_running=true vpio_engaged=false vpio_deferred=false vpio_deferral_count=0
2026-08-22T18:22:23.812Z shared_mic_engine_stopped
2026-08-22T18:22:23.814Z shared_mic_diagnostics transition=unsubscribe wants_vpio=n/a blocks_vpio_promotion=n/a subscribers=0 vpio_subs=0 passive_subs=0 engine_running=false vpio_engaged=false vpio_deferred=false vpio_deferral_count=0
2026-08-22T18:22:23.936Z shared_mic_engine_prepare_timing vpio=false buffer_size=4096 set_vpio_ms=0.009 output_format_ms=0.015 install_tap_ms=0.008 total_ms=119.654
2026-08-22T18:22:23.937Z shared_mic_engine_input_device_prepared source=system_default device=present transport=built-in vpio=false set_device_ms=0.000 prepare_engine_ms=120.463
2026-08-22T18:22:27.424Z shared_mic_engine_started_from_prepared audio_engine_start_ms=49.199
2026-08-22T18:22:27.425Z shared_mic_diagnostics transition=subscribe wants_vpio=false blocks_vpio_promotion=true subscribers=1 vpio_subs=0 passive_subs=0 engine_running=true vpio_engaged=false vpio_deferred=false vpio_deferral_count=0
2026-08-22T18:22:28.805Z dictation_hotkey_stop mode=hold_to_talk tail_ms=0
2026-08-22T18:22:28.851Z shared_mic_engine_stopped
2026-08-22T18:22:28.852Z shared_mic_diagnostics transition=unsubscribe wants_vpio=n/a blocks_vpio_promotion=n/a subscribers=0 vpio_subs=0 passive_subs=0 engine_running=false vpio_engaged=false vpio_deferred=false vpio_deferral_count=0
2026-08-22T18:22:28.972Z shared_mic_engine_prepare_timing vpio=false buffer_size=4096 set_vpio_ms=0.006 output_format_ms=0.011 install_tap_ms=0.006 total_ms=117.831
2026-08-22T18:22:28.973Z shared_mic_engine_input_device_prepared source=system_default device=present transport=built-in vpio=false set_device_ms=0.000 prepare_engine_ms=118.592
2026-08-22T18:22:47.183Z shared_mic_engine_started_from_prepared audio_engine_start_ms=46.205
2026-08-22T18:22:47.184Z shared_mic_diagnostics transition=subscribe wants_vpio=false blocks_vpio_promotion=true subscribers=1 vpio_subs=0 passive_subs=0 engine_running=true vpio_engaged=false vpio_deferred=false vpio_deferral_count=0
2026-08-22T18:23:00.614Z dictation_hotkey_stop mode=persistent tail_ms=0
2026-08-22T18:23:00.662Z shared_mic_engine_stopped
2026-08-22T18:23:00.664Z shared_mic_diagnostics transition=unsubscribe wants_vpio=n/a blocks_vpio_promotion=n/a subscribers=0 vpio_subs=0 passive_subs=0 engine_running=false vpio_engaged=false vpio_deferred=false vpio_deferral_count=0
2026-08-22T18:23:00.739Z shared_mic_engine_prepare_timing vpio=false buffer_size=4096 set_vpio_ms=0.004 output_format_ms=0.008 install_tap_ms=0.004 total_ms=72.726
2026-08-22T18:23:00.739Z shared_mic_engine_input_device_prepared source=system_default device=present transport=built-in vpio=false set_device_ms=0.000 prepare_engine_ms=73.244
2026-08-22T18:44:02.786Z dictation_preview_started engine=parakeet
2026-08-22T18:44:02.788Z dictation_capture_start permission_status=3
2026-08-22T18:44:02.798Z dictation_capture_starting
2026-08-22T18:44:02.801Z dictation_capture_start_cancelled_during_subscribe
2026-08-22T18:44:02.852Z shared_mic_engine_started_from_prepared audio_engine_start_ms=52.351
2026-08-22T18:44:02.853Z shared_mic_diagnostics transition=subscribe wants_vpio=false blocks_vpio_promotion=true subscribers=1 vpio_subs=0 passive_subs=0 engine_running=true vpio_engaged=false vpio_deferred=false vpio_deferral_count=0
2026-08-22T18:44:02.854Z dictation_capture_start_aborted reason="interrupted_during_subscribe"
2026-08-22T18:44:02.902Z shared_mic_engine_stopped
2026-08-22T18:44:02.902Z shared_mic_diagnostics transition=unsubscribe wants_vpio=n/a blocks_vpio_promotion=n/a subscribers=0 vpio_subs=0 passive_subs=0 engine_running=false vpio_engaged=false vpio_deferred=false vpio_deferral_count=0
2026-08-22T18:44:02.985Z shared_mic_engine_prepare_timing vpio=false buffer_size=4096 set_vpio_ms=0.007 output_format_ms=0.007 install_tap_ms=0.005 total_ms=81.023
2026-08-22T18:44:02.985Z shared_mic_engine_input_device_prepared source=system_default device=present transport=built-in vpio=false set_device_ms=0.000 prepare_engine_ms=81.638
2026-08-22T18:44:05.837Z dictation_preview_started engine=parakeet
2026-08-22T18:44:05.839Z dictation_capture_start permission_status=3
2026-08-22T18:44:05.841Z dictation_capture_starting
2026-08-22T18:44:05.897Z shared_mic_engine_started_from_prepared audio_engine_start_ms=53.767
2026-08-22T18:44:05.898Z shared_mic_diagnostics transition=subscribe wants_vpio=false blocks_vpio_promotion=true subscribers=1 vpio_subs=0 passive_subs=0 engine_running=true vpio_engaged=false vpio_deferred=false vpio_deferral_count=0
2026-08-22T18:44:05.899Z dictation_capture_engine_started file_created=true default_input=present default_input_transport=built-in sr=48000.0 ch=1
2026-08-22T18:44:06.004Z dictation_capture_first_buffer sr=48000.0 ch=1 original_ch=1 common_format=1 interleaved=false frames=4800 has_float_data=true
2026-08-22T18:44:07.065Z dictation_preview_pass engine=parakeet ms=166 samples=14400 chars=0
2026-08-22T18:44:08.032Z dictation_preview_pass engine=parakeet ms=131 samples=30400 chars=29
2026-08-22T18:44:09.034Z dictation_preview_pass engine=parakeet ms=130 samples=46400 chars=34
2026-08-22T18:44:10.127Z dictation_preview_pass engine=parakeet ms=124 samples=64000 chars=34
2026-08-22T18:44:10.933Z dictation_capture_heartbeat input_buffers=50 input_frames=240000 isRunning=true default_input=present default_input_transport=built-in
2026-08-22T18:44:11.135Z dictation_preview_pass engine=parakeet ms=129 samples=80000 chars=34
2026-08-22T18:44:11.631Z dictation_hotkey_stop_tail_scheduled mode=hold_to_talk tail_ms=200
2026-08-22T18:44:11.841Z dictation_hotkey_stop_tail_fired mode=hold_to_talk tail_ms=200
2026-08-22T18:44:11.854Z dictation_stop_requested mode=hold_to_talk session=2
2026-08-22T18:44:11.912Z shared_mic_engine_stopped
2026-08-22T18:44:11.913Z shared_mic_diagnostics transition=unsubscribe wants_vpio=n/a blocks_vpio_promotion=n/a subscribers=0 vpio_subs=0 passive_subs=0 engine_running=false vpio_engaged=false vpio_deferred=false vpio_deferral_count=0
2026-08-22T18:44:11.913Z dictation_capture_stop sample_count=92800 effective_sample_count=92800 duration_s=5.800 wall_duration_s=6.015 file_bytes=375296 input_buffers=59 output_buffers=58 input_frames=283200 max_rms=0.065873 max_level=0.329 non_silent_buffers=58 missing_float_buffers=0 invalid_format_buffers=0 no_buffer_timeout=false
2026-08-22T18:44:11.914Z dictation_transcribe_begin file_bytes=375296
2026-08-22T18:44:12.007Z dictation_transcribe_complete chars=34 words=7 engine=parakeet variant=v3
2026-08-22T18:44:12.008Z shared_mic_engine_prepare_timing vpio=false buffer_size=4096 set_vpio_ms=0.005 output_format_ms=0.011 install_tap_ms=0.005 total_ms=93.826
2026-08-22T18:44:12.008Z shared_mic_engine_input_device_prepared source=system_default device=present transport=built-in vpio=false set_device_ms=0.000 prepare_engine_ms=94.219
2026-08-22T18:44:16.941Z dictation_preview_started engine=parakeet
2026-08-22T18:44:16.942Z dictation_capture_start permission_status=3
2026-08-22T18:44:16.944Z dictation_capture_starting
2026-08-22T18:44:16.999Z shared_mic_engine_started_from_prepared audio_engine_start_ms=53.824
2026-08-22T18:44:17.000Z shared_mic_diagnostics transition=subscribe wants_vpio=false blocks_vpio_promotion=true subscribers=1 vpio_subs=0 passive_subs=0 engine_running=true vpio_engaged=false vpio_deferred=false vpio_deferral_count=0
2026-08-22T18:44:17.001Z dictation_capture_engine_started file_created=true default_input=present default_input_transport=built-in sr=48000.0 ch=1
2026-08-22T18:44:17.106Z dictation_capture_first_buffer sr=48000.0 ch=1 original_ch=1 common_format=1 interleaved=false frames=4800 has_float_data=true
2026-08-22T18:44:18.136Z dictation_preview_pass engine=parakeet ms=134 samples=14400 chars=0
2026-08-22T18:44:18.696Z dictation_hotkey_stop_tail_scheduled mode=hold_to_talk tail_ms=200
2026-08-22T18:44:18.905Z dictation_hotkey_stop_tail_fired mode=hold_to_talk tail_ms=200
2026-08-22T18:44:18.918Z dictation_stop_requested mode=hold_to_talk session=3
2026-08-22T18:44:18.971Z shared_mic_engine_stopped
2026-08-22T18:44:18.973Z shared_mic_diagnostics transition=unsubscribe wants_vpio=n/a blocks_vpio_promotion=n/a subscribers=0 vpio_subs=0 passive_subs=0 engine_running=false vpio_engaged=false vpio_deferred=false vpio_deferral_count=0
2026-08-22T18:44:18.974Z dictation_capture_stop sample_count=28800 effective_sample_count=28800 duration_s=1.800 wall_duration_s=1.973 file_bytes=119296 input_buffers=19 output_buffers=18 input_frames=91200 max_rms=0.074423 max_level=0.372 non_silent_buffers=19 missing_float_buffers=0 invalid_format_buffers=0 no_buffer_timeout=false
2026-08-22T18:44:18.975Z dictation_transcribe_begin file_bytes=119296
2026-08-22T18:44:19.060Z dictation_transcribe_complete chars=0 words=0 engine=parakeet variant=v3
2026-08-22T18:44:19.061Z dictation_transcribe_empty
2026-08-22T18:44:19.067Z shared_mic_engine_prepare_timing vpio=false buffer_size=4096 set_vpio_ms=0.007 output_format_ms=0.010 install_tap_ms=0.005 total_ms=92.665
2026-08-22T18:44:19.068Z shared_mic_engine_input_device_prepared source=system_default device=present transport=built-in vpio=false set_device_ms=0.000 prepare_engine_ms=93.148
2026-08-22T18:45:36.456Z dictation_preview_started engine=parakeet
2026-08-22T18:45:36.458Z dictation_capture_start permission_status=3
2026-08-22T18:45:36.459Z dictation_capture_starting
2026-08-22T18:45:36.514Z shared_mic_engine_started_from_prepared audio_engine_start_ms=53.188
2026-08-22T18:45:36.515Z shared_mic_diagnostics transition=subscribe wants_vpio=false blocks_vpio_promotion=true subscribers=1 vpio_subs=0 passive_subs=0 engine_running=true vpio_engaged=false vpio_deferred=false vpio_deferral_count=0
2026-08-22T18:45:36.516Z dictation_capture_engine_started file_created=true default_input=present default_input_transport=built-in sr=48000.0 ch=1
2026-08-22T18:45:36.620Z dictation_capture_first_buffer sr=48000.0 ch=1 original_ch=1 common_format=1 interleaved=false frames=4800 has_float_data=true
2026-08-22T18:45:37.678Z dictation_preview_pass engine=parakeet ms=162 samples=14400 chars=10
2026-08-22T18:45:38.641Z dictation_preview_pass engine=parakeet ms=122 samples=30400 chars=29
2026-08-22T18:45:39.643Z dictation_preview_pass engine=parakeet ms=122 samples=46400 chars=38
2026-08-22T18:45:40.740Z dictation_preview_pass engine=parakeet ms=121 samples=64000 chars=46
2026-08-22T18:45:41.544Z dictation_capture_heartbeat input_buffers=50 input_frames=240000 isRunning=true default_input=present default_input_transport=built-in
2026-08-22T18:45:41.747Z dictation_preview_pass engine=parakeet ms=124 samples=80000 chars=46
2026-08-22T18:45:42.853Z dictation_preview_pass engine=parakeet ms=132 samples=97600 chars=68
2026-08-22T18:45:43.081Z dictation_hotkey_stop_tail_scheduled mode=hold_to_talk tail_ms=200
2026-08-22T18:45:43.288Z dictation_hotkey_stop_tail_fired mode=hold_to_talk tail_ms=200
2026-08-22T18:45:43.299Z dictation_stop_requested mode=hold_to_talk session=4
2026-08-22T18:45:43.350Z shared_mic_engine_stopped
2026-08-22T18:45:43.352Z shared_mic_diagnostics transition=unsubscribe wants_vpio=n/a blocks_vpio_promotion=n/a subscribers=0 vpio_subs=0 passive_subs=0 engine_running=false vpio_engaged=false vpio_deferred=false vpio_deferral_count=0
2026-08-22T18:45:43.354Z dictation_capture_stop sample_count=105600 effective_sample_count=105600 duration_s=6.600 wall_duration_s=6.838 file_bytes=426496 input_buffers=67 output_buffers=66 input_frames=321600 max_rms=0.049826 max_level=0.249 non_silent_buffers=67 missing_float_buffers=0 invalid_format_buffers=0 no_buffer_timeout=false
2026-08-22T18:45:43.355Z dictation_transcribe_begin file_bytes=426496
2026-08-22T18:45:43.445Z shared_mic_engine_prepare_timing vpio=false buffer_size=4096 set_vpio_ms=0.005 output_format_ms=0.010 install_tap_ms=0.005 total_ms=90.887
2026-08-22T18:45:43.446Z shared_mic_engine_input_device_prepared source=system_default device=present transport=built-in vpio=false set_device_ms=0.000 prepare_engine_ms=91.596
2026-08-22T18:45:43.448Z dictation_transcribe_complete chars=68 words=13 engine=parakeet variant=v3
2026-08-22T19:16:38.596Z dictation_diagnostics_session_start pid=65963 version=0.7.3 build=20260717011712 source=dist-xcodebuild-release commit=d6321f87dcce
2026-08-22T19:16:38.869Z shared_mic_engine_prepare_timing vpio=false buffer_size=4096 set_vpio_ms=0.005 output_format_ms=0.006 install_tap_ms=0.004 total_ms=78.999
2026-08-22T19:16:38.869Z shared_mic_engine_input_device_prepared source=system_default device=present transport=built-in vpio=false set_device_ms=0.000 prepare_engine_ms=79.586
2026-08-22T20:42:26.181Z dictation_capture_start permission_status=3
2026-08-22T20:42:26.188Z dictation_capture_starting
2026-08-22T20:42:26.238Z shared_mic_engine_started_from_prepared audio_engine_start_ms=48.921
2026-08-22T20:42:26.239Z shared_mic_diagnostics transition=subscribe wants_vpio=false blocks_vpio_promotion=true subscribers=1 vpio_subs=0 passive_subs=0 engine_running=true vpio_engaged=false vpio_deferred=false vpio_deferral_count=0
2026-08-22T20:42:26.239Z dictation_capture_engine_started file_created=true default_input=present default_input_transport=built-in sr=48000.0 ch=1
2026-08-22T20:42:26.345Z dictation_capture_first_buffer sr=48000.0 ch=1 original_ch=1 common_format=1 interleaved=false frames=4800 has_float_data=true
2026-08-22T20:42:28.211Z dictation_stop_requested mode=persistent session=1
2026-08-22T20:42:28.261Z shared_mic_engine_stopped
2026-08-22T20:42:28.263Z shared_mic_diagnostics transition=unsubscribe wants_vpio=n/a blocks_vpio_promotion=n/a subscribers=0 vpio_subs=0 passive_subs=0 engine_running=false vpio_engaged=false vpio_deferred=false vpio_deferral_count=0
2026-08-22T20:42:28.265Z dictation_capture_stop sample_count=28800 effective_sample_count=28800 duration_s=1.800 wall_duration_s=2.026 file_bytes=119296 input_buffers=19 output_buffers=18 input_frames=91200 max_rms=0.023434 max_level=0.117 non_silent_buffers=19 missing_float_buffers=0 invalid_format_buffers=0 no_buffer_timeout=false
2026-08-22T20:42:28.266Z dictation_transcribe_begin file_bytes=119296
2026-08-22T20:42:28.358Z shared_mic_engine_prepare_timing vpio=false buffer_size=4096 set_vpio_ms=0.005 output_format_ms=0.009 install_tap_ms=0.005 total_ms=92.778
2026-08-22T20:42:28.359Z shared_mic_engine_input_device_prepared source=system_default device=present transport=built-in vpio=false set_device_ms=0.000 prepare_engine_ms=93.447
2026-08-22T20:42:28.379Z dictation_transcribe_complete chars=0 words=0 engine=parakeet variant=v3
2026-08-22T20:42:28.380Z dictation_transcribe_empty
2026-08-23T01:34:46.079Z dictation_capture_start permission_status=3
2026-08-23T01:34:46.081Z dictation_capture_starting
2026-08-23T01:34:46.129Z shared_mic_engine_started_from_prepared audio_engine_start_ms=47.269
2026-08-23T01:34:46.130Z shared_mic_diagnostics transition=subscribe wants_vpio=false blocks_vpio_promotion=true subscribers=1 vpio_subs=0 passive_subs=0 engine_running=true vpio_engaged=false vpio_deferred=false vpio_deferral_count=0
2026-08-23T01:34:46.131Z dictation_capture_engine_started file_created=true default_input=present default_input_transport=built-in sr=48000.0 ch=1
2026-08-23T01:34:46.236Z dictation_capture_first_buffer sr=48000.0 ch=1 original_ch=1 common_format=1 interleaved=false frames=4800 has_float_data=true
2026-08-23T01:34:47.522Z shared_mic_engine_stopped
2026-08-23T01:34:47.523Z shared_mic_diagnostics transition=unsubscribe wants_vpio=n/a blocks_vpio_promotion=n/a subscribers=0 vpio_subs=0 passive_subs=0 engine_running=false vpio_engaged=false vpio_deferred=false vpio_deferral_count=0
2026-08-23T01:34:47.524Z dictation_capture_stop sample_count=19200 effective_sample_count=19200 duration_s=1.200 wall_duration_s=1.393 file_bytes=80896 input_buffers=13 output_buffers=12 input_frames=62400 max_rms=0.006724 max_level=0.034 non_silent_buffers=1 missing_float_buffers=0 invalid_format_buffers=0 no_buffer_timeout=false
2026-08-23T01:34:47.595Z shared_mic_engine_prepare_timing vpio=false buffer_size=4096 set_vpio_ms=0.006 output_format_ms=0.009 install_tap_ms=0.004 total_ms=70.733
2026-08-23T01:34:47.595Z shared_mic_engine_input_device_prepared source=system_default device=present transport=built-in vpio=false set_device_ms=0.000 prepare_engine_ms=71.299
2026-08-23T01:34:49.216Z dictation_transcribe_begin file_bytes=80896
2026-08-23T01:34:49.350Z dictation_transcribe_complete chars=0 words=0 engine=parakeet variant=v3
2026-08-23T01:34:49.350Z dictation_transcribe_empty
2026-08-23T13:56:02.433Z dictation_capture_start permission_status=3
2026-08-23T13:56:02.445Z dictation_capture_starting
2026-08-23T13:56:02.505Z shared_mic_engine_started_from_prepared audio_engine_start_ms=57.100
2026-08-23T13:56:02.505Z shared_mic_diagnostics transition=subscribe wants_vpio=false blocks_vpio_promotion=true subscribers=1 vpio_subs=0 passive_subs=0 engine_running=true vpio_engaged=false vpio_deferred=false vpio_deferral_count=0
2026-08-23T13:56:02.506Z dictation_capture_engine_started file_created=true default_input=present default_input_transport=built-in sr=48000.0 ch=1
2026-08-23T13:56:02.610Z dictation_capture_first_buffer sr=48000.0 ch=1 original_ch=1 common_format=1 interleaved=false frames=4800 has_float_data=true
2026-08-23T13:56:07.532Z dictation_capture_heartbeat input_buffers=50 input_frames=240000 isRunning=true default_input=present default_input_transport=built-in
2026-08-23T13:56:12.543Z dictation_capture_heartbeat input_buffers=100 input_frames=480000 isRunning=true default_input=present default_input_transport=built-in
2026-08-23T13:56:17.549Z dictation_capture_heartbeat input_buffers=150 input_frames=720000 isRunning=true default_input=present default_input_transport=built-in
2026-08-23T13:56:22.602Z dictation_capture_heartbeat input_buffers=200 input_frames=960000 isRunning=true default_input=present default_input_transport=built-in
2026-08-23T13:56:27.663Z dictation_capture_heartbeat input_buffers=251 input_frames=1204800 isRunning=true default_input=present default_input_transport=built-in
2026-08-23T13:56:32.727Z dictation_capture_heartbeat input_buffers=302 input_frames=1449600 isRunning=true default_input=present default_input_transport=built-in
2026-08-23T13:56:37.779Z dictation_capture_heartbeat input_buffers=352 input_frames=1689600 isRunning=true default_input=present default_input_transport=built-in
2026-08-23T13:56:42.825Z dictation_capture_heartbeat input_buffers=403 input_frames=1934400 isRunning=true default_input=present default_input_transport=built-in
2026-08-23T13:56:47.861Z dictation_capture_heartbeat input_buffers=453 input_frames=2174400 isRunning=true default_input=present default_input_transport=built-in
2026-08-23T13:56:52.894Z dictation_capture_heartbeat input_buffers=503 input_frames=2414400 isRunning=true default_input=present default_input_transport=built-in
2026-08-23T13:56:57.940Z dictation_capture_heartbeat input_buffers=554 input_frames=2659200 isRunning=true default_input=present default_input_transport=built-in
2026-08-23T13:57:02.985Z dictation_capture_heartbeat input_buffers=604 input_frames=2899200 isRunning=true default_input=present default_input_transport=built-in
2026-08-23T13:57:08.020Z dictation_capture_heartbeat input_buffers=655 input_frames=3144000 isRunning=true default_input=present default_input_transport=built-in
2026-08-23T13:57:13.030Z dictation_capture_heartbeat input_buffers=705 input_frames=3384000 isRunning=true default_input=present default_input_transport=built-in
2026-08-23T13:57:18.076Z dictation_capture_heartbeat input_buffers=755 input_frames=3624000 isRunning=true default_input=present default_input_transport=built-in
2026-08-23T13:57:23.133Z dictation_capture_heartbeat input_buffers=806 input_frames=3868800 isRunning=true default_input=present default_input_transport=built-in
2026-08-23T13:57:25.355Z dictation_hotkey_stop mode=persistent tail_ms=0
2026-08-23T13:57:25.373Z dictation_stop_requested mode=persistent session=3
2026-08-23T13:57:25.426Z shared_mic_engine_stopped
2026-08-23T13:57:25.427Z shared_mic_diagnostics transition=unsubscribe wants_vpio=n/a blocks_vpio_promotion=n/a subscribers=0 vpio_subs=0 passive_subs=0 engine_running=false vpio_engaged=false vpio_deferred=false vpio_deferral_count=0
2026-08-23T13:57:25.428Z dictation_capture_stop sample_count=1323200 effective_sample_count=1323200 duration_s=82.700 wall_duration_s=82.923 file_bytes=5296896 input_buffers=828 output_buffers=827 input_frames=3974400 max_rms=0.098394 max_level=0.492 non_silent_buffers=767 missing_float_buffers=0 invalid_format_buffers=0 no_buffer_timeout=false
2026-08-23T13:57:25.429Z dictation_transcribe_begin file_bytes=5296896
2026-08-23T13:57:25.541Z shared_mic_engine_prepare_timing vpio=false buffer_size=4096 set_vpio_ms=0.008 output_format_ms=0.018 install_tap_ms=0.006 total_ms=113.062
2026-08-23T13:57:25.555Z shared_mic_engine_input_device_prepared source=system_default device=present transport=built-in vpio=false set_device_ms=0.000 prepare_engine_ms=114.129
2026-08-23T13:57:26.114Z dictation_transcribe_complete chars=993 words=195 engine=parakeet variant=v3
2026-08-23T13:58:33.643Z dictation_capture_start permission_status=3
2026-08-23T13:58:33.646Z dictation_capture_starting
2026-08-23T13:58:33.704Z shared_mic_engine_started_from_prepared audio_engine_start_ms=55.754
2026-08-23T13:58:33.706Z shared_mic_diagnostics transition=subscribe wants_vpio=false blocks_vpio_promotion=true subscribers=1 vpio_subs=0 passive_subs=0 engine_running=true vpio_engaged=false vpio_deferred=false vpio_deferral_count=0
2026-08-23T13:58:33.708Z dictation_capture_engine_started file_created=true default_input=present default_input_transport=built-in sr=48000.0 ch=1
2026-08-23T13:58:33.809Z dictation_capture_first_buffer sr=48000.0 ch=1 original_ch=1 common_format=1 interleaved=false frames=4800 has_float_data=true
2026-08-23T13:58:38.724Z dictation_capture_heartbeat input_buffers=50 input_frames=240000 isRunning=true default_input=present default_input_transport=built-in
2026-08-23T13:58:43.755Z dictation_capture_heartbeat input_buffers=100 input_frames=480000 isRunning=true default_input=present default_input_transport=built-in
2026-08-23T13:58:48.781Z dictation_capture_heartbeat input_buffers=150 input_frames=720000 isRunning=true default_input=present default_input_transport=built-in
2026-08-23T13:58:53.811Z dictation_capture_heartbeat input_buffers=201 input_frames=964800 isRunning=true default_input=present default_input_transport=built-in
2026-08-23T13:58:58.352Z dictation_hotkey_stop mode=persistent tail_ms=0
2026-08-23T13:58:58.362Z dictation_stop_requested mode=persistent session=4
2026-08-23T13:58:58.415Z shared_mic_engine_stopped
2026-08-23T13:58:58.416Z shared_mic_diagnostics transition=unsubscribe wants_vpio=n/a blocks_vpio_promotion=n/a subscribers=0 vpio_subs=0 passive_subs=0 engine_running=false vpio_engaged=false vpio_deferred=false vpio_deferral_count=0
2026-08-23T13:58:58.418Z dictation_capture_stop sample_count=392000 effective_sample_count=392000 duration_s=24.500 wall_duration_s=24.711 file_bytes=1572096 input_buffers=246 output_buffers=245 input_frames=1180800 max_rms=0.055471 max_level=0.277 non_silent_buffers=191 missing_float_buffers=0 invalid_format_buffers=0 no_buffer_timeout=false
2026-08-23T13:58:58.419Z dictation_transcribe_begin file_bytes=1572096
2026-08-23T13:58:58.568Z shared_mic_engine_prepare_timing vpio=false buffer_size=4096 set_vpio_ms=0.005 output_format_ms=0.042 install_tap_ms=0.007 total_ms=149.671
2026-08-23T13:58:58.569Z shared_mic_engine_input_device_prepared source=system_default device=present transport=built-in vpio=false set_device_ms=0.000 prepare_engine_ms=150.482
2026-08-23T13:58:58.636Z dictation_transcribe_complete chars=318 words=58 engine=parakeet variant=v3
2026-08-23T15:40:41.591Z dictation_capture_start permission_status=3
2026-08-23T15:40:41.594Z dictation_capture_starting
2026-08-23T15:40:41.647Z shared_mic_engine_started_from_prepared audio_engine_start_ms=50.962
2026-08-23T15:40:41.648Z shared_mic_diagnostics transition=subscribe wants_vpio=false blocks_vpio_promotion=true subscribers=1 vpio_subs=0 passive_subs=0 engine_running=true vpio_engaged=false vpio_deferred=false vpio_deferral_count=0
2026-08-23T15:40:41.648Z dictation_capture_engine_started file_created=true default_input=present default_input_transport=built-in sr=48000.0 ch=1
2026-08-23T15:40:41.753Z dictation_capture_first_buffer sr=48000.0 ch=1 original_ch=1 common_format=1 interleaved=false frames=4800 has_float_data=true
2026-08-23T15:40:43.879Z dictation_hotkey_stop_tail_scheduled mode=hold_to_talk tail_ms=200
2026-08-23T15:40:44.084Z dictation_hotkey_stop_tail_fired mode=hold_to_talk tail_ms=200
2026-08-23T15:40:44.101Z dictation_stop_requested mode=hold_to_talk session=5
2026-08-23T15:40:44.152Z shared_mic_engine_stopped
2026-08-23T15:40:44.154Z shared_mic_diagnostics transition=unsubscribe wants_vpio=n/a blocks_vpio_promotion=n/a subscribers=0 vpio_subs=0 passive_subs=0 engine_running=false vpio_engaged=false vpio_deferred=false vpio_deferral_count=0
2026-08-23T15:40:44.156Z dictation_capture_stop sample_count=36800 effective_sample_count=36800 duration_s=2.300 wall_duration_s=2.508 file_bytes=151296 input_buffers=24 output_buffers=23 input_frames=115200 max_rms=0.046844 max_level=0.234 non_silent_buffers=14 missing_float_buffers=0 invalid_format_buffers=0 no_buffer_timeout=false
2026-08-23T15:40:44.157Z dictation_transcribe_begin file_bytes=151296
2026-08-23T15:40:44.250Z shared_mic_engine_prepare_timing vpio=false buffer_size=4096 set_vpio_ms=0.005 output_format_ms=0.007 install_tap_ms=0.005 total_ms=93.113
2026-08-23T15:40:44.250Z shared_mic_engine_input_device_prepared source=system_default device=present transport=built-in vpio=false set_device_ms=0.000 prepare_engine_ms=93.668
2026-08-23T15:40:44.451Z dictation_transcribe_complete chars=27 words=4 engine=parakeet variant=v3
2026-08-23T17:01:06.239Z dictation_capture_start permission_status=3
2026-08-23T17:01:06.241Z dictation_capture_starting
2026-08-23T17:01:06.255Z dictation_capture_start_cancelled_during_subscribe
2026-08-23T17:01:06.293Z shared_mic_engine_started_from_prepared audio_engine_start_ms=50.211
2026-08-23T17:01:06.294Z shared_mic_diagnostics transition=subscribe wants_vpio=false blocks_vpio_promotion=true subscribers=1 vpio_subs=0 passive_subs=0 engine_running=true vpio_engaged=false vpio_deferred=false vpio_deferral_count=0
2026-08-23T17:01:06.294Z dictation_capture_start_aborted reason="interrupted_during_subscribe"
2026-08-23T17:01:06.344Z shared_mic_engine_stopped
2026-08-23T17:01:06.344Z shared_mic_diagnostics transition=unsubscribe wants_vpio=n/a blocks_vpio_promotion=n/a subscribers=0 vpio_subs=0 passive_subs=0 engine_running=false vpio_engaged=false vpio_deferred=false vpio_deferral_count=0
2026-08-23T17:01:06.427Z shared_mic_engine_prepare_timing vpio=false buffer_size=4096 set_vpio_ms=0.007 output_format_ms=0.012 install_tap_ms=0.007 total_ms=81.917
2026-08-23T17:01:06.428Z shared_mic_engine_input_device_prepared source=system_default device=present transport=built-in vpio=false set_device_ms=0.000 prepare_engine_ms=82.562
2026-08-23T17:01:07.756Z dictation_capture_start permission_status=3
2026-08-23T17:01:07.757Z dictation_capture_starting
2026-08-23T17:01:07.801Z shared_mic_engine_started_from_prepared audio_engine_start_ms=43.251
2026-08-23T17:01:07.802Z shared_mic_diagnostics transition=subscribe wants_vpio=false blocks_vpio_promotion=true subscribers=1 vpio_subs=0 passive_subs=0 engine_running=true vpio_engaged=false vpio_deferred=false vpio_deferral_count=0
2026-08-23T17:01:07.802Z dictation_capture_engine_started file_created=true default_input=present default_input_transport=built-in sr=48000.0 ch=1
2026-08-23T17:01:07.908Z dictation_capture_first_buffer sr=48000.0 ch=1 original_ch=1 common_format=1 interleaved=false frames=4800 has_float_data=true
2026-08-23T17:01:12.823Z dictation_capture_heartbeat input_buffers=50 input_frames=240000 isRunning=true default_input=present default_input_transport=built-in
2026-08-23T17:01:17.857Z dictation_capture_heartbeat input_buffers=100 input_frames=480000 isRunning=true default_input=present default_input_transport=built-in
2026-08-23T17:01:22.903Z dictation_capture_heartbeat input_buffers=150 input_frames=720000 isRunning=true default_input=present default_input_transport=built-in
2026-08-23T17:01:27.385Z dictation_hotkey_stop mode=persistent tail_ms=0
2026-08-23T17:01:27.400Z dictation_stop_requested mode=persistent session=7
2026-08-23T17:01:27.451Z shared_mic_engine_stopped
2026-08-23T17:01:27.453Z shared_mic_diagnostics transition=unsubscribe wants_vpio=n/a blocks_vpio_promotion=n/a subscribers=0 vpio_subs=0 passive_subs=0 engine_running=false vpio_engaged=false vpio_deferred=false vpio_deferral_count=0
2026-08-23T17:01:27.454Z dictation_capture_stop sample_count=310400 effective_sample_count=310400 duration_s=19.400 wall_duration_s=19.651 file_bytes=1245696 input_buffers=195 output_buffers=194 input_frames=936000 max_rms=0.085833 max_level=0.429 non_silent_buffers=195 missing_float_buffers=0 invalid_format_buffers=0 no_buffer_timeout=false
2026-08-23T17:01:27.454Z dictation_transcribe_begin file_bytes=1245696
2026-08-23T17:01:27.552Z shared_mic_engine_prepare_timing vpio=false buffer_size=4096 set_vpio_ms=0.007 output_format_ms=0.010 install_tap_ms=0.005 total_ms=97.249
2026-08-23T17:01:27.552Z shared_mic_engine_input_device_prepared source=system_default device=present transport=built-in vpio=false set_device_ms=0.000 prepare_engine_ms=98.052
2026-08-23T17:01:27.671Z dictation_transcribe_complete chars=376 words=68 engine=parakeet variant=v3
2026-08-23T17:02:27.999Z dictation_capture_start permission_status=3
2026-08-23T17:02:28.001Z dictation_capture_starting
2026-08-23T17:02:28.056Z shared_mic_engine_started_from_prepared audio_engine_start_ms=53.904
2026-08-23T17:02:28.057Z shared_mic_diagnostics transition=subscribe wants_vpio=false blocks_vpio_promotion=true subscribers=1 vpio_subs=0 passive_subs=0 engine_running=true vpio_engaged=false vpio_deferred=false vpio_deferral_count=0
2026-08-23T17:02:28.058Z dictation_capture_engine_started file_created=true default_input=present default_input_transport=built-in sr=48000.0 ch=1
2026-08-23T17:02:28.163Z dictation_capture_first_buffer sr=48000.0 ch=1 original_ch=1 common_format=1 interleaved=false frames=4800 has_float_data=true
2026-08-23T17:02:33.075Z dictation_capture_heartbeat input_buffers=50 input_frames=240000 isRunning=true default_input=present default_input_transport=built-in
2026-08-23T17:02:36.537Z dictation_hotkey_stop_tail_scheduled mode=hold_to_talk tail_ms=200
2026-08-23T17:02:36.749Z dictation_hotkey_stop_tail_fired mode=hold_to_talk tail_ms=200
2026-08-23T17:02:36.757Z dictation_stop_requested mode=hold_to_talk session=8
2026-08-23T17:02:36.815Z shared_mic_engine_stopped
2026-08-23T17:02:36.816Z shared_mic_diagnostics transition=unsubscribe wants_vpio=n/a blocks_vpio_promotion=n/a subscribers=0 vpio_subs=0 passive_subs=0 engine_running=false vpio_engaged=false vpio_deferred=false vpio_deferral_count=0
2026-08-23T17:02:36.817Z dictation_capture_stop sample_count=137600 effective_sample_count=137600 duration_s=8.600 wall_duration_s=8.759 file_bytes=554496 input_buffers=87 output_buffers=86 input_frames=417600 max_rms=0.092421 max_level=0.462 non_silent_buffers=87 missing_float_buffers=0 invalid_format_buffers=0 no_buffer_timeout=false
2026-08-23T17:02:36.818Z dictation_transcribe_begin file_bytes=554496
2026-08-23T17:02:36.905Z shared_mic_engine_prepare_timing vpio=false buffer_size=4096 set_vpio_ms=0.006 output_format_ms=0.008 install_tap_ms=0.005 total_ms=87.036
2026-08-23T17:02:36.905Z shared_mic_engine_input_device_prepared source=system_default device=present transport=built-in vpio=false set_device_ms=0.000 prepare_engine_ms=87.860
2026-08-23T17:02:36.955Z dictation_transcribe_complete chars=138 words=28 engine=parakeet variant=v3
2026-08-23T17:03:31.985Z dictation_capture_start permission_status=3
2026-08-23T17:03:31.987Z dictation_capture_starting
2026-08-23T17:03:32.038Z shared_mic_engine_started_from_prepared audio_engine_start_ms=48.820
2026-08-23T17:03:32.038Z shared_mic_diagnostics transition=subscribe wants_vpio=false blocks_vpio_promotion=true subscribers=1 vpio_subs=0 passive_subs=0 engine_running=true vpio_engaged=false vpio_deferred=false vpio_deferral_count=0
2026-08-23T17:03:32.039Z dictation_capture_engine_started file_created=true default_input=present default_input_transport=built-in sr=48000.0 ch=1
2026-08-23T17:03:32.144Z dictation_capture_first_buffer sr=48000.0 ch=1 original_ch=1 common_format=1 interleaved=false frames=4800 has_float_data=true
2026-08-23T17:03:37.069Z dictation_capture_heartbeat input_buffers=50 input_frames=240000 isRunning=true default_input=present default_input_transport=built-in
2026-08-23T17:03:37.723Z dictation_hotkey_stop_tail_scheduled mode=hold_to_talk tail_ms=200
2026-08-23T17:03:37.936Z dictation_hotkey_stop_tail_fired mode=hold_to_talk tail_ms=200
2026-08-23T17:03:37.951Z dictation_stop_requested mode=hold_to_talk session=9
2026-08-23T17:03:38.000Z shared_mic_engine_stopped
2026-08-23T17:03:38.001Z shared_mic_diagnostics transition=unsubscribe wants_vpio=n/a blocks_vpio_promotion=n/a subscribers=0 vpio_subs=0 passive_subs=0 engine_running=false vpio_engaged=false vpio_deferred=false vpio_deferral_count=0
2026-08-23T17:03:38.002Z dictation_capture_stop sample_count=92800 effective_sample_count=92800 duration_s=5.800 wall_duration_s=5.963 file_bytes=375296 input_buffers=59 output_buffers=58 input_frames=283200 max_rms=0.071475 max_level=0.357 non_silent_buffers=59 missing_float_buffers=0 invalid_format_buffers=0 no_buffer_timeout=false
2026-08-23T17:03:38.002Z dictation_transcribe_begin file_bytes=375296
2026-08-23T17:03:38.091Z shared_mic_engine_prepare_timing vpio=false buffer_size=4096 set_vpio_ms=0.005 output_format_ms=0.005 install_tap_ms=0.004 total_ms=89.074
2026-08-23T17:03:38.092Z shared_mic_engine_input_device_prepared source=system_default device=present transport=built-in vpio=false set_device_ms=0.000 prepare_engine_ms=89.706
2026-08-23T17:03:38.111Z dictation_transcribe_complete chars=28 words=5 engine=parakeet variant=v3
2026-08-23T17:03:49.050Z dictation_capture_start permission_status=3
2026-08-23T17:03:49.052Z dictation_capture_starting
2026-08-23T17:03:49.110Z shared_mic_engine_started_from_prepared audio_engine_start_ms=55.888
2026-08-23T17:03:49.111Z shared_mic_diagnostics transition=subscribe wants_vpio=false blocks_vpio_promotion=true subscribers=1 vpio_subs=0 passive_subs=0 engine_running=true vpio_engaged=false vpio_deferred=false vpio_deferral_count=0
2026-08-23T17:03:49.112Z dictation_capture_engine_started file_created=true default_input=present default_input_transport=built-in sr=48000.0 ch=1
2026-08-23T17:03:49.216Z dictation_capture_first_buffer sr=48000.0 ch=1 original_ch=1 common_format=1 interleaved=false frames=4800 has_float_data=true
2026-08-23T17:03:54.149Z dictation_capture_heartbeat input_buffers=50 input_frames=240000 isRunning=true default_input=present default_input_transport=built-in
2026-08-23T17:03:59.162Z dictation_capture_heartbeat input_buffers=100 input_frames=480000 isRunning=true default_input=present default_input_transport=built-in
2026-08-23T17:04:04.203Z dictation_capture_heartbeat input_buffers=150 input_frames=720000 isRunning=true default_input=present default_input_transport=built-in
2026-08-23T17:04:07.482Z dictation_hotkey_stop_tail_scheduled mode=hold_to_talk tail_ms=200
2026-08-23T17:04:07.691Z dictation_hotkey_stop_tail_fired mode=hold_to_talk tail_ms=200
2026-08-23T17:04:07.702Z dictation_stop_requested mode=hold_to_talk session=10
2026-08-23T17:04:07.753Z shared_mic_engine_stopped
2026-08-23T17:04:07.755Z shared_mic_diagnostics transition=unsubscribe wants_vpio=n/a blocks_vpio_promotion=n/a subscribers=0 vpio_subs=0 passive_subs=0 engine_running=false vpio_engaged=false vpio_deferred=false vpio_deferral_count=0
2026-08-23T17:04:07.757Z dictation_capture_stop sample_count=294400 effective_sample_count=294400 duration_s=18.400 wall_duration_s=18.645 file_bytes=1181696 input_buffers=185 output_buffers=184 input_frames=888000 max_rms=0.045414 max_level=0.227 non_silent_buffers=185 missing_float_buffers=0 invalid_format_buffers=0 no_buffer_timeout=false
2026-08-23T17:04:07.758Z dictation_transcribe_begin file_bytes=1181696
2026-08-23T17:04:07.853Z shared_mic_engine_prepare_timing vpio=false buffer_size=4096 set_vpio_ms=0.005 output_format_ms=0.006 install_tap_ms=0.007 total_ms=95.188
2026-08-23T17:04:07.854Z shared_mic_engine_input_device_prepared source=system_default device=present transport=built-in vpio=false set_device_ms=0.000 prepare_engine_ms=95.984
2026-08-23T17:04:07.942Z dictation_transcribe_complete chars=258 words=53 engine=parakeet variant=v3
2026-08-23T17:10:43.019Z dictation_capture_start permission_status=3
2026-08-23T17:10:43.021Z dictation_capture_starting
2026-08-23T17:10:43.071Z shared_mic_engine_started_from_prepared audio_engine_start_ms=49.214
2026-08-23T17:10:43.072Z shared_mic_diagnostics transition=subscribe wants_vpio=false blocks_vpio_promotion=true subscribers=1 vpio_subs=0 passive_subs=0 engine_running=true vpio_engaged=false vpio_deferred=false vpio_deferral_count=0
2026-08-23T17:10:43.073Z dictation_capture_engine_started file_created=true default_input=present default_input_transport=built-in sr=48000.0 ch=1
2026-08-23T17:10:43.178Z dictation_capture_first_buffer sr=48000.0 ch=1 original_ch=1 common_format=1 interleaved=false frames=4800 has_float_data=true
2026-08-23T17:10:48.102Z dictation_capture_heartbeat input_buffers=50 input_frames=240000 isRunning=true default_input=present default_input_transport=built-in
2026-08-23T17:10:53.121Z dictation_capture_heartbeat input_buffers=100 input_frames=480000 isRunning=true default_input=present default_input_transport=built-in
2026-08-23T17:10:58.148Z dictation_capture_heartbeat input_buffers=150 input_frames=720000 isRunning=true default_input=present default_input_transport=built-in
2026-08-23T17:11:03.196Z dictation_capture_heartbeat input_buffers=201 input_frames=964800 isRunning=true default_input=present default_input_transport=built-in
2026-08-23T17:11:08.224Z dictation_capture_heartbeat input_buffers=251 input_frames=1204800 isRunning=true default_input=present default_input_transport=built-in
2026-08-23T17:11:13.269Z dictation_capture_heartbeat input_buffers=301 input_frames=1444800 isRunning=true default_input=present default_input_transport=built-in
2026-08-23T17:11:13.411Z dictation_hotkey_stop_tail_scheduled mode=hold_to_talk tail_ms=200
2026-08-23T17:11:13.619Z dictation_hotkey_stop_tail_fired mode=hold_to_talk tail_ms=200
2026-08-23T17:11:13.634Z dictation_stop_requested mode=hold_to_talk session=11
2026-08-23T17:11:13.648Z shared_mic_engine_stopped
2026-08-23T17:11:13.649Z shared_mic_diagnostics transition=unsubscribe wants_vpio=n/a blocks_vpio_promotion=n/a subscribers=0 vpio_subs=0 passive_subs=0 engine_running=false vpio_engaged=false vpio_deferred=false vpio_deferral_count=0
2026-08-23T17:11:13.651Z dictation_capture_stop sample_count=486400 effective_sample_count=486400 duration_s=30.400 wall_duration_s=30.577 file_bytes=1949696 input_buffers=305 output_buffers=304 input_frames=1464000 max_rms=0.065489 max_level=0.327 non_silent_buffers=271 missing_float_buffers=0 invalid_format_buffers=0 no_buffer_timeout=false
2026-08-23T17:11:13.653Z dictation_transcribe_begin file_bytes=1949696
2026-08-23T17:11:13.737Z shared_mic_engine_prepare_timing vpio=false buffer_size=4096 set_vpio_ms=0.005 output_format_ms=0.006 install_tap_ms=0.005 total_ms=85.117
2026-08-23T17:11:13.738Z shared_mic_engine_input_device_prepared source=system_default device=present transport=built-in vpio=false set_device_ms=0.000 prepare_engine_ms=85.970
2026-08-23T17:11:13.862Z dictation_transcribe_complete chars=449 words=85 engine=parakeet variant=v3
2026-08-24T14:12:36.746Z dictation_capture_start permission_status=3
2026-08-24T14:12:36.755Z dictation_capture_starting
2026-08-24T14:12:36.809Z shared_mic_engine_started_from_prepared audio_engine_start_ms=51.156
2026-08-24T14:12:36.810Z shared_mic_diagnostics transition=subscribe wants_vpio=false blocks_vpio_promotion=true subscribers=1 vpio_subs=0 passive_subs=0 engine_running=true vpio_engaged=false vpio_deferred=false vpio_deferral_count=0
2026-08-24T14:12:36.810Z dictation_capture_engine_started file_created=true default_input=present default_input_transport=built-in sr=48000.0 ch=1
2026-08-24T14:12:36.915Z dictation_capture_first_buffer sr=48000.0 ch=1 original_ch=1 common_format=1 interleaved=false frames=4800 has_float_data=true
2026-08-24T14:12:37.103Z dictation_hotkey_stop_tail_scheduled mode=hold_to_talk tail_ms=200
2026-08-24T14:12:37.314Z dictation_hotkey_stop_tail_fired mode=hold_to_talk tail_ms=200
2026-08-24T14:12:37.331Z dictation_stop_requested mode=hold_to_talk session=12
2026-08-24T14:12:37.385Z shared_mic_engine_stopped
2026-08-24T14:12:37.387Z shared_mic_diagnostics transition=unsubscribe wants_vpio=n/a blocks_vpio_promotion=n/a subscribers=0 vpio_subs=0 passive_subs=0 engine_running=false vpio_engaged=false vpio_deferred=false vpio_deferral_count=0
2026-08-24T14:12:37.389Z dictation_capture_stop sample_count=6400 effective_sample_count=6400 duration_s=0.400 wall_duration_s=0.579 file_bytes=29696 input_buffers=5 output_buffers=4 input_frames=24000 max_rms=0.010107 max_level=0.051 non_silent_buffers=5 missing_float_buffers=0 invalid_format_buffers=0 no_buffer_timeout=false
2026-08-24T14:12:37.392Z dictation_transcribe_begin file_bytes=29696
2026-08-24T14:12:37.494Z shared_mic_engine_prepare_timing vpio=false buffer_size=4096 set_vpio_ms=0.007 output_format_ms=0.008 install_tap_ms=0.006 total_ms=104.472
2026-08-24T14:12:37.500Z shared_mic_engine_input_device_prepared source=system_default device=present transport=built-in vpio=false set_device_ms=0.000 prepare_engine_ms=105.286
2026-08-24T14:12:37.729Z dictation_transcribe_complete chars=0 words=0 engine=parakeet variant=v3
2026-08-24T14:12:37.729Z dictation_transcribe_empty
2026-08-24T14:12:39.986Z dictation_capture_start permission_status=3
2026-08-24T14:12:39.987Z dictation_capture_starting
2026-08-24T14:12:40.038Z shared_mic_engine_started_from_prepared audio_engine_start_ms=48.703
2026-08-24T14:12:40.039Z shared_mic_diagnostics transition=subscribe wants_vpio=false blocks_vpio_promotion=true subscribers=1 vpio_subs=0 passive_subs=0 engine_running=true vpio_engaged=false vpio_deferred=false vpio_deferral_count=0
2026-08-24T14:12:40.040Z dictation_capture_engine_started file_created=true default_input=present default_input_transport=built-in sr=48000.0 ch=1
2026-08-24T14:12:40.143Z dictation_capture_first_buffer sr=48000.0 ch=1 original_ch=1 common_format=1 interleaved=false frames=4800 has_float_data=true
2026-08-24T14:12:45.081Z dictation_capture_heartbeat input_buffers=50 input_frames=240000 isRunning=true default_input=present default_input_transport=built-in
2026-08-24T14:12:50.092Z dictation_capture_heartbeat input_buffers=100 input_frames=480000 isRunning=true default_input=present default_input_transport=built-in
2026-08-24T14:12:51.537Z dictation_hotkey_stop mode=persistent tail_ms=0
2026-08-24T14:12:51.551Z dictation_stop_requested mode=persistent session=13
2026-08-24T14:12:51.599Z shared_mic_engine_stopped
2026-08-24T14:12:51.601Z shared_mic_diagnostics transition=unsubscribe wants_vpio=n/a blocks_vpio_promotion=n/a subscribers=0 vpio_subs=0 passive_subs=0 engine_running=false vpio_engaged=false vpio_deferred=false vpio_deferral_count=0
2026-08-24T14:12:51.602Z dictation_capture_stop sample_count=182400 effective_sample_count=182400 duration_s=11.400 wall_duration_s=11.562 file_bytes=733696 input_buffers=115 output_buffers=114 input_frames=552000 max_rms=0.095295 max_level=0.476 non_silent_buffers=115 missing_float_buffers=0 invalid_format_buffers=0 no_buffer_timeout=false
2026-08-24T14:12:51.603Z dictation_transcribe_begin file_bytes=733696
2026-08-24T14:12:51.702Z shared_mic_engine_prepare_timing vpio=false buffer_size=4096 set_vpio_ms=0.005 output_format_ms=0.005 install_tap_ms=0.004 total_ms=99.410
2026-08-24T14:12:51.703Z shared_mic_engine_input_device_prepared source=system_default device=present transport=built-in vpio=false set_device_ms=0.000 prepare_engine_ms=100.391
2026-08-24T14:12:51.760Z dictation_transcribe_complete chars=151 words=26 engine=parakeet variant=v3
2026-08-24T18:59:55.598Z audio_default_input_changed default_input=present default_input_transport=bluetooth
2026-08-24T18:59:55.606Z audio_default_input_changed default_input=present default_input_transport=bluetooth
2026-08-24T18:59:55.608Z audio_default_input_changed default_input=present default_input_transport=bluetooth
2026-08-24T18:59:55.609Z audio_default_input_changed default_input=present default_input_transport=bluetooth
2026-08-24T18:59:55.609Z audio_default_input_changed default_input=present default_input_transport=bluetooth
2026-08-24T18:59:55.610Z audio_default_input_changed default_input=present default_input_transport=bluetooth
2026-08-24T18:59:55.610Z audio_default_input_changed default_input=present default_input_transport=bluetooth
2026-08-24T18:59:55.611Z audio_default_input_changed default_input=present default_input_transport=bluetooth
2026-08-24T18:59:55.611Z audio_default_input_changed default_input=present default_input_transport=bluetooth
2026-08-24T18:59:55.611Z audio_default_input_changed default_input=present default_input_transport=bluetooth
2026-08-24T18:59:55.612Z audio_default_input_changed default_input=present default_input_transport=bluetooth
2026-08-24T18:59:55.612Z audio_default_input_changed default_input=present default_input_transport=bluetooth
2026-08-24T18:59:55.612Z audio_default_input_changed default_input=present default_input_transport=bluetooth
2026-08-24T18:59:55.613Z audio_default_input_changed default_input=present default_input_transport=bluetooth
2026-08-24T18:59:56.162Z shared_mic_engine_stopped
2026-08-24T18:59:56.185Z shared_mic_engine_prepare_skipped reason=bluetooth_or_unresolved_route
2026-08-24T18:59:59.494Z meeting_live_chunking_mode session=486949EC-0A22-433C-9595-C49C9FE7BFE0 mode=vad reason=started
2026-08-24T18:59:59.515Z meeting_mic_capture_starting requested_mode=raw default_input=present default_input_transport=bluetooth
2026-08-24T18:59:59.698Z shared_mic_engine_start_timing vpio=false buffer_size=4096 set_vpio_ms=0.007 ducking_ms=0.000 output_format_ms=0.011 install_tap_ms=0.005 audio_engine_start_ms=101.037 total_ms=181.100
2026-08-24T18:59:59.698Z shared_mic_engine_input_device_started source=system_default device=present transport=bluetooth vpio=false set_device_ms=0.000 start_engine_ms=181.639
2026-08-24T18:59:59.699Z shared_mic_diagnostics transition=subscribe wants_vpio=false blocks_vpio_promotion=true subscribers=1 vpio_subs=0 passive_subs=0 engine_running=true vpio_engaged=false vpio_deferred=false vpio_deferral_count=0
2026-08-24T18:59:59.699Z meeting_mic_processing mode=raw
2026-08-24T18:59:59.699Z meeting_mic_capture_started requested_mode=raw effective_mode=raw sr=48000.0 ch=1 default_input=present default_input_transport=bluetooth
2026-08-24T18:59:59.746Z system_audio_stream_screen_output_attached mode=discard
2026-08-24T18:59:59.824Z meeting_mic_first_buffer sr=48000.0 ch=1 interleaved=false
2026-08-24T18:59:59.880Z system_audio_stream_started sr=48000 ch=2
2026-08-24T18:59:59.880Z meeting_recording_started session=486949EC-0A22-433C-9595-C49C9FE7BFE0 source_mode=Optional(MacParakeetCore.MeetingAudioSourceMode.microphoneAndSystem) requested_mic_mode=raw effective_mic_mode=raw
2026-08-24T18:59:59.943Z system_audio_stream_first_buffer sr=48000 ch=2
2026-08-24T19:22:27.492Z meeting_stop_stage session=486949EC-0A22-433C-9595-C49C9FE7BFE0 stage=notes_commit duration_ms=1 outcome=success
2026-08-24T19:22:27.493Z meeting_recording_stopping session=486949EC-0A22-433C-9595-C49C9FE7BFE0
2026-08-24T19:22:27.493Z meeting_mic_capture_stopped default_input=present default_input_transport=bluetooth
2026-08-24T19:22:27.533Z shared_mic_engine_stopped
2026-08-24T19:22:27.549Z shared_mic_diagnostics transition=unsubscribe wants_vpio=n/a blocks_vpio_promotion=n/a subscribers=0 vpio_subs=0 passive_subs=0 engine_running=false vpio_engaged=false vpio_deferred=false vpio_deferral_count=0
2026-08-24T19:22:27.556Z shared_mic_engine_prepare_skipped reason=bluetooth_or_unresolved_route
2026-08-24T19:22:27.557Z system_audio_stream_stopped outcome=completed
2026-08-24T19:22:27.559Z meeting_stop_stage session=486949EC-0A22-433C-9595-C49C9FE7BFE0 stage=capture_stop duration_ms=65 outcome=success
2026-08-24T19:22:27.570Z meeting_stop_stage session=486949EC-0A22-433C-9595-C49C9FE7BFE0 stage=processing_drain duration_ms=11 outcome=success
2026-08-24T19:22:27.585Z meeting_stop_stage session=486949EC-0A22-433C-9595-C49C9FE7BFE0 stage=writer_finalize duration_ms=14 outcome=success
2026-08-24T19:22:27.597Z meeting_stop_stage session=486949EC-0A22-433C-9595-C49C9FE7BFE0 stage=source_urls duration_ms=12 outcome=success
2026-08-24T19:22:27.598Z meeting_stop_stage session=486949EC-0A22-433C-9595-C49C9FE7BFE0 stage=metadata_save duration_ms=1 outcome=success
2026-08-24T19:22:36.745Z meeting_stop_stage session=486949EC-0A22-433C-9595-C49C9FE7BFE0 stage=mix duration_ms=9146 outcome=success
2026-08-24T19:22:36.746Z meeting_stop_stage session=486949EC-0A22-433C-9595-C49C9FE7BFE0 stage=notes_write duration_ms=1 outcome=success
2026-08-24T19:22:36.747Z meeting_stop_stage session=486949EC-0A22-433C-9595-C49C9FE7BFE0 stage=lock_write duration_ms=0 outcome=success
2026-08-24T19:22:36.748Z meeting_cleaned_mic session=486949EC-0A22-433C-9595-C49C9FE7BFE0 outcome=scheduled
2026-08-24T19:22:36.748Z meeting_stop_stage session=486949EC-0A22-433C-9595-C49C9FE7BFE0 stage=cleaned_mic_schedule duration_ms=0 outcome=success
2026-08-24T19:22:36.748Z meeting_stop_stage session=486949EC-0A22-433C-9595-C49C9FE7BFE0 stage=cleanup duration_ms=0 outcome=success
2026-08-24T19:22:36.748Z meeting_recording_stopped session=486949EC-0A22-433C-9595-C49C9FE7BFE0 duration_s=1357.379
2026-08-24T19:22:36.748Z meeting_recording_health session=486949EC-0A22-433C-9595-C49C9FE7BFE0 duration_s=1357.379 source_mode=microphone_and_system mic_started=true requested_mic_mode=raw effective_mic_mode=raw mic_first_buffer=true system_first_buffer=true mic_bytes=11308000 system_bytes=10565288 mixed_bytes=21938878 mic_frames=64689600 system_frames=64687680 mic_chunks_enqueued=46 system_chunks_enqueued=152 mic_chunks_low_signal_dropped=0 system_chunks_low_signal_dropped=0 mic_chunks_system_dominant_dropped=52 backpressure_drops=0 transcription_failures=0 interrupted_sources=none capture_failed=false
2026-08-24T19:22:36.749Z meeting_echo_suppression_summary session=486949EC-0A22-433C-9595-C49C9FE7BFE0 processor=localvqe loaded=true mic_frames=84228 processed_frames=84228 raw_fallback_frames=0 full_reference_frames=84228 partial_reference_frames=0 missing_reference_frames=0 processing_failures=0 current_delay_samples=0 delay_confidence=0.000 delay_estimate_count=0 rejected_delay_estimates=2695
2026-08-24T19:22:36.749Z meeting_stop_stage session=486949EC-0A22-433C-9595-C49C9FE7BFE0 stage=service_total duration_ms=9257 outcome=success
2026-08-24T19:22:36.750Z meeting_stop_stage session=486949EC-0A22-433C-9595-C49C9FE7BFE0 stage=service_stop duration_ms=9257 outcome=success
2026-08-24T19:22:36.756Z meeting_stop_stage session=486949EC-0A22-433C-9595-C49C9FE7BFE0 stage=prepare_row duration_ms=5 outcome=success
2026-08-24T19:22:36.757Z meeting_stop_stage session=486949EC-0A22-433C-9595-C49C9FE7BFE0 stage=queue_enqueue duration_ms=1 outcome=success
2026-08-24T19:22:36.758Z meeting_stop_stage session=486949EC-0A22-433C-9595-C49C9FE7BFE0 stage=queued_total duration_ms=9268 outcome=success
2026-08-24T19:23:53.848Z meeting_cleaned_mic session=486949EC-0A22-433C-9595-C49C9FE7BFE0 outcome=rendered duration_s=1347.700 render_duration_ms=77097 realtime_factor=17.48 processed_frames=84231 raw_fallback_frames=1 failures=0 rms_ratio=1.00 probe_windows=1 probe_best_correlation=0.163
2026-08-24T19:23:53.852Z meeting_echo_suppression_resolution session=486949EC-0A22-433C-9595-C49C9FE7BFE0 reason_code=cleanedUsed model_version=localvqe-v1.4-aec-200K-f32.gguf render_duration_ms=77097 realtime_factor=17.48 delay_estimate_ms=99 probe_windows=1 probe_best_correlation=0.163
2026-08-24T19:23:53.853Z meeting_cleaned_mic_source session=486949EC-0A22-433C-9595-C49C9FE7BFE0 selected=cleaned reason=cleanedUsed timeout_s=339.345
2026-08-24T19:24:41.071Z meeting_echo_suppression_resolution session=511C1F5E-CB59-4E8B-A114-88FB13A5A1B1 reason_code=cleanedUsed model_version=none render_duration_ms=none realtime_factor=none delay_estimate_ms=none probe_windows=none probe_best_correlation=none
2026-08-24T19:24:41.072Z meeting_cleaned_mic_source session=511C1F5E-CB59-4E8B-A114-88FB13A5A1B1 selected=cleaned reason=cleanedUsed timeout_s=339.345
2026-08-24T19:25:53.846Z audio_default_input_changed default_input=present default_input_transport=built-in
2026-08-24T19:25:53.864Z audio_default_input_changed default_input=present default_input_transport=built-in
2026-08-24T19:25:53.865Z audio_default_input_changed default_input=present default_input_transport=built-in
2026-08-24T19:25:53.880Z audio_default_input_changed default_input=present default_input_transport=built-in
2026-08-24T19:25:53.881Z audio_default_input_changed default_input=present default_input_transport=built-in
2026-08-24T19:25:53.881Z audio_default_input_changed default_input=present default_input_transport=built-in
2026-08-24T19:25:53.882Z audio_default_input_changed default_input=present default_input_transport=built-in
2026-08-24T19:25:53.883Z audio_default_input_changed default_input=present default_input_transport=built-in
2026-08-24T19:25:53.883Z audio_default_input_changed default_input=present default_input_transport=built-in
2026-08-24T19:25:53.883Z audio_default_input_changed default_input=present default_input_transport=built-in
2026-08-24T19:25:53.885Z audio_default_input_changed default_input=present default_input_transport=built-in
2026-08-24T19:25:53.886Z audio_default_input_changed default_input=present default_input_transport=built-in
2026-08-24T19:25:53.886Z audio_default_input_changed default_input=present default_input_transport=built-in
2026-08-24T19:25:53.887Z audio_default_input_changed default_input=present default_input_transport=built-in
2026-08-24T19:25:53.887Z audio_default_input_changed default_input=present default_input_transport=built-in
2026-08-24T19:25:53.888Z audio_default_input_changed default_input=present default_input_transport=built-in
2026-08-24T19:25:54.515Z shared_mic_engine_prepare_timing vpio=false buffer_size=4096 set_vpio_ms=0.014 output_format_ms=0.011 install_tap_ms=0.005 total_ms=101.821
2026-08-24T19:25:54.516Z shared_mic_engine_input_device_prepared source=system_default device=present transport=built-in vpio=false set_device_ms=0.000 prepare_engine_ms=102.423
2026-08-24T19:25:55.903Z audio_default_input_changed default_input=present default_input_transport=bluetooth
2026-08-24T19:25:55.918Z audio_default_input_changed default_input=present default_input_transport=bluetooth
2026-08-24T19:25:55.919Z audio_default_input_changed default_input=present default_input_transport=bluetooth
2026-08-24T19:25:55.920Z audio_default_input_changed default_input=present default_input_transport=bluetooth
2026-08-24T19:25:55.922Z audio_default_input_changed default_input=present default_input_transport=bluetooth
2026-08-24T19:25:55.923Z audio_default_input_changed default_input=present default_input_transport=bluetooth
2026-08-24T19:25:55.925Z audio_default_input_changed default_input=present default_input_transport=bluetooth
2026-08-24T19:25:55.926Z audio_default_input_changed default_input=present default_input_transport=bluetooth
2026-08-24T19:25:55.926Z audio_default_input_changed default_input=present default_input_transport=bluetooth
2026-08-24T19:25:55.927Z audio_default_input_changed default_input=present default_input_transport=bluetooth
2026-08-24T19:25:55.927Z audio_default_input_changed default_input=present default_input_transport=bluetooth
2026-08-24T19:25:55.928Z audio_default_input_changed default_input=present default_input_transport=bluetooth
2026-08-24T19:25:55.928Z audio_default_input_changed default_input=present default_input_transport=bluetooth
2026-08-24T19:25:55.929Z audio_default_input_changed default_input=present default_input_transport=bluetooth
2026-08-24T19:25:55.929Z audio_default_input_changed default_input=present default_input_transport=bluetooth
2026-08-24T19:25:55.929Z audio_default_input_changed default_input=present default_input_transport=bluetooth
2026-08-24T19:25:55.930Z audio_default_input_changed default_input=present default_input_transport=bluetooth
2026-08-24T19:25:56.495Z shared_mic_engine_stopped
2026-08-24T19:25:56.497Z shared_mic_engine_prepare_skipped reason=bluetooth_or_unresolved_route
2026-08-24T19:25:57.777Z audio_default_input_changed default_input=present default_input_transport=built-in
2026-08-24T19:25:57.798Z audio_default_input_changed default_input=present default_input_transport=built-in
2026-08-24T19:25:57.803Z audio_default_input_changed default_input=present default_input_transport=built-in
2026-08-24T19:25:57.804Z audio_default_input_changed default_input=present default_input_transport=built-in
2026-08-24T19:25:57.805Z audio_default_input_changed default_input=present default_input_transport=built-in
2026-08-24T19:25:57.806Z audio_default_input_changed default_input=present default_input_transport=built-in
2026-08-24T19:25:57.806Z audio_default_input_changed default_input=present default_input_transport=built-in
2026-08-24T19:25:57.807Z audio_default_input_changed default_input=present default_input_transport=built-in
2026-08-24T19:25:57.807Z audio_default_input_changed default_input=present default_input_transport=built-in
2026-08-24T19:25:57.808Z audio_default_input_changed default_input=present default_input_transport=built-in
2026-08-24T19:25:57.809Z audio_default_input_changed default_input=present default_input_transport=built-in
2026-08-24T19:25:57.809Z audio_default_input_changed default_input=present default_input_transport=built-in
2026-08-24T19:25:57.809Z audio_default_input_changed default_input=present default_input_transport=built-in
2026-08-24T19:25:57.810Z audio_default_input_changed default_input=present default_input_transport=built-in
2026-08-24T19:25:57.810Z audio_default_input_changed default_input=present default_input_transport=built-in
2026-08-24T19:25:57.811Z audio_default_input_changed default_input=present default_input_transport=built-in
2026-08-24T19:25:57.811Z audio_default_input_changed default_input=present default_input_transport=built-in
2026-08-24T19:25:57.811Z audio_default_input_changed default_input=present default_input_transport=built-in
2026-08-24T19:25:58.447Z shared_mic_engine_prepare_timing vpio=false buffer_size=4096 set_vpio_ms=6.265 output_format_ms=0.011 install_tap_ms=0.008 total_ms=114.572
2026-08-24T19:25:58.448Z shared_mic_engine_input_device_prepared source=system_default device=present transport=built-in vpio=false set_device_ms=0.000 prepare_engine_ms=115.201
2026-08-24T21:09:05.284Z dictation_capture_start permission_status=3
2026-08-24T21:09:05.300Z dictation_capture_starting
2026-08-24T21:09:05.383Z shared_mic_engine_started_from_prepared audio_engine_start_ms=79.330
2026-08-24T21:09:05.384Z shared_mic_diagnostics transition=subscribe wants_vpio=false blocks_vpio_promotion=true subscribers=1 vpio_subs=0 passive_subs=0 engine_running=true vpio_engaged=false vpio_deferred=false vpio_deferral_count=0
2026-08-24T21:09:05.384Z dictation_capture_engine_started file_created=true default_input=present default_input_transport=built-in sr=48000.0 ch=1
2026-08-24T21:09:05.481Z dictation_capture_first_buffer sr=48000.0 ch=1 original_ch=1 common_format=1 interleaved=false frames=4800 has_float_data=true
2026-08-24T21:09:10.437Z dictation_capture_heartbeat input_buffers=50 input_frames=240000 isRunning=true default_input=present default_input_transport=built-in
2026-08-24T21:09:15.475Z dictation_capture_heartbeat input_buffers=100 input_frames=480000 isRunning=true default_input=present default_input_transport=built-in
2026-08-24T21:09:20.512Z dictation_capture_heartbeat input_buffers=151 input_frames=724800 isRunning=true default_input=present default_input_transport=built-in
2026-08-24T21:09:25.516Z dictation_capture_heartbeat input_buffers=201 input_frames=964800 isRunning=true default_input=present default_input_transport=built-in
2026-08-24T21:09:30.527Z dictation_capture_heartbeat input_buffers=251 input_frames=1204800 isRunning=true default_input=present default_input_transport=built-in
2026-08-24T21:09:35.553Z dictation_capture_heartbeat input_buffers=301 input_frames=1444800 isRunning=true default_input=present default_input_transport=built-in
2026-08-24T21:09:40.605Z dictation_capture_heartbeat input_buffers=352 input_frames=1689600 isRunning=true default_input=present default_input_transport=built-in
2026-08-24T21:09:45.620Z dictation_capture_heartbeat input_buffers=402 input_frames=1929600 isRunning=true default_input=present default_input_transport=built-in
2026-08-24T21:09:50.654Z dictation_capture_heartbeat input_buffers=452 input_frames=2169600 isRunning=true default_input=present default_input_transport=built-in
2026-08-24T21:09:55.705Z dictation_capture_heartbeat input_buffers=503 input_frames=2414400 isRunning=true default_input=present default_input_transport=built-in
2026-08-24T21:10:00.729Z dictation_capture_heartbeat input_buffers=553 input_frames=2654400 isRunning=true default_input=present default_input_transport=built-in
2026-08-24T21:10:04.972Z dictation_hotkey_stop_tail_scheduled mode=hold_to_talk tail_ms=200
2026-08-24T21:10:05.183Z dictation_hotkey_stop_tail_fired mode=hold_to_talk tail_ms=200
2026-08-24T21:10:05.198Z dictation_stop_requested mode=hold_to_talk session=14
2026-08-24T21:10:05.266Z shared_mic_engine_stopped
2026-08-24T21:10:05.267Z shared_mic_diagnostics transition=unsubscribe wants_vpio=n/a blocks_vpio_promotion=n/a subscribers=0 vpio_subs=0 passive_subs=0 engine_running=false vpio_engaged=false vpio_deferred=false vpio_deferral_count=0
2026-08-24T21:10:05.268Z dictation_capture_stop sample_count=955200 effective_sample_count=955200 duration_s=59.700 wall_duration_s=59.883 file_bytes=3824896 input_buffers=598 output_buffers=597 input_frames=2870400 max_rms=0.182883 max_level=0.914 non_silent_buffers=598 missing_float_buffers=0 invalid_format_buffers=0 no_buffer_timeout=false
2026-08-24T21:10:05.270Z dictation_transcribe_begin file_bytes=3824896
2026-08-24T21:10:05.471Z shared_mic_engine_prepare_timing vpio=false buffer_size=4096 set_vpio_ms=0.007 output_format_ms=0.014 install_tap_ms=0.005 total_ms=202.601
2026-08-24T21:10:05.483Z shared_mic_engine_input_device_prepared source=system_default device=present transport=built-in vpio=false set_device_ms=0.000 prepare_engine_ms=214.806
2026-08-24T21:10:05.848Z dictation_transcribe_complete chars=858 words=156 engine=parakeet variant=v3
2026-08-24T21:11:32.069Z dictation_capture_start permission_status=3
2026-08-24T21:11:32.072Z dictation_capture_starting
2026-08-24T21:11:32.136Z shared_mic_engine_started_from_prepared audio_engine_start_ms=60.634
2026-08-24T21:11:32.137Z shared_mic_diagnostics transition=subscribe wants_vpio=false blocks_vpio_promotion=true subscribers=1 vpio_subs=0 passive_subs=0 engine_running=true vpio_engaged=false vpio_deferred=false vpio_deferral_count=0
2026-08-24T21:11:32.138Z dictation_capture_engine_started file_created=true default_input=present default_input_transport=built-in sr=48000.0 ch=1
2026-08-24T21:11:32.243Z dictation_capture_first_buffer sr=48000.0 ch=1 original_ch=1 common_format=1 interleaved=false frames=4800 has_float_data=true
2026-08-24T21:11:37.181Z dictation_capture_heartbeat input_buffers=50 input_frames=240000 isRunning=true default_input=present default_input_transport=built-in
2026-08-24T21:11:42.219Z dictation_capture_heartbeat input_buffers=100 input_frames=480000 isRunning=true default_input=present default_input_transport=built-in
2026-08-24T21:11:47.266Z dictation_capture_heartbeat input_buffers=151 input_frames=724800 isRunning=true default_input=present default_input_transport=built-in
2026-08-24T21:11:52.272Z dictation_capture_heartbeat input_buffers=201 input_frames=964800 isRunning=true default_input=present default_input_transport=built-in
2026-08-24T21:11:57.287Z dictation_capture_heartbeat input_buffers=251 input_frames=1204800 isRunning=true default_input=present default_input_transport=built-in
2026-08-24T21:12:02.335Z dictation_capture_heartbeat input_buffers=301 input_frames=1444800 isRunning=true default_input=present default_input_transport=built-in
2026-08-24T21:12:07.384Z dictation_capture_heartbeat input_buffers=352 input_frames=1689600 isRunning=true default_input=present default_input_transport=built-in
2026-08-24T21:12:12.396Z dictation_capture_heartbeat input_buffers=402 input_frames=1929600 isRunning=true default_input=present default_input_transport=built-in
2026-08-24T21:12:17.446Z dictation_capture_heartbeat input_buffers=453 input_frames=2174400 isRunning=true default_input=present default_input_transport=built-in
2026-08-24T21:12:18.704Z dictation_hotkey_stop_tail_scheduled mode=hold_to_talk tail_ms=200
2026-08-24T21:12:18.914Z dictation_hotkey_stop_tail_fired mode=hold_to_talk tail_ms=200
2026-08-24T21:12:18.922Z dictation_stop_requested mode=hold_to_talk session=15
2026-08-24T21:12:18.975Z shared_mic_engine_stopped
2026-08-24T21:12:18.977Z shared_mic_diagnostics transition=unsubscribe wants_vpio=n/a blocks_vpio_promotion=n/a subscribers=0 vpio_subs=0 passive_subs=0 engine_running=false vpio_engaged=false vpio_deferred=false vpio_deferral_count=0
2026-08-24T21:12:18.978Z dictation_capture_stop sample_count=745600 effective_sample_count=745600 duration_s=46.600 wall_duration_s=46.836 file_bytes=2986496 input_buffers=467 output_buffers=466 input_frames=2241600 max_rms=0.181053 max_level=0.905 non_silent_buffers=467 missing_float_buffers=0 invalid_format_buffers=0 no_buffer_timeout=false
2026-08-24T21:12:18.979Z dictation_transcribe_begin file_bytes=2986496
2026-08-24T21:12:19.104Z shared_mic_engine_prepare_timing vpio=false buffer_size=4096 set_vpio_ms=0.010 output_format_ms=0.019 install_tap_ms=0.007 total_ms=125.511
2026-08-24T21:12:19.105Z shared_mic_engine_input_device_prepared source=system_default device=present transport=built-in vpio=false set_device_ms=0.000 prepare_engine_ms=126.339
2026-08-24T21:12:19.272Z dictation_transcribe_complete chars=660 words=123 engine=parakeet variant=v3
2026-08-24T22:02:39.872Z dictation_capture_start permission_status=3
2026-08-24T22:02:39.878Z dictation_capture_starting
2026-08-24T22:02:39.936Z shared_mic_engine_started_from_prepared audio_engine_start_ms=54.207
2026-08-24T22:02:39.936Z shared_mic_diagnostics transition=subscribe wants_vpio=false blocks_vpio_promotion=true subscribers=1 vpio_subs=0 passive_subs=0 engine_running=true vpio_engaged=false vpio_deferred=false vpio_deferral_count=0
2026-08-24T22:02:39.937Z dictation_capture_engine_started file_created=true default_input=present default_input_transport=built-in sr=48000.0 ch=1
2026-08-24T22:02:40.042Z dictation_capture_first_buffer sr=48000.0 ch=1 original_ch=1 common_format=1 interleaved=false frames=4800 has_float_data=true
2026-08-24T22:02:44.985Z dictation_capture_heartbeat input_buffers=50 input_frames=240000 isRunning=true default_input=present default_input_transport=built-in
2026-08-24T22:02:50.035Z dictation_capture_heartbeat input_buffers=100 input_frames=480000 isRunning=true default_input=present default_input_transport=built-in
2026-08-24T22:02:54.214Z dictation_hotkey_stop_tail_scheduled mode=hold_to_talk tail_ms=200
2026-08-24T22:02:54.423Z dictation_hotkey_stop_tail_fired mode=hold_to_talk tail_ms=200
2026-08-24T22:02:54.436Z dictation_stop_requested mode=hold_to_talk session=16
2026-08-24T22:02:54.495Z shared_mic_engine_stopped
2026-08-24T22:02:54.496Z shared_mic_diagnostics transition=unsubscribe wants_vpio=n/a blocks_vpio_promotion=n/a subscribers=0 vpio_subs=0 passive_subs=0 engine_running=false vpio_engaged=false vpio_deferred=false vpio_deferral_count=0
2026-08-24T22:02:54.498Z dictation_capture_stop sample_count=228800 effective_sample_count=228800 duration_s=14.300 wall_duration_s=14.561 file_bytes=919296 input_buffers=144 output_buffers=143 input_frames=691200 max_rms=0.068857 max_level=0.344 non_silent_buffers=123 missing_float_buffers=0 invalid_format_buffers=0 no_buffer_timeout=false
2026-08-24T22:02:54.501Z dictation_transcribe_begin file_bytes=919296
2026-08-24T22:02:54.645Z shared_mic_engine_prepare_timing vpio=false buffer_size=4096 set_vpio_ms=0.006 output_format_ms=0.012 install_tap_ms=0.004 total_ms=145.811
2026-08-24T22:02:54.646Z shared_mic_engine_input_device_prepared source=system_default device=present transport=built-in vpio=false set_device_ms=0.000 prepare_engine_ms=146.821
2026-08-24T22:02:54.912Z dictation_transcribe_complete chars=202 words=40 engine=parakeet variant=v3
2026-08-24T22:06:55.914Z dictation_capture_start permission_status=3
2026-08-24T22:06:55.917Z dictation_capture_starting
2026-08-24T22:06:55.976Z shared_mic_engine_started_from_prepared audio_engine_start_ms=57.171
2026-08-24T22:06:55.977Z shared_mic_diagnostics transition=subscribe wants_vpio=false blocks_vpio_promotion=true subscribers=1 vpio_subs=0 passive_subs=0 engine_running=true vpio_engaged=false vpio_deferred=false vpio_deferral_count=0
2026-08-24T22:06:55.978Z dictation_capture_engine_started file_created=true default_input=present default_input_transport=built-in sr=48000.0 ch=1
2026-08-24T22:06:56.082Z dictation_capture_first_buffer sr=48000.0 ch=1 original_ch=1 common_format=1 interleaved=false frames=4800 has_float_data=true
2026-08-24T22:07:00.999Z dictation_capture_heartbeat input_buffers=50 input_frames=240000 isRunning=true default_input=present default_input_transport=built-in
2026-08-24T22:07:01.860Z dictation_hotkey_stop_tail_scheduled mode=hold_to_talk tail_ms=200
2026-08-24T22:07:02.073Z dictation_hotkey_stop_tail_fired mode=hold_to_talk tail_ms=200
2026-08-24T22:07:02.082Z dictation_stop_requested mode=hold_to_talk session=17
2026-08-24T22:07:02.140Z shared_mic_engine_stopped
2026-08-24T22:07:02.141Z shared_mic_diagnostics transition=unsubscribe wants_vpio=n/a blocks_vpio_promotion=n/a subscribers=0 vpio_subs=0 passive_subs=0 engine_running=false vpio_engaged=false vpio_deferred=false vpio_deferral_count=0
2026-08-24T22:07:02.142Z dictation_capture_stop sample_count=96000 effective_sample_count=96000 duration_s=6.000 wall_duration_s=6.164 file_bytes=388096 input_buffers=61 output_buffers=60 input_frames=292800 max_rms=0.122673 max_level=0.613 non_silent_buffers=52 missing_float_buffers=0 invalid_format_buffers=0 no_buffer_timeout=false
2026-08-24T22:07:02.143Z dictation_transcribe_begin file_bytes=388096
2026-08-24T22:07:02.244Z shared_mic_engine_prepare_timing vpio=false buffer_size=4096 set_vpio_ms=0.006 output_format_ms=0.011 install_tap_ms=0.006 total_ms=101.629
2026-08-24T22:07:02.245Z shared_mic_engine_input_device_prepared source=system_default device=present transport=built-in vpio=false set_device_ms=0.000 prepare_engine_ms=102.458
2026-08-24T22:07:02.270Z dictation_transcribe_complete chars=80 words=16 engine=parakeet variant=v3
2026-08-24T22:12:16.794Z dictation_capture_start permission_status=3
2026-08-24T22:12:16.796Z dictation_capture_starting
2026-08-24T22:12:16.859Z shared_mic_engine_started_from_prepared audio_engine_start_ms=62.323
2026-08-24T22:12:16.861Z shared_mic_diagnostics transition=subscribe wants_vpio=false blocks_vpio_promotion=true subscribers=1 vpio_subs=0 passive_subs=0 engine_running=true vpio_engaged=false vpio_deferred=false vpio_deferral_count=0
2026-08-24T22:12:16.862Z dictation_capture_engine_started file_created=true default_input=present default_input_transport=built-in sr=48000.0 ch=1
2026-08-24T22:12:16.964Z dictation_capture_first_buffer sr=48000.0 ch=1 original_ch=1 common_format=1 interleaved=false frames=4800 has_float_data=true
2026-08-24T22:12:21.903Z dictation_capture_heartbeat input_buffers=50 input_frames=240000 isRunning=true default_input=present default_input_transport=built-in
2026-08-24T22:12:26.904Z dictation_capture_heartbeat input_buffers=100 input_frames=480000 isRunning=true default_input=present default_input_transport=built-in
2026-08-24T22:12:31.943Z dictation_capture_heartbeat input_buffers=150 input_frames=720000 isRunning=true default_input=present default_input_transport=built-in
2026-08-24T22:12:36.980Z dictation_capture_heartbeat input_buffers=201 input_frames=964800 isRunning=true default_input=present default_input_transport=built-in
2026-08-24T22:12:41.991Z dictation_capture_heartbeat input_buffers=251 input_frames=1204800 isRunning=true default_input=present default_input_transport=built-in
2026-08-24T22:12:47.014Z dictation_capture_heartbeat input_buffers=301 input_frames=1444800 isRunning=true default_input=present default_input_transport=built-in
2026-08-24T22:12:52.036Z dictation_capture_heartbeat input_buffers=351 input_frames=1684800 isRunning=true default_input=present default_input_transport=built-in
2026-08-24T22:12:57.061Z dictation_capture_heartbeat input_buffers=402 input_frames=1929600 isRunning=true default_input=present default_input_transport=built-in
2026-08-24T22:13:02.109Z dictation_capture_heartbeat input_buffers=452 input_frames=2169600 isRunning=true default_input=present default_input_transport=built-in
2026-08-24T22:13:07.139Z dictation_capture_heartbeat input_buffers=502 input_frames=2409600 isRunning=true default_input=present default_input_transport=built-in
2026-08-24T22:13:12.158Z dictation_capture_heartbeat input_buffers=552 input_frames=2649600 isRunning=true default_input=present default_input_transport=built-in
2026-08-24T22:13:17.204Z dictation_capture_heartbeat input_buffers=603 input_frames=2894400 isRunning=true default_input=present default_input_transport=built-in
2026-08-24T22:13:22.241Z dictation_capture_heartbeat input_buffers=653 input_frames=3134400 isRunning=true default_input=present default_input_transport=built-in
2026-08-24T22:13:27.247Z dictation_capture_heartbeat input_buffers=703 input_frames=3374400 isRunning=true default_input=present default_input_transport=built-in
2026-08-24T22:13:32.059Z dictation_hotkey_stop_tail_scheduled mode=hold_to_talk tail_ms=200
2026-08-24T22:13:32.270Z dictation_hotkey_stop_tail_fired mode=hold_to_talk tail_ms=200
2026-08-24T22:13:32.270Z dictation_capture_heartbeat input_buffers=754 input_frames=3619200 isRunning=true default_input=present default_input_transport=built-in
2026-08-24T22:13:32.281Z dictation_stop_requested mode=hold_to_talk session=18
2026-08-24T22:13:32.332Z shared_mic_engine_stopped
2026-08-24T22:13:32.333Z shared_mic_diagnostics transition=unsubscribe wants_vpio=n/a blocks_vpio_promotion=n/a subscribers=0 vpio_subs=0 passive_subs=0 engine_running=false vpio_engaged=false vpio_deferred=false vpio_deferral_count=0
2026-08-24T22:13:32.333Z dictation_capture_stop sample_count=1204800 effective_sample_count=1204800 duration_s=75.300 wall_duration_s=75.472 file_bytes=4823296 input_buffers=754 output_buffers=753 input_frames=3619200 max_rms=0.094788 max_level=0.474 non_silent_buffers=609 missing_float_buffers=0 invalid_format_buffers=0 no_buffer_timeout=false
2026-08-24T22:13:32.333Z dictation_transcribe_begin file_bytes=4823296
2026-08-24T22:13:32.472Z shared_mic_engine_prepare_timing vpio=false buffer_size=4096 set_vpio_ms=5.106 output_format_ms=0.013 install_tap_ms=0.005 total_ms=138.590
2026-08-24T22:13:32.474Z shared_mic_engine_input_device_prepared source=system_default device=present transport=built-in vpio=false set_device_ms=0.000 prepare_engine_ms=140.074
2026-08-24T22:13:32.827Z dictation_transcribe_complete chars=1010 words=195 engine=parakeet variant=v3
2026-08-24T22:31:05.284Z dictation_capture_start permission_status=3
2026-08-24T22:31:05.286Z dictation_capture_starting
2026-08-24T22:31:05.341Z shared_mic_engine_started_from_prepared audio_engine_start_ms=53.211
2026-08-24T22:31:05.341Z shared_mic_diagnostics transition=subscribe wants_vpio=false blocks_vpio_promotion=true subscribers=1 vpio_subs=0 passive_subs=0 engine_running=true vpio_engaged=false vpio_deferred=false vpio_deferral_count=0
2026-08-24T22:31:05.342Z dictation_capture_engine_started file_created=true default_input=present default_input_transport=built-in sr=48000.0 ch=1
2026-08-24T22:31:05.448Z dictation_capture_first_buffer sr=48000.0 ch=1 original_ch=1 common_format=1 interleaved=false frames=4800 has_float_data=true
2026-08-24T22:31:10.350Z dictation_capture_heartbeat input_buffers=50 input_frames=240000 isRunning=true default_input=present default_input_transport=built-in
2026-08-24T22:31:10.926Z dictation_hotkey_stop_tail_scheduled mode=hold_to_talk tail_ms=200
2026-08-24T22:31:11.137Z dictation_hotkey_stop_tail_fired mode=hold_to_talk tail_ms=200
2026-08-24T22:31:11.150Z dictation_stop_requested mode=hold_to_talk session=19
2026-08-24T22:31:11.196Z shared_mic_engine_stopped
2026-08-24T22:31:11.197Z shared_mic_diagnostics transition=unsubscribe wants_vpio=n/a blocks_vpio_promotion=n/a subscribers=0 vpio_subs=0 passive_subs=0 engine_running=false vpio_engaged=false vpio_deferred=false vpio_deferral_count=0
2026-08-24T22:31:11.198Z dictation_capture_stop sample_count=91200 effective_sample_count=91200 duration_s=5.700 wall_duration_s=5.856 file_bytes=368896 input_buffers=58 output_buffers=57 input_frames=278400 max_rms=0.079340 max_level=0.397 non_silent_buffers=43 missing_float_buffers=0 invalid_format_buffers=0 no_buffer_timeout=false
2026-08-24T22:31:11.198Z dictation_transcribe_begin file_bytes=368896
2026-08-24T22:31:11.303Z shared_mic_engine_prepare_timing vpio=false buffer_size=4096 set_vpio_ms=0.006 output_format_ms=0.011 install_tap_ms=0.005 total_ms=104.573
2026-08-24T22:31:11.303Z shared_mic_engine_input_device_prepared source=system_default device=present transport=built-in vpio=false set_device_ms=0.000 prepare_engine_ms=105.286
2026-08-24T22:31:11.326Z dictation_transcribe_complete chars=67 words=15 engine=parakeet variant=v3
2026-08-24T22:31:15.858Z dictation_capture_start permission_status=3
2026-08-24T22:31:15.861Z dictation_capture_starting
2026-08-24T22:31:15.913Z shared_mic_engine_started_from_prepared audio_engine_start_ms=51.474
2026-08-24T22:31:15.914Z shared_mic_diagnostics transition=subscribe wants_vpio=false blocks_vpio_promotion=true subscribers=1 vpio_subs=0 passive_subs=0 engine_running=true vpio_engaged=false vpio_deferred=false vpio_deferral_count=0
2026-08-24T22:31:15.915Z dictation_capture_engine_started file_created=true default_input=present default_input_transport=built-in sr=48000.0 ch=1
2026-08-24T22:31:16.021Z dictation_capture_first_buffer sr=48000.0 ch=1 original_ch=1 common_format=1 interleaved=false frames=4800 has_float_data=true
2026-08-24T22:31:20.926Z dictation_capture_heartbeat input_buffers=50 input_frames=240000 isRunning=true default_input=present default_input_transport=built-in
2026-08-24T22:31:25.950Z dictation_capture_heartbeat input_buffers=100 input_frames=480000 isRunning=true default_input=present default_input_transport=built-in
2026-08-24T22:31:31.001Z dictation_capture_heartbeat input_buffers=150 input_frames=720000 isRunning=true default_input=present default_input_transport=built-in
2026-08-24T22:31:36.049Z dictation_capture_heartbeat input_buffers=201 input_frames=964800 isRunning=true default_input=present default_input_transport=built-in
2026-08-24T22:31:41.072Z dictation_capture_heartbeat input_buffers=251 input_frames=1204800 isRunning=true default_input=present default_input_transport=built-in
2026-08-24T22:31:43.685Z dictation_hotkey_stop_tail_scheduled mode=hold_to_talk tail_ms=200
2026-08-24T22:31:43.896Z dictation_hotkey_stop_tail_fired mode=hold_to_talk tail_ms=200
2026-08-24T22:31:43.903Z dictation_stop_requested mode=hold_to_talk session=20
2026-08-24T22:31:43.956Z shared_mic_engine_stopped
2026-08-24T22:31:43.958Z shared_mic_diagnostics transition=unsubscribe wants_vpio=n/a blocks_vpio_promotion=n/a subscribers=0 vpio_subs=0 passive_subs=0 engine_running=false vpio_engaged=false vpio_deferred=false vpio_deferral_count=0
2026-08-24T22:31:43.959Z dictation_capture_stop sample_count=444800 effective_sample_count=444800 duration_s=27.800 wall_duration_s=28.045 file_bytes=1783296 input_buffers=279 output_buffers=278 input_frames=1339200 max_rms=0.075767 max_level=0.379 non_silent_buffers=211 missing_float_buffers=0 invalid_format_buffers=0 no_buffer_timeout=false
2026-08-24T22:31:43.960Z dictation_transcribe_begin file_bytes=1783296
2026-08-24T22:31:44.077Z shared_mic_engine_prepare_timing vpio=false buffer_size=4096 set_vpio_ms=0.005 output_format_ms=0.016 install_tap_ms=0.010 total_ms=115.891
2026-08-24T22:31:44.078Z shared_mic_engine_input_device_prepared source=system_default device=present transport=built-in vpio=false set_device_ms=0.000 prepare_engine_ms=117.506
2026-08-24T22:31:44.187Z dictation_transcribe_complete chars=391 words=69 engine=parakeet variant=v3
2026-08-25T15:46:39.136Z dictation_capture_start permission_status=3
2026-08-25T15:46:39.148Z dictation_capture_starting
2026-08-25T15:46:39.207Z shared_mic_engine_started_from_prepared audio_engine_start_ms=55.147
2026-08-25T15:46:39.207Z shared_mic_diagnostics transition=subscribe wants_vpio=false blocks_vpio_promotion=true subscribers=1 vpio_subs=0 passive_subs=0 engine_running=true vpio_engaged=false vpio_deferred=false vpio_deferral_count=0
2026-08-25T15:46:39.208Z dictation_capture_engine_started file_created=true default_input=present default_input_transport=built-in sr=48000.0 ch=1
2026-08-25T15:46:39.312Z dictation_capture_first_buffer sr=48000.0 ch=1 original_ch=1 common_format=1 interleaved=false frames=4800 has_float_data=true
2026-08-25T15:46:44.255Z dictation_capture_heartbeat input_buffers=50 input_frames=240000 isRunning=true default_input=present default_input_transport=built-in
2026-08-25T15:46:49.286Z dictation_capture_heartbeat input_buffers=100 input_frames=480000 isRunning=true default_input=present default_input_transport=built-in
2026-08-25T15:46:54.292Z dictation_capture_heartbeat input_buffers=150 input_frames=720000 isRunning=true default_input=present default_input_transport=built-in
2026-08-25T15:46:59.324Z dictation_capture_heartbeat input_buffers=201 input_frames=964800 isRunning=true default_input=present default_input_transport=built-in
2026-08-25T15:47:01.893Z dictation_hotkey_stop_tail_scheduled mode=hold_to_talk tail_ms=200
2026-08-25T15:47:02.104Z dictation_hotkey_stop_tail_fired mode=hold_to_talk tail_ms=200
2026-08-25T15:47:02.117Z dictation_stop_requested mode=hold_to_talk session=21
2026-08-25T15:47:02.168Z shared_mic_engine_stopped
2026-08-25T15:47:02.169Z shared_mic_diagnostics transition=unsubscribe wants_vpio=n/a blocks_vpio_promotion=n/a subscribers=0 vpio_subs=0 passive_subs=0 engine_running=false vpio_engaged=false vpio_deferred=false vpio_deferral_count=0
2026-08-25T15:47:02.170Z dictation_capture_stop sample_count=364800 effective_sample_count=364800 duration_s=22.800 wall_duration_s=22.962 file_bytes=1463296 input_buffers=229 output_buffers=228 input_frames=1099200 max_rms=0.111627 max_level=0.558 non_silent_buffers=229 missing_float_buffers=0 invalid_format_buffers=0 no_buffer_timeout=false
2026-08-25T15:47:02.171Z dictation_transcribe_begin file_bytes=1463296
2026-08-25T15:47:02.405Z shared_mic_engine_prepare_timing vpio=false buffer_size=4096 set_vpio_ms=0.007 output_format_ms=0.013 install_tap_ms=0.004 total_ms=235.552
2026-08-25T15:47:02.407Z shared_mic_engine_input_device_prepared source=system_default device=present transport=built-in vpio=false set_device_ms=0.000 prepare_engine_ms=236.444
2026-08-25T15:47:02.635Z dictation_transcribe_complete chars=364 words=71 engine=parakeet variant=v3
2026-08-25T15:49:50.918Z dictation_capture_start permission_status=3
2026-08-25T15:49:50.920Z dictation_capture_starting
2026-08-25T15:49:50.972Z shared_mic_engine_started_from_prepared audio_engine_start_ms=50.614
2026-08-25T15:49:50.973Z shared_mic_diagnostics transition=subscribe wants_vpio=false blocks_vpio_promotion=true subscribers=1 vpio_subs=0 passive_subs=0 engine_running=true vpio_engaged=false vpio_deferred=false vpio_deferral_count=0
2026-08-25T15:49:50.974Z dictation_capture_engine_started file_created=true default_input=present default_input_transport=built-in sr=48000.0 ch=1
2026-08-25T15:49:51.077Z dictation_capture_first_buffer sr=48000.0 ch=1 original_ch=1 common_format=1 interleaved=false frames=4800 has_float_data=true
2026-08-25T15:49:55.989Z dictation_capture_heartbeat input_buffers=50 input_frames=240000 isRunning=true default_input=present default_input_transport=built-in
2026-08-25T15:50:01.001Z dictation_capture_heartbeat input_buffers=100 input_frames=480000 isRunning=true default_input=present default_input_transport=built-in
2026-08-25T15:50:06.047Z dictation_capture_heartbeat input_buffers=150 input_frames=720000 isRunning=true default_input=present default_input_transport=built-in
2026-08-25T15:50:11.092Z dictation_capture_heartbeat input_buffers=201 input_frames=964800 isRunning=true default_input=present default_input_transport=built-in
2026-08-25T15:50:16.134Z dictation_capture_heartbeat input_buffers=251 input_frames=1204800 isRunning=true default_input=present default_input_transport=built-in
2026-08-25T15:50:18.518Z dictation_hotkey_stop_tail_scheduled mode=hold_to_talk tail_ms=200
2026-08-25T15:50:18.729Z dictation_hotkey_stop_tail_fired mode=hold_to_talk tail_ms=200
2026-08-25T15:50:18.743Z dictation_stop_requested mode=hold_to_talk session=22
2026-08-25T15:50:18.788Z shared_mic_engine_stopped
2026-08-25T15:50:18.789Z shared_mic_diagnostics transition=unsubscribe wants_vpio=n/a blocks_vpio_promotion=n/a subscribers=0 vpio_subs=0 passive_subs=0 engine_running=false vpio_engaged=false vpio_deferred=false vpio_deferral_count=0
2026-08-25T15:50:18.791Z dictation_capture_stop sample_count=441600 effective_sample_count=441600 duration_s=27.600 wall_duration_s=27.818 file_bytes=1770496 input_buffers=277 output_buffers=276 input_frames=1329600 max_rms=0.081161 max_level=0.406 non_silent_buffers=246 missing_float_buffers=0 invalid_format_buffers=0 no_buffer_timeout=false
2026-08-25T15:50:18.792Z dictation_transcribe_begin file_bytes=1770496
2026-08-25T15:50:18.917Z shared_mic_engine_prepare_timing vpio=false buffer_size=4096 set_vpio_ms=0.008 output_format_ms=0.018 install_tap_ms=0.006 total_ms=124.933
2026-08-25T15:50:18.918Z shared_mic_engine_input_device_prepared source=system_default device=present transport=built-in vpio=false set_device_ms=0.000 prepare_engine_ms=126.130
2026-08-25T15:50:19.027Z dictation_transcribe_complete chars=393 words=76 engine=parakeet variant=v3
2026-08-25T15:52:03.517Z dictation_capture_start permission_status=3
2026-08-25T15:52:03.520Z dictation_capture_starting
2026-08-25T15:52:03.571Z shared_mic_engine_started_from_prepared audio_engine_start_ms=50.140
2026-08-25T15:52:03.572Z shared_mic_diagnostics transition=subscribe wants_vpio=false blocks_vpio_promotion=true subscribers=1 vpio_subs=0 passive_subs=0 engine_running=true vpio_engaged=false vpio_deferred=false vpio_deferral_count=0
2026-08-25T15:52:03.573Z dictation_capture_engine_started file_created=true default_input=present default_input_transport=built-in sr=48000.0 ch=1
2026-08-25T15:52:03.676Z dictation_capture_first_buffer sr=48000.0 ch=1 original_ch=1 common_format=1 interleaved=false frames=4800 has_float_data=true
2026-08-25T15:52:08.578Z dictation_capture_heartbeat input_buffers=50 input_frames=240000 isRunning=true default_input=present default_input_transport=built-in
2026-08-25T15:52:13.609Z dictation_capture_heartbeat input_buffers=100 input_frames=480000 isRunning=true default_input=present default_input_transport=built-in
2026-08-25T15:52:18.660Z dictation_capture_heartbeat input_buffers=150 input_frames=720000 isRunning=true default_input=present default_input_transport=built-in
2026-08-25T15:52:23.686Z dictation_capture_heartbeat input_buffers=201 input_frames=964800 isRunning=true default_input=present default_input_transport=built-in
2026-08-25T15:52:28.708Z dictation_capture_heartbeat input_buffers=251 input_frames=1204800 isRunning=true default_input=present default_input_transport=built-in
2026-08-25T15:52:33.735Z dictation_capture_heartbeat input_buffers=301 input_frames=1444800 isRunning=true default_input=present default_input_transport=built-in
2026-08-25T15:52:38.791Z dictation_capture_heartbeat input_buffers=352 input_frames=1689600 isRunning=true default_input=present default_input_transport=built-in
2026-08-25T15:52:43.830Z dictation_capture_heartbeat input_buffers=402 input_frames=1929600 isRunning=true default_input=present default_input_transport=built-in
2026-08-25T15:52:45.595Z dictation_hotkey_stop_tail_scheduled mode=hold_to_talk tail_ms=200
2026-08-25T15:52:45.805Z dictation_hotkey_stop_tail_fired mode=hold_to_talk tail_ms=200
2026-08-25T15:52:45.814Z dictation_stop_requested mode=hold_to_talk session=23
2026-08-25T15:52:45.862Z shared_mic_engine_stopped
2026-08-25T15:52:45.863Z shared_mic_diagnostics transition=unsubscribe wants_vpio=n/a blocks_vpio_promotion=n/a subscribers=0 vpio_subs=0 passive_subs=0 engine_running=false vpio_engaged=false vpio_deferred=false vpio_deferral_count=0
2026-08-25T15:52:45.865Z dictation_capture_stop sample_count=673600 effective_sample_count=673600 duration_s=42.100 wall_duration_s=42.293 file_bytes=2698496 input_buffers=422 output_buffers=421 input_frames=2025600 max_rms=0.082312 max_level=0.412 non_silent_buffers=359 missing_float_buffers=0 invalid_format_buffers=0 no_buffer_timeout=false
2026-08-25T15:52:45.865Z dictation_transcribe_begin file_bytes=2698496
2026-08-25T15:52:46.002Z shared_mic_engine_prepare_timing vpio=false buffer_size=4096 set_vpio_ms=0.005 output_format_ms=0.034 install_tap_ms=0.019 total_ms=135.844
2026-08-25T15:52:46.004Z shared_mic_engine_input_device_prepared source=system_default device=present transport=built-in vpio=false set_device_ms=0.000 prepare_engine_ms=138.092
2026-08-25T15:52:46.171Z dictation_transcribe_complete chars=574 words=106 engine=parakeet variant=v3
2026-08-25T15:54:58.853Z dictation_capture_start permission_status=3
2026-08-25T15:54:58.857Z dictation_capture_starting
2026-08-25T15:54:58.918Z shared_mic_engine_started_from_prepared audio_engine_start_ms=58.571
2026-08-25T15:54:58.919Z shared_mic_diagnostics transition=subscribe wants_vpio=false blocks_vpio_promotion=true subscribers=1 vpio_subs=0 passive_subs=0 engine_running=true vpio_engaged=false vpio_deferred=false vpio_deferral_count=0
2026-08-25T15:54:58.919Z dictation_capture_engine_started file_created=true default_input=present default_input_transport=built-in sr=48000.0 ch=1
2026-08-25T15:54:59.026Z dictation_capture_first_buffer sr=48000.0 ch=1 original_ch=1 common_format=1 interleaved=false frames=4800 has_float_data=true
2026-08-25T15:55:03.964Z dictation_capture_heartbeat input_buffers=50 input_frames=240000 isRunning=true default_input=present default_input_transport=built-in
2026-08-25T15:55:09.013Z dictation_capture_heartbeat input_buffers=100 input_frames=480000 isRunning=true default_input=present default_input_transport=built-in
2026-08-25T15:55:14.051Z dictation_capture_heartbeat input_buffers=151 input_frames=724800 isRunning=true default_input=present default_input_transport=built-in
2026-08-25T15:55:19.063Z dictation_capture_heartbeat input_buffers=201 input_frames=964800 isRunning=true default_input=present default_input_transport=built-in
2026-08-25T15:55:24.068Z dictation_capture_heartbeat input_buffers=251 input_frames=1204800 isRunning=true default_input=present default_input_transport=built-in
2026-08-25T15:55:29.081Z dictation_capture_heartbeat input_buffers=301 input_frames=1444800 isRunning=true default_input=present default_input_transport=built-in
2026-08-25T15:55:34.134Z dictation_capture_heartbeat input_buffers=352 input_frames=1689600 isRunning=true default_input=present default_input_transport=built-in
2026-08-25T15:55:39.147Z dictation_capture_heartbeat input_buffers=402 input_frames=1929600 isRunning=true default_input=present default_input_transport=built-in
2026-08-25T15:55:44.153Z dictation_capture_heartbeat input_buffers=452 input_frames=2169600 isRunning=true default_input=present default_input_transport=built-in
2026-08-25T15:55:49.210Z dictation_capture_heartbeat input_buffers=502 input_frames=2409600 isRunning=true default_input=present default_input_transport=built-in
2026-08-25T15:55:54.220Z dictation_capture_heartbeat input_buffers=552 input_frames=2649600 isRunning=true default_input=present default_input_transport=built-in
2026-08-25T15:55:58.340Z dictation_hotkey_stop_tail_scheduled mode=hold_to_talk tail_ms=200
2026-08-25T15:55:58.549Z dictation_hotkey_stop_tail_fired mode=hold_to_talk tail_ms=200
2026-08-25T15:55:58.564Z dictation_stop_requested mode=hold_to_talk session=24
2026-08-25T15:55:58.615Z shared_mic_engine_stopped
2026-08-25T15:55:58.617Z shared_mic_diagnostics transition=unsubscribe wants_vpio=n/a blocks_vpio_promotion=n/a subscribers=0 vpio_subs=0 passive_subs=0 engine_running=false vpio_engaged=false vpio_deferred=false vpio_deferral_count=0
2026-08-25T15:55:58.618Z dictation_capture_stop sample_count=952000 effective_sample_count=952000 duration_s=59.500 wall_duration_s=59.700 file_bytes=3812096 input_buffers=596 output_buffers=595 input_frames=2860800 max_rms=0.067610 max_level=0.338 non_silent_buffers=430 missing_float_buffers=0 invalid_format_buffers=0 no_buffer_timeout=false
2026-08-25T15:55:58.619Z dictation_transcribe_begin file_bytes=3812096
2026-08-25T15:55:58.718Z shared_mic_engine_prepare_timing vpio=false buffer_size=4096 set_vpio_ms=0.007 output_format_ms=0.007 install_tap_ms=0.005 total_ms=98.778
2026-08-25T15:55:58.719Z shared_mic_engine_input_device_prepared source=system_default device=present transport=built-in vpio=false set_device_ms=0.000 prepare_engine_ms=99.707
2026-08-25T15:55:58.913Z dictation_transcribe_complete chars=592 words=115 engine=parakeet variant=v3
2026-08-25T15:58:38.046Z dictation_capture_start permission_status=3
2026-08-25T15:58:38.049Z dictation_capture_starting
2026-08-25T15:58:38.107Z shared_mic_engine_started_from_prepared audio_engine_start_ms=56.448
2026-08-25T15:58:38.108Z shared_mic_diagnostics transition=subscribe wants_vpio=false blocks_vpio_promotion=true subscribers=1 vpio_subs=0 passive_subs=0 engine_running=true vpio_engaged=false vpio_deferred=false vpio_deferral_count=0
2026-08-25T15:58:38.109Z dictation_capture_engine_started file_created=true default_input=present default_input_transport=built-in sr=48000.0 ch=1
2026-08-25T15:58:38.214Z dictation_capture_first_buffer sr=48000.0 ch=1 original_ch=1 common_format=1 interleaved=false frames=4800 has_float_data=true
2026-08-25T15:58:43.149Z dictation_capture_heartbeat input_buffers=50 input_frames=240000 isRunning=true default_input=present default_input_transport=built-in
2026-08-25T15:58:48.187Z dictation_capture_heartbeat input_buffers=100 input_frames=480000 isRunning=true default_input=present default_input_transport=built-in
2026-08-25T15:58:51.822Z dictation_hotkey_stop_tail_scheduled mode=hold_to_talk tail_ms=200
2026-08-25T15:58:52.034Z dictation_hotkey_stop_tail_fired mode=hold_to_talk tail_ms=200
2026-08-25T15:58:52.050Z dictation_stop_requested mode=hold_to_talk session=25
2026-08-25T15:58:52.101Z shared_mic_engine_stopped
2026-08-25T15:58:52.102Z shared_mic_diagnostics transition=unsubscribe wants_vpio=n/a blocks_vpio_promotion=n/a subscribers=0 vpio_subs=0 passive_subs=0 engine_running=false vpio_engaged=false vpio_deferred=false vpio_deferral_count=0
2026-08-25T15:58:52.103Z dictation_capture_stop sample_count=220800 effective_sample_count=220800 duration_s=13.800 wall_duration_s=13.995 file_bytes=887296 input_buffers=139 output_buffers=138 input_frames=667200 max_rms=0.057479 max_level=0.287 non_silent_buffers=116 missing_float_buffers=0 invalid_format_buffers=0 no_buffer_timeout=false
2026-08-25T15:58:52.104Z dictation_transcribe_begin file_bytes=887296
2026-08-25T15:58:52.210Z shared_mic_engine_prepare_timing vpio=false buffer_size=4096 set_vpio_ms=0.006 output_format_ms=0.012 install_tap_ms=0.005 total_ms=105.704
2026-08-25T15:58:52.210Z shared_mic_engine_input_device_prepared source=system_default device=present transport=built-in vpio=false set_device_ms=0.000 prepare_engine_ms=106.524
2026-08-25T15:58:52.278Z dictation_transcribe_complete chars=206 words=38 engine=parakeet variant=v3
2026-08-25T16:00:52.274Z dictation_capture_start permission_status=3
2026-08-25T16:00:52.277Z dictation_capture_starting
2026-08-25T16:00:52.334Z shared_mic_engine_started_from_prepared audio_engine_start_ms=56.213
2026-08-25T16:00:52.335Z shared_mic_diagnostics transition=subscribe wants_vpio=false blocks_vpio_promotion=true subscribers=1 vpio_subs=0 passive_subs=0 engine_running=true vpio_engaged=false vpio_deferred=false vpio_deferral_count=0
2026-08-25T16:00:52.336Z dictation_capture_engine_started file_created=true default_input=present default_input_transport=built-in sr=48000.0 ch=1
2026-08-25T16:00:52.441Z dictation_capture_first_buffer sr=48000.0 ch=1 original_ch=1 common_format=1 interleaved=false frames=4800 has_float_data=true
2026-08-25T16:00:57.368Z dictation_capture_heartbeat input_buffers=50 input_frames=240000 isRunning=true default_input=present default_input_transport=built-in
2026-08-25T16:01:02.417Z dictation_capture_heartbeat input_buffers=100 input_frames=480000 isRunning=true default_input=present default_input_transport=built-in
2026-08-25T16:01:07.458Z dictation_capture_heartbeat input_buffers=151 input_frames=724800 isRunning=true default_input=present default_input_transport=built-in
2026-08-25T16:01:12.496Z dictation_capture_heartbeat input_buffers=201 input_frames=964800 isRunning=true default_input=present default_input_transport=built-in
2026-08-25T16:01:17.503Z dictation_capture_heartbeat input_buffers=251 input_frames=1204800 isRunning=true default_input=present default_input_transport=built-in
2026-08-25T16:01:22.554Z dictation_capture_heartbeat input_buffers=302 input_frames=1449600 isRunning=true default_input=present default_input_transport=built-in
2026-08-25T16:01:27.593Z dictation_capture_heartbeat input_buffers=352 input_frames=1689600 isRunning=true default_input=present default_input_transport=built-in
2026-08-25T16:01:32.633Z dictation_capture_heartbeat input_buffers=402 input_frames=1929600 isRunning=true default_input=present default_input_transport=built-in
2026-08-25T16:01:37.643Z dictation_capture_heartbeat input_buffers=453 input_frames=2174400 isRunning=true default_input=present default_input_transport=built-in
2026-08-25T16:01:42.583Z dictation_hotkey_stop_tail_scheduled mode=hold_to_talk tail_ms=200
2026-08-25T16:01:42.693Z dictation_capture_heartbeat input_buffers=503 input_frames=2414400 isRunning=true default_input=present default_input_transport=built-in
2026-08-25T16:01:42.794Z dictation_hotkey_stop_tail_fired mode=hold_to_talk tail_ms=200
2026-08-25T16:01:42.809Z dictation_stop_requested mode=hold_to_talk session=26
2026-08-25T16:01:42.859Z shared_mic_engine_stopped
2026-08-25T16:01:42.860Z shared_mic_diagnostics transition=unsubscribe wants_vpio=n/a blocks_vpio_promotion=n/a subscribers=0 vpio_subs=0 passive_subs=0 engine_running=false vpio_engaged=false vpio_deferred=false vpio_deferral_count=0
2026-08-25T16:01:42.861Z dictation_capture_stop sample_count=804800 effective_sample_count=804800 duration_s=50.300 wall_duration_s=50.529 file_bytes=3223296 input_buffers=504 output_buffers=503 input_frames=2419200 max_rms=0.074752 max_level=0.374 non_silent_buffers=444 missing_float_buffers=0 invalid_format_buffers=0 no_buffer_timeout=false
2026-08-25T16:01:42.862Z dictation_transcribe_begin file_bytes=3223296
2026-08-25T16:01:42.964Z shared_mic_engine_prepare_timing vpio=false buffer_size=4096 set_vpio_ms=0.006 output_format_ms=0.011 install_tap_ms=0.005 total_ms=101.886
2026-08-25T16:01:42.965Z shared_mic_engine_input_device_prepared source=system_default device=present transport=built-in vpio=false set_device_ms=0.000 prepare_engine_ms=102.868
2026-08-25T16:01:43.112Z dictation_transcribe_complete chars=606 words=110 engine=parakeet variant=v3
2026-08-25T16:01:51.143Z dictation_capture_start permission_status=3
2026-08-25T16:01:51.144Z dictation_capture_starting
2026-08-25T16:01:51.191Z shared_mic_engine_started_from_prepared audio_engine_start_ms=46.720
2026-08-25T16:01:51.193Z shared_mic_diagnostics transition=subscribe wants_vpio=false blocks_vpio_promotion=true subscribers=1 vpio_subs=0 passive_subs=0 engine_running=true vpio_engaged=false vpio_deferred=false vpio_deferral_count=0
2026-08-25T16:01:51.194Z dictation_capture_engine_started file_created=true default_input=present default_input_transport=built-in sr=48000.0 ch=1
2026-08-25T16:01:51.297Z dictation_capture_first_buffer sr=48000.0 ch=1 original_ch=1 common_format=1 interleaved=false frames=4800 has_float_data=true
2026-08-25T16:01:56.236Z dictation_capture_heartbeat input_buffers=50 input_frames=240000 isRunning=true default_input=present default_input_transport=built-in
2026-08-25T16:02:01.242Z dictation_capture_heartbeat input_buffers=100 input_frames=480000 isRunning=true default_input=present default_input_transport=built-in
2026-08-25T16:02:06.281Z dictation_capture_heartbeat input_buffers=150 input_frames=720000 isRunning=true default_input=present default_input_transport=built-in
2026-08-25T16:02:06.497Z dictation_hotkey_stop_tail_scheduled mode=hold_to_talk tail_ms=200
2026-08-25T16:02:06.708Z dictation_hotkey_stop_tail_fired mode=hold_to_talk tail_ms=200
2026-08-25T16:02:06.719Z dictation_stop_requested mode=hold_to_talk session=27
2026-08-25T16:02:06.773Z shared_mic_engine_stopped
2026-08-25T16:02:06.773Z shared_mic_diagnostics transition=unsubscribe wants_vpio=n/a blocks_vpio_promotion=n/a subscribers=0 vpio_subs=0 passive_subs=0 engine_running=false vpio_engaged=false vpio_deferred=false vpio_deferral_count=0
2026-08-25T16:02:06.774Z dictation_capture_stop sample_count=246400 effective_sample_count=246400 duration_s=15.400 wall_duration_s=15.581 file_bytes=989696 input_buffers=155 output_buffers=154 input_frames=744000 max_rms=0.083569 max_level=0.418 non_silent_buffers=147 missing_float_buffers=0 invalid_format_buffers=0 no_buffer_timeout=false
2026-08-25T16:02:06.774Z dictation_transcribe_begin file_bytes=989696
2026-08-25T16:02:06.856Z shared_mic_engine_prepare_timing vpio=false buffer_size=4096 set_vpio_ms=0.005 output_format_ms=0.005 install_tap_ms=0.004 total_ms=81.566
2026-08-25T16:02:06.857Z shared_mic_engine_input_device_prepared source=system_default device=present transport=built-in vpio=false set_device_ms=0.000 prepare_engine_ms=82.351
2026-08-25T16:02:06.955Z dictation_transcribe_complete chars=243 words=45 engine=parakeet variant=v3
2026-08-25T16:05:51.865Z dictation_capture_start permission_status=3
2026-08-25T16:05:51.868Z dictation_capture_starting
2026-08-25T16:05:51.927Z shared_mic_engine_started_from_prepared audio_engine_start_ms=56.718
2026-08-25T16:05:51.928Z shared_mic_diagnostics transition=subscribe wants_vpio=false blocks_vpio_promotion=true subscribers=1 vpio_subs=0 passive_subs=0 engine_running=true vpio_engaged=false vpio_deferred=false vpio_deferral_count=0
2026-08-25T16:05:51.928Z dictation_capture_engine_started file_created=true default_input=present default_input_transport=built-in sr=48000.0 ch=1
2026-08-25T16:05:52.033Z dictation_capture_first_buffer sr=48000.0 ch=1 original_ch=1 common_format=1 interleaved=false frames=4800 has_float_data=true
2026-08-25T16:05:56.967Z dictation_capture_heartbeat input_buffers=50 input_frames=240000 isRunning=true default_input=present default_input_transport=built-in
2026-08-25T16:06:02.014Z dictation_capture_heartbeat input_buffers=100 input_frames=480000 isRunning=true default_input=present default_input_transport=built-in
2026-08-25T16:06:07.063Z dictation_capture_heartbeat input_buffers=151 input_frames=724800 isRunning=true default_input=present default_input_transport=built-in
2026-08-25T16:06:12.073Z dictation_capture_heartbeat input_buffers=201 input_frames=964800 isRunning=true default_input=present default_input_transport=built-in
2026-08-25T16:06:17.080Z dictation_capture_heartbeat input_buffers=251 input_frames=1204800 isRunning=true default_input=present default_input_transport=built-in
2026-08-25T16:06:22.094Z dictation_capture_heartbeat input_buffers=301 input_frames=1444800 isRunning=true default_input=present default_input_transport=built-in
2026-08-25T16:06:27.104Z dictation_capture_heartbeat input_buffers=351 input_frames=1684800 isRunning=true default_input=present default_input_transport=built-in
2026-08-25T16:06:32.125Z dictation_capture_heartbeat input_buffers=401 input_frames=1924800 isRunning=true default_input=present default_input_transport=built-in
2026-08-25T16:06:34.730Z dictation_hotkey_stop_tail_scheduled mode=hold_to_talk tail_ms=200
2026-08-25T16:06:34.942Z dictation_hotkey_stop_tail_fired mode=hold_to_talk tail_ms=200
2026-08-25T16:06:34.956Z dictation_stop_requested mode=hold_to_talk session=28
2026-08-25T16:06:35.009Z shared_mic_engine_stopped
2026-08-25T16:06:35.009Z shared_mic_diagnostics transition=unsubscribe wants_vpio=n/a blocks_vpio_promotion=n/a subscribers=0 vpio_subs=0 passive_subs=0 engine_running=false vpio_engaged=false vpio_deferred=false vpio_deferral_count=0
2026-08-25T16:06:35.010Z dictation_capture_stop sample_count=686400 effective_sample_count=686400 duration_s=42.900 wall_duration_s=43.083 file_bytes=2749696 input_buffers=430 output_buffers=429 input_frames=2064000 max_rms=0.057655 max_level=0.288 non_silent_buffers=330 missing_float_buffers=0 invalid_format_buffers=0 no_buffer_timeout=false
2026-08-25T16:06:35.010Z dictation_transcribe_begin file_bytes=2749696
2026-08-25T16:06:35.231Z shared_mic_engine_prepare_timing vpio=false buffer_size=4096 set_vpio_ms=0.016 output_format_ms=0.013 install_tap_ms=0.007 total_ms=220.941
2026-08-25T16:06:35.232Z shared_mic_engine_input_device_prepared source=system_default device=present transport=built-in vpio=false set_device_ms=0.000 prepare_engine_ms=221.951
2026-08-25T16:06:35.320Z dictation_transcribe_complete chars=484 words=92 engine=parakeet variant=v3
2026-08-25T16:07:43.588Z dictation_capture_start permission_status=3
2026-08-25T16:07:43.590Z dictation_capture_starting
2026-08-25T16:07:43.644Z shared_mic_engine_started_from_prepared audio_engine_start_ms=52.011
2026-08-25T16:07:43.645Z shared_mic_diagnostics transition=subscribe wants_vpio=false blocks_vpio_promotion=true subscribers=1 vpio_subs=0 passive_subs=0 engine_running=true vpio_engaged=false vpio_deferred=false vpio_deferral_count=0
2026-08-25T16:07:43.645Z dictation_capture_engine_started file_created=true default_input=present default_input_transport=built-in sr=48000.0 ch=1
2026-08-25T16:07:43.750Z dictation_capture_first_buffer sr=48000.0 ch=1 original_ch=1 common_format=1 interleaved=false frames=4800 has_float_data=true
2026-08-25T16:07:48.651Z dictation_capture_heartbeat input_buffers=50 input_frames=240000 isRunning=true default_input=present default_input_transport=built-in
2026-08-25T16:07:53.706Z dictation_capture_heartbeat input_buffers=100 input_frames=480000 isRunning=true default_input=present default_input_transport=built-in
2026-08-25T16:07:58.750Z dictation_capture_heartbeat input_buffers=151 input_frames=724800 isRunning=true default_input=present default_input_transport=built-in
2026-08-25T16:08:02.677Z dictation_hotkey_stop_tail_scheduled mode=hold_to_talk tail_ms=200
2026-08-25T16:08:02.888Z dictation_hotkey_stop_tail_fired mode=hold_to_talk tail_ms=200
2026-08-25T16:08:02.895Z dictation_stop_requested mode=hold_to_talk session=29
2026-08-25T16:08:02.949Z shared_mic_engine_stopped
2026-08-25T16:08:02.951Z shared_mic_diagnostics transition=unsubscribe wants_vpio=n/a blocks_vpio_promotion=n/a subscribers=0 vpio_subs=0 passive_subs=0 engine_running=false vpio_engaged=false vpio_deferred=false vpio_deferral_count=0
2026-08-25T16:08:02.952Z dictation_capture_stop sample_count=305600 effective_sample_count=305600 duration_s=19.100 wall_duration_s=19.307 file_bytes=1226496 input_buffers=192 output_buffers=191 input_frames=921600 max_rms=0.072225 max_level=0.361 non_silent_buffers=160 missing_float_buffers=0 invalid_format_buffers=0 no_buffer_timeout=false
2026-08-25T16:08:02.954Z dictation_transcribe_begin file_bytes=1226496
2026-08-25T16:08:03.055Z shared_mic_engine_prepare_timing vpio=false buffer_size=4096 set_vpio_ms=0.010 output_format_ms=0.029 install_tap_ms=0.014 total_ms=102.845
2026-08-25T16:08:03.056Z shared_mic_engine_input_device_prepared source=system_default device=present transport=built-in vpio=false set_device_ms=0.000 prepare_engine_ms=103.734
2026-08-25T16:08:03.151Z dictation_transcribe_complete chars=229 words=38 engine=parakeet variant=v3
2026-08-25T16:14:20.437Z dictation_capture_start permission_status=3
2026-08-25T16:14:20.439Z dictation_capture_starting
2026-08-25T16:14:20.490Z shared_mic_engine_started_from_prepared audio_engine_start_ms=50.008
2026-08-25T16:14:20.491Z shared_mic_diagnostics transition=subscribe wants_vpio=false blocks_vpio_promotion=true subscribers=1 vpio_subs=0 passive_subs=0 engine_running=true vpio_engaged=false vpio_deferred=false vpio_deferral_count=0
2026-08-25T16:14:20.491Z dictation_capture_engine_started file_created=true default_input=present default_input_transport=built-in sr=48000.0 ch=1
2026-08-25T16:14:20.597Z dictation_capture_first_buffer sr=48000.0 ch=1 original_ch=1 common_format=1 interleaved=false frames=4800 has_float_data=true
2026-08-25T16:14:25.505Z dictation_capture_heartbeat input_buffers=50 input_frames=240000 isRunning=true default_input=present default_input_transport=built-in
2026-08-25T16:14:30.522Z dictation_capture_heartbeat input_buffers=100 input_frames=480000 isRunning=true default_input=present default_input_transport=built-in
2026-08-25T16:14:35.561Z dictation_capture_heartbeat input_buffers=150 input_frames=720000 isRunning=true default_input=present default_input_transport=built-in
2026-08-25T16:14:40.566Z dictation_capture_heartbeat input_buffers=200 input_frames=960000 isRunning=true default_input=present default_input_transport=built-in
2026-08-25T16:14:42.304Z dictation_hotkey_stop_tail_scheduled mode=hold_to_talk tail_ms=200
2026-08-25T16:14:42.508Z dictation_hotkey_stop_tail_fired mode=hold_to_talk tail_ms=200
2026-08-25T16:14:42.518Z dictation_stop_requested mode=hold_to_talk session=30
2026-08-25T16:14:42.568Z shared_mic_engine_stopped
2026-08-25T16:14:42.569Z shared_mic_diagnostics transition=unsubscribe wants_vpio=n/a blocks_vpio_promotion=n/a subscribers=0 vpio_subs=0 passive_subs=0 engine_running=false vpio_engaged=false vpio_deferred=false vpio_deferral_count=0
2026-08-25T16:14:42.571Z dictation_capture_stop sample_count=350400 effective_sample_count=350400 duration_s=21.900 wall_duration_s=22.079 file_bytes=1405696 input_buffers=220 output_buffers=219 input_frames=1056000 max_rms=0.118413 max_level=0.592 non_silent_buffers=220 missing_float_buffers=0 invalid_format_buffers=0 no_buffer_timeout=false
2026-08-25T16:14:42.571Z dictation_transcribe_begin file_bytes=1405696
2026-08-25T16:14:42.696Z shared_mic_engine_prepare_timing vpio=false buffer_size=4096 set_vpio_ms=0.004 output_format_ms=0.011 install_tap_ms=0.005 total_ms=125.092
2026-08-25T16:14:42.698Z shared_mic_engine_input_device_prepared source=system_default device=present transport=built-in vpio=false set_device_ms=0.000 prepare_engine_ms=126.783
2026-08-25T16:14:42.793Z dictation_transcribe_complete chars=305 words=60 engine=parakeet variant=v3
2026-08-25T16:27:53.242Z dictation_capture_start permission_status=3
2026-08-25T16:27:53.243Z dictation_capture_starting
2026-08-25T16:27:53.293Z shared_mic_engine_started_from_prepared audio_engine_start_ms=49.396
2026-08-25T16:27:53.294Z shared_mic_diagnostics transition=subscribe wants_vpio=false blocks_vpio_promotion=true subscribers=1 vpio_subs=0 passive_subs=0 engine_running=true vpio_engaged=false vpio_deferred=false vpio_deferral_count=0
2026-08-25T16:27:53.295Z dictation_capture_engine_started file_created=true default_input=present default_input_transport=built-in sr=48000.0 ch=1
2026-08-25T16:27:53.400Z dictation_capture_first_buffer sr=48000.0 ch=1 original_ch=1 common_format=1 interleaved=false frames=4800 has_float_data=true
2026-08-25T16:27:58.328Z dictation_capture_heartbeat input_buffers=50 input_frames=240000 isRunning=true default_input=present default_input_transport=built-in
2026-08-25T16:28:03.353Z dictation_capture_heartbeat input_buffers=100 input_frames=480000 isRunning=true default_input=present default_input_transport=built-in
2026-08-25T16:28:08.408Z dictation_capture_heartbeat input_buffers=151 input_frames=724800 isRunning=true default_input=present default_input_transport=built-in
2026-08-25T16:28:13.460Z dictation_capture_heartbeat input_buffers=201 input_frames=964800 isRunning=true default_input=present default_input_transport=built-in
2026-08-25T16:28:18.504Z dictation_capture_heartbeat input_buffers=252 input_frames=1209600 isRunning=true default_input=present default_input_transport=built-in
2026-08-25T16:28:23.512Z dictation_capture_heartbeat input_buffers=302 input_frames=1449600 isRunning=true default_input=present default_input_transport=built-in
2026-08-25T16:28:28.564Z dictation_capture_heartbeat input_buffers=352 input_frames=1689600 isRunning=true default_input=present default_input_transport=built-in
2026-08-25T16:28:33.609Z dictation_capture_heartbeat input_buffers=403 input_frames=1934400 isRunning=true default_input=present default_input_transport=built-in
2026-08-25T16:28:38.632Z dictation_capture_heartbeat input_buffers=453 input_frames=2174400 isRunning=true default_input=present default_input_transport=built-in
2026-08-25T16:28:43.687Z dictation_capture_heartbeat input_buffers=503 input_frames=2414400 isRunning=true default_input=present default_input_transport=built-in
2026-08-25T16:28:44.466Z dictation_hotkey_stop_tail_scheduled mode=hold_to_talk tail_ms=200
2026-08-25T16:28:44.676Z dictation_hotkey_stop_tail_fired mode=hold_to_talk tail_ms=200
2026-08-25T16:28:44.685Z dictation_stop_requested mode=hold_to_talk session=31
2026-08-25T16:28:44.738Z shared_mic_engine_stopped
2026-08-25T16:28:44.739Z shared_mic_diagnostics transition=unsubscribe wants_vpio=n/a blocks_vpio_promotion=n/a subscribers=0 vpio_subs=0 passive_subs=0 engine_running=false vpio_engaged=false vpio_deferred=false vpio_deferral_count=0
2026-08-25T16:28:44.740Z dictation_capture_stop sample_count=819200 effective_sample_count=819200 duration_s=51.200 wall_duration_s=51.446 file_bytes=3280896 input_buffers=513 output_buffers=512 input_frames=2462400 max_rms=0.069378 max_level=0.347 non_silent_buffers=399 missing_float_buffers=0 invalid_format_buffers=0 no_buffer_timeout=false
2026-08-25T16:28:44.741Z dictation_transcribe_begin file_bytes=3280896
2026-08-25T16:28:44.874Z shared_mic_engine_prepare_timing vpio=false buffer_size=4096 set_vpio_ms=0.007 output_format_ms=0.011 install_tap_ms=0.005 total_ms=133.717
2026-08-25T16:28:44.876Z shared_mic_engine_input_device_prepared source=system_default device=present transport=built-in vpio=false set_device_ms=0.000 prepare_engine_ms=135.067
2026-08-25T16:28:45.062Z dictation_transcribe_complete chars=595 words=109 engine=parakeet variant=v3
2026-08-25T16:40:18.604Z dictation_capture_start permission_status=3
2026-08-25T16:40:18.607Z dictation_capture_starting
2026-08-25T16:40:18.667Z shared_mic_engine_started_from_prepared audio_engine_start_ms=58.065
2026-08-25T16:40:18.667Z shared_mic_diagnostics transition=subscribe wants_vpio=false blocks_vpio_promotion=true subscribers=1 vpio_subs=0 passive_subs=0 engine_running=true vpio_engaged=false vpio_deferred=false vpio_deferral_count=0
2026-08-25T16:40:18.668Z dictation_capture_engine_started file_created=true default_input=present default_input_transport=built-in sr=48000.0 ch=1
2026-08-25T16:40:18.773Z dictation_capture_first_buffer sr=48000.0 ch=1 original_ch=1 common_format=1 interleaved=false frames=4800 has_float_data=true
2026-08-25T16:40:23.703Z dictation_capture_heartbeat input_buffers=50 input_frames=240000 isRunning=true default_input=present default_input_transport=built-in
2026-08-25T16:40:28.740Z dictation_capture_heartbeat input_buffers=100 input_frames=480000 isRunning=true default_input=present default_input_transport=built-in
2026-08-25T16:40:33.772Z dictation_capture_heartbeat input_buffers=151 input_frames=724800 isRunning=true default_input=present default_input_transport=built-in
2026-08-25T16:40:38.813Z dictation_capture_heartbeat input_buffers=201 input_frames=964800 isRunning=true default_input=present default_input_transport=built-in
2026-08-25T16:40:43.853Z dictation_capture_heartbeat input_buffers=251 input_frames=1204800 isRunning=true default_input=present default_input_transport=built-in
2026-08-25T16:40:48.883Z dictation_capture_heartbeat input_buffers=302 input_frames=1449600 isRunning=true default_input=present default_input_transport=built-in
2026-08-25T16:40:53.918Z dictation_capture_heartbeat input_buffers=352 input_frames=1689600 isRunning=true default_input=present default_input_transport=built-in
2026-08-25T16:40:58.964Z dictation_capture_heartbeat input_buffers=402 input_frames=1929600 isRunning=true default_input=present default_input_transport=built-in
2026-08-25T16:41:04.014Z dictation_capture_heartbeat input_buffers=453 input_frames=2174400 isRunning=true default_input=present default_input_transport=built-in
2026-08-25T16:41:09.021Z dictation_capture_heartbeat input_buffers=503 input_frames=2414400 isRunning=true default_input=present default_input_transport=built-in
2026-08-25T16:41:10.909Z dictation_hotkey_stop_tail_scheduled mode=hold_to_talk tail_ms=200
2026-08-25T16:41:11.117Z dictation_hotkey_stop_tail_fired mode=hold_to_talk tail_ms=200
2026-08-25T16:41:11.126Z dictation_stop_requested mode=hold_to_talk session=32
2026-08-25T16:41:11.176Z shared_mic_engine_stopped
2026-08-25T16:41:11.178Z shared_mic_diagnostics transition=unsubscribe wants_vpio=n/a blocks_vpio_promotion=n/a subscribers=0 vpio_subs=0 passive_subs=0 engine_running=false vpio_engaged=false vpio_deferred=false vpio_deferral_count=0
2026-08-25T16:41:11.179Z dictation_capture_stop sample_count=836800 effective_sample_count=836800 duration_s=52.300 wall_duration_s=52.511 file_bytes=3351296 input_buffers=524 output_buffers=523 input_frames=2515200 max_rms=0.048661 max_level=0.243 non_silent_buffers=298 missing_float_buffers=0 invalid_format_buffers=0 no_buffer_timeout=false
2026-08-25T16:41:11.179Z dictation_transcribe_begin file_bytes=3351296
2026-08-25T16:41:11.282Z shared_mic_engine_prepare_timing vpio=false buffer_size=4096 set_vpio_ms=0.006 output_format_ms=0.013 install_tap_ms=0.005 total_ms=102.807
2026-08-25T16:41:11.284Z shared_mic_engine_input_device_prepared source=system_default device=present transport=built-in vpio=false set_device_ms=0.000 prepare_engine_ms=104.630
2026-08-25T16:41:11.442Z dictation_transcribe_complete chars=454 words=85 engine=parakeet variant=v3
2026-08-25T16:41:26.289Z dictation_capture_start permission_status=3
2026-08-25T16:41:26.292Z dictation_capture_starting
2026-08-25T16:41:26.338Z shared_mic_engine_started_from_prepared audio_engine_start_ms=44.817
2026-08-25T16:41:26.339Z shared_mic_diagnostics transition=subscribe wants_vpio=false blocks_vpio_promotion=true subscribers=1 vpio_subs=0 passive_subs=0 engine_running=true vpio_engaged=false vpio_deferred=false vpio_deferral_count=0
2026-08-25T16:41:26.341Z dictation_capture_engine_started file_created=true default_input=present default_input_transport=built-in sr=48000.0 ch=1
2026-08-25T16:41:26.444Z dictation_capture_first_buffer sr=48000.0 ch=1 original_ch=1 common_format=1 interleaved=false frames=4800 has_float_data=true
2026-08-25T16:41:31.348Z dictation_capture_heartbeat input_buffers=50 input_frames=240000 isRunning=true default_input=present default_input_transport=built-in
2026-08-25T16:41:36.395Z dictation_capture_heartbeat input_buffers=100 input_frames=480000 isRunning=true default_input=present default_input_transport=built-in
2026-08-25T16:41:41.447Z dictation_capture_heartbeat input_buffers=151 input_frames=724800 isRunning=true default_input=present default_input_transport=built-in
2026-08-25T16:41:46.491Z dictation_capture_heartbeat input_buffers=201 input_frames=964800 isRunning=true default_input=present default_input_transport=built-in
2026-08-25T16:41:51.543Z dictation_capture_heartbeat input_buffers=252 input_frames=1209600 isRunning=true default_input=present default_input_transport=built-in
2026-08-25T16:41:56.562Z dictation_capture_heartbeat input_buffers=302 input_frames=1449600 isRunning=true default_input=present default_input_transport=built-in
2026-08-25T16:42:01.612Z dictation_capture_heartbeat input_buffers=352 input_frames=1689600 isRunning=true default_input=present default_input_transport=built-in
2026-08-25T16:42:06.658Z dictation_capture_heartbeat input_buffers=403 input_frames=1934400 isRunning=true default_input=present default_input_transport=built-in
2026-08-25T16:42:11.705Z dictation_capture_heartbeat input_buffers=453 input_frames=2174400 isRunning=true default_input=present default_input_transport=built-in
2026-08-25T16:42:16.731Z dictation_capture_heartbeat input_buffers=503 input_frames=2414400 isRunning=true default_input=present default_input_transport=built-in
2026-08-25T16:42:21.767Z dictation_capture_heartbeat input_buffers=554 input_frames=2659200 isRunning=true default_input=present default_input_transport=built-in
2026-08-25T16:42:26.817Z dictation_capture_heartbeat input_buffers=604 input_frames=2899200 isRunning=true default_input=present default_input_transport=built-in
2026-08-25T16:42:28.005Z dictation_hotkey_stop_tail_scheduled mode=hold_to_talk tail_ms=200
2026-08-25T16:42:28.215Z dictation_hotkey_stop_tail_fired mode=hold_to_talk tail_ms=200
2026-08-25T16:42:28.223Z dictation_stop_requested mode=hold_to_talk session=33
2026-08-25T16:42:28.275Z shared_mic_engine_stopped
2026-08-25T16:42:28.277Z shared_mic_diagnostics transition=unsubscribe wants_vpio=n/a blocks_vpio_promotion=n/a subscribers=0 vpio_subs=0 passive_subs=0 engine_running=false vpio_engaged=false vpio_deferred=false vpio_deferral_count=0
2026-08-25T16:42:28.279Z dictation_capture_stop sample_count=987200 effective_sample_count=987200 duration_s=61.700 wall_duration_s=61.939 file_bytes=3952896 input_buffers=618 output_buffers=617 input_frames=2966400 max_rms=0.063237 max_level=0.316 non_silent_buffers=509 missing_float_buffers=0 invalid_format_buffers=0 no_buffer_timeout=false
2026-08-25T16:42:28.280Z dictation_transcribe_begin file_bytes=3952896
2026-08-25T16:42:28.484Z shared_mic_engine_prepare_timing vpio=false buffer_size=4096 set_vpio_ms=0.006 output_format_ms=0.014 install_tap_ms=0.020 total_ms=204.195
2026-08-25T16:42:28.485Z shared_mic_engine_input_device_prepared source=system_default device=present transport=built-in vpio=false set_device_ms=0.000 prepare_engine_ms=205.565
2026-08-25T16:42:28.737Z dictation_transcribe_complete chars=783 words=147 engine=parakeet variant=v3
2026-08-25T16:46:00.417Z dictation_capture_start permission_status=3
2026-08-25T16:46:00.419Z dictation_capture_starting
2026-08-25T16:46:00.472Z shared_mic_engine_started_from_prepared audio_engine_start_ms=50.869
2026-08-25T16:46:00.473Z shared_mic_diagnostics transition=subscribe wants_vpio=false blocks_vpio_promotion=true subscribers=1 vpio_subs=0 passive_subs=0 engine_running=true vpio_engaged=false vpio_deferred=false vpio_deferral_count=0
2026-08-25T16:46:00.474Z dictation_capture_engine_started file_created=true default_input=present default_input_transport=built-in sr=48000.0 ch=1
2026-08-25T16:46:00.578Z dictation_capture_first_buffer sr=48000.0 ch=1 original_ch=1 common_format=1 interleaved=false frames=4800 has_float_data=true
2026-08-25T16:46:05.507Z dictation_capture_heartbeat input_buffers=50 input_frames=240000 isRunning=true default_input=present default_input_transport=built-in
2026-08-25T16:46:10.546Z dictation_capture_heartbeat input_buffers=100 input_frames=480000 isRunning=true default_input=present default_input_transport=built-in
2026-08-25T16:46:12.000Z dictation_hotkey_stop_tail_scheduled mode=hold_to_talk tail_ms=200
2026-08-25T16:46:12.210Z dictation_hotkey_stop_tail_fired mode=hold_to_talk tail_ms=200
2026-08-25T16:46:12.226Z dictation_stop_requested mode=hold_to_talk session=34
2026-08-25T16:46:12.281Z shared_mic_engine_stopped
2026-08-25T16:46:12.282Z shared_mic_diagnostics transition=unsubscribe wants_vpio=n/a blocks_vpio_promotion=n/a subscribers=0 vpio_subs=0 passive_subs=0 engine_running=false vpio_engaged=false vpio_deferred=false vpio_deferral_count=0
2026-08-25T16:46:12.283Z dictation_capture_stop sample_count=185600 effective_sample_count=185600 duration_s=11.600 wall_duration_s=11.809 file_bytes=746496 input_buffers=117 output_buffers=116 input_frames=561600 max_rms=0.053396 max_level=0.267 non_silent_buffers=69 missing_float_buffers=0 invalid_format_buffers=0 no_buffer_timeout=false
2026-08-25T16:46:12.283Z dictation_transcribe_begin file_bytes=746496
2026-08-25T16:46:12.365Z shared_mic_engine_prepare_timing vpio=false buffer_size=4096 set_vpio_ms=0.007 output_format_ms=0.010 install_tap_ms=0.004 total_ms=81.367
2026-08-25T16:46:12.365Z shared_mic_engine_input_device_prepared source=system_default device=present transport=built-in vpio=false set_device_ms=0.000 prepare_engine_ms=82.153
2026-08-25T16:46:12.416Z dictation_transcribe_complete chars=99 words=20 engine=parakeet variant=v3
2026-08-25T16:47:35.332Z dictation_capture_start permission_status=3
2026-08-25T16:47:35.334Z dictation_capture_starting
2026-08-25T16:47:35.386Z shared_mic_engine_started_from_prepared audio_engine_start_ms=51.117
2026-08-25T16:47:35.387Z shared_mic_diagnostics transition=subscribe wants_vpio=false blocks_vpio_promotion=true subscribers=1 vpio_subs=0 passive_subs=0 engine_running=true vpio_engaged=false vpio_deferred=false vpio_deferral_count=0
2026-08-25T16:47:35.388Z dictation_capture_engine_started file_created=true default_input=present default_input_transport=built-in sr=48000.0 ch=1
2026-08-25T16:47:35.493Z dictation_capture_first_buffer sr=48000.0 ch=1 original_ch=1 common_format=1 interleaved=false frames=4800 has_float_data=true
2026-08-25T16:47:40.434Z dictation_capture_heartbeat input_buffers=50 input_frames=240000 isRunning=true default_input=present default_input_transport=built-in
2026-08-25T16:47:45.472Z dictation_capture_heartbeat input_buffers=100 input_frames=480000 isRunning=true default_input=present default_input_transport=built-in
2026-08-25T16:47:50.525Z dictation_capture_heartbeat input_buffers=151 input_frames=724800 isRunning=true default_input=present default_input_transport=built-in
2026-08-25T16:47:55.562Z dictation_capture_heartbeat input_buffers=201 input_frames=964800 isRunning=true default_input=present default_input_transport=built-in
2026-08-25T16:48:00.570Z dictation_capture_heartbeat input_buffers=251 input_frames=1204800 isRunning=true default_input=present default_input_transport=built-in
2026-08-25T16:48:05.587Z dictation_capture_heartbeat input_buffers=301 input_frames=1444800 isRunning=true default_input=present default_input_transport=built-in
2026-08-25T16:48:10.638Z dictation_capture_heartbeat input_buffers=352 input_frames=1689600 isRunning=true default_input=present default_input_transport=built-in
2026-08-25T16:48:15.683Z dictation_capture_heartbeat input_buffers=402 input_frames=1929600 isRunning=true default_input=present default_input_transport=built-in
2026-08-25T16:48:20.729Z dictation_capture_heartbeat input_buffers=453 input_frames=2174400 isRunning=true default_input=present default_input_transport=built-in
2026-08-25T16:48:21.555Z dictation_hotkey_stop_tail_scheduled mode=hold_to_talk tail_ms=200
2026-08-25T16:48:21.766Z dictation_hotkey_stop_tail_fired mode=hold_to_talk tail_ms=200
2026-08-25T16:48:21.776Z dictation_stop_requested mode=hold_to_talk session=35
2026-08-25T16:48:21.827Z shared_mic_engine_stopped
2026-08-25T16:48:21.829Z shared_mic_diagnostics transition=unsubscribe wants_vpio=n/a blocks_vpio_promotion=n/a subscribers=0 vpio_subs=0 passive_subs=0 engine_running=false vpio_engaged=false vpio_deferred=false vpio_deferral_count=0
2026-08-25T16:48:21.830Z dictation_capture_stop sample_count=739200 effective_sample_count=739200 duration_s=46.200 wall_duration_s=46.442 file_bytes=2960896 input_buffers=463 output_buffers=462 input_frames=2222400 max_rms=0.094518 max_level=0.473 non_silent_buffers=408 missing_float_buffers=0 invalid_format_buffers=0 no_buffer_timeout=false
2026-08-25T16:48:21.830Z dictation_transcribe_begin file_bytes=2960896
2026-08-25T16:48:21.933Z shared_mic_engine_prepare_timing vpio=false buffer_size=4096 set_vpio_ms=6.277 output_format_ms=0.012 install_tap_ms=0.005 total_ms=102.610
2026-08-25T16:48:21.934Z shared_mic_engine_input_device_prepared source=system_default device=present transport=built-in vpio=false set_device_ms=0.000 prepare_engine_ms=103.439
2026-08-25T16:48:22.087Z dictation_transcribe_complete chars=541 words=101 engine=parakeet variant=v3
2026-08-25T16:52:13.096Z dictation_capture_start permission_status=3
2026-08-25T16:52:13.099Z dictation_capture_starting
2026-08-25T16:52:13.157Z shared_mic_engine_started_from_prepared audio_engine_start_ms=56.982
2026-08-25T16:52:13.158Z shared_mic_diagnostics transition=subscribe wants_vpio=false blocks_vpio_promotion=true subscribers=1 vpio_subs=0 passive_subs=0 engine_running=true vpio_engaged=false vpio_deferred=false vpio_deferral_count=0
2026-08-25T16:52:13.159Z dictation_capture_engine_started file_created=true default_input=present default_input_transport=built-in sr=48000.0 ch=1
2026-08-25T16:52:13.264Z dictation_capture_first_buffer sr=48000.0 ch=1 original_ch=1 common_format=1 interleaved=false frames=4800 has_float_data=true
2026-08-25T16:52:18.163Z dictation_capture_heartbeat input_buffers=50 input_frames=240000 isRunning=true default_input=present default_input_transport=built-in
2026-08-25T16:52:19.675Z dictation_hotkey_stop_tail_scheduled mode=hold_to_talk tail_ms=200
2026-08-25T16:52:19.886Z dictation_hotkey_stop_tail_fired mode=hold_to_talk tail_ms=200
2026-08-25T16:52:19.897Z dictation_stop_requested mode=hold_to_talk session=36
2026-08-25T16:52:19.952Z shared_mic_engine_stopped
2026-08-25T16:52:19.953Z shared_mic_diagnostics transition=unsubscribe wants_vpio=n/a blocks_vpio_promotion=n/a subscribers=0 vpio_subs=0 passive_subs=0 engine_running=false vpio_engaged=false vpio_deferred=false vpio_deferral_count=0
2026-08-25T16:52:19.954Z dictation_capture_stop sample_count=105600 effective_sample_count=105600 duration_s=6.600 wall_duration_s=6.795 file_bytes=426496 input_buffers=67 output_buffers=66 input_frames=321600 max_rms=0.029399 max_level=0.147 non_silent_buffers=51 missing_float_buffers=0 invalid_format_buffers=0 no_buffer_timeout=false
2026-08-25T16:52:19.954Z dictation_transcribe_begin file_bytes=426496
2026-08-25T16:52:20.049Z shared_mic_engine_prepare_timing vpio=false buffer_size=4096 set_vpio_ms=0.008 output_format_ms=0.015 install_tap_ms=0.006 total_ms=94.945
2026-08-25T16:52:20.050Z shared_mic_engine_input_device_prepared source=system_default device=present transport=built-in vpio=false set_device_ms=0.000 prepare_engine_ms=95.763
2026-08-25T16:52:20.083Z dictation_transcribe_complete chars=90 words=18 engine=parakeet variant=v3
2026-08-25T16:53:10.315Z dictation_capture_start permission_status=3
2026-08-25T16:53:10.319Z dictation_capture_starting
2026-08-25T16:53:10.376Z shared_mic_engine_started_from_prepared audio_engine_start_ms=55.760
2026-08-25T16:53:10.377Z shared_mic_diagnostics transition=subscribe wants_vpio=false blocks_vpio_promotion=true subscribers=1 vpio_subs=0 passive_subs=0 engine_running=true vpio_engaged=false vpio_deferred=false vpio_deferral_count=0
2026-08-25T16:53:10.378Z dictation_capture_engine_started file_created=true default_input=present default_input_transport=built-in sr=48000.0 ch=1
2026-08-25T16:53:10.483Z dictation_capture_first_buffer sr=48000.0 ch=1 original_ch=1 common_format=1 interleaved=false frames=4800 has_float_data=true
2026-08-25T16:53:15.386Z dictation_capture_heartbeat input_buffers=50 input_frames=240000 isRunning=true default_input=present default_input_transport=built-in
2026-08-25T16:53:20.436Z dictation_capture_heartbeat input_buffers=100 input_frames=480000 isRunning=true default_input=present default_input_transport=built-in
2026-08-25T16:53:25.486Z dictation_capture_heartbeat input_buffers=151 input_frames=724800 isRunning=true default_input=present default_input_transport=built-in
2026-08-25T16:53:29.763Z dictation_hotkey_stop_tail_scheduled mode=hold_to_talk tail_ms=200
2026-08-25T16:53:29.972Z dictation_hotkey_stop_tail_fired mode=hold_to_talk tail_ms=200
2026-08-25T16:53:29.982Z dictation_stop_requested mode=hold_to_talk session=37
2026-08-25T16:53:30.032Z shared_mic_engine_stopped
2026-08-25T16:53:30.033Z shared_mic_diagnostics transition=unsubscribe wants_vpio=n/a blocks_vpio_promotion=n/a subscribers=0 vpio_subs=0 passive_subs=0 engine_running=false vpio_engaged=false vpio_deferred=false vpio_deferral_count=0
2026-08-25T16:53:30.034Z dictation_capture_stop sample_count=312000 effective_sample_count=312000 duration_s=19.500 wall_duration_s=19.657 file_bytes=1252096 input_buffers=196 output_buffers=195 input_frames=940800 max_rms=0.040047 max_level=0.200 non_silent_buffers=140 missing_float_buffers=0 invalid_format_buffers=0 no_buffer_timeout=false
2026-08-25T16:53:30.035Z dictation_transcribe_begin file_bytes=1252096
2026-08-25T16:53:30.140Z shared_mic_engine_prepare_timing vpio=false buffer_size=4096 set_vpio_ms=0.007 output_format_ms=0.012 install_tap_ms=0.006 total_ms=104.922
2026-08-25T16:53:30.141Z shared_mic_engine_input_device_prepared source=system_default device=present transport=built-in vpio=false set_device_ms=0.000 prepare_engine_ms=105.977
2026-08-25T16:53:30.235Z dictation_transcribe_complete chars=266 words=48 engine=parakeet variant=v3
2026-08-25T16:54:01.414Z dictation_capture_start permission_status=3
2026-08-25T16:54:01.418Z dictation_capture_starting
2026-08-25T16:54:01.476Z shared_mic_engine_started_from_prepared audio_engine_start_ms=55.839
2026-08-25T16:54:01.477Z shared_mic_diagnostics transition=subscribe wants_vpio=false blocks_vpio_promotion=true subscribers=1 vpio_subs=0 passive_subs=0 engine_running=true vpio_engaged=false vpio_deferred=false vpio_deferral_count=0
2026-08-25T16:54:01.478Z dictation_capture_engine_started file_created=true default_input=present default_input_transport=built-in sr=48000.0 ch=1
2026-08-25T16:54:01.583Z dictation_capture_first_buffer sr=48000.0 ch=1 original_ch=1 common_format=1 interleaved=false frames=4800 has_float_data=true
2026-08-25T16:54:06.530Z dictation_capture_heartbeat input_buffers=50 input_frames=240000 isRunning=true default_input=present default_input_transport=built-in
2026-08-25T16:54:11.578Z dictation_capture_heartbeat input_buffers=101 input_frames=484800 isRunning=true default_input=present default_input_transport=built-in
2026-08-25T16:54:15.124Z dictation_hotkey_stop_tail_scheduled mode=hold_to_talk tail_ms=200
2026-08-25T16:54:15.336Z dictation_hotkey_stop_tail_fired mode=hold_to_talk tail_ms=200
2026-08-25T16:54:15.350Z dictation_stop_requested mode=hold_to_talk session=38
2026-08-25T16:54:15.406Z shared_mic_engine_stopped
2026-08-25T16:54:15.407Z shared_mic_diagnostics transition=unsubscribe wants_vpio=n/a blocks_vpio_promotion=n/a subscribers=0 vpio_subs=0 passive_subs=0 engine_running=false vpio_engaged=false vpio_deferred=false vpio_deferral_count=0
2026-08-25T16:54:15.408Z dictation_capture_stop sample_count=219200 effective_sample_count=219200 duration_s=13.700 wall_duration_s=13.930 file_bytes=880896 input_buffers=138 output_buffers=137 input_frames=662400 max_rms=0.075164 max_level=0.376 non_silent_buffers=123 missing_float_buffers=0 invalid_format_buffers=0 no_buffer_timeout=false
2026-08-25T16:54:15.409Z dictation_transcribe_begin file_bytes=880896
2026-08-25T16:54:15.523Z shared_mic_engine_prepare_timing vpio=false buffer_size=4096 set_vpio_ms=6.270 output_format_ms=0.015 install_tap_ms=0.005 total_ms=114.189
2026-08-25T16:54:15.523Z shared_mic_engine_input_device_prepared source=system_default device=present transport=built-in vpio=false set_device_ms=0.000 prepare_engine_ms=115.053
2026-08-25T16:54:15.579Z dictation_transcribe_complete chars=212 words=40 engine=parakeet variant=v3
2026-08-25T16:54:50.860Z dictation_capture_start permission_status=3
2026-08-25T16:54:50.862Z dictation_capture_starting
2026-08-25T16:54:50.919Z shared_mic_engine_started_from_prepared audio_engine_start_ms=54.669
2026-08-25T16:54:50.920Z shared_mic_diagnostics transition=subscribe wants_vpio=false blocks_vpio_promotion=true subscribers=1 vpio_subs=0 passive_subs=0 engine_running=true vpio_engaged=false vpio_deferred=false vpio_deferral_count=0
2026-08-25T16:54:50.921Z dictation_capture_engine_started file_created=true default_input=present default_input_transport=built-in sr=48000.0 ch=1
2026-08-25T16:54:51.026Z dictation_capture_first_buffer sr=48000.0 ch=1 original_ch=1 common_format=1 interleaved=false frames=4800 has_float_data=true
2026-08-25T16:54:55.927Z dictation_capture_heartbeat input_buffers=50 input_frames=240000 isRunning=true default_input=present default_input_transport=built-in
2026-08-25T16:55:00.939Z dictation_capture_heartbeat input_buffers=100 input_frames=480000 isRunning=true default_input=present default_input_transport=built-in
2026-08-25T16:55:05.970Z dictation_capture_heartbeat input_buffers=150 input_frames=720000 isRunning=true default_input=present default_input_transport=built-in
2026-08-25T16:55:07.105Z dictation_hotkey_stop_tail_scheduled mode=hold_to_talk tail_ms=200
2026-08-25T16:55:07.315Z dictation_hotkey_stop_tail_fired mode=hold_to_talk tail_ms=200
2026-08-25T16:55:07.328Z dictation_stop_requested mode=hold_to_talk session=39
2026-08-25T16:55:07.376Z shared_mic_engine_stopped
2026-08-25T16:55:07.376Z shared_mic_diagnostics transition=unsubscribe wants_vpio=n/a blocks_vpio_promotion=n/a subscribers=0 vpio_subs=0 passive_subs=0 engine_running=false vpio_engaged=false vpio_deferred=false vpio_deferral_count=0
2026-08-25T16:55:07.377Z dictation_capture_stop sample_count=260800 effective_sample_count=260800 duration_s=16.300 wall_duration_s=16.456 file_bytes=1047296 input_buffers=164 output_buffers=163 input_frames=787200 max_rms=0.075051 max_level=0.375 non_silent_buffers=117 missing_float_buffers=0 invalid_format_buffers=0 no_buffer_timeout=false
2026-08-25T16:55:07.377Z dictation_transcribe_begin file_bytes=1047296
2026-08-25T16:55:07.477Z shared_mic_engine_prepare_timing vpio=false buffer_size=4096 set_vpio_ms=0.009 output_format_ms=0.018 install_tap_ms=0.008 total_ms=99.445
2026-08-25T16:55:07.478Z shared_mic_engine_input_device_prepared source=system_default device=present transport=built-in vpio=false set_device_ms=0.000 prepare_engine_ms=100.530
2026-08-25T16:55:07.561Z dictation_transcribe_complete chars=221 words=37 engine=parakeet variant=v3
2026-08-25T16:56:19.845Z dictation_capture_start permission_status=3
2026-08-25T16:56:19.848Z dictation_capture_starting
2026-08-25T16:56:19.906Z shared_mic_engine_started_from_prepared audio_engine_start_ms=54.721
2026-08-25T16:56:19.906Z shared_mic_diagnostics transition=subscribe wants_vpio=false blocks_vpio_promotion=true subscribers=1 vpio_subs=0 passive_subs=0 engine_running=true vpio_engaged=false vpio_deferred=false vpio_deferral_count=0
2026-08-25T16:56:19.907Z dictation_capture_engine_started file_created=true default_input=present default_input_transport=built-in sr=48000.0 ch=1
2026-08-25T16:56:20.012Z dictation_capture_first_buffer sr=48000.0 ch=1 original_ch=1 common_format=1 interleaved=false frames=4800 has_float_data=true
2026-08-25T16:56:24.930Z dictation_capture_heartbeat input_buffers=50 input_frames=240000 isRunning=true default_input=present default_input_transport=built-in
2026-08-25T16:56:29.975Z dictation_capture_heartbeat input_buffers=100 input_frames=480000 isRunning=true default_input=present default_input_transport=built-in
2026-08-25T16:56:34.999Z dictation_capture_heartbeat input_buffers=150 input_frames=720000 isRunning=true default_input=present default_input_transport=built-in
2026-08-25T16:56:40.057Z dictation_capture_heartbeat input_buffers=201 input_frames=964800 isRunning=true default_input=present default_input_transport=built-in
2026-08-25T16:56:45.105Z dictation_capture_heartbeat input_buffers=251 input_frames=1204800 isRunning=true default_input=present default_input_transport=built-in
2026-08-25T16:56:50.109Z dictation_capture_heartbeat input_buffers=301 input_frames=1444800 isRunning=true default_input=present default_input_transport=built-in
2026-08-25T16:56:55.156Z dictation_capture_heartbeat input_buffers=352 input_frames=1689600 isRunning=true default_input=present default_input_transport=built-in
2026-08-25T16:57:00.199Z dictation_capture_heartbeat input_buffers=402 input_frames=1929600 isRunning=true default_input=present default_input_transport=built-in
2026-08-25T16:57:05.243Z dictation_capture_heartbeat input_buffers=453 input_frames=2174400 isRunning=true default_input=present default_input_transport=built-in
2026-08-25T16:57:10.259Z dictation_capture_heartbeat input_buffers=503 input_frames=2414400 isRunning=true default_input=present default_input_transport=built-in
2026-08-25T16:57:15.272Z dictation_capture_heartbeat input_buffers=553 input_frames=2654400 isRunning=true default_input=present default_input_transport=built-in
2026-08-25T16:57:20.280Z dictation_capture_heartbeat input_buffers=603 input_frames=2894400 isRunning=true default_input=present default_input_transport=built-in
2026-08-25T16:57:23.491Z dictation_hotkey_stop_tail_scheduled mode=hold_to_talk tail_ms=200
2026-08-25T16:57:23.698Z dictation_hotkey_stop_tail_fired mode=hold_to_talk tail_ms=200
2026-08-25T16:57:23.712Z dictation_stop_requested mode=hold_to_talk session=40
2026-08-25T16:57:23.766Z shared_mic_engine_stopped
2026-08-25T16:57:23.767Z shared_mic_diagnostics transition=unsubscribe wants_vpio=n/a blocks_vpio_promotion=n/a subscribers=0 vpio_subs=0 passive_subs=0 engine_running=false vpio_engaged=false vpio_deferred=false vpio_deferral_count=0
2026-08-25T16:57:23.768Z dictation_capture_stop sample_count=1019200 effective_sample_count=1019200 duration_s=63.700 wall_duration_s=63.862 file_bytes=4080896 input_buffers=638 output_buffers=637 input_frames=3062400 max_rms=0.088325 max_level=0.442 non_silent_buffers=495 missing_float_buffers=0 invalid_format_buffers=0 no_buffer_timeout=false
2026-08-25T16:57:23.769Z dictation_transcribe_begin file_bytes=4080896
2026-08-25T16:57:23.865Z shared_mic_engine_prepare_timing vpio=false buffer_size=4096 set_vpio_ms=0.007 output_format_ms=0.013 install_tap_ms=0.011 total_ms=96.569
2026-08-25T16:57:23.866Z shared_mic_engine_input_device_prepared source=system_default device=present transport=built-in vpio=false set_device_ms=0.000 prepare_engine_ms=97.411
2026-08-25T16:57:24.078Z dictation_transcribe_complete chars=762 words=140 engine=parakeet variant=v3
2026-08-25T17:00:24.550Z dictation_capture_start permission_status=3
2026-08-25T17:00:24.553Z dictation_capture_starting
2026-08-25T17:00:24.609Z shared_mic_engine_started_from_prepared audio_engine_start_ms=54.792
2026-08-25T17:00:24.610Z shared_mic_diagnostics transition=subscribe wants_vpio=false blocks_vpio_promotion=true subscribers=1 vpio_subs=0 passive_subs=0 engine_running=true vpio_engaged=false vpio_deferred=false vpio_deferral_count=0
2026-08-25T17:00:24.611Z dictation_capture_engine_started file_created=true default_input=present default_input_transport=built-in sr=48000.0 ch=1
2026-08-25T17:00:24.716Z dictation_capture_first_buffer sr=48000.0 ch=1 original_ch=1 common_format=1 interleaved=false frames=4800 has_float_data=true
2026-08-25T17:00:29.615Z dictation_capture_heartbeat input_buffers=50 input_frames=240000 isRunning=true default_input=present default_input_transport=built-in
2026-08-25T17:00:33.321Z dictation_hotkey_stop_tail_scheduled mode=hold_to_talk tail_ms=200
2026-08-25T17:00:33.530Z dictation_hotkey_stop_tail_fired mode=hold_to_talk tail_ms=200
2026-08-25T17:00:33.541Z dictation_stop_requested mode=hold_to_talk session=41
2026-08-25T17:00:33.589Z shared_mic_engine_stopped
2026-08-25T17:00:33.591Z shared_mic_diagnostics transition=unsubscribe wants_vpio=n/a blocks_vpio_promotion=n/a subscribers=0 vpio_subs=0 passive_subs=0 engine_running=false vpio_engaged=false vpio_deferred=false vpio_deferral_count=0
2026-08-25T17:00:33.593Z dictation_capture_stop sample_count=140800 effective_sample_count=140800 duration_s=8.800 wall_duration_s=8.982 file_bytes=567296 input_buffers=89 output_buffers=88 input_frames=427200 max_rms=0.050575 max_level=0.253 non_silent_buffers=63 missing_float_buffers=0 invalid_format_buffers=0 no_buffer_timeout=false
2026-08-25T17:00:33.594Z dictation_transcribe_begin file_bytes=567296
2026-08-25T17:00:33.692Z shared_mic_engine_prepare_timing vpio=false buffer_size=4096 set_vpio_ms=0.008 output_format_ms=0.015 install_tap_ms=0.006 total_ms=98.651
2026-08-25T17:00:33.693Z shared_mic_engine_input_device_prepared source=system_default device=present transport=built-in vpio=false set_device_ms=0.000 prepare_engine_ms=99.903
2026-08-25T17:00:33.726Z dictation_transcribe_complete chars=118 words=21 engine=parakeet variant=v3
2026-08-25T17:00:35.741Z dictation_capture_start permission_status=3
2026-08-25T17:00:35.743Z dictation_capture_starting
2026-08-25T17:00:35.794Z shared_mic_engine_started_from_prepared audio_engine_start_ms=50.392
2026-08-25T17:00:35.796Z shared_mic_diagnostics transition=subscribe wants_vpio=false blocks_vpio_promotion=true subscribers=1 vpio_subs=0 passive_subs=0 engine_running=true vpio_engaged=false vpio_deferred=false vpio_deferral_count=0
2026-08-25T17:00:35.797Z dictation_capture_engine_started file_created=true default_input=present default_input_transport=built-in sr=48000.0 ch=1
2026-08-25T17:00:35.900Z dictation_capture_first_buffer sr=48000.0 ch=1 original_ch=1 common_format=1 interleaved=false frames=4800 has_float_data=true
2026-08-25T17:00:40.835Z dictation_capture_heartbeat input_buffers=50 input_frames=240000 isRunning=true default_input=present default_input_transport=built-in
2026-08-25T17:00:45.803Z dictation_hotkey_stop_tail_scheduled mode=hold_to_talk tail_ms=200
2026-08-25T17:00:45.866Z dictation_capture_heartbeat input_buffers=100 input_frames=480000 isRunning=true default_input=present default_input_transport=built-in
2026-08-25T17:00:46.014Z dictation_hotkey_stop_tail_fired mode=hold_to_talk tail_ms=200
2026-08-25T17:00:46.025Z dictation_stop_requested mode=hold_to_talk session=42
2026-08-25T17:00:46.042Z shared_mic_engine_stopped
2026-08-25T17:00:46.044Z shared_mic_diagnostics transition=unsubscribe wants_vpio=n/a blocks_vpio_promotion=n/a subscribers=0 vpio_subs=0 passive_subs=0 engine_running=false vpio_engaged=false vpio_deferred=false vpio_deferral_count=0
2026-08-25T17:00:46.045Z dictation_capture_stop sample_count=161600 effective_sample_count=161600 duration_s=10.100 wall_duration_s=10.248 file_bytes=650496 input_buffers=102 output_buffers=101 input_frames=489600 max_rms=0.068708 max_level=0.344 non_silent_buffers=86 missing_float_buffers=0 invalid_format_buffers=0 no_buffer_timeout=false
2026-08-25T17:00:46.045Z dictation_transcribe_begin file_bytes=650496
2026-08-25T17:00:46.146Z shared_mic_engine_prepare_timing vpio=false buffer_size=4096 set_vpio_ms=0.004 output_format_ms=0.011 install_tap_ms=0.004 total_ms=100.519
2026-08-25T17:00:46.147Z shared_mic_engine_input_device_prepared source=system_default device=present transport=built-in vpio=false set_device_ms=0.000 prepare_engine_ms=101.450
2026-08-25T17:00:46.197Z dictation_transcribe_complete chars=185 words=37 engine=parakeet variant=v3
2026-08-25T17:22:43.980Z dictation_capture_start permission_status=3
2026-08-25T17:22:43.992Z dictation_capture_starting
2026-08-25T17:22:44.052Z shared_mic_engine_started_from_prepared audio_engine_start_ms=56.000
2026-08-25T17:22:44.053Z shared_mic_diagnostics transition=subscribe wants_vpio=false blocks_vpio_promotion=true subscribers=1 vpio_subs=0 passive_subs=0 engine_running=true vpio_engaged=false vpio_deferred=false vpio_deferral_count=0
2026-08-25T17:22:44.053Z dictation_capture_engine_started file_created=true default_input=present default_input_transport=built-in sr=48000.0 ch=1
2026-08-25T17:22:44.159Z dictation_capture_first_buffer sr=48000.0 ch=1 original_ch=1 common_format=1 interleaved=false frames=4800 has_float_data=true
2026-08-25T17:22:49.093Z dictation_capture_heartbeat input_buffers=50 input_frames=240000 isRunning=true default_input=present default_input_transport=built-in
2026-08-25T17:22:54.136Z dictation_capture_heartbeat input_buffers=100 input_frames=480000 isRunning=true default_input=present default_input_transport=built-in
2026-08-25T17:22:59.140Z dictation_capture_heartbeat input_buffers=150 input_frames=720000 isRunning=true default_input=present default_input_transport=built-in
2026-08-25T17:23:04.197Z dictation_capture_heartbeat input_buffers=201 input_frames=964800 isRunning=true default_input=present default_input_transport=built-in
2026-08-25T17:23:09.251Z dictation_capture_heartbeat input_buffers=251 input_frames=1204800 isRunning=true default_input=present default_input_transport=built-in
2026-08-25T17:23:12.430Z dictation_hotkey_stop_tail_scheduled mode=hold_to_talk tail_ms=200
2026-08-25T17:23:12.636Z dictation_hotkey_stop_tail_fired mode=hold_to_talk tail_ms=200
2026-08-25T17:23:12.652Z dictation_stop_requested mode=hold_to_talk session=43
2026-08-25T17:23:12.703Z shared_mic_engine_stopped
2026-08-25T17:23:12.705Z shared_mic_diagnostics transition=unsubscribe wants_vpio=n/a blocks_vpio_promotion=n/a subscribers=0 vpio_subs=0 passive_subs=0 engine_running=false vpio_engaged=false vpio_deferred=false vpio_deferral_count=0
2026-08-25T17:23:12.707Z dictation_capture_stop sample_count=454400 effective_sample_count=454400 duration_s=28.400 wall_duration_s=28.654 file_bytes=1821696 input_buffers=285 output_buffers=284 input_frames=1368000 max_rms=0.073484 max_level=0.367 non_silent_buffers=223 missing_float_buffers=0 invalid_format_buffers=0 no_buffer_timeout=false
2026-08-25T17:23:12.710Z dictation_transcribe_begin file_bytes=1821696
2026-08-25T17:23:12.820Z shared_mic_engine_prepare_timing vpio=false buffer_size=4096 set_vpio_ms=0.008 output_format_ms=0.009 install_tap_ms=0.006 total_ms=112.871
2026-08-25T17:23:12.823Z shared_mic_engine_input_device_prepared source=system_default device=present transport=built-in vpio=false set_device_ms=0.000 prepare_engine_ms=113.547
2026-08-25T17:23:13.141Z dictation_transcribe_complete chars=333 words=57 engine=parakeet variant=v3
2026-08-25T17:23:21.591Z dictation_capture_start permission_status=3
2026-08-25T17:23:21.593Z dictation_capture_starting
2026-08-25T17:23:21.648Z shared_mic_engine_started_from_prepared audio_engine_start_ms=53.709
2026-08-25T17:23:21.649Z shared_mic_diagnostics transition=subscribe wants_vpio=false blocks_vpio_promotion=true subscribers=1 vpio_subs=0 passive_subs=0 engine_running=true vpio_engaged=false vpio_deferred=false vpio_deferral_count=0
2026-08-25T17:23:21.650Z dictation_capture_engine_started file_created=true default_input=present default_input_transport=built-in sr=48000.0 ch=1
2026-08-25T17:23:21.754Z dictation_capture_first_buffer sr=48000.0 ch=1 original_ch=1 common_format=1 interleaved=false frames=4800 has_float_data=true
2026-08-25T17:23:26.696Z dictation_capture_heartbeat input_buffers=50 input_frames=240000 isRunning=true default_input=present default_input_transport=built-in
2026-08-25T17:23:31.742Z dictation_capture_heartbeat input_buffers=100 input_frames=480000 isRunning=true default_input=present default_input_transport=built-in
2026-08-25T17:23:36.777Z dictation_capture_heartbeat input_buffers=151 input_frames=724800 isRunning=true default_input=present default_input_transport=built-in
2026-08-25T17:23:41.786Z dictation_capture_heartbeat input_buffers=201 input_frames=964800 isRunning=true default_input=present default_input_transport=built-in
2026-08-25T17:23:46.317Z dictation_hotkey_stop_tail_scheduled mode=hold_to_talk tail_ms=200
2026-08-25T17:23:46.529Z dictation_hotkey_stop_tail_fired mode=hold_to_talk tail_ms=200
2026-08-25T17:23:46.541Z dictation_stop_requested mode=hold_to_talk session=44
2026-08-25T17:23:46.597Z shared_mic_engine_stopped
2026-08-25T17:23:46.597Z shared_mic_diagnostics transition=unsubscribe wants_vpio=n/a blocks_vpio_promotion=n/a subscribers=0 vpio_subs=0 passive_subs=0 engine_running=false vpio_engaged=false vpio_deferred=false vpio_deferral_count=0
2026-08-25T17:23:46.598Z dictation_capture_stop sample_count=395200 effective_sample_count=395200 duration_s=24.700 wall_duration_s=24.949 file_bytes=1584896 input_buffers=248 output_buffers=247 input_frames=1190400 max_rms=0.070316 max_level=0.352 non_silent_buffers=204 missing_float_buffers=0 invalid_format_buffers=0 no_buffer_timeout=false
2026-08-25T17:23:46.599Z dictation_transcribe_begin file_bytes=1584896
2026-08-25T17:23:46.696Z shared_mic_engine_prepare_timing vpio=false buffer_size=4096 set_vpio_ms=0.006 output_format_ms=0.009 install_tap_ms=0.005 total_ms=97.472
2026-08-25T17:23:46.697Z shared_mic_engine_input_device_prepared source=system_default device=present transport=built-in vpio=false set_device_ms=0.000 prepare_engine_ms=98.450
2026-08-25T17:23:46.783Z dictation_transcribe_complete chars=314 words=54 engine=parakeet variant=v3
2026-08-25T17:23:49.270Z dictation_capture_start permission_status=3
2026-08-25T17:23:49.273Z dictation_capture_starting
2026-08-25T17:23:49.328Z shared_mic_engine_started_from_prepared audio_engine_start_ms=53.286
2026-08-25T17:23:49.329Z shared_mic_diagnostics transition=subscribe wants_vpio=false blocks_vpio_promotion=true subscribers=1 vpio_subs=0 passive_subs=0 engine_running=true vpio_engaged=false vpio_deferred=false vpio_deferral_count=0
2026-08-25T17:23:49.330Z dictation_capture_engine_started file_created=true default_input=present default_input_transport=built-in sr=48000.0 ch=1
2026-08-25T17:23:49.435Z dictation_capture_first_buffer sr=48000.0 ch=1 original_ch=1 common_format=1 interleaved=false frames=4800 has_float_data=true
2026-08-25T17:23:54.366Z dictation_capture_heartbeat input_buffers=50 input_frames=240000 isRunning=true default_input=present default_input_transport=built-in
2026-08-25T17:23:58.334Z dictation_hotkey_stop_tail_scheduled mode=hold_to_talk tail_ms=200
2026-08-25T17:23:58.544Z dictation_hotkey_stop_tail_fired mode=hold_to_talk tail_ms=200
2026-08-25T17:23:58.558Z dictation_stop_requested mode=hold_to_talk session=45
2026-08-25T17:23:58.607Z shared_mic_engine_stopped
2026-08-25T17:23:58.608Z shared_mic_diagnostics transition=unsubscribe wants_vpio=n/a blocks_vpio_promotion=n/a subscribers=0 vpio_subs=0 passive_subs=0 engine_running=false vpio_engaged=false vpio_deferred=false vpio_deferral_count=0
2026-08-25T17:23:58.609Z dictation_capture_stop sample_count=145600 effective_sample_count=145600 duration_s=9.100 wall_duration_s=9.279 file_bytes=586496 input_buffers=92 output_buffers=91 input_frames=441600 max_rms=0.068905 max_level=0.345 non_silent_buffers=82 missing_float_buffers=0 invalid_format_buffers=0 no_buffer_timeout=false
2026-08-25T17:23:58.609Z dictation_transcribe_begin file_bytes=586496
2026-08-25T17:23:58.701Z shared_mic_engine_prepare_timing vpio=false buffer_size=4096 set_vpio_ms=0.008 output_format_ms=0.015 install_tap_ms=0.005 total_ms=91.900
2026-08-25T17:23:58.702Z shared_mic_engine_input_device_prepared source=system_default device=present transport=built-in vpio=false set_device_ms=0.000 prepare_engine_ms=92.810
2026-08-25T17:23:58.739Z dictation_transcribe_complete chars=117 words=23 engine=parakeet variant=v3
2026-08-25T20:15:16.502Z audio_default_input_changed default_input=present default_input_transport=bluetooth
2026-08-25T20:15:16.552Z audio_default_input_changed default_input=present default_input_transport=bluetooth
2026-08-25T20:15:16.553Z audio_default_input_changed default_input=present default_input_transport=bluetooth
2026-08-25T20:15:16.554Z audio_default_input_changed default_input=present default_input_transport=bluetooth
2026-08-25T20:15:16.555Z audio_default_input_changed default_input=present default_input_transport=bluetooth
2026-08-25T20:15:16.557Z audio_default_input_changed default_input=present default_input_transport=bluetooth
2026-08-25T20:15:16.558Z audio_default_input_changed default_input=present default_input_transport=bluetooth
2026-08-25T20:15:16.559Z audio_default_input_changed default_input=present default_input_transport=bluetooth
2026-08-25T20:15:16.560Z audio_default_input_changed default_input=present default_input_transport=bluetooth
2026-08-25T20:15:16.561Z audio_default_input_changed default_input=present default_input_transport=bluetooth
2026-08-25T20:15:16.562Z audio_default_input_changed default_input=present default_input_transport=bluetooth
2026-08-25T20:15:16.563Z audio_default_input_changed default_input=present default_input_transport=bluetooth
2026-08-25T20:15:16.564Z audio_default_input_changed default_input=present default_input_transport=bluetooth
2026-08-25T20:15:17.219Z audio_default_input_changed default_input=present default_input_transport=bluetooth
2026-08-25T20:15:17.221Z audio_default_input_changed default_input=present default_input_transport=bluetooth
2026-08-25T20:15:17.223Z audio_default_input_changed default_input=present default_input_transport=bluetooth
2026-08-25T20:15:17.225Z audio_default_input_changed default_input=present default_input_transport=bluetooth
2026-08-25T20:15:17.226Z audio_default_input_changed default_input=present default_input_transport=bluetooth
2026-08-25T20:15:17.229Z audio_default_input_changed default_input=present default_input_transport=bluetooth
2026-08-25T20:15:17.230Z audio_default_input_changed default_input=present default_input_transport=bluetooth
2026-08-25T20:15:17.234Z audio_default_input_changed default_input=present default_input_transport=bluetooth
2026-08-25T20:15:17.235Z audio_default_input_changed default_input=present default_input_transport=bluetooth
2026-08-25T20:15:17.236Z audio_default_input_changed default_input=present default_input_transport=bluetooth
2026-08-25T20:15:17.238Z audio_default_input_changed default_input=present default_input_transport=bluetooth
2026-08-25T20:15:17.239Z audio_default_input_changed default_input=present default_input_transport=bluetooth
2026-08-25T20:15:17.240Z audio_default_input_changed default_input=present default_input_transport=bluetooth
2026-08-25T20:15:17.241Z audio_default_input_changed default_input=present default_input_transport=bluetooth
2026-08-25T20:15:17.242Z audio_default_input_changed default_input=present default_input_transport=bluetooth
2026-08-25T20:15:17.243Z audio_default_input_changed default_input=present default_input_transport=bluetooth
2026-08-25T20:15:17.243Z audio_default_input_changed default_input=present default_input_transport=bluetooth
2026-08-25T20:15:17.244Z audio_default_input_changed default_input=present default_input_transport=bluetooth
2026-08-25T20:15:17.244Z audio_default_input_changed default_input=present default_input_transport=bluetooth
2026-08-25T20:15:17.245Z audio_default_input_changed default_input=present default_input_transport=bluetooth
2026-08-25T20:15:17.245Z audio_default_input_changed default_input=present default_input_transport=bluetooth
2026-08-25T20:15:17.246Z audio_default_input_changed default_input=present default_input_transport=bluetooth
2026-08-25T20:15:17.246Z audio_default_input_changed default_input=present default_input_transport=bluetooth
2026-08-25T20:15:17.247Z audio_default_input_changed default_input=present default_input_transport=bluetooth
2026-08-25T20:15:17.248Z audio_default_input_changed default_input=present default_input_transport=bluetooth
2026-08-25T20:15:17.248Z audio_default_input_changed default_input=present default_input_transport=bluetooth
2026-08-25T20:15:17.249Z audio_default_input_changed default_input=present default_input_transport=bluetooth
2026-08-25T20:15:17.249Z audio_default_input_changed default_input=present default_input_transport=bluetooth
2026-08-25T20:15:17.250Z audio_default_input_changed default_input=present default_input_transport=bluetooth
2026-08-25T20:15:17.250Z audio_default_input_changed default_input=present default_input_transport=bluetooth
2026-08-25T20:15:17.251Z audio_default_input_changed default_input=present default_input_transport=bluetooth
2026-08-25T20:15:17.251Z audio_default_input_changed default_input=present default_input_transport=bluetooth
2026-08-25T20:15:17.252Z audio_default_input_changed default_input=present default_input_transport=bluetooth
2026-08-25T20:15:17.252Z audio_default_input_changed default_input=present default_input_transport=bluetooth
2026-08-25T20:15:17.253Z audio_default_input_changed default_input=present default_input_transport=bluetooth
2026-08-25T20:15:17.254Z audio_default_input_changed default_input=present default_input_transport=bluetooth
2026-08-25T20:15:17.255Z audio_default_input_changed default_input=present default_input_transport=bluetooth
2026-08-25T20:15:17.255Z audio_default_input_changed default_input=present default_input_transport=bluetooth
2026-08-25T20:15:17.311Z shared_mic_engine_stopped
2026-08-25T20:15:17.699Z shared_mic_engine_prepare_skipped reason=bluetooth_or_unresolved_route
2026-08-25T20:15:17.768Z shared_mic_engine_prepare_skipped reason=bluetooth_or_unresolved_route
2026-08-25T20:42:42.277Z audio_default_input_changed default_input=present default_input_transport=built-in
2026-08-25T20:42:42.285Z audio_default_input_changed default_input=present default_input_transport=built-in
2026-08-25T20:42:42.287Z audio_default_input_changed default_input=present default_input_transport=built-in
2026-08-25T20:42:42.288Z audio_default_input_changed default_input=present default_input_transport=built-in
2026-08-25T20:42:42.289Z audio_default_input_changed default_input=present default_input_transport=built-in
2026-08-25T20:42:42.289Z audio_default_input_changed default_input=present default_input_transport=built-in
2026-08-25T20:42:42.290Z audio_default_input_changed default_input=present default_input_transport=built-in
2026-08-25T20:42:42.291Z audio_default_input_changed default_input=present default_input_transport=built-in
2026-08-25T20:42:42.291Z audio_default_input_changed default_input=present default_input_transport=built-in
2026-08-25T20:42:42.292Z audio_default_input_changed default_input=present default_input_transport=built-in
2026-08-25T20:42:42.292Z audio_default_input_changed default_input=present default_input_transport=built-in
2026-08-25T20:42:42.293Z audio_default_input_changed default_input=present default_input_transport=built-in
2026-08-25T20:42:42.294Z audio_default_input_changed default_input=present default_input_transport=built-in
2026-08-25T20:42:42.294Z audio_default_input_changed default_input=present default_input_transport=built-in
2026-08-25T20:42:42.295Z audio_default_input_changed default_input=present default_input_transport=built-in
2026-08-25T20:42:42.296Z audio_default_input_changed default_input=present default_input_transport=built-in
2026-08-25T20:42:42.296Z audio_default_input_changed default_input=present default_input_transport=built-in
2026-08-25T20:42:42.297Z audio_default_input_changed default_input=present default_input_transport=built-in
2026-08-25T20:42:42.297Z audio_default_input_changed default_input=present default_input_transport=built-in
2026-08-25T20:42:42.298Z audio_default_input_changed default_input=present default_input_transport=built-in
2026-08-25T20:42:42.298Z audio_default_input_changed default_input=present default_input_transport=built-in
2026-08-25T20:42:42.299Z audio_default_input_changed default_input=present default_input_transport=built-in
2026-08-25T20:42:42.299Z audio_default_input_changed default_input=present default_input_transport=built-in
2026-08-25T20:42:42.300Z audio_default_input_changed default_input=present default_input_transport=built-in
2026-08-25T20:42:42.301Z audio_default_input_changed default_input=present default_input_transport=built-in
2026-08-25T20:42:42.301Z audio_default_input_changed default_input=present default_input_transport=built-in
2026-08-25T20:42:42.302Z audio_default_input_changed default_input=present default_input_transport=built-in
2026-08-25T20:42:42.303Z audio_default_input_changed default_input=present default_input_transport=built-in
2026-08-25T20:42:42.303Z audio_default_input_changed default_input=present default_input_transport=built-in
2026-08-25T20:42:42.304Z audio_default_input_changed default_input=present default_input_transport=built-in
2026-08-25T20:42:42.304Z audio_default_input_changed default_input=present default_input_transport=built-in
2026-08-25T20:42:42.305Z audio_default_input_changed default_input=present default_input_transport=built-in
2026-08-25T20:42:42.305Z audio_default_input_changed default_input=present default_input_transport=built-in
2026-08-25T20:42:42.306Z audio_default_input_changed default_input=present default_input_transport=built-in
2026-08-25T20:42:42.306Z audio_default_input_changed default_input=present default_input_transport=built-in
2026-08-25T20:42:42.307Z audio_default_input_changed default_input=present default_input_transport=built-in
2026-08-25T20:42:42.307Z audio_default_input_changed default_input=present default_input_transport=built-in
2026-08-25T20:42:42.307Z audio_default_input_changed default_input=present default_input_transport=built-in
2026-08-25T20:42:42.308Z audio_default_input_changed default_input=present default_input_transport=built-in
2026-08-25T20:42:42.308Z audio_default_input_changed default_input=present default_input_transport=built-in
2026-08-25T20:42:42.309Z audio_default_input_changed default_input=present default_input_transport=built-in
2026-08-25T20:42:42.309Z audio_default_input_changed default_input=present default_input_transport=built-in
2026-08-25T20:42:42.310Z audio_default_input_changed default_input=present default_input_transport=built-in
2026-08-25T20:42:42.310Z audio_default_input_changed default_input=present default_input_transport=built-in
2026-08-25T20:42:42.311Z audio_default_input_changed default_input=present default_input_transport=built-in
2026-08-25T20:42:42.311Z audio_default_input_changed default_input=present default_input_transport=built-in
2026-08-25T20:42:42.312Z audio_default_input_changed default_input=present default_input_transport=built-in
2026-08-25T20:42:42.312Z audio_default_input_changed default_input=present default_input_transport=built-in
2026-08-25T20:42:42.312Z audio_default_input_changed default_input=present default_input_transport=built-in
2026-08-25T20:42:42.313Z audio_default_input_changed default_input=present default_input_transport=built-in
2026-08-25T20:42:42.313Z audio_default_input_changed default_input=present default_input_transport=built-in
2026-08-25T20:42:42.314Z audio_default_input_changed default_input=present default_input_transport=built-in
2026-08-25T20:42:42.314Z audio_default_input_changed default_input=present default_input_transport=built-in
2026-08-25T20:42:42.940Z shared_mic_engine_prepare_timing vpio=false buffer_size=4096 set_vpio_ms=0.466 output_format_ms=0.005 install_tap_ms=0.011 total_ms=99.102
2026-08-25T20:42:42.942Z shared_mic_engine_input_device_prepared source=system_default device=present transport=built-in vpio=false set_device_ms=0.000 prepare_engine_ms=99.593
2026-08-25T20:42:47.990Z audio_default_input_changed default_input=present default_input_transport=bluetooth
2026-08-25T20:42:47.997Z audio_default_input_changed default_input=present default_input_transport=bluetooth
2026-08-25T20:42:47.997Z audio_default_input_changed default_input=present default_input_transport=bluetooth
2026-08-25T20:42:48.000Z audio_default_input_changed default_input=present default_input_transport=bluetooth
2026-08-25T20:42:48.007Z audio_default_input_changed default_input=present default_input_transport=bluetooth
2026-08-25T20:42:48.011Z audio_default_input_changed default_input=present default_input_transport=bluetooth
2026-08-25T20:42:48.021Z audio_default_input_changed default_input=present default_input_transport=bluetooth
2026-08-25T20:42:48.022Z audio_default_input_changed default_input=present default_input_transport=bluetooth
2026-08-25T20:42:48.023Z audio_default_input_changed default_input=present default_input_transport=bluetooth
2026-08-25T20:42:48.023Z audio_default_input_changed default_input=present default_input_transport=bluetooth
2026-08-25T20:42:48.024Z audio_default_input_changed default_input=present default_input_transport=bluetooth
2026-08-25T20:42:48.024Z audio_default_input_changed default_input=present default_input_transport=bluetooth
2026-08-25T20:42:48.026Z audio_default_input_changed default_input=present default_input_transport=bluetooth
2026-08-25T20:42:48.028Z audio_default_input_changed default_input=present default_input_transport=bluetooth
2026-08-25T20:42:48.029Z audio_default_input_changed default_input=present default_input_transport=bluetooth
2026-08-25T20:42:48.029Z audio_default_input_changed default_input=present default_input_transport=bluetooth
2026-08-25T20:42:48.030Z audio_default_input_changed default_input=present default_input_transport=bluetooth
2026-08-25T20:42:48.030Z audio_default_input_changed default_input=present default_input_transport=bluetooth
2026-08-25T20:42:48.031Z audio_default_input_changed default_input=present default_input_transport=bluetooth
2026-08-25T20:42:48.032Z audio_default_input_changed default_input=present default_input_transport=bluetooth
2026-08-25T20:42:48.033Z audio_default_input_changed default_input=present default_input_transport=bluetooth
2026-08-25T20:42:48.034Z audio_default_input_changed default_input=present default_input_transport=bluetooth
2026-08-25T20:42:48.035Z audio_default_input_changed default_input=present default_input_transport=bluetooth
2026-08-25T20:42:48.036Z audio_default_input_changed default_input=present default_input_transport=bluetooth
2026-08-25T20:42:48.037Z audio_default_input_changed default_input=present default_input_transport=bluetooth
2026-08-25T20:42:48.037Z audio_default_input_changed default_input=present default_input_transport=bluetooth
2026-08-25T20:42:48.038Z audio_default_input_changed default_input=present default_input_transport=bluetooth
2026-08-25T20:42:48.039Z audio_default_input_changed default_input=present default_input_transport=bluetooth
2026-08-25T20:42:48.039Z audio_default_input_changed default_input=present default_input_transport=bluetooth
2026-08-25T20:42:48.040Z audio_default_input_changed default_input=present default_input_transport=bluetooth
2026-08-25T20:42:48.040Z audio_default_input_changed default_input=present default_input_transport=bluetooth
2026-08-25T20:42:48.041Z audio_default_input_changed default_input=present default_input_transport=bluetooth
2026-08-25T20:42:48.042Z audio_default_input_changed default_input=present default_input_transport=bluetooth
2026-08-25T20:42:48.042Z audio_default_input_changed default_input=present default_input_transport=bluetooth
2026-08-25T20:42:48.043Z audio_default_input_changed default_input=present default_input_transport=bluetooth
2026-08-25T20:42:48.043Z audio_default_input_changed default_input=present default_input_transport=bluetooth
2026-08-25T20:42:48.044Z audio_default_input_changed default_input=present default_input_transport=bluetooth
2026-08-25T20:42:48.044Z audio_default_input_changed default_input=present default_input_transport=bluetooth
2026-08-25T20:42:48.045Z audio_default_input_changed default_input=present default_input_transport=bluetooth
2026-08-25T20:42:48.045Z audio_default_input_changed default_input=present default_input_transport=bluetooth
2026-08-25T20:42:48.046Z audio_default_input_changed default_input=present default_input_transport=bluetooth
2026-08-25T20:42:48.046Z audio_default_input_changed default_input=present default_input_transport=bluetooth
2026-08-25T20:42:48.047Z audio_default_input_changed default_input=present default_input_transport=bluetooth
2026-08-25T20:42:48.047Z audio_default_input_changed default_input=present default_input_transport=bluetooth
2026-08-25T20:42:48.048Z audio_default_input_changed default_input=present default_input_transport=bluetooth
2026-08-25T20:42:48.048Z audio_default_input_changed default_input=present default_input_transport=bluetooth
2026-08-25T20:42:48.049Z audio_default_input_changed default_input=present default_input_transport=bluetooth
2026-08-25T20:42:48.049Z audio_default_input_changed default_input=present default_input_transport=bluetooth
2026-08-25T20:42:48.050Z audio_default_input_changed default_input=present default_input_transport=bluetooth
2026-08-25T20:42:48.050Z audio_default_input_changed default_input=present default_input_transport=bluetooth
2026-08-25T20:42:48.051Z audio_default_input_changed default_input=present default_input_transport=bluetooth
2026-08-25T20:42:48.051Z audio_default_input_changed default_input=present default_input_transport=bluetooth
2026-08-25T20:42:48.051Z audio_default_input_changed default_input=present default_input_transport=bluetooth
2026-08-25T20:42:48.052Z audio_default_input_changed default_input=present default_input_transport=bluetooth
2026-08-25T20:42:48.583Z shared_mic_engine_stopped
2026-08-25T20:42:48.609Z shared_mic_engine_prepare_skipped reason=bluetooth_or_unresolved_route
2026-08-25T20:42:51.896Z audio_default_input_changed default_input=present default_input_transport=built-in
2026-08-25T20:42:51.898Z audio_default_input_changed default_input=present default_input_transport=built-in
2026-08-25T20:42:51.918Z audio_default_input_changed default_input=present default_input_transport=built-in
2026-08-25T20:42:51.924Z audio_default_input_changed default_input=present default_input_transport=built-in
2026-08-25T20:42:51.927Z audio_default_input_changed default_input=present default_input_transport=built-in
2026-08-25T20:42:51.931Z audio_default_input_changed default_input=present default_input_transport=built-in
2026-08-25T20:42:51.931Z audio_default_input_changed default_input=present default_input_transport=built-in
2026-08-25T20:42:51.932Z audio_default_input_changed default_input=present default_input_transport=built-in
2026-08-25T20:42:51.932Z audio_default_input_changed default_input=present default_input_transport=built-in
2026-08-25T20:42:51.933Z audio_default_input_changed default_input=present default_input_transport=built-in
2026-08-25T20:42:51.933Z audio_default_input_changed default_input=present default_input_transport=built-in
2026-08-25T20:42:51.934Z audio_default_input_changed default_input=present default_input_transport=built-in
2026-08-25T20:42:51.934Z audio_default_input_changed default_input=present default_input_transport=built-in
2026-08-25T20:42:51.935Z audio_default_input_changed default_input=present default_input_transport=built-in
2026-08-25T20:42:51.936Z audio_default_input_changed default_input=present default_input_transport=built-in
2026-08-25T20:42:51.936Z audio_default_input_changed default_input=present default_input_transport=built-in
2026-08-25T20:42:51.937Z audio_default_input_changed default_input=present default_input_transport=built-in
2026-08-25T20:42:51.937Z audio_default_input_changed default_input=present default_input_transport=built-in
2026-08-25T20:42:51.938Z audio_default_input_changed default_input=present default_input_transport=built-in
2026-08-25T20:42:51.938Z audio_default_input_changed default_input=present default_input_transport=built-in
2026-08-25T20:42:51.938Z audio_default_input_changed default_input=present default_input_transport=built-in
2026-08-25T20:42:51.939Z audio_default_input_changed default_input=present default_input_transport=built-in
2026-08-25T20:42:51.939Z audio_default_input_changed default_input=present default_input_transport=built-in
2026-08-25T20:42:51.940Z audio_default_input_changed default_input=present default_input_transport=built-in
2026-08-25T20:42:51.940Z audio_default_input_changed default_input=present default_input_transport=built-in
2026-08-25T20:42:51.941Z audio_default_input_changed default_input=present default_input_transport=built-in
2026-08-25T20:42:51.941Z audio_default_input_changed default_input=present default_input_transport=built-in
2026-08-25T20:42:51.942Z audio_default_input_changed default_input=present default_input_transport=built-in
2026-08-25T20:42:51.942Z audio_default_input_changed default_input=present default_input_transport=built-in
2026-08-25T20:42:51.942Z audio_default_input_changed default_input=present default_input_transport=built-in
2026-08-25T20:42:51.943Z audio_default_input_changed default_input=present default_input_transport=built-in
2026-08-25T20:42:51.943Z audio_default_input_changed default_input=present default_input_transport=built-in
2026-08-25T20:42:51.944Z audio_default_input_changed default_input=present default_input_transport=built-in
2026-08-25T20:42:51.944Z audio_default_input_changed default_input=present default_input_transport=built-in
2026-08-25T20:42:51.944Z audio_default_input_changed default_input=present default_input_transport=built-in
2026-08-25T20:42:51.945Z audio_default_input_changed default_input=present default_input_transport=built-in
2026-08-25T20:42:51.945Z audio_default_input_changed default_input=present default_input_transport=built-in
2026-08-25T20:42:51.946Z audio_default_input_changed default_input=present default_input_transport=built-in
2026-08-25T20:42:51.946Z audio_default_input_changed default_input=present default_input_transport=built-in
2026-08-25T20:42:51.947Z audio_default_input_changed default_input=present default_input_transport=built-in
2026-08-25T20:42:51.947Z audio_default_input_changed default_input=present default_input_transport=built-in
2026-08-25T20:42:51.947Z audio_default_input_changed default_input=present default_input_transport=built-in
2026-08-25T20:42:51.948Z audio_default_input_changed default_input=present default_input_transport=built-in
2026-08-25T20:42:51.948Z audio_default_input_changed default_input=present default_input_transport=built-in
2026-08-25T20:42:51.948Z audio_default_input_changed default_input=present default_input_transport=built-in
2026-08-25T20:42:51.949Z audio_default_input_changed default_input=present default_input_transport=built-in
2026-08-25T20:42:51.949Z audio_default_input_changed default_input=present default_input_transport=built-in
2026-08-25T20:42:51.950Z audio_default_input_changed default_input=present default_input_transport=built-in
2026-08-25T20:42:51.950Z audio_default_input_changed default_input=present default_input_transport=built-in
2026-08-25T20:42:51.950Z audio_default_input_changed default_input=present default_input_transport=built-in
2026-08-25T20:42:51.951Z audio_default_input_changed default_input=present default_input_transport=built-in
2026-08-25T20:42:51.951Z audio_default_input_changed default_input=present default_input_transport=built-in
2026-08-25T20:42:51.952Z audio_default_input_changed default_input=present default_input_transport=built-in
2026-08-25T20:42:51.952Z audio_default_input_changed default_input=present default_input_transport=built-in
2026-08-25T20:42:51.952Z audio_default_input_changed default_input=present default_input_transport=built-in
2026-08-25T20:42:52.574Z shared_mic_engine_prepare_timing vpio=false buffer_size=4096 set_vpio_ms=0.006 output_format_ms=0.004 install_tap_ms=0.004 total_ms=97.688
2026-08-25T20:42:52.574Z shared_mic_engine_input_device_prepared source=system_default device=present transport=built-in vpio=false set_device_ms=0.000 prepare_engine_ms=98.180
2026-08-25T20:42:53.139Z audio_default_input_changed default_input=present default_input_transport=bluetooth
2026-08-25T20:42:53.150Z audio_default_input_changed default_input=present default_input_transport=bluetooth
2026-08-25T20:42:53.155Z audio_default_input_changed default_input=present default_input_transport=bluetooth
2026-08-25T20:42:53.159Z audio_default_input_changed default_input=present default_input_transport=bluetooth
2026-08-25T20:42:53.168Z audio_default_input_changed default_input=present default_input_transport=bluetooth
2026-08-25T20:42:53.170Z audio_default_input_changed default_input=present default_input_transport=bluetooth
2026-08-25T20:42:53.171Z audio_default_input_changed default_input=present default_input_transport=bluetooth
2026-08-25T20:42:53.172Z audio_default_input_changed default_input=present default_input_transport=bluetooth
2026-08-25T20:42:53.173Z audio_default_input_changed default_input=present default_input_transport=bluetooth
2026-08-25T20:42:53.177Z audio_default_input_changed default_input=present default_input_transport=bluetooth
2026-08-25T20:42:53.177Z audio_default_input_changed default_input=present default_input_transport=bluetooth
2026-08-25T20:42:53.178Z audio_default_input_changed default_input=present default_input_transport=bluetooth
2026-08-25T20:42:53.179Z audio_default_input_changed default_input=present default_input_transport=bluetooth
2026-08-25T20:42:53.179Z audio_default_input_changed default_input=present default_input_transport=bluetooth
2026-08-25T20:42:53.180Z audio_default_input_changed default_input=present default_input_transport=bluetooth
2026-08-25T20:42:53.180Z audio_default_input_changed default_input=present default_input_transport=bluetooth
2026-08-25T20:42:53.181Z audio_default_input_changed default_input=present default_input_transport=bluetooth
2026-08-25T20:42:53.181Z audio_default_input_changed default_input=present default_input_transport=bluetooth
2026-08-25T20:42:53.182Z audio_default_input_changed default_input=present default_input_transport=bluetooth
2026-08-25T20:42:53.182Z audio_default_input_changed default_input=present default_input_transport=bluetooth
2026-08-25T20:42:53.182Z audio_default_input_changed default_input=present default_input_transport=bluetooth
2026-08-25T20:42:53.183Z audio_default_input_changed default_input=present default_input_transport=bluetooth
2026-08-25T20:42:53.183Z audio_default_input_changed default_input=present default_input_transport=bluetooth
2026-08-25T20:42:53.184Z audio_default_input_changed default_input=present default_input_transport=bluetooth
2026-08-25T20:42:53.184Z audio_default_input_changed default_input=present default_input_transport=bluetooth
2026-08-25T20:42:53.185Z audio_default_input_changed default_input=present default_input_transport=bluetooth
2026-08-25T20:42:53.185Z audio_default_input_changed default_input=present default_input_transport=bluetooth
2026-08-25T20:42:53.185Z audio_default_input_changed default_input=present default_input_transport=bluetooth
2026-08-25T20:42:53.186Z audio_default_input_changed default_input=present default_input_transport=bluetooth
2026-08-25T20:42:53.186Z audio_default_input_changed default_input=present default_input_transport=bluetooth
2026-08-25T20:42:53.187Z audio_default_input_changed default_input=present default_input_transport=bluetooth
2026-08-25T20:42:53.187Z audio_default_input_changed default_input=present default_input_transport=bluetooth
2026-08-25T20:42:53.188Z audio_default_input_changed default_input=present default_input_transport=bluetooth
2026-08-25T20:42:53.188Z audio_default_input_changed default_input=present default_input_transport=bluetooth
2026-08-25T20:42:53.188Z audio_default_input_changed default_input=present default_input_transport=bluetooth
2026-08-25T20:42:53.189Z audio_default_input_changed default_input=present default_input_transport=bluetooth
2026-08-25T20:42:53.189Z audio_default_input_changed default_input=present default_input_transport=bluetooth
2026-08-25T20:42:53.190Z audio_default_input_changed default_input=present default_input_transport=bluetooth
2026-08-25T20:42:53.190Z audio_default_input_changed default_input=present default_input_transport=bluetooth
2026-08-25T20:42:53.191Z audio_default_input_changed default_input=present default_input_transport=bluetooth
2026-08-25T20:42:53.191Z audio_default_input_changed default_input=present default_input_transport=bluetooth
2026-08-25T20:42:53.191Z audio_default_input_changed default_input=present default_input_transport=bluetooth
2026-08-25T20:42:53.192Z audio_default_input_changed default_input=present default_input_transport=bluetooth
2026-08-25T20:42:53.192Z audio_default_input_changed default_input=present default_input_transport=bluetooth
2026-08-25T20:42:53.193Z audio_default_input_changed default_input=present default_input_transport=bluetooth
2026-08-25T20:42:53.193Z audio_default_input_changed default_input=present default_input_transport=bluetooth
2026-08-25T20:42:53.193Z audio_default_input_changed default_input=present default_input_transport=bluetooth
2026-08-25T20:42:53.194Z audio_default_input_changed default_input=present default_input_transport=bluetooth
2026-08-25T20:42:53.194Z audio_default_input_changed default_input=present default_input_transport=bluetooth
2026-08-25T20:42:53.194Z audio_default_input_changed default_input=present default_input_transport=bluetooth
2026-08-25T20:42:53.195Z audio_default_input_changed default_input=present default_input_transport=bluetooth
2026-08-25T20:42:53.195Z audio_default_input_changed default_input=present default_input_transport=bluetooth
2026-08-25T20:42:53.195Z audio_default_input_changed default_input=present default_input_transport=bluetooth
2026-08-25T20:42:53.196Z audio_default_input_changed default_input=present default_input_transport=bluetooth
2026-08-25T20:42:53.196Z audio_default_input_changed default_input=present default_input_transport=bluetooth
2026-08-25T20:42:53.197Z audio_default_input_changed default_input=present default_input_transport=bluetooth
2026-08-25T20:42:53.712Z shared_mic_engine_stopped
2026-08-25T20:42:53.757Z shared_mic_engine_prepare_skipped reason=bluetooth_or_unresolved_route
2026-08-25T20:42:55.542Z audio_default_input_changed default_input=present default_input_transport=built-in
2026-08-25T20:42:55.553Z audio_default_input_changed default_input=present default_input_transport=built-in
2026-08-25T20:42:55.557Z audio_default_input_changed default_input=present default_input_transport=built-in
2026-08-25T20:42:55.564Z audio_default_input_changed default_input=present default_input_transport=built-in
2026-08-25T20:42:55.565Z audio_default_input_changed default_input=present default_input_transport=built-in
2026-08-25T20:42:55.568Z audio_default_input_changed default_input=present default_input_transport=built-in
2026-08-25T20:42:55.570Z audio_default_input_changed default_input=present default_input_transport=built-in
2026-08-25T20:42:55.571Z audio_default_input_changed default_input=present default_input_transport=built-in
2026-08-25T20:42:55.572Z audio_default_input_changed default_input=present default_input_transport=built-in
2026-08-25T20:42:55.573Z audio_default_input_changed default_input=present default_input_transport=built-in
2026-08-25T20:42:55.573Z audio_default_input_changed default_input=present default_input_transport=built-in
2026-08-25T20:42:55.574Z audio_default_input_changed default_input=present default_input_transport=built-in
2026-08-25T20:42:55.574Z audio_default_input_changed default_input=present default_input_transport=built-in
2026-08-25T20:42:55.575Z audio_default_input_changed default_input=present default_input_transport=built-in
2026-08-25T20:42:55.576Z audio_default_input_changed default_input=present default_input_transport=built-in
2026-08-25T20:42:55.576Z audio_default_input_changed default_input=present default_input_transport=built-in
2026-08-25T20:42:55.577Z audio_default_input_changed default_input=present default_input_transport=built-in
2026-08-25T20:42:55.577Z audio_default_input_changed default_input=present default_input_transport=built-in
2026-08-25T20:42:55.578Z audio_default_input_changed default_input=present default_input_transport=built-in
2026-08-25T20:42:55.578Z audio_default_input_changed default_input=present default_input_transport=built-in
2026-08-25T20:42:55.579Z audio_default_input_changed default_input=present default_input_transport=built-in
2026-08-25T20:42:55.579Z audio_default_input_changed default_input=present default_input_transport=built-in
2026-08-25T20:42:55.580Z audio_default_input_changed default_input=present default_input_transport=built-in
2026-08-25T20:42:55.580Z audio_default_input_changed default_input=present default_input_transport=built-in
2026-08-25T20:42:55.580Z audio_default_input_changed default_input=present default_input_transport=built-in
2026-08-25T20:42:55.581Z audio_default_input_changed default_input=present default_input_transport=built-in
2026-08-25T20:42:55.582Z audio_default_input_changed default_input=present default_input_transport=built-in
2026-08-25T20:42:55.582Z audio_default_input_changed default_input=present default_input_transport=built-in
2026-08-25T20:42:55.583Z audio_default_input_changed default_input=present default_input_transport=built-in
2026-08-25T20:42:55.584Z audio_default_input_changed default_input=present default_input_transport=built-in
2026-08-25T20:42:55.584Z audio_default_input_changed default_input=present default_input_transport=built-in
2026-08-25T20:42:55.584Z audio_default_input_changed default_input=present default_input_transport=built-in
2026-08-25T20:42:55.585Z audio_default_input_changed default_input=present default_input_transport=built-in
2026-08-25T20:42:55.585Z audio_default_input_changed default_input=present default_input_transport=built-in
2026-08-25T20:42:55.586Z audio_default_input_changed default_input=present default_input_transport=built-in
2026-08-25T20:42:55.586Z audio_default_input_changed default_input=present default_input_transport=built-in
2026-08-25T20:42:55.586Z audio_default_input_changed default_input=present default_input_transport=built-in
2026-08-25T20:42:55.587Z audio_default_input_changed default_input=present default_input_transport=built-in
2026-08-25T20:42:55.588Z audio_default_input_changed default_input=present default_input_transport=built-in
2026-08-25T20:42:55.588Z audio_default_input_changed default_input=present default_input_transport=built-in
2026-08-25T20:42:55.588Z audio_default_input_changed default_input=present default_input_transport=built-in
2026-08-25T20:42:55.589Z audio_default_input_changed default_input=present default_input_transport=built-in
2026-08-25T20:42:55.589Z audio_default_input_changed default_input=present default_input_transport=built-in
2026-08-25T20:42:55.590Z audio_default_input_changed default_input=present default_input_transport=built-in
2026-08-25T20:42:55.590Z audio_default_input_changed default_input=present default_input_transport=built-in
2026-08-25T20:42:55.590Z audio_default_input_changed default_input=present default_input_transport=built-in
2026-08-25T20:42:55.591Z audio_default_input_changed default_input=present default_input_transport=built-in
2026-08-25T20:42:55.591Z audio_default_input_changed default_input=present default_input_transport=built-in
2026-08-25T20:42:55.592Z audio_default_input_changed default_input=present default_input_transport=built-in
2026-08-25T20:42:55.592Z audio_default_input_changed default_input=present default_input_transport=built-in
2026-08-25T20:42:55.592Z audio_default_input_changed default_input=present default_input_transport=built-in
2026-08-25T20:42:55.593Z audio_default_input_changed default_input=present default_input_transport=built-in
2026-08-25T20:42:55.593Z audio_default_input_changed default_input=present default_input_transport=built-in
2026-08-25T20:42:55.594Z audio_default_input_changed default_input=present default_input_transport=built-in
2026-08-25T20:42:55.594Z audio_default_input_changed default_input=present default_input_transport=built-in
2026-08-25T20:42:55.594Z audio_default_input_changed default_input=present default_input_transport=built-in
2026-08-25T20:42:55.595Z audio_default_input_changed default_input=present default_input_transport=built-in
2026-08-25T20:42:56.206Z shared_mic_engine_prepare_timing vpio=false buffer_size=4096 set_vpio_ms=0.005 output_format_ms=0.003 install_tap_ms=0.004 total_ms=101.058
2026-08-25T20:42:56.207Z shared_mic_engine_input_device_prepared source=system_default device=present transport=built-in vpio=false set_device_ms=0.000 prepare_engine_ms=101.562
2026-08-25T20:48:17.001Z audio_default_input_changed default_input=present default_input_transport=bluetooth
2026-08-25T20:48:17.007Z audio_default_input_changed default_input=present default_input_transport=bluetooth
2026-08-25T20:48:17.008Z audio_default_input_changed default_input=present default_input_transport=bluetooth
2026-08-25T20:48:17.010Z audio_default_input_changed default_input=present default_input_transport=bluetooth
2026-08-25T20:48:17.011Z audio_default_input_changed default_input=present default_input_transport=bluetooth
2026-08-25T20:48:17.012Z audio_default_input_changed default_input=present default_input_transport=bluetooth
2026-08-25T20:48:17.013Z audio_default_input_changed default_input=present default_input_transport=bluetooth
2026-08-25T20:48:17.014Z audio_default_input_changed default_input=present default_input_transport=bluetooth
2026-08-25T20:48:17.016Z audio_default_input_changed default_input=present default_input_transport=bluetooth
2026-08-25T20:48:17.017Z audio_default_input_changed default_input=present default_input_transport=bluetooth
2026-08-25T20:48:17.018Z audio_default_input_changed default_input=present default_input_transport=bluetooth
2026-08-25T20:48:17.019Z audio_default_input_changed default_input=present default_input_transport=bluetooth
2026-08-25T20:48:17.020Z audio_default_input_changed default_input=present default_input_transport=bluetooth
2026-08-25T20:48:17.020Z audio_default_input_changed default_input=present default_input_transport=bluetooth
2026-08-25T20:48:17.021Z audio_default_input_changed default_input=present default_input_transport=bluetooth
2026-08-25T20:48:17.022Z audio_default_input_changed default_input=present default_input_transport=bluetooth
2026-08-25T20:48:17.023Z audio_default_input_changed default_input=present default_input_transport=bluetooth
2026-08-25T20:48:17.024Z audio_default_input_changed default_input=present default_input_transport=bluetooth
2026-08-25T20:48:17.025Z audio_default_input_changed default_input=present default_input_transport=bluetooth
2026-08-25T20:48:17.026Z audio_default_input_changed default_input=present default_input_transport=bluetooth
2026-08-25T20:48:17.027Z audio_default_input_changed default_input=present default_input_transport=bluetooth
2026-08-25T20:48:17.029Z audio_default_input_changed default_input=present default_input_transport=bluetooth
2026-08-25T20:48:17.030Z audio_default_input_changed default_input=present default_input_transport=bluetooth
2026-08-25T20:48:17.031Z audio_default_input_changed default_input=present default_input_transport=bluetooth
2026-08-25T20:48:17.032Z audio_default_input_changed default_input=present default_input_transport=bluetooth
2026-08-25T20:48:17.032Z audio_default_input_changed default_input=present default_input_transport=bluetooth
2026-08-25T20:48:17.034Z audio_default_input_changed default_input=present default_input_transport=bluetooth
2026-08-25T20:48:17.035Z audio_default_input_changed default_input=present default_input_transport=bluetooth
2026-08-25T20:48:17.037Z audio_default_input_changed default_input=present default_input_transport=bluetooth
2026-08-25T20:48:17.039Z audio_default_input_changed default_input=present default_input_transport=bluetooth
2026-08-25T20:48:17.041Z audio_default_input_changed default_input=present default_input_transport=bluetooth
2026-08-25T20:48:17.042Z audio_default_input_changed default_input=present default_input_transport=bluetooth
2026-08-25T20:48:17.044Z audio_default_input_changed default_input=present default_input_transport=bluetooth
2026-08-25T20:48:17.045Z audio_default_input_changed default_input=present default_input_transport=bluetooth
2026-08-25T20:48:17.045Z audio_default_input_changed default_input=present default_input_transport=bluetooth
2026-08-25T20:48:17.046Z audio_default_input_changed default_input=present default_input_transport=bluetooth
2026-08-25T20:48:17.046Z audio_default_input_changed default_input=present default_input_transport=bluetooth
2026-08-25T20:48:17.047Z audio_default_input_changed default_input=present default_input_transport=bluetooth
2026-08-25T20:48:17.047Z audio_default_input_changed default_input=present default_input_transport=bluetooth
2026-08-25T20:48:17.048Z audio_default_input_changed default_input=present default_input_transport=bluetooth
2026-08-25T20:48:17.048Z audio_default_input_changed default_input=present default_input_transport=bluetooth
2026-08-25T20:48:17.049Z audio_default_input_changed default_input=present default_input_transport=bluetooth
2026-08-25T20:48:17.049Z audio_default_input_changed default_input=present default_input_transport=bluetooth
2026-08-25T20:48:17.050Z audio_default_input_changed default_input=present default_input_transport=bluetooth
2026-08-25T20:48:17.050Z audio_default_input_changed default_input=present default_input_transport=bluetooth
2026-08-25T20:48:17.051Z audio_default_input_changed default_input=present default_input_transport=bluetooth
2026-08-25T20:48:17.051Z audio_default_input_changed default_input=present default_input_transport=bluetooth
2026-08-25T20:48:17.051Z audio_default_input_changed default_input=present default_input_transport=bluetooth
2026-08-25T20:48:17.053Z audio_default_input_changed default_input=present default_input_transport=bluetooth
2026-08-25T20:48:17.054Z audio_default_input_changed default_input=present default_input_transport=bluetooth
2026-08-25T20:48:17.054Z audio_default_input_changed default_input=present default_input_transport=bluetooth
2026-08-25T20:48:17.055Z audio_default_input_changed default_input=present default_input_transport=bluetooth
2026-08-25T20:48:17.055Z audio_default_input_changed default_input=present default_input_transport=bluetooth
2026-08-25T20:48:17.056Z audio_default_input_changed default_input=present default_input_transport=bluetooth
2026-08-25T20:48:17.056Z audio_default_input_changed default_input=present default_input_transport=bluetooth
2026-08-25T20:48:17.057Z audio_default_input_changed default_input=present default_input_transport=bluetooth
2026-08-25T20:48:17.058Z audio_default_input_changed default_input=present default_input_transport=bluetooth
2026-08-25T20:48:17.058Z audio_default_input_changed default_input=present default_input_transport=bluetooth
2026-08-25T20:48:17.622Z shared_mic_engine_stopped
2026-08-25T20:48:17.632Z shared_mic_engine_prepare_skipped reason=bluetooth_or_unresolved_route
2026-08-25T21:13:15.709Z audio_default_input_changed default_input=present default_input_transport=built-in
2026-08-25T21:13:15.713Z audio_default_input_changed default_input=present default_input_transport=built-in
2026-08-25T21:13:15.715Z audio_default_input_changed default_input=present default_input_transport=built-in
2026-08-25T21:13:15.727Z audio_default_input_changed default_input=present default_input_transport=built-in
2026-08-25T21:13:15.727Z audio_default_input_changed default_input=present default_input_transport=built-in
2026-08-25T21:13:15.729Z audio_default_input_changed default_input=present default_input_transport=built-in
2026-08-25T21:13:15.733Z audio_default_input_changed default_input=present default_input_transport=built-in
2026-08-25T21:13:15.740Z audio_default_input_changed default_input=present default_input_transport=built-in
2026-08-25T21:13:15.742Z audio_default_input_changed default_input=present default_input_transport=built-in
2026-08-25T21:13:15.744Z audio_default_input_changed default_input=present default_input_transport=built-in
2026-08-25T21:13:15.745Z audio_default_input_changed default_input=present default_input_transport=built-in
2026-08-25T21:13:15.746Z audio_default_input_changed default_input=present default_input_transport=built-in
2026-08-25T21:13:15.746Z audio_default_input_changed default_input=present default_input_transport=built-in
2026-08-25T21:13:15.747Z audio_default_input_changed default_input=present default_input_transport=built-in
2026-08-25T21:13:15.748Z audio_default_input_changed default_input=present default_input_transport=built-in
2026-08-25T21:13:15.748Z audio_default_input_changed default_input=present default_input_transport=built-in
2026-08-25T21:13:15.749Z audio_default_input_changed default_input=present default_input_transport=built-in
2026-08-25T21:13:15.749Z audio_default_input_changed default_input=present default_input_transport=built-in
2026-08-25T21:13:15.750Z audio_default_input_changed default_input=present default_input_transport=built-in
2026-08-25T21:13:15.750Z audio_default_input_changed default_input=present default_input_transport=built-in
2026-08-25T21:13:15.751Z audio_default_input_changed default_input=present default_input_transport=built-in
2026-08-25T21:13:15.751Z audio_default_input_changed default_input=present default_input_transport=built-in
2026-08-25T21:13:15.752Z audio_default_input_changed default_input=present default_input_transport=built-in
2026-08-25T21:13:15.753Z audio_default_input_changed default_input=present default_input_transport=built-in
2026-08-25T21:13:15.753Z audio_default_input_changed default_input=present default_input_transport=built-in
2026-08-25T21:13:15.754Z audio_default_input_changed default_input=present default_input_transport=built-in
2026-08-25T21:13:15.754Z audio_default_input_changed default_input=present default_input_transport=built-in
2026-08-25T21:13:15.755Z audio_default_input_changed default_input=present default_input_transport=built-in
2026-08-25T21:13:15.755Z audio_default_input_changed default_input=present default_input_transport=built-in
2026-08-25T21:13:15.756Z audio_default_input_changed default_input=present default_input_transport=built-in
2026-08-25T21:13:15.756Z audio_default_input_changed default_input=present default_input_transport=built-in
2026-08-25T21:13:15.757Z audio_default_input_changed default_input=present default_input_transport=built-in
2026-08-25T21:13:15.757Z audio_default_input_changed default_input=present default_input_transport=built-in
2026-08-25T21:13:15.758Z audio_default_input_changed default_input=present default_input_transport=built-in
2026-08-25T21:13:15.758Z audio_default_input_changed default_input=present default_input_transport=built-in
2026-08-25T21:13:15.758Z audio_default_input_changed default_input=present default_input_transport=built-in
2026-08-25T21:13:15.759Z audio_default_input_changed default_input=present default_input_transport=built-in
2026-08-25T21:13:15.759Z audio_default_input_changed default_input=present default_input_transport=built-in
2026-08-25T21:13:15.760Z audio_default_input_changed default_input=present default_input_transport=built-in
2026-08-25T21:13:15.760Z audio_default_input_changed default_input=present default_input_transport=built-in
2026-08-25T21:13:15.761Z audio_default_input_changed default_input=present default_input_transport=built-in
2026-08-25T21:13:15.761Z audio_default_input_changed default_input=present default_input_transport=built-in
2026-08-25T21:13:15.762Z audio_default_input_changed default_input=present default_input_transport=built-in
2026-08-25T21:13:15.762Z audio_default_input_changed default_input=present default_input_transport=built-in
2026-08-25T21:13:15.763Z audio_default_input_changed default_input=present default_input_transport=built-in
2026-08-25T21:13:15.763Z audio_default_input_changed default_input=present default_input_transport=built-in
2026-08-25T21:13:15.763Z audio_default_input_changed default_input=present default_input_transport=built-in
2026-08-25T21:13:15.764Z audio_default_input_changed default_input=present default_input_transport=built-in
2026-08-25T21:13:15.764Z audio_default_input_changed default_input=present default_input_transport=built-in
2026-08-25T21:13:15.765Z audio_default_input_changed default_input=present default_input_transport=built-in
2026-08-25T21:13:15.765Z audio_default_input_changed default_input=present default_input_transport=built-in
2026-08-25T21:13:15.766Z audio_default_input_changed default_input=present default_input_transport=built-in
2026-08-25T21:13:15.766Z audio_default_input_changed default_input=present default_input_transport=built-in
2026-08-25T21:13:15.766Z audio_default_input_changed default_input=present default_input_transport=built-in
2026-08-25T21:13:15.767Z audio_default_input_changed default_input=present default_input_transport=built-in
2026-08-25T21:13:15.767Z audio_default_input_changed default_input=present default_input_transport=built-in
2026-08-25T21:13:15.767Z audio_default_input_changed default_input=present default_input_transport=built-in
2026-08-25T21:13:15.768Z audio_default_input_changed default_input=present default_input_transport=built-in
2026-08-25T21:13:15.768Z audio_default_input_changed default_input=present default_input_transport=built-in
2026-08-25T21:13:16.114Z audio_default_input_changed default_input=present default_input_transport=bluetooth
2026-08-25T21:13:16.117Z audio_default_input_changed default_input=present default_input_transport=bluetooth
2026-08-25T21:13:16.117Z audio_default_input_changed default_input=present default_input_transport=bluetooth
2026-08-25T21:13:16.118Z audio_default_input_changed default_input=present default_input_transport=bluetooth
2026-08-25T21:13:16.118Z audio_default_input_changed default_input=present default_input_transport=bluetooth
2026-08-25T21:13:16.119Z audio_default_input_changed default_input=present default_input_transport=bluetooth
2026-08-25T21:13:16.119Z audio_default_input_changed default_input=present default_input_transport=bluetooth
2026-08-25T21:13:16.119Z audio_default_input_changed default_input=present default_input_transport=bluetooth
2026-08-25T21:13:16.133Z audio_default_input_changed default_input=present default_input_transport=bluetooth
2026-08-25T21:13:16.177Z audio_default_input_changed default_input=present default_input_transport=bluetooth
2026-08-25T21:13:16.182Z audio_default_input_changed default_input=present default_input_transport=bluetooth
2026-08-25T21:13:16.185Z audio_default_input_changed default_input=present default_input_transport=bluetooth
2026-08-25T21:13:16.186Z audio_default_input_changed default_input=present default_input_transport=bluetooth
2026-08-25T21:13:16.187Z audio_default_input_changed default_input=present default_input_transport=bluetooth
2026-08-25T21:13:16.188Z audio_default_input_changed default_input=present default_input_transport=bluetooth
2026-08-25T21:13:16.188Z audio_default_input_changed default_input=present default_input_transport=bluetooth
2026-08-25T21:13:16.188Z audio_default_input_changed default_input=present default_input_transport=bluetooth
2026-08-25T21:13:16.189Z audio_default_input_changed default_input=present default_input_transport=bluetooth
2026-08-25T21:13:16.189Z audio_default_input_changed default_input=present default_input_transport=bluetooth
2026-08-25T21:13:16.189Z audio_default_input_changed default_input=present default_input_transport=bluetooth
2026-08-25T21:13:16.190Z audio_default_input_changed default_input=present default_input_transport=bluetooth
2026-08-25T21:13:16.190Z audio_default_input_changed default_input=present default_input_transport=bluetooth
2026-08-25T21:13:16.190Z audio_default_input_changed default_input=present default_input_transport=bluetooth
2026-08-25T21:13:16.191Z audio_default_input_changed default_input=present default_input_transport=bluetooth
2026-08-25T21:13:16.191Z audio_default_input_changed default_input=present default_input_transport=bluetooth
2026-08-25T21:13:16.191Z audio_default_input_changed default_input=present default_input_transport=bluetooth
2026-08-25T21:13:16.192Z audio_default_input_changed default_input=present default_input_transport=bluetooth
2026-08-25T21:13:16.192Z audio_default_input_changed default_input=present default_input_transport=bluetooth
2026-08-25T21:13:16.192Z audio_default_input_changed default_input=present default_input_transport=bluetooth
2026-08-25T21:13:16.192Z audio_default_input_changed default_input=present default_input_transport=bluetooth
2026-08-25T21:13:16.193Z audio_default_input_changed default_input=present default_input_transport=bluetooth
2026-08-25T21:13:16.193Z audio_default_input_changed default_input=present default_input_transport=bluetooth
2026-08-25T21:13:16.193Z audio_default_input_changed default_input=present default_input_transport=bluetooth
2026-08-25T21:13:16.194Z audio_default_input_changed default_input=present default_input_transport=bluetooth
2026-08-25T21:13:16.194Z audio_default_input_changed default_input=present default_input_transport=bluetooth
2026-08-25T21:13:16.194Z audio_default_input_changed default_input=present default_input_transport=bluetooth
2026-08-25T21:13:16.194Z audio_default_input_changed default_input=present default_input_transport=bluetooth
2026-08-25T21:13:16.195Z audio_default_input_changed default_input=present default_input_transport=bluetooth
2026-08-25T21:13:16.195Z audio_default_input_changed default_input=present default_input_transport=bluetooth
2026-08-25T21:13:16.195Z audio_default_input_changed default_input=present default_input_transport=bluetooth
2026-08-25T21:13:16.196Z audio_default_input_changed default_input=present default_input_transport=bluetooth
2026-08-25T21:13:16.196Z audio_default_input_changed default_input=present default_input_transport=bluetooth
2026-08-25T21:13:16.196Z audio_default_input_changed default_input=present default_input_transport=bluetooth
2026-08-25T21:13:16.196Z audio_default_input_changed default_input=present default_input_transport=bluetooth
2026-08-25T21:13:16.197Z audio_default_input_changed default_input=present default_input_transport=bluetooth
2026-08-25T21:13:16.197Z audio_default_input_changed default_input=present default_input_transport=bluetooth
2026-08-25T21:13:16.197Z audio_default_input_changed default_input=present default_input_transport=bluetooth
2026-08-25T21:13:16.198Z audio_default_input_changed default_input=present default_input_transport=bluetooth
2026-08-25T21:13:16.198Z audio_default_input_changed default_input=present default_input_transport=bluetooth
2026-08-25T21:13:16.198Z audio_default_input_changed default_input=present default_input_transport=bluetooth
2026-08-25T21:13:16.198Z audio_default_input_changed default_input=present default_input_transport=bluetooth
2026-08-25T21:13:16.199Z audio_default_input_changed default_input=present default_input_transport=bluetooth
2026-08-25T21:13:16.199Z audio_default_input_changed default_input=present default_input_transport=bluetooth
2026-08-25T21:13:16.199Z audio_default_input_changed default_input=present default_input_transport=bluetooth
2026-08-25T21:13:16.200Z audio_default_input_changed default_input=present default_input_transport=bluetooth
2026-08-25T21:13:16.200Z audio_default_input_changed default_input=present default_input_transport=bluetooth
2026-08-25T21:13:16.200Z audio_default_input_changed default_input=present default_input_transport=bluetooth
2026-08-25T21:13:16.201Z audio_default_input_changed default_input=present default_input_transport=bluetooth
2026-08-25T21:13:16.201Z audio_default_input_changed default_input=present default_input_transport=bluetooth
2026-08-25T21:13:16.730Z shared_mic_engine_prepare_skipped reason=bluetooth_or_unresolved_route
2026-08-25T21:13:18.712Z audio_default_input_changed default_input=present default_input_transport=built-in
2026-08-25T21:13:18.715Z audio_default_input_changed default_input=present default_input_transport=built-in
2026-08-25T21:13:18.722Z audio_default_input_changed default_input=present default_input_transport=built-in
2026-08-25T21:13:18.724Z audio_default_input_changed default_input=present default_input_transport=built-in
2026-08-25T21:13:18.725Z audio_default_input_changed default_input=present default_input_transport=built-in
2026-08-25T21:13:18.738Z audio_default_input_changed default_input=present default_input_transport=built-in
2026-08-25T21:13:18.740Z audio_default_input_changed default_input=present default_input_transport=built-in
2026-08-25T21:13:18.741Z audio_default_input_changed default_input=present default_input_transport=built-in
2026-08-25T21:13:18.743Z audio_default_input_changed default_input=present default_input_transport=built-in
2026-08-25T21:13:18.744Z audio_default_input_changed default_input=present default_input_transport=built-in
2026-08-25T21:13:18.746Z audio_default_input_changed default_input=present default_input_transport=built-in
2026-08-25T21:13:18.754Z audio_default_input_changed default_input=present default_input_transport=built-in
2026-08-25T21:13:18.757Z audio_default_input_changed default_input=present default_input_transport=built-in
2026-08-25T21:13:18.759Z audio_default_input_changed default_input=present default_input_transport=built-in
2026-08-25T21:13:18.760Z audio_default_input_changed default_input=present default_input_transport=built-in
2026-08-25T21:13:18.760Z audio_default_input_changed default_input=present default_input_transport=built-in
2026-08-25T21:13:18.761Z audio_default_input_changed default_input=present default_input_transport=built-in
2026-08-25T21:13:18.761Z audio_default_input_changed default_input=present default_input_transport=built-in
2026-08-25T21:13:18.762Z audio_default_input_changed default_input=present default_input_transport=built-in
2026-08-25T21:13:18.762Z audio_default_input_changed default_input=present default_input_transport=built-in
2026-08-25T21:13:18.763Z audio_default_input_changed default_input=present default_input_transport=built-in
2026-08-25T21:13:18.763Z audio_default_input_changed default_input=present default_input_transport=built-in
2026-08-25T21:13:18.764Z audio_default_input_changed default_input=present default_input_transport=built-in
2026-08-25T21:13:18.764Z audio_default_input_changed default_input=present default_input_transport=built-in
2026-08-25T21:13:18.765Z audio_default_input_changed default_input=present default_input_transport=built-in
2026-08-25T21:13:18.765Z audio_default_input_changed default_input=present default_input_transport=built-in
2026-08-25T21:13:18.766Z audio_default_input_changed default_input=present default_input_transport=built-in
2026-08-25T21:13:18.766Z audio_default_input_changed default_input=present default_input_transport=built-in
2026-08-25T21:13:18.767Z audio_default_input_changed default_input=present default_input_transport=built-in
2026-08-25T21:13:18.767Z audio_default_input_changed default_input=present default_input_transport=built-in
2026-08-25T21:13:18.768Z audio_default_input_changed default_input=present default_input_transport=built-in
2026-08-25T21:13:18.768Z audio_default_input_changed default_input=present default_input_transport=built-in
2026-08-25T21:13:18.768Z audio_default_input_changed default_input=present default_input_transport=built-in
2026-08-25T21:13:18.769Z audio_default_input_changed default_input=present default_input_transport=built-in
2026-08-25T21:13:18.769Z audio_default_input_changed default_input=present default_input_transport=built-in
2026-08-25T21:13:18.769Z audio_default_input_changed default_input=present default_input_transport=built-in
2026-08-25T21:13:18.770Z audio_default_input_changed default_input=present default_input_transport=built-in
2026-08-25T21:13:18.770Z audio_default_input_changed default_input=present default_input_transport=built-in
2026-08-25T21:13:18.771Z audio_default_input_changed default_input=present default_input_transport=built-in
2026-08-25T21:13:18.771Z audio_default_input_changed default_input=present default_input_transport=built-in
2026-08-25T21:13:18.771Z audio_default_input_changed default_input=present default_input_transport=built-in
2026-08-25T21:13:18.772Z audio_default_input_changed default_input=present default_input_transport=built-in
2026-08-25T21:13:18.772Z audio_default_input_changed default_input=present default_input_transport=built-in
2026-08-25T21:13:18.772Z audio_default_input_changed default_input=present default_input_transport=built-in
2026-08-25T21:13:18.773Z audio_default_input_changed default_input=present default_input_transport=built-in
2026-08-25T21:13:18.773Z audio_default_input_changed default_input=present default_input_transport=built-in
2026-08-25T21:13:18.774Z audio_default_input_changed default_input=present default_input_transport=built-in
2026-08-25T21:13:18.774Z audio_default_input_changed default_input=present default_input_transport=built-in
2026-08-25T21:13:18.775Z audio_default_input_changed default_input=present default_input_transport=built-in
2026-08-25T21:13:18.775Z audio_default_input_changed default_input=present default_input_transport=built-in
2026-08-25T21:13:18.775Z audio_default_input_changed default_input=present default_input_transport=built-in
2026-08-25T21:13:18.776Z audio_default_input_changed default_input=present default_input_transport=built-in
2026-08-25T21:13:18.776Z audio_default_input_changed default_input=present default_input_transport=built-in
2026-08-25T21:13:18.776Z audio_default_input_changed default_input=present default_input_transport=built-in
2026-08-25T21:13:18.777Z audio_default_input_changed default_input=present default_input_transport=built-in
2026-08-25T21:13:18.777Z audio_default_input_changed default_input=present default_input_transport=built-in
2026-08-25T21:13:18.778Z audio_default_input_changed default_input=present default_input_transport=built-in
2026-08-25T21:13:18.778Z audio_default_input_changed default_input=present default_input_transport=built-in
2026-08-25T21:13:18.779Z audio_default_input_changed default_input=present default_input_transport=built-in
2026-08-25T21:13:18.779Z audio_default_input_changed default_input=present default_input_transport=built-in
2026-08-25T21:13:19.200Z audio_default_input_changed default_input=present default_input_transport=bluetooth
2026-08-25T21:13:19.203Z audio_default_input_changed default_input=present default_input_transport=bluetooth
2026-08-25T21:13:19.208Z audio_default_input_changed default_input=present default_input_transport=bluetooth
2026-08-25T21:13:19.439Z audio_default_input_changed default_input=present default_input_transport=bluetooth
2026-08-25T21:13:19.439Z audio_default_input_changed default_input=present default_input_transport=bluetooth
2026-08-25T21:13:19.440Z audio_default_input_changed default_input=present default_input_transport=bluetooth
2026-08-25T21:13:19.441Z audio_default_input_changed default_input=present default_input_transport=bluetooth
2026-08-25T21:13:19.443Z audio_default_input_changed default_input=present default_input_transport=bluetooth
2026-08-25T21:13:19.444Z audio_default_input_changed default_input=present default_input_transport=bluetooth
2026-08-25T21:13:19.445Z audio_default_input_changed default_input=present default_input_transport=bluetooth
2026-08-25T21:13:19.445Z audio_default_input_changed default_input=present default_input_transport=bluetooth
2026-08-25T21:13:19.446Z audio_default_input_changed default_input=present default_input_transport=bluetooth
2026-08-25T21:13:19.446Z audio_default_input_changed default_input=present default_input_transport=bluetooth
2026-08-25T21:13:19.447Z audio_default_input_changed default_input=present default_input_transport=bluetooth
2026-08-25T21:13:19.447Z audio_default_input_changed default_input=present default_input_transport=bluetooth
2026-08-25T21:13:19.448Z audio_default_input_changed default_input=present default_input_transport=bluetooth
2026-08-25T21:13:19.448Z audio_default_input_changed default_input=present default_input_transport=bluetooth
2026-08-25T21:13:19.448Z audio_default_input_changed default_input=present default_input_transport=bluetooth
2026-08-25T21:13:19.449Z audio_default_input_changed default_input=present default_input_transport=bluetooth
2026-08-25T21:13:19.449Z audio_default_input_changed default_input=present default_input_transport=bluetooth
2026-08-25T21:13:19.450Z audio_default_input_changed default_input=present default_input_transport=bluetooth
2026-08-25T21:13:19.450Z audio_default_input_changed default_input=present default_input_transport=bluetooth
2026-08-25T21:13:19.451Z audio_default_input_changed default_input=present default_input_transport=bluetooth
2026-08-25T21:13:19.451Z audio_default_input_changed default_input=present default_input_transport=bluetooth
2026-08-25T21:13:19.452Z audio_default_input_changed default_input=present default_input_transport=bluetooth
2026-08-25T21:13:19.452Z audio_default_input_changed default_input=present default_input_transport=bluetooth
2026-08-25T21:13:19.453Z audio_default_input_changed default_input=present default_input_transport=bluetooth
2026-08-25T21:13:19.453Z audio_default_input_changed default_input=present default_input_transport=bluetooth
2026-08-25T21:13:19.454Z audio_default_input_changed default_input=present default_input_transport=bluetooth
2026-08-25T21:13:19.455Z audio_default_input_changed default_input=present default_input_transport=bluetooth
2026-08-25T21:13:19.455Z audio_default_input_changed default_input=present default_input_transport=bluetooth
2026-08-25T21:13:19.456Z audio_default_input_changed default_input=present default_input_transport=bluetooth
2026-08-25T21:13:19.457Z audio_default_input_changed default_input=present default_input_transport=bluetooth
2026-08-25T21:13:19.458Z audio_default_input_changed default_input=present default_input_transport=bluetooth
2026-08-25T21:13:19.458Z audio_default_input_changed default_input=present default_input_transport=bluetooth
2026-08-25T21:13:19.459Z audio_default_input_changed default_input=present default_input_transport=bluetooth
2026-08-25T21:13:19.459Z audio_default_input_changed default_input=present default_input_transport=bluetooth
2026-08-25T21:13:19.460Z audio_default_input_changed default_input=present default_input_transport=bluetooth
2026-08-25T21:13:19.460Z audio_default_input_changed default_input=present default_input_transport=bluetooth
2026-08-25T21:13:19.461Z audio_default_input_changed default_input=present default_input_transport=bluetooth
2026-08-25T21:13:19.461Z audio_default_input_changed default_input=present default_input_transport=bluetooth
2026-08-25T21:13:19.462Z audio_default_input_changed default_input=present default_input_transport=bluetooth
2026-08-25T21:13:19.462Z audio_default_input_changed default_input=present default_input_transport=bluetooth
2026-08-25T21:13:19.462Z audio_default_input_changed default_input=present default_input_transport=bluetooth
2026-08-25T21:13:19.463Z audio_default_input_changed default_input=present default_input_transport=bluetooth
2026-08-25T21:13:19.463Z audio_default_input_changed default_input=present default_input_transport=bluetooth
2026-08-25T21:13:19.464Z audio_default_input_changed default_input=present default_input_transport=bluetooth
2026-08-25T21:13:19.464Z audio_default_input_changed default_input=present default_input_transport=bluetooth
2026-08-25T21:13:19.464Z audio_default_input_changed default_input=present default_input_transport=bluetooth
2026-08-25T21:13:19.465Z audio_default_input_changed default_input=present default_input_transport=bluetooth
2026-08-25T21:13:19.465Z audio_default_input_changed default_input=present default_input_transport=bluetooth
2026-08-25T21:13:19.465Z audio_default_input_changed default_input=present default_input_transport=bluetooth
2026-08-25T21:13:19.466Z audio_default_input_changed default_input=present default_input_transport=bluetooth
2026-08-25T21:13:19.466Z audio_default_input_changed default_input=present default_input_transport=bluetooth
2026-08-25T21:13:19.467Z audio_default_input_changed default_input=present default_input_transport=bluetooth
2026-08-25T21:13:19.467Z audio_default_input_changed default_input=present default_input_transport=bluetooth
2026-08-25T21:13:19.468Z audio_default_input_changed default_input=present default_input_transport=bluetooth
2026-08-25T21:13:19.468Z audio_default_input_changed default_input=present default_input_transport=bluetooth
2026-08-25T21:13:19.469Z audio_default_input_changed default_input=present default_input_transport=bluetooth
2026-08-25T21:13:19.469Z audio_default_input_changed default_input=present default_input_transport=bluetooth
2026-08-25T21:13:19.870Z audio_default_input_changed default_input=present default_input_transport=built-in
2026-08-25T21:13:19.875Z audio_default_input_changed default_input=present default_input_transport=built-in
2026-08-25T21:13:19.878Z audio_default_input_changed default_input=present default_input_transport=built-in
2026-08-25T21:13:19.880Z audio_default_input_changed default_input=present default_input_transport=built-in
2026-08-25T21:13:19.882Z audio_default_input_changed default_input=present default_input_transport=built-in
2026-08-25T21:13:19.883Z audio_default_input_changed default_input=present default_input_transport=built-in
2026-08-25T21:13:19.883Z audio_default_input_changed default_input=present default_input_transport=built-in
2026-08-25T21:13:19.884Z audio_default_input_changed default_input=present default_input_transport=built-in
2026-08-25T21:13:19.884Z audio_default_input_changed default_input=present default_input_transport=built-in
2026-08-25T21:13:19.885Z audio_default_input_changed default_input=present default_input_transport=built-in
2026-08-25T21:13:19.885Z audio_default_input_changed default_input=present default_input_transport=built-in
2026-08-25T21:13:19.886Z audio_default_input_changed default_input=present default_input_transport=built-in
2026-08-25T21:13:19.886Z audio_default_input_changed default_input=present default_input_transport=built-in
2026-08-25T21:13:19.887Z audio_default_input_changed default_input=present default_input_transport=built-in
2026-08-25T21:13:19.887Z audio_default_input_changed default_input=present default_input_transport=built-in
2026-08-25T21:13:19.887Z audio_default_input_changed default_input=present default_input_transport=built-in
2026-08-25T21:13:19.888Z audio_default_input_changed default_input=present default_input_transport=built-in
2026-08-25T21:13:19.888Z audio_default_input_changed default_input=present default_input_transport=built-in
2026-08-25T21:13:19.888Z audio_default_input_changed default_input=present default_input_transport=built-in
2026-08-25T21:13:19.889Z audio_default_input_changed default_input=present default_input_transport=built-in
2026-08-25T21:13:19.889Z audio_default_input_changed default_input=present default_input_transport=built-in
2026-08-25T21:13:19.890Z audio_default_input_changed default_input=present default_input_transport=built-in
2026-08-25T21:13:19.890Z audio_default_input_changed default_input=present default_input_transport=built-in
2026-08-25T21:13:19.890Z audio_default_input_changed default_input=present default_input_transport=built-in
2026-08-25T21:13:19.891Z audio_default_input_changed default_input=present default_input_transport=built-in
2026-08-25T21:13:19.891Z audio_default_input_changed default_input=present default_input_transport=built-in
2026-08-25T21:13:19.891Z audio_default_input_changed default_input=present default_input_transport=built-in
2026-08-25T21:13:19.892Z audio_default_input_changed default_input=present default_input_transport=built-in
2026-08-25T21:13:19.892Z audio_default_input_changed default_input=present default_input_transport=built-in
2026-08-25T21:13:19.892Z audio_default_input_changed default_input=present default_input_transport=built-in
2026-08-25T21:13:19.893Z audio_default_input_changed default_input=present default_input_transport=built-in
2026-08-25T21:13:19.893Z audio_default_input_changed default_input=present default_input_transport=built-in
2026-08-25T21:13:19.893Z audio_default_input_changed default_input=present default_input_transport=built-in
2026-08-25T21:13:19.894Z audio_default_input_changed default_input=present default_input_transport=built-in
2026-08-25T21:13:19.894Z audio_default_input_changed default_input=present default_input_transport=built-in
2026-08-25T21:13:19.894Z audio_default_input_changed default_input=present default_input_transport=built-in
2026-08-25T21:13:19.895Z audio_default_input_changed default_input=present default_input_transport=built-in
2026-08-25T21:13:19.895Z audio_default_input_changed default_input=present default_input_transport=built-in
2026-08-25T21:13:19.895Z audio_default_input_changed default_input=present default_input_transport=built-in
2026-08-25T21:13:19.896Z audio_default_input_changed default_input=present default_input_transport=built-in
2026-08-25T21:13:19.896Z audio_default_input_changed default_input=present default_input_transport=built-in
2026-08-25T21:13:19.896Z audio_default_input_changed default_input=present default_input_transport=built-in
2026-08-25T21:13:19.897Z audio_default_input_changed default_input=present default_input_transport=built-in
2026-08-25T21:13:19.897Z audio_default_input_changed default_input=present default_input_transport=built-in
2026-08-25T21:13:19.897Z audio_default_input_changed default_input=present default_input_transport=built-in
2026-08-25T21:13:19.897Z audio_default_input_changed default_input=present default_input_transport=built-in
2026-08-25T21:13:19.898Z audio_default_input_changed default_input=present default_input_transport=built-in
2026-08-25T21:13:19.898Z audio_default_input_changed default_input=present default_input_transport=built-in
2026-08-25T21:13:19.898Z audio_default_input_changed default_input=present default_input_transport=built-in
2026-08-25T21:13:19.899Z audio_default_input_changed default_input=present default_input_transport=built-in
2026-08-25T21:13:19.899Z audio_default_input_changed default_input=present default_input_transport=built-in
2026-08-25T21:13:19.899Z audio_default_input_changed default_input=present default_input_transport=built-in
2026-08-25T21:13:19.900Z audio_default_input_changed default_input=present default_input_transport=built-in
2026-08-25T21:13:19.900Z audio_default_input_changed default_input=present default_input_transport=built-in
2026-08-25T21:13:19.900Z audio_default_input_changed default_input=present default_input_transport=built-in
2026-08-25T21:13:19.901Z audio_default_input_changed default_input=present default_input_transport=built-in
2026-08-25T21:13:19.901Z audio_default_input_changed default_input=present default_input_transport=built-in
2026-08-25T21:13:19.901Z audio_default_input_changed default_input=present default_input_transport=built-in
2026-08-25T21:13:19.902Z audio_default_input_changed default_input=present default_input_transport=built-in
2026-08-25T21:13:19.902Z audio_default_input_changed default_input=present default_input_transport=built-in
2026-08-25T21:13:20.527Z shared_mic_engine_prepare_timing vpio=false buffer_size=4096 set_vpio_ms=0.012 output_format_ms=0.004 install_tap_ms=0.004 total_ms=100.136
2026-08-25T21:13:20.528Z shared_mic_engine_input_device_prepared source=system_default device=present transport=built-in vpio=false set_device_ms=0.000 prepare_engine_ms=100.715
2026-08-25T21:13:20.726Z audio_default_input_changed default_input=present default_input_transport=bluetooth
2026-08-25T21:13:20.727Z audio_default_input_changed default_input=present default_input_transport=bluetooth
2026-08-25T21:13:20.732Z audio_default_input_changed default_input=present default_input_transport=bluetooth
2026-08-25T21:13:21.731Z audio_default_input_changed default_input=present default_input_transport=built-in
2026-08-25T21:13:21.732Z audio_default_input_changed default_input=present default_input_transport=built-in
2026-08-25T21:13:21.733Z audio_default_input_changed default_input=present default_input_transport=built-in
2026-08-25T21:13:21.734Z audio_default_input_changed default_input=present default_input_transport=built-in
2026-08-25T21:13:21.734Z audio_default_input_changed default_input=present default_input_transport=built-in
2026-08-25T21:13:21.735Z audio_default_input_changed default_input=present default_input_transport=built-in
2026-08-25T21:13:21.735Z audio_default_input_changed default_input=present default_input_transport=built-in
2026-08-25T21:13:21.736Z audio_default_input_changed default_input=present default_input_transport=built-in
2026-08-25T21:13:21.760Z audio_default_input_changed default_input=present default_input_transport=built-in
2026-08-25T21:13:21.762Z shared_mic_engine_stopped
2026-08-25T21:13:21.766Z audio_default_input_changed default_input=present default_input_transport=built-in
2026-08-25T21:13:21.779Z audio_default_input_changed default_input=present default_input_transport=built-in
2026-08-25T21:13:21.782Z audio_default_input_changed default_input=present default_input_transport=built-in
2026-08-25T21:13:21.785Z audio_default_input_changed default_input=present default_input_transport=built-in
2026-08-25T21:13:21.786Z audio_default_input_changed default_input=present default_input_transport=built-in
2026-08-25T21:13:21.787Z audio_default_input_changed default_input=present default_input_transport=built-in
2026-08-25T21:13:21.788Z audio_default_input_changed default_input=present default_input_transport=built-in
2026-08-25T21:13:21.789Z audio_default_input_changed default_input=present default_input_transport=built-in
2026-08-25T21:13:21.793Z audio_default_input_changed default_input=present default_input_transport=built-in
2026-08-25T21:13:21.796Z audio_default_input_changed default_input=present default_input_transport=built-in
2026-08-25T21:13:21.797Z audio_default_input_changed default_input=present default_input_transport=built-in
2026-08-25T21:13:21.799Z audio_default_input_changed default_input=present default_input_transport=built-in
2026-08-25T21:13:21.799Z audio_default_input_changed default_input=present default_input_transport=built-in
2026-08-25T21:13:21.800Z audio_default_input_changed default_input=present default_input_transport=built-in
2026-08-25T21:13:21.801Z audio_default_input_changed default_input=present default_input_transport=built-in
2026-08-25T21:13:21.802Z audio_default_input_changed default_input=present default_input_transport=built-in
2026-08-25T21:13:21.803Z audio_default_input_changed default_input=present default_input_transport=built-in
2026-08-25T21:13:21.804Z audio_default_input_changed default_input=present default_input_transport=built-in
2026-08-25T21:13:21.804Z audio_default_input_changed default_input=present default_input_transport=built-in
2026-08-25T21:13:21.805Z audio_default_input_changed default_input=present default_input_transport=built-in
2026-08-25T21:13:21.806Z audio_default_input_changed default_input=present default_input_transport=built-in
2026-08-25T21:13:21.806Z audio_default_input_changed default_input=present default_input_transport=built-in
2026-08-25T21:13:21.807Z audio_default_input_changed default_input=present default_input_transport=built-in
2026-08-25T21:13:21.808Z audio_default_input_changed default_input=present default_input_transport=built-in
2026-08-25T21:13:21.808Z audio_default_input_changed default_input=present default_input_transport=built-in
2026-08-25T21:13:21.809Z audio_default_input_changed default_input=present default_input_transport=built-in
2026-08-25T21:13:21.810Z audio_default_input_changed default_input=present default_input_transport=built-in
2026-08-25T21:13:21.811Z audio_default_input_changed default_input=present default_input_transport=built-in
2026-08-25T21:13:21.813Z audio_default_input_changed default_input=present default_input_transport=built-in
2026-08-25T21:13:21.815Z audio_default_input_changed default_input=present default_input_transport=built-in
2026-08-25T21:13:21.815Z audio_default_input_changed default_input=present default_input_transport=built-in
2026-08-25T21:13:21.816Z audio_default_input_changed default_input=present default_input_transport=built-in
2026-08-25T21:13:21.817Z audio_default_input_changed default_input=present default_input_transport=built-in
2026-08-25T21:13:21.817Z audio_default_input_changed default_input=present default_input_transport=built-in
2026-08-25T21:13:21.818Z audio_default_input_changed default_input=present default_input_transport=built-in
2026-08-25T21:13:21.819Z audio_default_input_changed default_input=present default_input_transport=built-in
2026-08-25T21:13:21.819Z audio_default_input_changed default_input=present default_input_transport=built-in
2026-08-25T21:13:21.820Z audio_default_input_changed default_input=present default_input_transport=built-in
2026-08-25T21:13:21.820Z audio_default_input_changed default_input=present default_input_transport=built-in
2026-08-25T21:13:21.821Z audio_default_input_changed default_input=present default_input_transport=built-in
2026-08-25T21:13:21.822Z audio_default_input_changed default_input=present default_input_transport=built-in
2026-08-25T21:13:21.822Z audio_default_input_changed default_input=present default_input_transport=built-in
2026-08-25T21:13:21.822Z audio_default_input_changed default_input=present default_input_transport=built-in
2026-08-25T21:13:21.823Z audio_default_input_changed default_input=present default_input_transport=built-in
2026-08-25T21:13:21.823Z audio_default_input_changed default_input=present default_input_transport=built-in
2026-08-25T21:13:21.824Z audio_default_input_changed default_input=present default_input_transport=built-in
2026-08-25T21:13:21.824Z audio_default_input_changed default_input=present default_input_transport=built-in
2026-08-25T21:13:21.825Z audio_default_input_changed default_input=present default_input_transport=built-in
2026-08-25T21:13:21.825Z audio_default_input_changed default_input=present default_input_transport=built-in
2026-08-25T21:13:21.825Z audio_default_input_changed default_input=present default_input_transport=built-in
2026-08-25T21:13:21.826Z audio_default_input_changed default_input=present default_input_transport=built-in
2026-08-25T21:13:21.826Z audio_default_input_changed default_input=present default_input_transport=built-in
2026-08-25T21:13:21.827Z audio_default_input_changed default_input=present default_input_transport=built-in
2026-08-25T21:13:21.827Z audio_default_input_changed default_input=present default_input_transport=built-in
2026-08-25T21:13:21.827Z audio_default_input_changed default_input=present default_input_transport=built-in
2026-08-25T21:13:21.828Z audio_default_input_changed default_input=present default_input_transport=built-in
2026-08-25T21:13:21.828Z audio_default_input_changed default_input=present default_input_transport=built-in
2026-08-25T21:13:21.828Z audio_default_input_changed default_input=present default_input_transport=built-in
2026-08-25T21:13:21.829Z audio_default_input_changed default_input=present default_input_transport=built-in
2026-08-25T21:13:21.829Z audio_default_input_changed default_input=present default_input_transport=built-in
2026-08-25T21:13:21.830Z audio_default_input_changed default_input=present default_input_transport=built-in
2026-08-25T21:13:21.830Z audio_default_input_changed default_input=present default_input_transport=built-in
2026-08-25T21:13:21.831Z audio_default_input_changed default_input=present default_input_transport=built-in
2026-08-25T21:13:21.832Z audio_default_input_changed default_input=present default_input_transport=built-in
2026-08-25T21:13:21.832Z audio_default_input_changed default_input=present default_input_transport=built-in
2026-08-25T21:13:21.833Z audio_default_input_changed default_input=present default_input_transport=built-in
2026-08-25T21:13:21.833Z audio_default_input_changed default_input=present default_input_transport=built-in
2026-08-25T21:13:21.835Z audio_default_input_changed default_input=present default_input_transport=built-in
2026-08-25T21:13:21.836Z audio_default_input_changed default_input=present default_input_transport=built-in
2026-08-25T21:13:21.838Z audio_default_input_changed default_input=present default_input_transport=built-in
2026-08-25T21:13:21.840Z audio_default_input_changed default_input=present default_input_transport=built-in
2026-08-25T21:13:21.842Z audio_default_input_changed default_input=present default_input_transport=built-in
2026-08-25T21:13:21.843Z audio_default_input_changed default_input=present default_input_transport=built-in
2026-08-25T21:13:21.844Z audio_default_input_changed default_input=present default_input_transport=built-in
2026-08-25T21:13:21.845Z audio_default_input_changed default_input=present default_input_transport=built-in
2026-08-25T21:13:21.846Z audio_default_input_changed default_input=present default_input_transport=built-in
2026-08-25T21:13:21.846Z audio_default_input_changed default_input=present default_input_transport=built-in
2026-08-25T21:13:21.847Z audio_default_input_changed default_input=present default_input_transport=built-in
2026-08-25T21:13:21.848Z audio_default_input_changed default_input=present default_input_transport=built-in
2026-08-25T21:13:21.849Z audio_default_input_changed default_input=present default_input_transport=built-in
2026-08-25T21:13:21.850Z audio_default_input_changed default_input=present default_input_transport=built-in
2026-08-25T21:13:21.851Z audio_default_input_changed default_input=present default_input_transport=built-in
2026-08-25T21:13:21.851Z audio_default_input_changed default_input=present default_input_transport=built-in
2026-08-25T21:13:21.852Z audio_default_input_changed default_input=present default_input_transport=built-in
2026-08-25T21:13:21.852Z audio_default_input_changed default_input=present default_input_transport=built-in
2026-08-25T21:13:21.852Z audio_default_input_changed default_input=present default_input_transport=built-in
2026-08-25T21:13:21.853Z audio_default_input_changed default_input=present default_input_transport=built-in
2026-08-25T21:13:21.853Z audio_default_input_changed default_input=present default_input_transport=built-in
2026-08-25T21:13:21.854Z audio_default_input_changed default_input=present default_input_transport=built-in
2026-08-25T21:13:21.854Z audio_default_input_changed default_input=present default_input_transport=built-in
2026-08-25T21:13:21.855Z audio_default_input_changed default_input=present default_input_transport=built-in
2026-08-25T21:13:21.856Z audio_default_input_changed default_input=present default_input_transport=built-in
2026-08-25T21:13:21.858Z audio_default_input_changed default_input=present default_input_transport=built-in
2026-08-25T21:13:21.858Z audio_default_input_changed default_input=present default_input_transport=built-in
2026-08-25T21:13:21.859Z audio_default_input_changed default_input=present default_input_transport=built-in
2026-08-25T21:13:21.860Z audio_default_input_changed default_input=present default_input_transport=built-in
2026-08-25T21:13:21.861Z audio_default_input_changed default_input=present default_input_transport=built-in
2026-08-25T21:13:21.861Z audio_default_input_changed default_input=present default_input_transport=built-in
2026-08-25T21:13:21.862Z audio_default_input_changed default_input=present default_input_transport=built-in
2026-08-25T21:13:21.862Z audio_default_input_changed default_input=present default_input_transport=built-in
2026-08-25T21:13:21.863Z audio_default_input_changed default_input=present default_input_transport=built-in
2026-08-25T21:13:21.863Z audio_default_input_changed default_input=present default_input_transport=built-in
2026-08-25T21:13:21.864Z audio_default_input_changed default_input=present default_input_transport=built-in
2026-08-25T21:13:21.864Z audio_default_input_changed default_input=present default_input_transport=built-in
2026-08-25T21:13:21.865Z audio_default_input_changed default_input=present default_input_transport=built-in
2026-08-25T21:13:21.865Z audio_default_input_changed default_input=present default_input_transport=built-in
2026-08-25T21:13:21.866Z audio_default_input_changed default_input=present default_input_transport=built-in
2026-08-25T21:13:21.867Z audio_default_input_changed default_input=present default_input_transport=built-in
2026-08-25T21:13:21.867Z audio_default_input_changed default_input=present default_input_transport=built-in
2026-08-25T21:13:21.868Z audio_default_input_changed default_input=present default_input_transport=built-in
2026-08-25T21:13:21.923Z shared_mic_engine_prepare_timing vpio=false buffer_size=4096 set_vpio_ms=0.005 output_format_ms=0.011 install_tap_ms=0.004 total_ms=154.501
2026-08-25T21:13:21.924Z shared_mic_engine_input_device_prepared source=system_default device=present transport=built-in vpio=false set_device_ms=0.000 prepare_engine_ms=155.326
2026-08-25T21:13:22.375Z shared_mic_engine_stopped
2026-08-25T21:13:22.480Z shared_mic_engine_prepare_timing vpio=false buffer_size=4096 set_vpio_ms=0.008 output_format_ms=0.015 install_tap_ms=0.005 total_ms=102.099
2026-08-25T21:13:22.480Z shared_mic_engine_input_device_prepared source=system_default device=present transport=built-in vpio=false set_device_ms=0.000 prepare_engine_ms=102.812
2026-08-28T19:00:12.135Z audio_default_input_changed default_input=present default_input_transport=bluetooth
2026-08-28T19:00:12.139Z audio_default_input_changed default_input=present default_input_transport=bluetooth
2026-08-28T19:00:12.140Z audio_default_input_changed default_input=present default_input_transport=bluetooth
2026-08-28T19:00:12.140Z audio_default_input_changed default_input=present default_input_transport=bluetooth
2026-08-28T19:00:12.140Z audio_default_input_changed default_input=present default_input_transport=bluetooth
2026-08-28T19:00:12.141Z audio_default_input_changed default_input=present default_input_transport=bluetooth
2026-08-28T19:00:12.141Z audio_default_input_changed default_input=present default_input_transport=bluetooth
2026-08-28T19:00:12.141Z audio_default_input_changed default_input=present default_input_transport=bluetooth
2026-08-28T19:00:12.142Z audio_default_input_changed default_input=present default_input_transport=bluetooth
2026-08-28T19:00:12.142Z audio_default_input_changed default_input=present default_input_transport=bluetooth
2026-08-28T19:00:12.143Z audio_default_input_changed default_input=present default_input_transport=bluetooth
2026-08-28T19:00:12.143Z audio_default_input_changed default_input=present default_input_transport=bluetooth
2026-08-28T19:00:12.144Z audio_default_input_changed default_input=present default_input_transport=bluetooth
2026-08-28T19:00:12.144Z audio_default_input_changed default_input=present default_input_transport=bluetooth
2026-08-28T19:00:12.144Z audio_default_input_changed default_input=present default_input_transport=bluetooth
2026-08-28T19:00:12.144Z audio_default_input_changed default_input=present default_input_transport=bluetooth
2026-08-28T19:00:12.145Z audio_default_input_changed default_input=present default_input_transport=bluetooth
2026-08-28T19:00:12.145Z audio_default_input_changed default_input=present default_input_transport=bluetooth
2026-08-28T19:00:12.145Z audio_default_input_changed default_input=present default_input_transport=bluetooth
2026-08-28T19:00:12.146Z audio_default_input_changed default_input=present default_input_transport=bluetooth
2026-08-28T19:00:12.146Z audio_default_input_changed default_input=present default_input_transport=bluetooth
2026-08-28T19:00:12.147Z audio_default_input_changed default_input=present default_input_transport=bluetooth
2026-08-28T19:00:12.147Z audio_default_input_changed default_input=present default_input_transport=bluetooth
2026-08-28T19:00:12.147Z audio_default_input_changed default_input=present default_input_transport=bluetooth
2026-08-28T19:00:12.148Z audio_default_input_changed default_input=present default_input_transport=bluetooth
2026-08-28T19:00:12.148Z audio_default_input_changed default_input=present default_input_transport=bluetooth
2026-08-28T19:00:12.148Z audio_default_input_changed default_input=present default_input_transport=bluetooth
2026-08-28T19:00:12.149Z audio_default_input_changed default_input=present default_input_transport=bluetooth
2026-08-28T19:00:12.150Z audio_default_input_changed default_input=present default_input_transport=bluetooth
2026-08-28T19:00:12.150Z audio_default_input_changed default_input=present default_input_transport=bluetooth
2026-08-28T19:00:12.150Z audio_default_input_changed default_input=present default_input_transport=bluetooth
2026-08-28T19:00:12.151Z audio_default_input_changed default_input=present default_input_transport=bluetooth
2026-08-28T19:00:12.151Z audio_default_input_changed default_input=present default_input_transport=bluetooth
2026-08-28T19:00:12.151Z audio_default_input_changed default_input=present default_input_transport=bluetooth
2026-08-28T19:00:12.152Z audio_default_input_changed default_input=present default_input_transport=bluetooth
2026-08-28T19:00:12.152Z audio_default_input_changed default_input=present default_input_transport=bluetooth
2026-08-28T19:00:12.152Z audio_default_input_changed default_input=present default_input_transport=bluetooth
2026-08-28T19:00:12.153Z audio_default_input_changed default_input=present default_input_transport=bluetooth
2026-08-28T19:00:12.153Z audio_default_input_changed default_input=present default_input_transport=bluetooth
2026-08-28T19:00:12.153Z audio_default_input_changed default_input=present default_input_transport=bluetooth
2026-08-28T19:00:12.154Z audio_default_input_changed default_input=present default_input_transport=bluetooth
2026-08-28T19:00:12.154Z audio_default_input_changed default_input=present default_input_transport=bluetooth
2026-08-28T19:00:12.154Z audio_default_input_changed default_input=present default_input_transport=bluetooth
2026-08-28T19:00:12.154Z audio_default_input_changed default_input=present default_input_transport=bluetooth
2026-08-28T19:00:12.155Z audio_default_input_changed default_input=present default_input_transport=bluetooth
2026-08-28T19:00:12.155Z audio_default_input_changed default_input=present default_input_transport=bluetooth
2026-08-28T19:00:12.155Z audio_default_input_changed default_input=present default_input_transport=bluetooth
2026-08-28T19:00:12.156Z audio_default_input_changed default_input=present default_input_transport=bluetooth
2026-08-28T19:00:12.156Z audio_default_input_changed default_input=present default_input_transport=bluetooth
2026-08-28T19:00:12.156Z audio_default_input_changed default_input=present default_input_transport=bluetooth
2026-08-28T19:00:12.156Z audio_default_input_changed default_input=present default_input_transport=bluetooth
2026-08-28T19:00:12.157Z audio_default_input_changed default_input=present default_input_transport=bluetooth
2026-08-28T19:00:12.157Z audio_default_input_changed default_input=present default_input_transport=bluetooth
2026-08-28T19:00:12.157Z audio_default_input_changed default_input=present default_input_transport=bluetooth
2026-08-28T19:00:12.158Z audio_default_input_changed default_input=present default_input_transport=bluetooth
2026-08-28T19:00:12.158Z audio_default_input_changed default_input=present default_input_transport=bluetooth
2026-08-28T19:00:12.158Z audio_default_input_changed default_input=present default_input_transport=bluetooth
2026-08-28T19:00:12.159Z audio_default_input_changed default_input=present default_input_transport=bluetooth
2026-08-28T19:00:12.159Z audio_default_input_changed default_input=present default_input_transport=bluetooth
2026-08-28T19:00:12.159Z audio_default_input_changed default_input=present default_input_transport=bluetooth
2026-08-28T19:00:12.160Z audio_default_input_changed default_input=present default_input_transport=bluetooth
2026-08-28T19:00:12.160Z audio_default_input_changed default_input=present default_input_transport=bluetooth
2026-08-28T19:00:12.160Z audio_default_input_changed default_input=present default_input_transport=bluetooth
2026-08-28T19:00:12.688Z shared_mic_engine_stopped
2026-08-28T19:00:12.706Z shared_mic_engine_prepare_skipped reason=bluetooth_or_unresolved_route
2026-08-28T19:56:53.809Z audio_default_input_changed default_input=present default_input_transport=built-in
2026-08-28T19:56:53.811Z audio_default_input_changed default_input=present default_input_transport=built-in
2026-08-28T19:56:53.812Z audio_default_input_changed default_input=present default_input_transport=built-in
2026-08-28T19:56:53.813Z audio_default_input_changed default_input=present default_input_transport=built-in
2026-08-28T19:56:53.813Z audio_default_input_changed default_input=present default_input_transport=built-in
2026-08-28T19:56:53.813Z audio_default_input_changed default_input=present default_input_transport=built-in
2026-08-28T19:56:53.814Z audio_default_input_changed default_input=present default_input_transport=built-in
2026-08-28T19:56:53.814Z audio_default_input_changed default_input=present default_input_transport=built-in
2026-08-28T19:56:53.815Z audio_default_input_changed default_input=present default_input_transport=built-in
2026-08-28T19:56:53.815Z audio_default_input_changed default_input=present default_input_transport=built-in
2026-08-28T19:56:53.816Z audio_default_input_changed default_input=present default_input_transport=built-in
2026-08-28T19:56:53.816Z audio_default_input_changed default_input=present default_input_transport=built-in
2026-08-28T19:56:53.816Z audio_default_input_changed default_input=present default_input_transport=built-in
2026-08-28T19:56:53.817Z audio_default_input_changed default_input=present default_input_transport=built-in
2026-08-28T19:56:53.817Z audio_default_input_changed default_input=present default_input_transport=built-in
2026-08-28T19:56:53.817Z audio_default_input_changed default_input=present default_input_transport=built-in
2026-08-28T19:56:53.818Z audio_default_input_changed default_input=present default_input_transport=built-in
2026-08-28T19:56:53.818Z audio_default_input_changed default_input=present default_input_transport=built-in
2026-08-28T19:56:53.818Z audio_default_input_changed default_input=present default_input_transport=built-in
2026-08-28T19:56:53.818Z audio_default_input_changed default_input=present default_input_transport=built-in
2026-08-28T19:56:53.819Z audio_default_input_changed default_input=present default_input_transport=built-in
2026-08-28T19:56:53.819Z audio_default_input_changed default_input=present default_input_transport=built-in
2026-08-28T19:56:53.819Z audio_default_input_changed default_input=present default_input_transport=built-in
2026-08-28T19:56:53.819Z audio_default_input_changed default_input=present default_input_transport=built-in
2026-08-28T19:56:53.820Z audio_default_input_changed default_input=present default_input_transport=built-in
2026-08-28T19:56:53.820Z audio_default_input_changed default_input=present default_input_transport=built-in
2026-08-28T19:56:53.821Z audio_default_input_changed default_input=present default_input_transport=built-in
2026-08-28T19:56:53.821Z audio_default_input_changed default_input=present default_input_transport=built-in
2026-08-28T19:56:53.821Z audio_default_input_changed default_input=present default_input_transport=built-in
2026-08-28T19:56:53.821Z audio_default_input_changed default_input=present default_input_transport=built-in
2026-08-28T19:56:53.822Z audio_default_input_changed default_input=present default_input_transport=built-in
2026-08-28T19:56:53.822Z audio_default_input_changed default_input=present default_input_transport=built-in
2026-08-28T19:56:53.822Z audio_default_input_changed default_input=present default_input_transport=built-in
2026-08-28T19:56:53.823Z audio_default_input_changed default_input=present default_input_transport=built-in
2026-08-28T19:56:53.823Z audio_default_input_changed default_input=present default_input_transport=built-in
2026-08-28T19:56:53.823Z audio_default_input_changed default_input=present default_input_transport=built-in
2026-08-28T19:56:53.824Z audio_default_input_changed default_input=present default_input_transport=built-in
2026-08-28T19:56:53.824Z audio_default_input_changed default_input=present default_input_transport=built-in
2026-08-28T19:56:53.824Z audio_default_input_changed default_input=present default_input_transport=built-in
2026-08-28T19:56:53.824Z audio_default_input_changed default_input=present default_input_transport=built-in
2026-08-28T19:56:53.825Z audio_default_input_changed default_input=present default_input_transport=built-in
2026-08-28T19:56:53.825Z audio_default_input_changed default_input=present default_input_transport=built-in
2026-08-28T19:56:53.825Z audio_default_input_changed default_input=present default_input_transport=built-in
2026-08-28T19:56:53.826Z audio_default_input_changed default_input=present default_input_transport=built-in
2026-08-28T19:56:53.826Z audio_default_input_changed default_input=present default_input_transport=built-in
2026-08-28T19:56:53.826Z audio_default_input_changed default_input=present default_input_transport=built-in
2026-08-28T19:56:53.826Z audio_default_input_changed default_input=present default_input_transport=built-in
2026-08-28T19:56:53.827Z audio_default_input_changed default_input=present default_input_transport=built-in
2026-08-28T19:56:53.827Z audio_default_input_changed default_input=present default_input_transport=built-in
2026-08-28T19:56:53.827Z audio_default_input_changed default_input=present default_input_transport=built-in
2026-08-28T19:56:53.828Z audio_default_input_changed default_input=present default_input_transport=built-in
2026-08-28T19:56:53.828Z audio_default_input_changed default_input=present default_input_transport=built-in
2026-08-28T19:56:53.829Z audio_default_input_changed default_input=present default_input_transport=built-in
2026-08-28T19:56:53.829Z audio_default_input_changed default_input=present default_input_transport=built-in
2026-08-28T19:56:53.829Z audio_default_input_changed default_input=present default_input_transport=built-in
2026-08-28T19:56:53.830Z audio_default_input_changed default_input=present default_input_transport=built-in
2026-08-28T19:56:53.830Z audio_default_input_changed default_input=present default_input_transport=built-in
2026-08-28T19:56:53.831Z audio_default_input_changed default_input=present default_input_transport=built-in
2026-08-28T19:56:53.832Z audio_default_input_changed default_input=present default_input_transport=built-in
2026-08-28T19:56:53.834Z audio_default_input_changed default_input=present default_input_transport=built-in
2026-08-28T19:56:53.834Z audio_default_input_changed default_input=present default_input_transport=built-in
2026-08-28T19:56:53.834Z audio_default_input_changed default_input=present default_input_transport=built-in
2026-08-28T19:56:53.835Z audio_default_input_changed default_input=present default_input_transport=built-in
2026-08-28T19:56:53.835Z audio_default_input_changed default_input=present default_input_transport=built-in
2026-08-28T19:56:54.469Z shared_mic_engine_prepare_timing vpio=false buffer_size=4096 set_vpio_ms=0.025 output_format_ms=0.008 install_tap_ms=0.006 total_ms=108.362
2026-08-28T19:56:54.469Z shared_mic_engine_input_device_prepared source=system_default device=present transport=built-in vpio=false set_device_ms=0.000 prepare_engine_ms=108.983
2026-09-01T17:37:20.518Z dictation_diagnostics_session_start pid=1964 version=0.7.3 build=20260717011712 source=dist-xcodebuild-release commit=d6321f87dcce
2026-09-01T17:37:22.069Z shared_mic_engine_prepare_timing vpio=false buffer_size=4096 set_vpio_ms=0.006 output_format_ms=0.010 install_tap_ms=0.005 total_ms=261.190
2026-09-01T17:37:22.070Z shared_mic_engine_input_device_prepared source=system_default device=present transport=built-in vpio=false set_device_ms=0.000 prepare_engine_ms=262.321
2026-09-02T00:27:56.740Z dictation_capture_start permission_status=3
2026-09-02T00:27:56.749Z dictation_capture_starting
2026-09-02T00:27:56.807Z shared_mic_engine_started_from_prepared audio_engine_start_ms=55.136
2026-09-02T00:27:56.808Z shared_mic_diagnostics transition=subscribe wants_vpio=false blocks_vpio_promotion=true subscribers=1 vpio_subs=0 passive_subs=0 engine_running=true vpio_engaged=false vpio_deferred=false vpio_deferral_count=0
2026-09-02T00:27:56.808Z dictation_capture_engine_started file_created=true default_input=present default_input_transport=built-in sr=48000.0 ch=1
2026-09-02T00:27:56.911Z dictation_capture_first_buffer sr=48000.0 ch=1 original_ch=1 common_format=1 interleaved=false frames=4800 has_float_data=true
2026-09-02T00:27:58.607Z dictation_hotkey_stop_tail_scheduled mode=hold_to_talk tail_ms=200
2026-09-02T00:27:58.820Z dictation_hotkey_stop_tail_fired mode=hold_to_talk tail_ms=200
2026-09-02T00:27:58.840Z dictation_stop_requested mode=hold_to_talk session=1
2026-09-02T00:27:58.897Z shared_mic_engine_stopped
2026-09-02T00:27:58.898Z shared_mic_diagnostics transition=unsubscribe wants_vpio=n/a blocks_vpio_promotion=n/a subscribers=0 vpio_subs=0 passive_subs=0 engine_running=false vpio_engaged=false vpio_deferred=false vpio_deferral_count=0
2026-09-02T00:27:58.900Z dictation_capture_stop sample_count=30400 effective_sample_count=30400 duration_s=1.900 wall_duration_s=2.092 file_bytes=125696 input_buffers=20 output_buffers=19 input_frames=96000 max_rms=0.079604 max_level=0.398 non_silent_buffers=13 missing_float_buffers=0 invalid_format_buffers=0 no_buffer_timeout=false
2026-09-02T00:27:58.903Z dictation_transcribe_begin file_bytes=125696
2026-09-02T00:27:59.003Z shared_mic_engine_prepare_timing vpio=false buffer_size=4096 set_vpio_ms=0.007 output_format_ms=0.005 install_tap_ms=0.005 total_ms=102.119
2026-09-02T00:27:59.004Z shared_mic_engine_input_device_prepared source=system_default device=present transport=built-in vpio=false set_device_ms=0.000 prepare_engine_ms=103.136
2026-09-02T00:27:59.043Z dictation_transcribe_complete chars=24 words=5 engine=parakeet variant=v3
2026-09-02T00:29:13.160Z dictation_capture_start permission_status=3
2026-09-02T00:29:13.163Z dictation_capture_starting
2026-09-02T00:29:13.220Z shared_mic_engine_started_from_prepared audio_engine_start_ms=55.961
2026-09-02T00:29:13.222Z shared_mic_diagnostics transition=subscribe wants_vpio=false blocks_vpio_promotion=true subscribers=1 vpio_subs=0 passive_subs=0 engine_running=true vpio_engaged=false vpio_deferred=false vpio_deferral_count=0
2026-09-02T00:29:13.223Z dictation_capture_engine_started file_created=true default_input=present default_input_transport=built-in sr=48000.0 ch=1
2026-09-02T00:29:13.326Z dictation_capture_first_buffer sr=48000.0 ch=1 original_ch=1 common_format=1 interleaved=false frames=4800 has_float_data=true
2026-09-02T00:29:18.226Z dictation_capture_heartbeat input_buffers=50 input_frames=240000 isRunning=true default_input=present default_input_transport=built-in
2026-09-02T00:29:23.233Z dictation_capture_heartbeat input_buffers=100 input_frames=480000 isRunning=true default_input=present default_input_transport=built-in
2026-09-02T00:29:28.251Z dictation_capture_heartbeat input_buffers=150 input_frames=720000 isRunning=true default_input=present default_input_transport=built-in
2026-09-02T00:29:33.259Z dictation_capture_heartbeat input_buffers=200 input_frames=960000 isRunning=true default_input=present default_input_transport=built-in
2026-09-02T00:29:34.184Z dictation_hotkey_stop_tail_scheduled mode=hold_to_talk tail_ms=200
2026-09-02T00:29:34.395Z dictation_hotkey_stop_tail_fired mode=hold_to_talk tail_ms=200
2026-09-02T00:29:34.401Z dictation_stop_requested mode=hold_to_talk session=2
2026-09-02T00:29:34.455Z shared_mic_engine_stopped
2026-09-02T00:29:34.456Z shared_mic_diagnostics transition=unsubscribe wants_vpio=n/a blocks_vpio_promotion=n/a subscribers=0 vpio_subs=0 passive_subs=0 engine_running=false vpio_engaged=false vpio_deferred=false vpio_deferral_count=0
2026-09-02T00:29:34.457Z dictation_capture_stop sample_count=336000 effective_sample_count=336000 duration_s=21.000 wall_duration_s=21.235 file_bytes=1348096 input_buffers=211 output_buffers=210 input_frames=1012800 max_rms=0.096209 max_level=0.481 non_silent_buffers=169 missing_float_buffers=0 invalid_format_buffers=0 no_buffer_timeout=false
2026-09-02T00:29:34.458Z dictation_transcribe_begin file_bytes=1348096
2026-09-02T00:29:34.560Z shared_mic_engine_prepare_timing vpio=false buffer_size=4096 set_vpio_ms=0.006 output_format_ms=0.008 install_tap_ms=0.006 total_ms=102.502
2026-09-02T00:29:34.561Z shared_mic_engine_input_device_prepared source=system_default device=present transport=built-in vpio=false set_device_ms=0.000 prepare_engine_ms=103.358
2026-09-02T00:29:34.647Z dictation_transcribe_complete chars=247 words=43 engine=parakeet variant=v3
2026-09-02T00:44:13.528Z shared_mic_engine_configuration_changed sr=48000.0 ch=1 isRunning=false engine_is_running=false default_input=present default_input_transport=built-in
2026-09-02T00:44:13.530Z shared_mic_engine_prepared_discarded reason=configuration_changed
2026-09-02T00:44:14.167Z shared_mic_engine_prepare_timing vpio=false buffer_size=4096 set_vpio_ms=0.005 output_format_ms=0.009 install_tap_ms=0.004 total_ms=110.036
2026-09-02T00:44:14.168Z shared_mic_engine_input_device_prepared source=system_default device=present transport=built-in vpio=false set_device_ms=0.000 prepare_engine_ms=110.711
2026-09-02T00:44:15.811Z audio_default_input_changed default_input=present default_input_transport=bluetooth
2026-09-02T00:44:15.815Z audio_default_input_changed default_input=present default_input_transport=bluetooth
2026-09-02T00:44:15.872Z audio_default_input_changed default_input=present default_input_transport=bluetooth
2026-09-02T00:44:15.874Z audio_default_input_changed default_input=present default_input_transport=bluetooth
2026-09-02T00:44:16.082Z audio_default_input_changed default_input=present default_input_transport=bluetooth
2026-09-02T00:44:16.353Z shared_mic_engine_configuration_changed sr=48000.0 ch=3 isRunning=false engine_is_running=false default_input=present default_input_transport=bluetooth
2026-09-02T00:44:16.354Z shared_mic_engine_prepared_discarded reason=configuration_changed
2026-09-02T00:44:16.879Z shared_mic_engine_prepare_skipped reason=bluetooth_or_unresolved_route
2026-09-02T01:04:35.298Z audio_default_input_changed default_input=present default_input_transport=built-in
2026-09-02T01:04:35.299Z audio_default_input_changed default_input=present default_input_transport=built-in
2026-09-02T01:04:35.300Z audio_default_input_changed default_input=present default_input_transport=built-in
2026-09-02T01:04:35.302Z audio_default_input_changed default_input=present default_input_transport=built-in
2026-09-02T01:04:35.303Z audio_default_input_changed default_input=present default_input_transport=built-in
2026-09-02T01:04:35.304Z audio_default_input_changed default_input=present default_input_transport=built-in
2026-09-02T01:04:35.304Z audio_default_input_changed default_input=present default_input_transport=built-in
2026-09-02T01:04:35.919Z shared_mic_engine_prepare_timing vpio=false buffer_size=4096 set_vpio_ms=0.008 output_format_ms=0.008 install_tap_ms=0.006 total_ms=97.324
2026-09-02T01:04:35.920Z shared_mic_engine_input_device_prepared source=system_default device=present transport=built-in vpio=false set_device_ms=0.000 prepare_engine_ms=97.945
2026-09-02T01:04:35.983Z audio_default_input_changed default_input=present default_input_transport=bluetooth
2026-09-02T01:04:35.991Z audio_default_input_changed default_input=present default_input_transport=bluetooth
2026-09-02T01:04:35.992Z audio_default_input_changed default_input=present default_input_transport=bluetooth
2026-09-02T01:04:35.993Z audio_default_input_changed default_input=present default_input_transport=bluetooth
2026-09-02T01:04:35.994Z audio_default_input_changed default_input=present default_input_transport=bluetooth
2026-09-02T01:04:35.995Z audio_default_input_changed default_input=present default_input_transport=bluetooth
2026-09-02T01:04:35.995Z audio_default_input_changed default_input=present default_input_transport=bluetooth
2026-09-02T01:04:35.997Z audio_default_input_changed default_input=present default_input_transport=bluetooth
2026-09-02T01:04:36.556Z shared_mic_engine_stopped
2026-09-02T01:04:36.557Z shared_mic_engine_prepare_skipped reason=bluetooth_or_unresolved_route
2026-09-02T01:04:40.956Z audio_default_input_changed default_input=present default_input_transport=built-in
2026-09-02T01:04:40.959Z audio_default_input_changed default_input=present default_input_transport=built-in
2026-09-02T01:04:40.960Z audio_default_input_changed default_input=present default_input_transport=built-in
2026-09-02T01:04:40.961Z audio_default_input_changed default_input=present default_input_transport=built-in
2026-09-02T01:04:40.961Z audio_default_input_changed default_input=present default_input_transport=built-in
2026-09-02T01:04:40.962Z audio_default_input_changed default_input=present default_input_transport=built-in
2026-09-02T01:04:40.962Z audio_default_input_changed default_input=present default_input_transport=built-in
2026-09-02T01:04:40.963Z audio_default_input_changed default_input=present default_input_transport=built-in
2026-09-02T01:04:40.963Z audio_default_input_changed default_input=present default_input_transport=built-in
2026-09-02T01:04:41.586Z shared_mic_engine_prepare_timing vpio=false buffer_size=4096 set_vpio_ms=0.006 output_format_ms=0.009 install_tap_ms=0.004 total_ms=102.907
2026-09-02T01:04:41.586Z shared_mic_engine_input_device_prepared source=system_default device=present transport=built-in vpio=false set_device_ms=0.000 prepare_engine_ms=103.535
2026-09-02T01:22:38.209Z audio_default_input_changed default_input=present default_input_transport=bluetooth
2026-09-02T01:22:38.220Z audio_default_input_changed default_input=present default_input_transport=bluetooth
2026-09-02T01:22:38.230Z audio_default_input_changed default_input=present default_input_transport=bluetooth
2026-09-02T01:22:38.235Z audio_default_input_changed default_input=present default_input_transport=bluetooth
2026-09-02T01:22:38.247Z audio_default_input_changed default_input=present default_input_transport=bluetooth
2026-09-02T01:22:38.248Z audio_default_input_changed default_input=present default_input_transport=bluetooth
2026-09-02T01:22:38.250Z audio_default_input_changed default_input=present default_input_transport=bluetooth
2026-09-02T01:22:38.253Z audio_default_input_changed default_input=present default_input_transport=bluetooth
2026-09-02T01:22:38.254Z audio_default_input_changed default_input=present default_input_transport=bluetooth
2026-09-02T01:22:38.255Z audio_default_input_changed default_input=present default_input_transport=bluetooth
2026-09-02T01:22:38.458Z shared_mic_engine_configuration_changed sr=48000.0 ch=1 isRunning=false engine_is_running=false default_input=present default_input_transport=bluetooth
2026-09-02T01:22:38.459Z shared_mic_engine_prepared_discarded reason=configuration_changed
2026-09-02T01:22:38.987Z shared_mic_engine_prepare_skipped reason=bluetooth_or_unresolved_route
2026-09-02T01:27:33.365Z meeting_live_chunking_mode session=5AFF5A3B-3F3B-4B48-855D-91B1D062E241 mode=vad reason=started
2026-09-02T01:27:33.388Z meeting_mic_capture_starting requested_mode=raw default_input=present default_input_transport=bluetooth
2026-09-02T01:27:33.522Z shared_mic_engine_start_timing vpio=false buffer_size=4096 set_vpio_ms=0.008 ducking_ms=0.000 output_format_ms=0.008 install_tap_ms=0.016 audio_engine_start_ms=82.518 total_ms=132.064
2026-09-02T01:27:33.523Z shared_mic_engine_input_device_started source=system_default device=present transport=bluetooth vpio=false set_device_ms=0.000 start_engine_ms=132.805
2026-09-02T01:27:33.523Z shared_mic_diagnostics transition=subscribe wants_vpio=false blocks_vpio_promotion=true subscribers=1 vpio_subs=0 passive_subs=0 engine_running=true vpio_engaged=false vpio_deferred=false vpio_deferral_count=0
2026-09-02T01:27:33.524Z meeting_mic_processing mode=raw
2026-09-02T01:27:33.524Z meeting_mic_capture_started requested_mode=raw effective_mode=raw sr=24000.0 ch=1 default_input=present default_input_transport=bluetooth
2026-09-02T01:27:33.561Z system_audio_stream_screen_output_attached mode=discard
2026-09-02T01:27:33.719Z meeting_mic_first_buffer sr=24000.0 ch=1 interleaved=false
2026-09-02T01:27:33.720Z system_audio_stream_started sr=48000 ch=2
2026-09-02T01:27:33.721Z meeting_recording_started session=5AFF5A3B-3F3B-4B48-855D-91B1D062E241 source_mode=Optional(MacParakeetCore.MeetingAudioSourceMode.microphoneAndSystem) requested_mic_mode=raw effective_mic_mode=raw
2026-09-02T01:27:33.802Z system_audio_stream_first_buffer sr=48000 ch=2
2026-09-02T02:58:49.728Z meeting_recording_paused session=5AFF5A3B-3F3B-4B48-855D-91B1D062E241
2026-09-02T02:58:55.103Z meeting_stop_stage session=5AFF5A3B-3F3B-4B48-855D-91B1D062E241 stage=notes_commit duration_ms=1 outcome=success
2026-09-02T02:58:55.104Z meeting_recording_stopping session=5AFF5A3B-3F3B-4B48-855D-91B1D062E241
2026-09-02T02:58:55.104Z meeting_mic_capture_stopped default_input=present default_input_transport=bluetooth
2026-09-02T02:58:55.117Z shared_mic_engine_stopped
2026-09-02T02:58:55.122Z shared_mic_diagnostics transition=unsubscribe wants_vpio=n/a blocks_vpio_promotion=n/a subscribers=0 vpio_subs=0 passive_subs=0 engine_running=false vpio_engaged=false vpio_deferred=false vpio_deferral_count=0
2026-09-02T02:58:55.139Z system_audio_stream_stopped outcome=completed
2026-09-02T02:58:55.141Z meeting_stop_stage session=5AFF5A3B-3F3B-4B48-855D-91B1D062E241 stage=capture_stop duration_ms=36 outcome=success
2026-09-02T02:58:55.149Z shared_mic_engine_prepare_skipped reason=bluetooth_or_unresolved_route
2026-09-02T02:58:55.152Z meeting_stop_stage session=5AFF5A3B-3F3B-4B48-855D-91B1D062E241 stage=processing_drain duration_ms=11 outcome=success
2026-09-02T02:58:55.175Z meeting_stop_stage session=5AFF5A3B-3F3B-4B48-855D-91B1D062E241 stage=writer_finalize duration_ms=22 outcome=success
2026-09-02T02:58:55.232Z meeting_stop_stage session=5AFF5A3B-3F3B-4B48-855D-91B1D062E241 stage=source_urls duration_ms=55 outcome=success
2026-09-02T02:58:55.233Z meeting_stop_stage session=5AFF5A3B-3F3B-4B48-855D-91B1D062E241 stage=metadata_save duration_ms=1 outcome=success
2026-09-02T02:59:47.268Z meeting_stop_stage session=5AFF5A3B-3F3B-4B48-855D-91B1D062E241 stage=mix duration_ms=52034 outcome=success
2026-09-02T02:59:47.270Z meeting_stop_stage session=5AFF5A3B-3F3B-4B48-855D-91B1D062E241 stage=notes_write duration_ms=1 outcome=success
2026-09-02T02:59:47.271Z meeting_stop_stage session=5AFF5A3B-3F3B-4B48-855D-91B1D062E241 stage=lock_write duration_ms=1 outcome=success
2026-09-02T02:59:47.272Z meeting_cleaned_mic session=5AFF5A3B-3F3B-4B48-855D-91B1D062E241 outcome=scheduled
2026-09-02T02:59:47.272Z meeting_stop_stage session=5AFF5A3B-3F3B-4B48-855D-91B1D062E241 stage=cleaned_mic_schedule duration_ms=1 outcome=success
2026-09-02T02:59:47.273Z meeting_stop_stage session=5AFF5A3B-3F3B-4B48-855D-91B1D062E241 stage=cleanup duration_ms=0 outcome=success
2026-09-02T02:59:47.273Z meeting_recording_stopped session=5AFF5A3B-3F3B-4B48-855D-91B1D062E241 duration_s=5476.397
2026-09-02T02:59:47.274Z meeting_recording_health session=5AFF5A3B-3F3B-4B48-855D-91B1D062E241 duration_s=5476.397 source_mode=microphone_and_system mic_started=true requested_mic_mode=raw effective_mic_mode=raw mic_first_buffer=true system_first_buffer=true mic_bytes=44899208 system_bytes=44027023 mixed_bytes=89538674 mic_frames=262856672 system_frames=262848000 mic_chunks_enqueued=261 system_chunks_enqueued=707 mic_chunks_low_signal_dropped=3 system_chunks_low_signal_dropped=14 mic_chunks_system_dominant_dropped=146 backpressure_drops=0 transcription_failures=0 interrupted_sources=none capture_failed=false
2026-09-02T02:59:47.274Z meeting_echo_suppression_summary session=5AFF5A3B-3F3B-4B48-855D-91B1D062E241 processor=localvqe loaded=true mic_frames=342151 processed_frames=342151 raw_fallback_frames=16 full_reference_frames=342151 partial_reference_frames=0 missing_reference_frames=0 processing_failures=0 current_delay_samples=0 delay_confidence=0.000 delay_estimate_count=0 rejected_delay_estimates=10948
2026-09-02T02:59:47.275Z meeting_stop_stage session=5AFF5A3B-3F3B-4B48-855D-91B1D062E241 stage=service_total duration_ms=52171 outcome=success
2026-09-02T02:59:47.276Z meeting_stop_stage session=5AFF5A3B-3F3B-4B48-855D-91B1D062E241 stage=service_stop duration_ms=52172 outcome=success
2026-09-02T02:59:47.283Z meeting_stop_stage session=5AFF5A3B-3F3B-4B48-855D-91B1D062E241 stage=prepare_row duration_ms=7 outcome=success
2026-09-02T02:59:47.285Z meeting_stop_stage session=5AFF5A3B-3F3B-4B48-855D-91B1D062E241 stage=queue_enqueue duration_ms=1 outcome=success
2026-09-02T02:59:47.287Z meeting_stop_stage session=5AFF5A3B-3F3B-4B48-855D-91B1D062E241 stage=queued_total duration_ms=52185 outcome=success
2026-09-02T03:00:10.490Z audio_default_input_changed default_input=present default_input_transport=built-in
2026-09-02T03:00:10.506Z audio_default_input_changed default_input=present default_input_transport=built-in
2026-09-02T03:00:10.518Z audio_default_input_changed default_input=present default_input_transport=built-in
2026-09-02T03:00:10.518Z audio_default_input_changed default_input=present default_input_transport=built-in
2026-09-02T03:00:10.520Z audio_default_input_changed default_input=present default_input_transport=built-in
2026-09-02T03:00:10.524Z audio_default_input_changed default_input=present default_input_transport=built-in
2026-09-02T03:00:10.531Z audio_default_input_changed default_input=present default_input_transport=built-in
2026-09-02T03:00:10.533Z audio_default_input_changed default_input=present default_input_transport=built-in
2026-09-02T03:00:10.534Z audio_default_input_changed default_input=present default_input_transport=built-in
2026-09-02T03:00:10.536Z audio_default_input_changed default_input=present default_input_transport=built-in
2026-09-02T03:00:10.538Z audio_default_input_changed default_input=present default_input_transport=built-in
2026-09-02T03:00:10.538Z audio_default_input_changed default_input=present default_input_transport=built-in
2026-09-02T03:00:10.540Z audio_default_input_changed default_input=present default_input_transport=built-in
2026-09-02T03:00:11.199Z shared_mic_engine_prepare_timing vpio=false buffer_size=4096 set_vpio_ms=0.007 output_format_ms=0.017 install_tap_ms=0.006 total_ms=143.030
2026-09-02T03:00:11.200Z shared_mic_engine_input_device_prepared source=system_default device=present transport=built-in vpio=false set_device_ms=0.000 prepare_engine_ms=144.087
2026-09-02T03:09:48.910Z meeting_echo_suppression_resolution session=5AFF5A3B-3F3B-4B48-855D-91B1D062E241 reason_code=rawTimeout model_version=none render_duration_ms=none realtime_factor=none delay_estimate_ms=none probe_windows=none probe_best_correlation=none
2026-09-02T03:09:48.911Z meeting_cleaned_mic_source session=5AFF5A3B-3F3B-4B48-855D-91B1D062E241 selected=raw reason=rawTimeout timeout_s=600.000
2026-09-02T03:09:48.924Z meeting_cleaned_mic session=5AFF5A3B-3F3B-4B48-855D-91B1D062E241 outcome=cancelled reason=rawRenderFailed
2026-09-02T16:58:24.779Z dictation_capture_start permission_status=3
2026-09-02T16:58:24.783Z dictation_capture_starting
2026-09-02T16:58:24.834Z shared_mic_engine_started_from_prepared audio_engine_start_ms=50.591
2026-09-02T16:58:24.835Z shared_mic_diagnostics transition=subscribe wants_vpio=false blocks_vpio_promotion=true subscribers=1 vpio_subs=0 passive_subs=0 engine_running=true vpio_engaged=false vpio_deferred=false vpio_deferral_count=0
2026-09-02T16:58:24.836Z dictation_capture_engine_started file_created=true default_input=present default_input_transport=built-in sr=48000.0 ch=1
2026-09-02T16:58:24.941Z dictation_capture_first_buffer sr=48000.0 ch=1 original_ch=1 common_format=1 interleaved=false frames=4800 has_float_data=true
2026-09-02T16:58:29.871Z dictation_capture_heartbeat input_buffers=50 input_frames=240000 isRunning=true default_input=present default_input_transport=built-in
2026-09-02T16:58:34.921Z dictation_capture_heartbeat input_buffers=100 input_frames=480000 isRunning=true default_input=present default_input_transport=built-in
2026-09-02T16:58:39.972Z dictation_capture_heartbeat input_buffers=151 input_frames=724800 isRunning=true default_input=present default_input_transport=built-in
2026-09-02T16:58:42.508Z dictation_hotkey_stop_tail_scheduled mode=hold_to_talk tail_ms=200
2026-09-02T16:58:42.715Z dictation_hotkey_stop_tail_fired mode=hold_to_talk tail_ms=200
2026-09-02T16:58:42.725Z dictation_stop_requested mode=hold_to_talk session=3
2026-09-02T16:58:42.775Z shared_mic_engine_stopped
2026-09-02T16:58:42.776Z shared_mic_diagnostics transition=unsubscribe wants_vpio=n/a blocks_vpio_promotion=n/a subscribers=0 vpio_subs=0 passive_subs=0 engine_running=false vpio_engaged=false vpio_deferred=false vpio_deferral_count=0
2026-09-02T16:58:42.778Z dictation_capture_stop sample_count=283200 effective_sample_count=283200 duration_s=17.700 wall_duration_s=17.942 file_bytes=1136896 input_buffers=178 output_buffers=177 input_frames=854400 max_rms=0.068759 max_level=0.344 non_silent_buffers=178 missing_float_buffers=0 invalid_format_buffers=0 no_buffer_timeout=false
2026-09-02T16:58:42.780Z dictation_transcribe_begin file_bytes=1136896
2026-09-02T16:58:42.882Z shared_mic_engine_prepare_timing vpio=false buffer_size=4096 set_vpio_ms=0.008 output_format_ms=0.015 install_tap_ms=0.006 total_ms=103.740
2026-09-02T16:58:42.883Z shared_mic_engine_input_device_prepared source=system_default device=present transport=built-in vpio=false set_device_ms=0.000 prepare_engine_ms=105.015
2026-09-02T16:58:43.154Z dictation_transcribe_complete chars=308 words=53 engine=parakeet variant=v3
2026-09-02T17:02:20.360Z dictation_capture_start permission_status=3
2026-09-02T17:02:20.363Z dictation_capture_starting
2026-09-02T17:02:20.413Z shared_mic_engine_started_from_prepared audio_engine_start_ms=48.783
2026-09-02T17:02:20.414Z shared_mic_diagnostics transition=subscribe wants_vpio=false blocks_vpio_promotion=true subscribers=1 vpio_subs=0 passive_subs=0 engine_running=true vpio_engaged=false vpio_deferred=false vpio_deferral_count=0
2026-09-02T17:02:20.415Z dictation_capture_engine_started file_created=true default_input=present default_input_transport=built-in sr=48000.0 ch=1
2026-09-02T17:02:20.519Z dictation_capture_first_buffer sr=48000.0 ch=1 original_ch=1 common_format=1 interleaved=false frames=4800 has_float_data=true
2026-09-02T17:02:25.449Z dictation_capture_heartbeat input_buffers=50 input_frames=240000 isRunning=true default_input=present default_input_transport=built-in
2026-09-02T17:02:29.422Z dictation_hotkey_stop_tail_scheduled mode=hold_to_talk tail_ms=200
2026-09-02T17:02:29.632Z dictation_hotkey_stop_tail_fired mode=hold_to_talk tail_ms=200
2026-09-02T17:02:29.646Z dictation_stop_requested mode=hold_to_talk session=4
2026-09-02T17:02:29.693Z shared_mic_engine_stopped
2026-09-02T17:02:29.694Z shared_mic_diagnostics transition=unsubscribe wants_vpio=n/a blocks_vpio_promotion=n/a subscribers=0 vpio_subs=0 passive_subs=0 engine_running=false vpio_engaged=false vpio_deferred=false vpio_deferral_count=0
2026-09-02T17:02:29.694Z dictation_capture_stop sample_count=145600 effective_sample_count=145600 duration_s=9.100 wall_duration_s=9.280 file_bytes=586496 input_buffers=92 output_buffers=91 input_frames=441600 max_rms=0.081974 max_level=0.410 non_silent_buffers=92 missing_float_buffers=0 invalid_format_buffers=0 no_buffer_timeout=false
2026-09-02T17:02:29.695Z dictation_transcribe_begin file_bytes=586496
2026-09-02T17:02:29.785Z shared_mic_engine_prepare_timing vpio=false buffer_size=4096 set_vpio_ms=0.009 output_format_ms=0.010 install_tap_ms=0.005 total_ms=90.580
2026-09-02T17:02:29.786Z shared_mic_engine_input_device_prepared source=system_default device=present transport=built-in vpio=false set_device_ms=0.000 prepare_engine_ms=91.525
2026-09-02T17:02:29.832Z dictation_transcribe_complete chars=168 words=36 engine=parakeet variant=v3
2026-09-02T17:05:18.919Z dictation_capture_start permission_status=3
2026-09-02T17:05:18.921Z dictation_capture_starting
2026-09-02T17:05:18.981Z shared_mic_engine_started_from_prepared audio_engine_start_ms=57.798
2026-09-02T17:05:18.983Z shared_mic_diagnostics transition=subscribe wants_vpio=false blocks_vpio_promotion=true subscribers=1 vpio_subs=0 passive_subs=0 engine_running=true vpio_engaged=false vpio_deferred=false vpio_deferral_count=0
2026-09-02T17:05:18.984Z dictation_capture_engine_started file_created=true default_input=present default_input_transport=built-in sr=48000.0 ch=1
2026-09-02T17:05:19.087Z dictation_capture_first_buffer sr=48000.0 ch=1 original_ch=1 common_format=1 interleaved=false frames=4800 has_float_data=true
2026-09-02T17:05:21.729Z dictation_hotkey_stop_tail_scheduled mode=hold_to_talk tail_ms=200
2026-09-02T17:05:21.937Z dictation_hotkey_stop_tail_fired mode=hold_to_talk tail_ms=200
2026-09-02T17:05:21.952Z dictation_stop_requested mode=hold_to_talk session=5
2026-09-02T17:05:22.009Z shared_mic_engine_stopped
2026-09-02T17:05:22.011Z shared_mic_diagnostics transition=unsubscribe wants_vpio=n/a blocks_vpio_promotion=n/a subscribers=0 vpio_subs=0 passive_subs=0 engine_running=false vpio_engaged=false vpio_deferred=false vpio_deferral_count=0
2026-09-02T17:05:22.012Z dictation_capture_stop sample_count=44800 effective_sample_count=44800 duration_s=2.800 wall_duration_s=3.028 file_bytes=183296 input_buffers=29 output_buffers=28 input_frames=139200 max_rms=0.082547 max_level=0.413 non_silent_buffers=29 missing_float_buffers=0 invalid_format_buffers=0 no_buffer_timeout=false
2026-09-02T17:05:22.013Z dictation_transcribe_begin file_bytes=183296
2026-09-02T17:05:22.104Z shared_mic_engine_prepare_timing vpio=false buffer_size=4096 set_vpio_ms=0.005 output_format_ms=0.014 install_tap_ms=0.008 total_ms=91.815
2026-09-02T17:05:22.105Z shared_mic_engine_input_device_prepared source=system_default device=present transport=built-in vpio=false set_device_ms=0.000 prepare_engine_ms=92.475
2026-09-02T17:05:22.117Z dictation_transcribe_complete chars=39 words=9 engine=parakeet variant=v3
2026-09-02T17:08:36.384Z dictation_capture_start permission_status=3
2026-09-02T17:08:36.387Z dictation_capture_starting
2026-09-02T17:08:36.440Z shared_mic_engine_started_from_prepared audio_engine_start_ms=51.743
2026-09-02T17:08:36.441Z shared_mic_diagnostics transition=subscribe wants_vpio=false blocks_vpio_promotion=true subscribers=1 vpio_subs=0 passive_subs=0 engine_running=true vpio_engaged=false vpio_deferred=false vpio_deferral_count=0
2026-09-02T17:08:36.442Z dictation_capture_engine_started file_created=true default_input=present default_input_transport=built-in sr=48000.0 ch=1
2026-09-02T17:08:36.547Z dictation_capture_first_buffer sr=48000.0 ch=1 original_ch=1 common_format=1 interleaved=false frames=4800 has_float_data=true
2026-09-02T17:08:41.466Z dictation_capture_heartbeat input_buffers=50 input_frames=240000 isRunning=true default_input=present default_input_transport=built-in
2026-09-02T17:08:46.473Z dictation_capture_heartbeat input_buffers=100 input_frames=480000 isRunning=true default_input=present default_input_transport=built-in
2026-09-02T17:08:51.497Z dictation_capture_heartbeat input_buffers=150 input_frames=720000 isRunning=true default_input=present default_input_transport=built-in
2026-09-02T17:08:56.544Z dictation_capture_heartbeat input_buffers=200 input_frames=960000 isRunning=true default_input=present default_input_transport=built-in
2026-09-02T17:08:58.964Z dictation_hotkey_stop_tail_scheduled mode=hold_to_talk tail_ms=200
2026-09-02T17:08:59.174Z dictation_hotkey_stop_tail_fired mode=hold_to_talk tail_ms=200
2026-09-02T17:08:59.189Z dictation_stop_requested mode=hold_to_talk session=6
2026-09-02T17:08:59.247Z shared_mic_engine_stopped
2026-09-02T17:08:59.249Z shared_mic_diagnostics transition=unsubscribe wants_vpio=n/a blocks_vpio_promotion=n/a subscribers=0 vpio_subs=0 passive_subs=0 engine_running=false vpio_engaged=false vpio_deferred=false vpio_deferral_count=0
2026-09-02T17:08:59.250Z dictation_capture_stop sample_count=361600 effective_sample_count=361600 duration_s=22.600 wall_duration_s=22.808 file_bytes=1450496 input_buffers=227 output_buffers=226 input_frames=1089600 max_rms=0.058794 max_level=0.294 non_silent_buffers=227 missing_float_buffers=0 invalid_format_buffers=0 no_buffer_timeout=false
2026-09-02T17:08:59.250Z dictation_transcribe_begin file_bytes=1450496
2026-09-02T17:08:59.349Z shared_mic_engine_prepare_timing vpio=false buffer_size=4096 set_vpio_ms=6.271 output_format_ms=0.018 install_tap_ms=0.007 total_ms=99.161
2026-09-02T17:08:59.350Z shared_mic_engine_input_device_prepared source=system_default device=present transport=built-in vpio=false set_device_ms=0.000 prepare_engine_ms=100.107
2026-09-02T17:08:59.440Z dictation_transcribe_complete chars=328 words=54 engine=parakeet variant=v3
2026-09-02T17:09:44.044Z dictation_capture_start permission_status=3
2026-09-02T17:09:44.045Z dictation_capture_starting
2026-09-02T17:09:44.100Z shared_mic_engine_started_from_prepared audio_engine_start_ms=53.455
2026-09-02T17:09:44.101Z shared_mic_diagnostics transition=subscribe wants_vpio=false blocks_vpio_promotion=true subscribers=1 vpio_subs=0 passive_subs=0 engine_running=true vpio_engaged=false vpio_deferred=false vpio_deferral_count=0
2026-09-02T17:09:44.102Z dictation_capture_engine_started file_created=true default_input=present default_input_transport=built-in sr=48000.0 ch=1
2026-09-02T17:09:44.206Z dictation_capture_first_buffer sr=48000.0 ch=1 original_ch=1 common_format=1 interleaved=false frames=4800 has_float_data=true
2026-09-02T17:09:46.627Z dictation_hotkey_stop_tail_scheduled mode=hold_to_talk tail_ms=200
2026-09-02T17:09:46.832Z dictation_hotkey_stop_tail_fired mode=hold_to_talk tail_ms=200
2026-09-02T17:09:46.847Z dictation_stop_requested mode=hold_to_talk session=7
2026-09-02T17:09:46.905Z shared_mic_engine_stopped
2026-09-02T17:09:46.907Z shared_mic_diagnostics transition=unsubscribe wants_vpio=n/a blocks_vpio_promotion=n/a subscribers=0 vpio_subs=0 passive_subs=0 engine_running=false vpio_engaged=false vpio_deferred=false vpio_deferral_count=0
2026-09-02T17:09:46.907Z dictation_capture_stop sample_count=41600 effective_sample_count=41600 duration_s=2.600 wall_duration_s=2.806 file_bytes=170496 input_buffers=27 output_buffers=26 input_frames=129600 max_rms=0.069293 max_level=0.346 non_silent_buffers=27 missing_float_buffers=0 invalid_format_buffers=0 no_buffer_timeout=false
2026-09-02T17:09:46.908Z dictation_transcribe_begin file_bytes=170496
2026-09-02T17:09:46.998Z shared_mic_engine_prepare_timing vpio=false buffer_size=4096 set_vpio_ms=0.009 output_format_ms=0.012 install_tap_ms=0.007 total_ms=89.819
2026-09-02T17:09:46.998Z shared_mic_engine_input_device_prepared source=system_default device=present transport=built-in vpio=false set_device_ms=0.000 prepare_engine_ms=90.457
2026-09-02T17:09:47.015Z dictation_transcribe_complete chars=41 words=8 engine=parakeet variant=v3
2026-09-02T17:10:07.568Z dictation_capture_start permission_status=3
2026-09-02T17:10:07.570Z dictation_capture_starting
2026-09-02T17:10:07.623Z shared_mic_engine_started_from_prepared audio_engine_start_ms=51.875
2026-09-02T17:10:07.624Z shared_mic_diagnostics transition=subscribe wants_vpio=false blocks_vpio_promotion=true subscribers=1 vpio_subs=0 passive_subs=0 engine_running=true vpio_engaged=false vpio_deferred=false vpio_deferral_count=0
2026-09-02T17:10:07.625Z dictation_capture_engine_started file_created=true default_input=present default_input_transport=built-in sr=48000.0 ch=1
2026-09-02T17:10:07.730Z dictation_capture_first_buffer sr=48000.0 ch=1 original_ch=1 common_format=1 interleaved=false frames=4800 has_float_data=true
2026-09-02T17:10:12.651Z dictation_capture_heartbeat input_buffers=50 input_frames=240000 isRunning=true default_input=present default_input_transport=built-in
2026-09-02T17:10:15.384Z dictation_hotkey_stop_tail_scheduled mode=hold_to_talk tail_ms=200
2026-09-02T17:10:15.595Z dictation_hotkey_stop_tail_fired mode=hold_to_talk tail_ms=200
2026-09-02T17:10:15.607Z dictation_stop_requested mode=hold_to_talk session=8
2026-09-02T17:10:15.655Z shared_mic_engine_stopped
2026-09-02T17:10:15.657Z shared_mic_diagnostics transition=unsubscribe wants_vpio=n/a blocks_vpio_promotion=n/a subscribers=0 vpio_subs=0 passive_subs=0 engine_running=false vpio_engaged=false vpio_deferred=false vpio_deferral_count=0
2026-09-02T17:10:15.658Z dictation_capture_stop sample_count=124800 effective_sample_count=124800 duration_s=7.800 wall_duration_s=8.033 file_bytes=503296 input_buffers=79 output_buffers=78 input_frames=379200 max_rms=0.085319 max_level=0.427 non_silent_buffers=79 missing_float_buffers=0 invalid_format_buffers=0 no_buffer_timeout=false
2026-09-02T17:10:15.659Z dictation_transcribe_begin file_bytes=503296
2026-09-02T17:10:15.763Z shared_mic_engine_prepare_timing vpio=false buffer_size=4096 set_vpio_ms=0.005 output_format_ms=0.007 install_tap_ms=0.005 total_ms=104.165
2026-09-02T17:10:15.763Z shared_mic_engine_input_device_prepared source=system_default device=present transport=built-in vpio=false set_device_ms=0.000 prepare_engine_ms=105.043
2026-09-02T17:10:15.794Z dictation_transcribe_complete chars=91 words=17 engine=parakeet variant=v3
2026-09-02T17:29:11.828Z audio_default_input_changed default_input=present default_input_transport=bluetooth
2026-09-02T17:29:11.831Z audio_default_input_changed default_input=present default_input_transport=bluetooth
2026-09-02T17:29:11.832Z audio_default_input_changed default_input=present default_input_transport=bluetooth
2026-09-02T17:29:11.832Z audio_default_input_changed default_input=present default_input_transport=bluetooth
2026-09-02T17:29:11.833Z audio_default_input_changed default_input=present default_input_transport=bluetooth
2026-09-02T17:29:11.836Z audio_default_input_changed default_input=present default_input_transport=bluetooth
2026-09-02T17:29:11.837Z audio_default_input_changed default_input=present default_input_transport=bluetooth
2026-09-02T17:29:11.837Z audio_default_input_changed default_input=present default_input_transport=bluetooth
2026-09-02T17:29:11.837Z audio_default_input_changed default_input=present default_input_transport=bluetooth
2026-09-02T17:29:11.838Z audio_default_input_changed default_input=present default_input_transport=bluetooth
2026-09-02T17:29:11.838Z audio_default_input_changed default_input=present default_input_transport=bluetooth
2026-09-02T17:29:11.839Z audio_default_input_changed default_input=present default_input_transport=bluetooth
2026-09-02T17:29:11.839Z audio_default_input_changed default_input=present default_input_transport=bluetooth
2026-09-02T17:29:11.840Z audio_default_input_changed default_input=present default_input_transport=bluetooth
2026-09-02T17:29:11.840Z audio_default_input_changed default_input=present default_input_transport=bluetooth
2026-09-02T17:29:11.841Z audio_default_input_changed default_input=present default_input_transport=bluetooth
2026-09-02T17:29:11.841Z audio_default_input_changed default_input=present default_input_transport=bluetooth
2026-09-02T17:29:11.841Z audio_default_input_changed default_input=present default_input_transport=bluetooth
2026-09-02T17:29:11.842Z audio_default_input_changed default_input=present default_input_transport=bluetooth
2026-09-02T17:29:11.842Z audio_default_input_changed default_input=present default_input_transport=bluetooth
2026-09-02T17:29:12.399Z shared_mic_engine_stopped
2026-09-02T17:29:12.405Z shared_mic_engine_prepare_skipped reason=bluetooth_or_unresolved_route
2026-09-02T17:30:58.914Z meeting_live_chunking_mode session=F5EFD1A8-FA3C-4BD1-9098-15B98C0F8AC5 mode=vad reason=started
2026-09-02T17:30:58.933Z meeting_mic_capture_starting requested_mode=raw default_input=present default_input_transport=bluetooth
2026-09-02T17:30:59.038Z shared_mic_engine_start_timing vpio=false buffer_size=4096 set_vpio_ms=0.006 ducking_ms=0.000 output_format_ms=0.012 install_tap_ms=0.006 audio_engine_start_ms=51.340 total_ms=103.617
2026-09-02T17:30:59.039Z shared_mic_engine_input_device_started source=system_default device=present transport=bluetooth vpio=false set_device_ms=0.000 start_engine_ms=104.194
2026-09-02T17:30:59.039Z shared_mic_diagnostics transition=subscribe wants_vpio=false blocks_vpio_promotion=true subscribers=1 vpio_subs=0 passive_subs=0 engine_running=true vpio_engaged=false vpio_deferred=false vpio_deferral_count=0
2026-09-02T17:30:59.039Z meeting_mic_processing mode=raw
2026-09-02T17:30:59.039Z meeting_mic_capture_started requested_mode=raw effective_mode=raw sr=24000.0 ch=1 default_input=present default_input_transport=bluetooth
2026-09-02T17:30:59.078Z system_audio_stream_screen_output_attached mode=discard
2026-09-02T17:30:59.181Z system_audio_stream_started sr=48000 ch=2
2026-09-02T17:30:59.181Z meeting_recording_started session=F5EFD1A8-FA3C-4BD1-9098-15B98C0F8AC5 source_mode=Optional(MacParakeetCore.MeetingAudioSourceMode.microphoneAndSystem) requested_mic_mode=raw effective_mic_mode=raw
2026-09-02T17:30:59.193Z system_audio_stream_first_buffer sr=48000 ch=2
2026-09-02T17:30:59.233Z meeting_mic_first_buffer sr=24000.0 ch=1 interleaved=false
2026-09-02T18:10:52.246Z meeting_recording_paused session=F5EFD1A8-FA3C-4BD1-9098-15B98C0F8AC5
2026-09-02T18:10:53.968Z meeting_stop_stage session=F5EFD1A8-FA3C-4BD1-9098-15B98C0F8AC5 stage=notes_commit duration_ms=1 outcome=success
2026-09-02T18:10:53.969Z meeting_recording_stopping session=F5EFD1A8-FA3C-4BD1-9098-15B98C0F8AC5
2026-09-02T18:10:53.969Z meeting_mic_capture_stopped default_input=present default_input_transport=bluetooth
2026-09-02T18:10:54.001Z shared_mic_engine_stopped
2026-09-02T18:10:54.004Z shared_mic_diagnostics transition=unsubscribe wants_vpio=n/a blocks_vpio_promotion=n/a subscribers=0 vpio_subs=0 passive_subs=0 engine_running=false vpio_engaged=false vpio_deferred=false vpio_deferral_count=0
2026-09-02T18:10:54.005Z system_audio_stream_stopped outcome=completed
2026-09-02T18:10:54.008Z meeting_stop_stage session=F5EFD1A8-FA3C-4BD1-9098-15B98C0F8AC5 stage=capture_stop duration_ms=39 outcome=success
2026-09-02T18:10:54.016Z shared_mic_engine_prepare_skipped reason=bluetooth_or_unresolved_route
2026-09-02T18:10:54.023Z meeting_stop_stage session=F5EFD1A8-FA3C-4BD1-9098-15B98C0F8AC5 stage=processing_drain duration_ms=11 outcome=success
2026-09-02T18:10:54.035Z meeting_stop_stage session=F5EFD1A8-FA3C-4BD1-9098-15B98C0F8AC5 stage=writer_finalize duration_ms=11 outcome=success
2026-09-02T18:10:54.057Z meeting_stop_stage session=F5EFD1A8-FA3C-4BD1-9098-15B98C0F8AC5 stage=source_urls duration_ms=21 outcome=success
2026-09-02T18:10:54.058Z meeting_stop_stage session=F5EFD1A8-FA3C-4BD1-9098-15B98C0F8AC5 stage=metadata_save duration_ms=0 outcome=success
2026-09-02T18:11:09.321Z meeting_stop_stage session=F5EFD1A8-FA3C-4BD1-9098-15B98C0F8AC5 stage=mix duration_ms=15263 outcome=success
2026-09-02T18:11:09.322Z meeting_stop_stage session=F5EFD1A8-FA3C-4BD1-9098-15B98C0F8AC5 stage=notes_write duration_ms=0 outcome=success
2026-09-02T18:11:09.322Z meeting_stop_stage session=F5EFD1A8-FA3C-4BD1-9098-15B98C0F8AC5 stage=lock_write duration_ms=0 outcome=success
2026-09-02T18:11:09.323Z meeting_cleaned_mic session=F5EFD1A8-FA3C-4BD1-9098-15B98C0F8AC5 outcome=scheduled
2026-09-02T18:11:09.323Z meeting_stop_stage session=F5EFD1A8-FA3C-4BD1-9098-15B98C0F8AC5 stage=cleaned_mic_schedule duration_ms=0 outcome=success
2026-09-02T18:11:09.323Z meeting_stop_stage session=F5EFD1A8-FA3C-4BD1-9098-15B98C0F8AC5 stage=cleanup duration_ms=0 outcome=success
2026-09-02T18:11:09.323Z meeting_recording_stopped session=F5EFD1A8-FA3C-4BD1-9098-15B98C0F8AC5 duration_s=2393.333
2026-09-02T18:11:09.324Z meeting_recording_health session=F5EFD1A8-FA3C-4BD1-9098-15B98C0F8AC5 duration_s=2393.333 source_mode=microphone_and_system mic_started=true requested_mic_mode=raw effective_mic_mode=raw mic_first_buffer=true system_first_buffer=true mic_bytes=20075300 system_bytes=13647416 mixed_bytes=39021676 mic_frames=114876384 system_frames=114869760 mic_chunks_enqueued=124 system_chunks_enqueued=239 mic_chunks_low_signal_dropped=0 system_chunks_low_signal_dropped=3 mic_chunks_system_dominant_dropped=50 backpressure_drops=0 transcription_failures=0 interrupted_sources=none capture_failed=false
2026-09-02T18:11:09.324Z meeting_echo_suppression_summary session=F5EFD1A8-FA3C-4BD1-9098-15B98C0F8AC5 processor=localvqe loaded=true mic_frames=149525 processed_frames=149525 raw_fallback_frames=7 full_reference_frames=149525 partial_reference_frames=0 missing_reference_frames=0 processing_failures=0 current_delay_samples=0 delay_confidence=0.000 delay_estimate_count=0 rejected_delay_estimates=4784
2026-09-02T18:11:09.324Z meeting_stop_stage session=F5EFD1A8-FA3C-4BD1-9098-15B98C0F8AC5 stage=service_total duration_ms=15356 outcome=success
2026-09-02T18:11:09.325Z meeting_stop_stage session=F5EFD1A8-FA3C-4BD1-9098-15B98C0F8AC5 stage=service_stop duration_ms=15356 outcome=success
2026-09-02T18:11:09.326Z meeting_stop_stage session=F5EFD1A8-FA3C-4BD1-9098-15B98C0F8AC5 stage=prepare_row duration_ms=1 outcome=success
2026-09-02T18:11:09.327Z meeting_stop_stage session=F5EFD1A8-FA3C-4BD1-9098-15B98C0F8AC5 stage=queue_enqueue duration_ms=0 outcome=success
2026-09-02T18:11:09.328Z meeting_stop_stage session=F5EFD1A8-FA3C-4BD1-9098-15B98C0F8AC5 stage=queued_total duration_ms=15360 outcome=success
2026-09-02T18:11:10.485Z meeting_cleaned_mic session=F5EFD1A8-FA3C-4BD1-9098-15B98C0F8AC5 outcome=skipped reason=skippedNoEchoPath renderer_reason=no_echo_path probe_detail=below_threshold probe_windows=5 probe_best_correlation=0.049
2026-09-02T18:11:10.485Z meeting_echo_suppression_resolution session=F5EFD1A8-FA3C-4BD1-9098-15B98C0F8AC5 reason_code=skippedNoEchoPath model_version=none render_duration_ms=none realtime_factor=none delay_estimate_ms=none probe_windows=5 probe_best_correlation=0.049
2026-09-02T18:11:10.486Z meeting_cleaned_mic_source session=F5EFD1A8-FA3C-4BD1-9098-15B98C0F8AC5 selected=raw reason=skippedNoEchoPath timeout_s=598.333
2026-09-02T18:14:03.472Z meeting_echo_suppression_resolution session=80628A7A-0589-4460-ABB5-0B0D6D90D4EC reason_code=rawNoAECAssets model_version=none render_duration_ms=none realtime_factor=none delay_estimate_ms=none probe_windows=none probe_best_correlation=none
2026-09-02T18:14:03.473Z meeting_cleaned_mic_source session=80628A7A-0589-4460-ABB5-0B0D6D90D4EC selected=raw reason=rawNoAECAssets timeout_s=600.000
2026-09-02T18:15:51.714Z audio_default_input_changed default_input=present default_input_transport=built-in
2026-09-02T18:15:51.728Z audio_default_input_changed default_input=present default_input_transport=built-in
2026-09-02T18:15:51.730Z audio_default_input_changed default_input=present default_input_transport=built-in
2026-09-02T18:15:51.734Z audio_default_input_changed default_input=present default_input_transport=built-in
2026-09-02T18:15:51.736Z audio_default_input_changed default_input=present default_input_transport=built-in
2026-09-02T18:15:51.737Z audio_default_input_changed default_input=present default_input_transport=built-in
2026-09-02T18:15:51.738Z audio_default_input_changed default_input=present default_input_transport=built-in
2026-09-02T18:15:51.739Z audio_default_input_changed default_input=present default_input_transport=built-in
2026-09-02T18:15:51.740Z audio_default_input_changed default_input=present default_input_transport=built-in
2026-09-02T18:15:51.741Z audio_default_input_changed default_input=present default_input_transport=built-in
2026-09-02T18:15:51.741Z audio_default_input_changed default_input=present default_input_transport=built-in
2026-09-02T18:15:51.742Z audio_default_input_changed default_input=present default_input_transport=built-in
2026-09-02T18:15:51.743Z audio_default_input_changed default_input=present default_input_transport=built-in
2026-09-02T18:15:51.743Z audio_default_input_changed default_input=present default_input_transport=built-in
2026-09-02T18:15:51.744Z audio_default_input_changed default_input=present default_input_transport=built-in
2026-09-02T18:15:51.744Z audio_default_input_changed default_input=present default_input_transport=built-in
2026-09-02T18:15:51.745Z audio_default_input_changed default_input=present default_input_transport=built-in
2026-09-02T18:15:51.746Z audio_default_input_changed default_input=present default_input_transport=built-in
2026-09-02T18:15:51.746Z audio_default_input_changed default_input=present default_input_transport=built-in
2026-09-02T18:15:51.747Z audio_default_input_changed default_input=present default_input_transport=built-in
2026-09-02T18:15:51.747Z audio_default_input_changed default_input=present default_input_transport=built-in
2026-09-02T18:15:51.748Z audio_default_input_changed default_input=present default_input_transport=built-in
2026-09-02T18:15:52.353Z shared_mic_engine_prepare_timing vpio=false buffer_size=4096 set_vpio_ms=0.008 output_format_ms=0.013 install_tap_ms=0.005 total_ms=99.263
2026-09-02T18:15:52.353Z shared_mic_engine_input_device_prepared source=system_default device=present transport=built-in vpio=false set_device_ms=0.000 prepare_engine_ms=99.885
2026-09-02T18:20:42.745Z meeting_echo_suppression_resolution session=BC76C6CC-15A8-440D-8487-2D6CF50D48A4 reason_code=rawNoAECAssets model_version=none render_duration_ms=none realtime_factor=none delay_estimate_ms=none probe_windows=none probe_best_correlation=none
2026-09-02T18:20:42.747Z meeting_cleaned_mic_source session=BC76C6CC-15A8-440D-8487-2D6CF50D48A4 selected=raw reason=rawNoAECAssets timeout_s=600.000
2026-09-02T18:22:30.272Z dictation_capture_start permission_status=3
2026-09-02T18:22:30.274Z dictation_capture_starting
2026-09-02T18:22:30.324Z shared_mic_engine_started_from_prepared audio_engine_start_ms=48.489
2026-09-02T18:22:30.325Z shared_mic_diagnostics transition=subscribe wants_vpio=false blocks_vpio_promotion=true subscribers=1 vpio_subs=0 passive_subs=0 engine_running=true vpio_engaged=false vpio_deferred=false vpio_deferral_count=0
2026-09-02T18:22:30.326Z dictation_capture_engine_started file_created=true default_input=present default_input_transport=built-in sr=48000.0 ch=1
2026-09-02T18:22:30.430Z dictation_capture_first_buffer sr=48000.0 ch=1 original_ch=1 common_format=1 interleaved=false frames=4800 has_float_data=true
2026-09-02T18:22:35.377Z dictation_capture_heartbeat input_buffers=50 input_frames=240000 isRunning=true default_input=present default_input_transport=built-in
2026-09-02T18:22:35.721Z dictation_hotkey_stop_tail_scheduled mode=hold_to_talk tail_ms=200
2026-09-02T18:22:35.933Z dictation_hotkey_stop_tail_fired mode=hold_to_talk tail_ms=200
2026-09-02T18:22:35.947Z dictation_stop_requested mode=hold_to_talk session=9
2026-09-02T18:22:35.999Z shared_mic_engine_stopped
2026-09-02T18:22:36.001Z shared_mic_diagnostics transition=unsubscribe wants_vpio=n/a blocks_vpio_promotion=n/a subscribers=0 vpio_subs=0 passive_subs=0 engine_running=false vpio_engaged=false vpio_deferred=false vpio_deferral_count=0
2026-09-02T18:22:36.002Z dictation_capture_stop sample_count=88000 effective_sample_count=88000 duration_s=5.500 wall_duration_s=5.677 file_bytes=356096 input_buffers=56 output_buffers=55 input_frames=268800 max_rms=0.076333 max_level=0.382 non_silent_buffers=56 missing_float_buffers=0 invalid_format_buffers=0 no_buffer_timeout=false
2026-09-02T18:22:36.002Z dictation_transcribe_begin file_bytes=356096
2026-09-02T18:22:36.099Z shared_mic_engine_prepare_timing vpio=false buffer_size=4096 set_vpio_ms=0.007 output_format_ms=0.017 install_tap_ms=0.010 total_ms=97.002
2026-09-02T18:22:36.100Z shared_mic_engine_input_device_prepared source=system_default device=present transport=built-in vpio=false set_device_ms=0.000 prepare_engine_ms=97.780
2026-09-02T18:22:36.119Z dictation_transcribe_complete chars=64 words=11 engine=parakeet variant=v3
2026-09-02T18:28:47.131Z meeting_echo_suppression_resolution session=F462BEDD-31E6-4776-8E10-688E775B1267 reason_code=rawNoAECAssets model_version=none render_duration_ms=none realtime_factor=none delay_estimate_ms=none probe_windows=none probe_best_correlation=none
2026-09-02T18:28:47.133Z meeting_cleaned_mic_source session=F462BEDD-31E6-4776-8E10-688E775B1267 selected=raw reason=rawNoAECAssets timeout_s=600.000
2026-09-02T18:34:51.489Z meeting_echo_suppression_resolution session=A96B8899-2F2E-4597-B375-1B87BF8F60CF reason_code=rawNoAECAssets model_version=none render_duration_ms=none realtime_factor=none delay_estimate_ms=none probe_windows=none probe_best_correlation=none
2026-09-02T18:34:51.491Z meeting_cleaned_mic_source session=A96B8899-2F2E-4597-B375-1B87BF8F60CF selected=raw reason=rawNoAECAssets timeout_s=598.333
