2026-08-29T03:00:00.853Z dictation_preview_started engine=parakeet
2026-08-29T03:00:00.856Z dictation_capture_start permission_status=3
2026-08-29T03:00:00.857Z dictation_capture_starting
2026-08-29T03:00:00.907Z shared_mic_engine_started_from_prepared audio_engine_start_ms=48.649
2026-08-29T03:00:00.908Z shared_mic_diagnostics transition=subscribe wants_vpio=false blocks_vpio_promotion=true subscribers=1 vpio_subs=0 passive_subs=0 engine_running=true vpio_engaged=false vpio_deferred=false vpio_deferral_count=0
2026-08-29T03:00:00.909Z dictation_capture_engine_started file_created=true default_input=present default_input_transport=built-in sr=44100.0 ch=1
2026-08-29T03:00:01.012Z dictation_capture_first_buffer sr=44100.0 ch=1 original_ch=1 common_format=1 interleaved=false frames=4410 has_float_data=true
2026-08-29T03:00:02.095Z dictation_preview_pass engine=parakeet ms=178 samples=14400 chars=5
2026-08-29T03:00:03.153Z dictation_preview_pass engine=parakeet ms=144 samples=32000 chars=11
2026-08-29T03:00:04.169Z dictation_preview_pass engine=parakeet ms=148 samples=48000 chars=29
2026-08-29T03:00:05.271Z dictation_preview_pass engine=parakeet ms=160 samples=65600 chars=57
2026-08-29T03:00:05.936Z dictation_capture_heartbeat input_buffers=50 input_frames=220500 isRunning=true default_input=present default_input_transport=built-in
2026-08-29T03:00:06.374Z dictation_preview_pass engine=parakeet ms=160 samples=83200 chars=66
2026-08-29T03:00:07.366Z dictation_preview_pass engine=parakeet ms=152 samples=99200 chars=63
2026-08-29T03:00:08.471Z dictation_preview_pass engine=parakeet ms=155 samples=116800 chars=71
2026-08-29T03:00:09.586Z dictation_preview_pass engine=parakeet ms=165 samples=134400 chars=96
2026-08-29T03:00:10.691Z dictation_preview_pass engine=parakeet ms=178 samples=152000 chars=120
2026-08-29T03:00:10.969Z dictation_capture_heartbeat input_buffers=100 input_frames=441000 isRunning=true default_input=present default_input_transport=built-in
2026-08-29T03:00:11.706Z dictation_preview_pass engine=parakeet ms=183 samples=168000 chars=128
2026-08-29T03:00:12.809Z dictation_preview_pass engine=parakeet ms=193 samples=185600 chars=126
2026-08-29T03:00:13.898Z dictation_preview_pass engine=parakeet ms=179 samples=203200 chars=122
2026-08-29T03:00:15.003Z dictation_preview_pass engine=parakeet ms=180 samples=220800 chars=135
2026-08-29T03:00:15.988Z dictation_capture_heartbeat input_buffers=150 input_frames=661500 isRunning=true default_input=present default_input_transport=built-in
2026-08-29T03:00:16.115Z dictation_preview_pass engine=parakeet ms=198 samples=238400 chars=157
2026-08-29T03:00:17.122Z dictation_preview_pass engine=parakeet ms=196 samples=240000 chars=161
2026-08-29T03:00:18.218Z dictation_preview_pass engine=parakeet ms=198 samples=240000 chars=156
2026-08-29T03:00:19.219Z dictation_preview_pass engine=parakeet ms=190 samples=240000 chars=152
2026-08-29T03:00:20.302Z dictation_preview_pass engine=parakeet ms=182 samples=240000 chars=129
2026-08-29T03:00:21.042Z dictation_capture_heartbeat input_buffers=201 input_frames=886410 isRunning=true default_input=present default_input_transport=built-in
2026-08-29T03:00:21.441Z dictation_preview_pass engine=parakeet ms=218 samples=240000 chars=135
2026-08-29T03:00:22.511Z dictation_preview_pass engine=parakeet ms=182 samples=240000 chars=138
2026-08-29T03:00:23.601Z dictation_preview_pass engine=parakeet ms=182 samples=240000 chars=128
2026-08-29T03:00:24.586Z dictation_preview_pass engine=parakeet ms=156 samples=240000 chars=97
2026-08-29T03:00:25.696Z dictation_preview_pass engine=parakeet ms=175 samples=240000 chars=97
2026-08-29T03:00:26.074Z dictation_capture_heartbeat input_buffers=251 input_frames=1106910 isRunning=true default_input=present default_input_transport=built-in
2026-08-29T03:00:26.804Z dictation_preview_pass engine=parakeet ms=178 samples=240000 chars=97
2026-08-29T03:00:27.901Z dictation_preview_pass engine=parakeet ms=172 samples=240000 chars=100
2026-08-29T03:00:28.979Z dictation_preview_pass engine=parakeet ms=149 samples=240000 chars=97
2026-08-29T03:00:30.080Z dictation_preview_pass engine=parakeet ms=157 samples=240000 chars=97
2026-08-29T03:00:31.078Z dictation_capture_heartbeat input_buffers=301 input_frames=1327410 isRunning=true default_input=present default_input_transport=built-in
2026-08-29T03:00:31.185Z dictation_preview_pass engine=parakeet ms=159 samples=240000 chars=80
2026-08-29T03:00:32.296Z dictation_preview_pass engine=parakeet ms=166 samples=240000 chars=85
2026-08-29T03:00:33.416Z dictation_preview_pass engine=parakeet ms=183 samples=240000 chars=103
2026-08-29T03:00:34.516Z dictation_preview_pass engine=parakeet ms=192 samples=240000 chars=100
2026-08-29T03:00:35.589Z dictation_preview_pass engine=parakeet ms=161 samples=240000 chars=104
2026-08-29T03:00:36.118Z dictation_capture_heartbeat input_buffers=351 input_frames=1547910 isRunning=true default_input=present default_input_transport=built-in
2026-08-29T03:00:36.717Z dictation_preview_pass engine=parakeet ms=187 samples=240000 chars=93
2026-08-29T03:00:37.807Z dictation_preview_pass engine=parakeet ms=173 samples=240000 chars=110
2026-08-29T03:00:38.897Z dictation_preview_pass engine=parakeet ms=170 samples=240000 chars=113
2026-08-29T03:00:40.003Z dictation_preview_pass engine=parakeet ms=175 samples=240000 chars=131
2026-08-29T03:00:41.104Z dictation_preview_pass engine=parakeet ms=171 samples=240000 chars=99
2026-08-29T03:00:41.166Z dictation_capture_heartbeat input_buffers=402 input_frames=1772820 isRunning=true default_input=present default_input_transport=built-in
2026-08-29T03:00:42.199Z dictation_preview_pass engine=parakeet ms=165 samples=240000 chars=102
2026-08-29T03:00:43.293Z dictation_preview_pass engine=parakeet ms=168 samples=240000 chars=105
2026-08-29T03:00:44.397Z dictation_preview_pass engine=parakeet ms=168 samples=240000 chars=105
2026-08-29T03:00:45.490Z dictation_preview_pass engine=parakeet ms=159 samples=240000 chars=91
2026-08-29T03:00:46.194Z dictation_capture_heartbeat input_buffers=452 input_frames=1993320 isRunning=true default_input=present default_input_transport=built-in
2026-08-29T03:00:46.599Z dictation_preview_pass engine=parakeet ms=164 samples=240000 chars=87
2026-08-29T03:00:47.675Z dictation_preview_pass engine=parakeet ms=149 samples=240000 chars=68
2026-08-29T03:00:48.786Z dictation_preview_pass engine=parakeet ms=156 samples=240000 chars=50
2026-08-29T03:00:49.903Z dictation_preview_pass engine=parakeet ms=170 samples=240000 chars=41
2026-08-29T03:00:50.984Z dictation_preview_pass engine=parakeet ms=148 samples=240000 chars=38
2026-08-29T03:00:51.204Z dictation_capture_heartbeat input_buffers=502 input_frames=2213820 isRunning=true default_input=present default_input_transport=built-in
2026-08-29T03:00:52.089Z dictation_preview_pass engine=parakeet ms=162 samples=240000 chars=47
2026-08-29T03:00:53.219Z dictation_preview_pass engine=parakeet ms=190 samples=240000 chars=43
2026-08-29T03:00:54.294Z dictation_preview_pass engine=parakeet ms=159 samples=240000 chars=45
2026-08-29T03:00:55.399Z dictation_preview_pass engine=parakeet ms=163 samples=240000 chars=30
2026-08-29T03:00:56.211Z dictation_capture_heartbeat input_buffers=552 input_frames=2434320 isRunning=true default_input=present default_input_transport=built-in
2026-08-29T03:00:56.480Z dictation_preview_pass engine=parakeet ms=154 samples=240000 chars=50
2026-08-29T03:00:57.590Z dictation_preview_pass engine=parakeet ms=160 samples=240000 chars=47
2026-08-29T03:00:58.687Z dictation_preview_pass engine=parakeet ms=154 samples=240000 chars=47
2026-08-29T03:00:59.777Z dictation_preview_pass engine=parakeet ms=153 samples=240000 chars=47
2026-08-29T03:01:00.783Z dictation_preview_pass engine=parakeet ms=150 samples=240000 chars=47
2026-08-29T03:01:01.263Z dictation_capture_heartbeat input_buffers=603 input_frames=2659230 isRunning=true default_input=present default_input_transport=built-in
2026-08-29T03:01:01.875Z dictation_preview_pass engine=parakeet ms=150 samples=240000 chars=47
2026-08-29T03:01:02.886Z dictation_preview_pass engine=parakeet ms=150 samples=240000 chars=72
2026-08-29T03:01:03.988Z dictation_preview_pass engine=parakeet ms=162 samples=240000 chars=86
2026-08-29T03:01:04.986Z dictation_preview_pass engine=parakeet ms=158 samples=240000 chars=84
2026-08-29T03:01:06.000Z dictation_preview_pass engine=parakeet ms=165 samples=240000 chars=86
2026-08-29T03:01:06.272Z dictation_capture_heartbeat input_buffers=653 input_frames=2879730 isRunning=true default_input=present default_input_transport=built-in
2026-08-29T03:01:07.097Z dictation_preview_pass engine=parakeet ms=171 samples=240000 chars=86
2026-08-29T03:01:08.204Z dictation_preview_pass engine=parakeet ms=174 samples=240000 chars=81
2026-08-29T03:01:09.302Z dictation_preview_pass engine=parakeet ms=170 samples=240000 chars=91
2026-08-29T03:01:10.397Z dictation_preview_pass engine=parakeet ms=161 samples=240000 chars=91
2026-08-29T03:01:11.288Z dictation_capture_heartbeat input_buffers=703 input_frames=3100230 isRunning=true default_input=present default_input_transport=built-in
2026-08-29T03:01:11.480Z dictation_preview_pass engine=parakeet ms=153 samples=240000 chars=77
2026-08-29T03:01:12.606Z dictation_preview_pass engine=parakeet ms=175 samples=240000 chars=77
2026-08-29T03:01:13.707Z dictation_preview_pass engine=parakeet ms=174 samples=240000 chars=102
2026-08-29T03:01:14.782Z dictation_preview_pass engine=parakeet ms=157 samples=240000 chars=102
2026-08-29T03:01:15.805Z dictation_preview_pass engine=parakeet ms=171 samples=240000 chars=102
2026-08-29T03:01:16.322Z dictation_capture_heartbeat input_buffers=753 input_frames=3320730 isRunning=true default_input=present default_input_transport=built-in
2026-08-29T03:01:16.894Z dictation_preview_pass engine=parakeet ms=167 samples=240000 chars=104
2026-08-29T03:01:17.983Z dictation_preview_pass engine=parakeet ms=155 samples=240000 chars=61
2026-08-29T03:01:19.101Z dictation_preview_pass engine=parakeet ms=168 samples=240000 chars=59
2026-08-29T03:01:20.182Z dictation_preview_pass engine=parakeet ms=148 samples=240000 chars=59
2026-08-29T03:01:21.292Z dictation_preview_pass engine=parakeet ms=166 samples=240000 chars=59
2026-08-29T03:01:21.347Z dictation_capture_heartbeat input_buffers=804 input_frames=3545640 isRunning=true default_input=present default_input_transport=built-in
2026-08-29T03:01:22.386Z dictation_preview_pass engine=parakeet ms=158 samples=240000 chars=51
2026-08-29T03:01:23.467Z dictation_preview_pass engine=parakeet ms=135 samples=240000 chars=0
2026-08-29T03:01:24.578Z dictation_preview_pass engine=parakeet ms=143 samples=240000 chars=24
2026-08-29T03:01:25.681Z dictation_preview_pass engine=parakeet ms=155 samples=240000 chars=24
2026-08-29T03:01:26.378Z dictation_capture_heartbeat input_buffers=854 input_frames=3766140 isRunning=true default_input=present default_input_transport=built-in
2026-08-29T03:01:26.776Z dictation_preview_pass engine=parakeet ms=146 samples=240000 chars=24
2026-08-29T03:01:27.892Z dictation_preview_pass engine=parakeet ms=159 samples=240000 chars=19
2026-08-29T03:01:28.991Z dictation_preview_pass engine=parakeet ms=156 samples=240000 chars=19
2026-08-29T03:01:30.068Z dictation_preview_pass engine=parakeet ms=141 samples=240000 chars=19
2026-08-29T03:01:31.179Z dictation_preview_pass engine=parakeet ms=150 samples=240000 chars=19
2026-08-29T03:01:31.398Z dictation_capture_heartbeat input_buffers=904 input_frames=3986640 isRunning=true default_input=present default_input_transport=built-in
2026-08-29T03:01:32.289Z dictation_preview_pass engine=parakeet ms=156 samples=240000 chars=19
2026-08-29T03:01:33.376Z dictation_preview_pass engine=parakeet ms=141 samples=240000 chars=19
2026-08-29T03:01:34.382Z dictation_preview_pass engine=parakeet ms=147 samples=240000 chars=19
2026-08-29T03:01:35.472Z dictation_preview_pass engine=parakeet ms=148 samples=240000 chars=19
2026-08-29T03:01:36.401Z dictation_capture_heartbeat input_buffers=954 input_frames=4207140 isRunning=true default_input=present default_input_transport=built-in
2026-08-29T03:01:36.484Z dictation_preview_pass engine=parakeet ms=149 samples=240000 chars=19
2026-08-29T03:01:37.572Z dictation_preview_pass engine=parakeet ms=146 samples=240000 chars=19
2026-08-29T03:01:38.664Z dictation_preview_pass engine=parakeet ms=135 samples=240000 chars=19
2026-08-29T03:01:39.774Z dictation_preview_pass engine=parakeet ms=142 samples=240000 chars=19
2026-08-29T03:01:40.883Z dictation_preview_pass engine=parakeet ms=148 samples=240000 chars=19
2026-08-29T03:01:41.420Z dictation_capture_heartbeat input_buffers=1004 input_frames=4427640 isRunning=true default_input=present default_input_transport=built-in
2026-08-29T03:01:41.965Z dictation_preview_pass engine=parakeet ms=138 samples=240000 chars=12
2026-08-29T03:01:43.097Z dictation_preview_pass engine=parakeet ms=167 samples=240000 chars=0
2026-08-29T03:01:44.180Z dictation_preview_pass engine=parakeet ms=148 samples=240000 chars=0
2026-08-29T03:01:45.286Z dictation_preview_pass engine=parakeet ms=150 samples=240000 chars=0
2026-08-29T03:01:46.381Z dictation_preview_pass engine=parakeet ms=154 samples=240000 chars=0
2026-08-29T03:01:46.461Z dictation_capture_heartbeat input_buffers=1055 input_frames=4652550 isRunning=true default_input=present default_input_transport=built-in
2026-08-29T03:01:47.499Z dictation_preview_pass engine=parakeet ms=169 samples=240000 chars=0
2026-08-29T03:01:48.599Z dictation_preview_pass engine=parakeet ms=165 samples=240000 chars=0
2026-08-29T03:01:49.685Z dictation_preview_pass engine=parakeet ms=149 samples=240000 chars=0
2026-08-29T03:01:50.774Z dictation_preview_pass engine=parakeet ms=147 samples=240000 chars=0
2026-08-29T03:01:51.498Z dictation_capture_heartbeat input_buffers=1105 input_frames=4873050 isRunning=true default_input=present default_input_transport=built-in
2026-08-29T03:01:51.892Z dictation_preview_pass engine=parakeet ms=163 samples=240000 chars=0
2026-08-29T03:01:52.979Z dictation_preview_pass engine=parakeet ms=146 samples=240000 chars=0
2026-08-29T03:01:54.092Z dictation_preview_pass engine=parakeet ms=156 samples=240000 chars=0
2026-08-29T03:01:55.167Z dictation_preview_pass engine=parakeet ms=140 samples=240000 chars=0
2026-08-29T03:01:56.296Z dictation_preview_pass engine=parakeet ms=164 samples=240000 chars=0
2026-08-29T03:01:56.530Z dictation_capture_heartbeat input_buffers=1156 input_frames=5097960 isRunning=true default_input=present default_input_transport=built-in
2026-08-29T03:01:57.388Z dictation_preview_pass engine=parakeet ms=155 samples=240000 chars=0
2026-08-29T03:01:58.484Z dictation_preview_pass engine=parakeet ms=159 samples=240000 chars=0
2026-08-29T03:01:59.499Z dictation_preview_pass engine=parakeet ms=163 samples=240000 chars=0
2026-08-29T03:02:00.595Z dictation_preview_pass engine=parakeet ms=168 samples=240000 chars=0
2026-08-29T03:02:01.573Z dictation_capture_heartbeat input_buffers=1206 input_frames=5318460 isRunning=true default_input=present default_input_transport=built-in
2026-08-29T03:02:01.592Z dictation_preview_pass engine=parakeet ms=155 samples=240000 chars=0
2026-08-29T03:02:02.680Z dictation_preview_pass engine=parakeet ms=150 samples=240000 chars=0
2026-08-29T03:02:03.787Z dictation_preview_pass engine=parakeet ms=155 samples=240000 chars=0
2026-08-29T03:02:04.884Z dictation_preview_pass engine=parakeet ms=151 samples=240000 chars=0
2026-08-29T03:02:05.991Z dictation_preview_pass engine=parakeet ms=165 samples=240000 chars=0
2026-08-29T03:02:06.582Z dictation_capture_heartbeat input_buffers=1256 input_frames=5538960 isRunning=true default_input=present default_input_transport=built-in
2026-08-29T03:02:06.990Z dictation_preview_pass engine=parakeet ms=155 samples=240000 chars=0
2026-08-29T03:02:08.081Z dictation_preview_pass engine=parakeet ms=154 samples=240000 chars=0
2026-08-29T03:02:09.201Z dictation_preview_pass engine=parakeet ms=171 samples=240000 chars=0
2026-08-29T03:02:10.284Z dictation_preview_pass engine=parakeet ms=151 samples=240000 chars=0
2026-08-29T03:02:11.394Z dictation_preview_pass engine=parakeet ms=158 samples=240000 chars=0
2026-08-29T03:02:11.639Z dictation_capture_heartbeat input_buffers=1307 input_frames=5763870 isRunning=true default_input=present default_input_transport=built-in
2026-08-29T03:02:12.473Z dictation_preview_pass engine=parakeet ms=146 samples=240000 chars=0
2026-08-29T03:02:13.573Z dictation_preview_pass engine=parakeet ms=144 samples=240000 chars=0
2026-08-29T03:02:14.685Z dictation_preview_pass engine=parakeet ms=153 samples=240000 chars=0
2026-08-29T03:02:15.782Z dictation_preview_pass engine=parakeet ms=147 samples=240000 chars=0
2026-08-29T03:02:16.684Z dictation_capture_heartbeat input_buffers=1357 input_frames=5984370 isRunning=true default_input=present default_input_transport=built-in
2026-08-29T03:02:16.870Z dictation_preview_pass engine=parakeet ms=144 samples=240000 chars=0
2026-08-29T03:02:17.886Z dictation_preview_pass engine=parakeet ms=160 samples=240000 chars=0
2026-08-29T03:02:18.889Z dictation_preview_pass engine=parakeet ms=155 samples=240000 chars=0
2026-08-29T03:02:19.898Z dictation_preview_pass engine=parakeet ms=163 samples=240000 chars=36
2026-08-29T03:02:20.993Z dictation_preview_pass engine=parakeet ms=168 samples=240000 chars=47
2026-08-29T03:02:21.690Z dictation_capture_heartbeat input_buffers=1407 input_frames=6204870 isRunning=true default_input=present default_input_transport=built-in
2026-08-29T03:02:22.011Z dictation_preview_pass engine=parakeet ms=175 samples=240000 chars=67
2026-08-29T03:02:23.092Z dictation_preview_pass engine=parakeet ms=164 samples=240000 chars=59
2026-08-29T03:02:24.199Z dictation_preview_pass engine=parakeet ms=169 samples=240000 chars=66
2026-08-29T03:02:25.308Z dictation_preview_pass engine=parakeet ms=176 samples=240000 chars=84
2026-08-29T03:02:26.409Z dictation_preview_pass engine=parakeet ms=173 samples=240000 chars=84
2026-08-29T03:02:26.747Z dictation_capture_heartbeat input_buffers=1458 input_frames=6429780 isRunning=true default_input=present default_input_transport=built-in
2026-08-29T03:02:27.414Z dictation_preview_pass engine=parakeet ms=179 samples=240000 chars=97
2026-08-29T03:02:28.522Z dictation_preview_pass engine=parakeet ms=197 samples=240000 chars=106
2026-08-29T03:02:29.527Z dictation_preview_pass engine=parakeet ms=191 samples=240000 chars=121
2026-08-29T03:02:30.626Z dictation_preview_pass engine=parakeet ms=198 samples=240000 chars=144
2026-08-29T03:02:31.720Z dictation_preview_pass engine=parakeet ms=191 samples=240000 chars=172
2026-08-29T03:02:31.765Z dictation_capture_heartbeat input_buffers=1508 input_frames=6650280 isRunning=true default_input=present default_input_transport=built-in
2026-08-29T03:02:32.834Z dictation_preview_pass engine=parakeet ms=202 samples=240000 chars=168
2026-08-29T03:02:33.940Z dictation_preview_pass engine=parakeet ms=203 samples=240000 chars=174
2026-08-29T03:02:35.010Z dictation_preview_pass engine=parakeet ms=183 samples=240000 chars=140
2026-08-29T03:02:36.006Z dictation_preview_pass engine=parakeet ms=178 samples=240000 chars=130
2026-08-29T03:02:36.773Z dictation_capture_heartbeat input_buffers=1558 input_frames=6870780 isRunning=true default_input=present default_input_transport=built-in
2026-08-29T03:02:37.027Z dictation_preview_pass engine=parakeet ms=191 samples=240000 chars=111
2026-08-29T03:02:38.096Z dictation_preview_pass engine=parakeet ms=166 samples=240000 chars=111
2026-08-29T03:02:39.214Z dictation_preview_pass engine=parakeet ms=184 samples=240000 chars=102
2026-08-29T03:02:40.298Z dictation_preview_pass engine=parakeet ms=165 samples=240000 chars=85
2026-08-29T03:02:41.429Z dictation_preview_pass engine=parakeet ms=192 samples=240000 chars=118
2026-08-29T03:02:41.787Z dictation_capture_heartbeat input_buffers=1608 input_frames=7091280 isRunning=true default_input=present default_input_transport=built-in
2026-08-29T03:02:42.504Z dictation_preview_pass engine=parakeet ms=176 samples=240000 chars=105
2026-08-29T03:02:43.620Z dictation_preview_pass engine=parakeet ms=190 samples=240000 chars=122
2026-08-29T03:02:44.718Z dictation_preview_pass engine=parakeet ms=184 samples=240000 chars=111
2026-08-29T03:02:45.804Z dictation_preview_pass engine=parakeet ms=168 samples=240000 chars=93
2026-08-29T03:02:46.810Z dictation_capture_heartbeat input_buffers=1658 input_frames=7311780 isRunning=true default_input=present default_input_transport=built-in
2026-08-29T03:02:46.894Z dictation_preview_pass engine=parakeet ms=167 samples=240000 chars=76
2026-08-29T03:02:48.002Z dictation_preview_pass engine=parakeet ms=173 samples=240000 chars=77
2026-08-29T03:02:49.107Z dictation_preview_pass engine=parakeet ms=174 samples=240000 chars=93
2026-08-29T03:02:50.207Z dictation_preview_pass engine=parakeet ms=171 samples=240000 chars=93
2026-08-29T03:02:51.313Z dictation_preview_pass engine=parakeet ms=186 samples=240000 chars=111
2026-08-29T03:02:51.853Z dictation_capture_heartbeat input_buffers=1709 input_frames=7536690 isRunning=true default_input=present default_input_transport=built-in
2026-08-29T03:02:52.394Z dictation_preview_pass engine=parakeet ms=164 samples=240000 chars=134
2026-08-29T03:02:53.525Z dictation_preview_pass engine=parakeet ms=192 samples=240000 chars=157
2026-08-29T03:02:54.612Z dictation_preview_pass engine=parakeet ms=176 samples=240000 chars=177
2026-08-29T03:02:55.635Z dictation_preview_pass engine=parakeet ms=199 samples=240000 chars=188
2026-08-29T03:02:56.711Z dictation_preview_pass engine=parakeet ms=184 samples=240000 chars=160
2026-08-29T03:02:56.900Z dictation_capture_heartbeat input_buffers=1759 input_frames=7757190 isRunning=true default_input=present default_input_transport=built-in
2026-08-29T03:02:57.739Z dictation_preview_pass engine=parakeet ms=203 samples=240000 chars=192
2026-08-29T03:02:58.814Z dictation_preview_pass engine=parakeet ms=187 samples=240000 chars=181
2026-08-29T03:02:59.941Z dictation_preview_pass engine=parakeet ms=211 samples=240000 chars=184
2026-08-29T03:03:01.034Z dictation_preview_pass engine=parakeet ms=201 samples=240000 chars=201
2026-08-29T03:03:01.933Z dictation_capture_heartbeat input_buffers=1809 input_frames=7977690 isRunning=true default_input=present default_input_transport=built-in
2026-08-29T03:03:02.135Z dictation_preview_pass engine=parakeet ms=198 samples=240000 chars=209
2026-08-29T03:03:03.217Z dictation_preview_pass engine=parakeet ms=189 samples=240000 chars=194
2026-08-29T03:03:04.326Z dictation_preview_pass engine=parakeet ms=191 samples=240000 chars=191
2026-08-29T03:03:05.421Z dictation_preview_pass engine=parakeet ms=188 samples=240000 chars=192
2026-08-29T03:03:06.526Z dictation_preview_pass engine=parakeet ms=190 samples=240000 chars=197
2026-08-29T03:03:06.965Z dictation_capture_heartbeat input_buffers=1860 input_frames=8202600 isRunning=true default_input=present default_input_transport=built-in
2026-08-29T03:03:07.636Z dictation_preview_pass engine=parakeet ms=208 samples=240000 chars=206
2026-08-29T03:03:08.735Z dictation_preview_pass engine=parakeet ms=204 samples=240000 chars=197
2026-08-29T03:03:09.840Z dictation_preview_pass engine=parakeet ms=207 samples=240000 chars=193
2026-08-29T03:03:10.944Z dictation_preview_pass engine=parakeet ms=207 samples=240000 chars=221
2026-08-29T03:03:11.991Z dictation_capture_heartbeat input_buffers=1910 input_frames=8423100 isRunning=true default_input=present default_input_transport=built-in
2026-08-29T03:03:12.031Z dictation_preview_pass engine=parakeet ms=204 samples=240000 chars=194
2026-08-29T03:03:13.012Z dictation_preview_pass engine=parakeet ms=184 samples=240000 chars=182
2026-08-29T03:03:14.043Z dictation_preview_pass engine=parakeet ms=206 samples=240000 chars=171
2026-08-29T03:03:15.135Z dictation_preview_pass engine=parakeet ms=208 samples=240000 chars=189
2026-08-29T03:03:16.243Z dictation_preview_pass engine=parakeet ms=213 samples=240000 chars=198
2026-08-29T03:03:17.009Z dictation_capture_heartbeat input_buffers=1960 input_frames=8643600 isRunning=true default_input=present default_input_transport=built-in
2026-08-29T03:03:17.352Z dictation_preview_pass engine=parakeet ms=217 samples=240000 chars=216
2026-08-29T03:03:18.461Z dictation_preview_pass engine=parakeet ms=223 samples=240000 chars=240
2026-08-29T03:03:19.557Z dictation_preview_pass engine=parakeet ms=230 samples=240000 chars=247
2026-08-29T03:03:20.668Z dictation_preview_pass engine=parakeet ms=237 samples=240000 chars=272
2026-08-29T03:03:21.767Z dictation_preview_pass engine=parakeet ms=232 samples=240000 chars=256
2026-08-29T03:03:22.046Z dictation_capture_heartbeat input_buffers=2011 input_frames=8868510 isRunning=true default_input=present default_input_transport=built-in
2026-08-29T03:03:22.844Z dictation_preview_pass engine=parakeet ms=220 samples=240000 chars=230
2026-08-29T03:03:23.850Z dictation_preview_pass engine=parakeet ms=214 samples=240000 chars=229
2026-08-29T03:03:24.941Z dictation_preview_pass engine=parakeet ms=214 samples=240000 chars=224
2026-08-29T03:03:25.929Z dictation_preview_pass engine=parakeet ms=202 samples=240000 chars=205
2026-08-29T03:03:26.961Z dictation_preview_pass engine=parakeet ms=224 samples=240000 chars=225
2026-08-29T03:03:27.064Z dictation_capture_heartbeat input_buffers=2061 input_frames=9089010 isRunning=true default_input=present default_input_transport=built-in
2026-08-29T03:03:28.056Z dictation_preview_pass engine=parakeet ms=229 samples=240000 chars=236
2026-08-29T03:03:29.057Z dictation_preview_pass engine=parakeet ms=221 samples=240000 chars=237
2026-08-29T03:03:30.034Z dictation_preview_pass engine=parakeet ms=198 samples=240000 chars=223
2026-08-29T03:03:31.146Z dictation_preview_pass engine=parakeet ms=220 samples=240000 chars=198
2026-08-29T03:03:32.113Z dictation_capture_heartbeat input_buffers=2111 input_frames=9309510 isRunning=true default_input=present default_input_transport=built-in
2026-08-29T03:03:32.177Z dictation_preview_pass engine=parakeet ms=241 samples=240000 chars=180
2026-08-29T03:03:33.241Z dictation_preview_pass engine=parakeet ms=213 samples=240000 chars=155
2026-08-29T03:03:34.332Z dictation_preview_pass engine=parakeet ms=201 samples=240000 chars=169
2026-08-29T03:03:35.424Z dictation_preview_pass engine=parakeet ms=190 samples=240000 chars=166
2026-08-29T03:03:36.546Z dictation_preview_pass engine=parakeet ms=209 samples=240000 chars=171
2026-08-29T03:03:37.155Z dictation_capture_heartbeat input_buffers=2162 input_frames=9534420 isRunning=true default_input=present default_input_transport=built-in
2026-08-29T03:03:37.646Z dictation_preview_pass engine=parakeet ms=219 samples=240000 chars=193
2026-08-29T03:03:38.645Z dictation_preview_pass engine=parakeet ms=217 samples=240000 chars=188
2026-08-29T03:03:39.655Z dictation_preview_pass engine=parakeet ms=219 samples=240000 chars=178
2026-08-29T03:03:40.731Z dictation_preview_pass engine=parakeet ms=203 samples=240000 chars=179
2026-08-29T03:03:41.816Z dictation_preview_pass engine=parakeet ms=186 samples=240000 chars=181
2026-08-29T03:03:42.188Z dictation_capture_heartbeat input_buffers=2212 input_frames=9754920 isRunning=true default_input=present default_input_transport=built-in
2026-08-29T03:03:42.925Z dictation_preview_pass engine=parakeet ms=190 samples=240000 chars=167
2026-08-29T03:03:44.017Z dictation_preview_pass engine=parakeet ms=181 samples=240000 chars=158
2026-08-29T03:03:45.125Z dictation_preview_pass engine=parakeet ms=197 samples=240000 chars=177
2026-08-29T03:03:46.226Z dictation_preview_pass engine=parakeet ms=196 samples=240000 chars=183
2026-08-29T03:03:47.206Z dictation_capture_heartbeat input_buffers=2262 input_frames=9975420 isRunning=true default_input=present default_input_transport=built-in
2026-08-29T03:03:47.335Z dictation_preview_pass engine=parakeet ms=200 samples=240000 chars=188
2026-08-29T03:03:48.437Z dictation_preview_pass engine=parakeet ms=213 samples=240000 chars=218
2026-08-29T03:03:49.443Z dictation_preview_pass engine=parakeet ms=208 samples=240000 chars=214
2026-08-29T03:03:50.541Z dictation_preview_pass engine=parakeet ms=213 samples=240000 chars=231
2026-08-29T03:03:51.644Z dictation_preview_pass engine=parakeet ms=215 samples=240000 chars=213
2026-08-29T03:03:52.233Z dictation_capture_heartbeat input_buffers=2313 input_frames=10200330 isRunning=true default_input=present default_input_transport=built-in
2026-08-29T03:03:52.742Z dictation_preview_pass engine=parakeet ms=210 samples=240000 chars=219
2026-08-29T03:03:53.865Z dictation_preview_pass engine=parakeet ms=230 samples=240000 chars=244
2026-08-29T03:03:54.956Z dictation_preview_pass engine=parakeet ms=228 samples=240000 chars=238
2026-08-29T03:03:55.941Z dictation_preview_pass engine=parakeet ms=208 samples=240000 chars=238
2026-08-29T03:03:56.951Z dictation_preview_pass engine=parakeet ms=216 samples=240000 chars=221
2026-08-29T03:03:57.252Z dictation_capture_heartbeat input_buffers=2363 input_frames=10420830 isRunning=true default_input=present default_input_transport=built-in
2026-08-29T03:03:58.053Z dictation_preview_pass engine=parakeet ms=227 samples=240000 chars=242
2026-08-29T03:03:59.168Z dictation_preview_pass engine=parakeet ms=238 samples=240000 chars=256
2026-08-29T03:04:00.263Z dictation_preview_pass engine=parakeet ms=232 samples=240000 chars=247
2026-08-29T03:04:01.348Z dictation_preview_pass engine=parakeet ms=213 samples=240000 chars=242
2026-08-29T03:04:02.298Z dictation_capture_heartbeat input_buffers=2413 input_frames=10641330 isRunning=true default_input=present default_input_transport=built-in
2026-08-29T03:04:02.456Z dictation_preview_pass engine=parakeet ms=230 samples=240000 chars=265
2026-08-29T03:04:03.564Z dictation_preview_pass engine=parakeet ms=235 samples=240000 chars=269
2026-08-29T03:04:04.642Z dictation_preview_pass engine=parakeet ms=209 samples=240000 chars=248
2026-08-29T03:04:05.748Z dictation_preview_pass engine=parakeet ms=213 samples=240000 chars=239
2026-08-29T03:04:06.836Z dictation_preview_pass engine=parakeet ms=210 samples=240000 chars=250
2026-08-29T03:04:07.318Z dictation_capture_heartbeat input_buffers=2463 input_frames=10861830 isRunning=true default_input=present default_input_transport=built-in
2026-08-29T03:04:07.945Z dictation_preview_pass engine=parakeet ms=216 samples=240000 chars=247
2026-08-29T03:04:09.038Z dictation_preview_pass engine=parakeet ms=206 samples=240000 chars=232
2026-08-29T03:04:10.148Z dictation_preview_pass engine=parakeet ms=213 samples=240000 chars=242
2026-08-29T03:04:11.233Z dictation_preview_pass engine=parakeet ms=206 samples=240000 chars=246
2026-08-29T03:04:12.335Z dictation_preview_pass engine=parakeet ms=205 samples=240000 chars=246
2026-08-29T03:04:12.373Z dictation_capture_heartbeat input_buffers=2514 input_frames=11086740 isRunning=true default_input=present default_input_transport=built-in
2026-08-29T03:04:13.460Z dictation_preview_pass engine=parakeet ms=227 samples=240000 chars=226
2026-08-29T03:04:14.549Z dictation_preview_pass engine=parakeet ms=212 samples=240000 chars=227
2026-08-29T03:04:15.658Z dictation_preview_pass engine=parakeet ms=231 samples=240000 chars=229
2026-08-29T03:04:16.762Z dictation_preview_pass engine=parakeet ms=232 samples=240000 chars=243
2026-08-29T03:04:17.428Z dictation_capture_heartbeat input_buffers=2564 input_frames=11307240 isRunning=true default_input=present default_input_transport=built-in
2026-08-29T03:04:17.842Z dictation_preview_pass engine=parakeet ms=208 samples=240000 chars=208
2026-08-29T03:04:18.951Z dictation_preview_pass engine=parakeet ms=215 samples=240000 chars=218
2026-08-29T03:04:19.931Z dictation_preview_pass engine=parakeet ms=195 samples=240000 chars=201
2026-08-29T03:04:21.027Z dictation_preview_pass engine=parakeet ms=201 samples=240000 chars=192
2026-08-29T03:04:22.049Z dictation_preview_pass engine=parakeet ms=213 samples=240000 chars=201
2026-08-29T03:04:22.488Z dictation_capture_heartbeat input_buffers=2615 input_frames=11532150 isRunning=true default_input=present default_input_transport=built-in
2026-08-29T03:04:23.125Z dictation_preview_pass engine=parakeet ms=198 samples=240000 chars=200
2026-08-29T03:04:24.216Z dictation_preview_pass engine=parakeet ms=185 samples=240000 chars=188
2026-08-29T03:04:25.320Z dictation_preview_pass engine=parakeet ms=188 samples=240000 chars=198
2026-08-29T03:04:26.428Z dictation_preview_pass engine=parakeet ms=191 samples=240000 chars=217
2026-08-29T03:04:27.535Z dictation_preview_pass engine=parakeet ms=207 samples=240000 chars=237
2026-08-29T03:04:27.543Z dictation_capture_heartbeat input_buffers=2666 input_frames=11757060 isRunning=true default_input=present default_input_transport=built-in
2026-08-29T03:04:28.647Z dictation_preview_pass engine=parakeet ms=217 samples=240000 chars=242
2026-08-29T03:04:29.751Z dictation_preview_pass engine=parakeet ms=216 samples=240000 chars=248
2026-08-29T03:04:30.840Z dictation_preview_pass engine=parakeet ms=201 samples=240000 chars=237
2026-08-29T03:04:31.924Z dictation_preview_pass engine=parakeet ms=196 samples=240000 chars=242
2026-08-29T03:04:32.597Z dictation_capture_heartbeat input_buffers=2716 input_frames=11977560 isRunning=true default_input=present default_input_transport=built-in
2026-08-29T03:04:33.058Z dictation_preview_pass engine=parakeet ms=227 samples=240000 chars=252
2026-08-29T03:04:34.132Z dictation_preview_pass engine=parakeet ms=195 samples=240000 chars=224
2026-08-29T03:04:35.246Z dictation_preview_pass engine=parakeet ms=210 samples=240000 chars=240
2026-08-29T03:04:36.346Z dictation_preview_pass engine=parakeet ms=219 samples=240000 chars=239
2026-08-29T03:04:37.422Z dictation_preview_pass engine=parakeet ms=190 samples=240000 chars=195
2026-08-29T03:04:37.654Z dictation_capture_heartbeat input_buffers=2767 input_frames=12202470 isRunning=true default_input=present default_input_transport=built-in
2026-08-29T03:04:38.528Z dictation_preview_pass engine=parakeet ms=194 samples=240000 chars=168
2026-08-29T03:04:39.612Z dictation_preview_pass engine=parakeet ms=187 samples=240000 chars=187
2026-08-29T03:04:40.616Z dictation_preview_pass engine=parakeet ms=181 samples=240000 chars=156
2026-08-29T03:04:41.698Z dictation_preview_pass engine=parakeet ms=171 samples=240000 chars=133
2026-08-29T03:04:42.697Z dictation_capture_heartbeat input_buffers=2817 input_frames=12422970 isRunning=true default_input=present default_input_transport=built-in
2026-08-29T03:04:42.803Z dictation_preview_pass engine=parakeet ms=172 samples=240000 chars=112
2026-08-29T03:04:43.908Z dictation_preview_pass engine=parakeet ms=175 samples=240000 chars=102
2026-08-29T03:04:45.006Z dictation_preview_pass engine=parakeet ms=170 samples=240000 chars=68
2026-08-29T03:04:46.081Z dictation_preview_pass engine=parakeet ms=155 samples=240000 chars=55
2026-08-29T03:04:47.206Z dictation_preview_pass engine=parakeet ms=178 samples=240000 chars=33
2026-08-29T03:04:47.703Z dictation_capture_heartbeat input_buffers=2867 input_frames=12643470 isRunning=true default_input=present default_input_transport=built-in
2026-08-29T03:04:48.308Z dictation_preview_pass engine=parakeet ms=177 samples=240000 chars=83
2026-08-29T03:04:49.414Z dictation_preview_pass engine=parakeet ms=179 samples=240000 chars=85
2026-08-29T03:04:50.475Z dictation_preview_pass engine=parakeet ms=144 samples=240000 chars=73
2026-08-29T03:04:51.584Z dictation_preview_pass engine=parakeet ms=153 samples=240000 chars=67
2026-08-29T03:04:52.697Z dictation_preview_pass engine=parakeet ms=166 samples=240000 chars=65
2026-08-29T03:04:52.754Z dictation_capture_heartbeat input_buffers=2918 input_frames=12868380 isRunning=true default_input=present default_input_transport=built-in
2026-08-29T03:04:53.804Z dictation_preview_pass engine=parakeet ms=168 samples=240000 chars=62
2026-08-29T03:04:54.884Z dictation_preview_pass engine=parakeet ms=158 samples=240000 chars=50
2026-08-29T03:04:55.991Z dictation_preview_pass engine=parakeet ms=163 samples=240000 chars=50
2026-08-29T03:04:57.088Z dictation_preview_pass engine=parakeet ms=154 samples=240000 chars=55
2026-08-29T03:04:57.777Z dictation_capture_heartbeat input_buffers=2968 input_frames=13088880 isRunning=true default_input=present default_input_transport=built-in
2026-08-29T03:04:58.201Z dictation_preview_pass engine=parakeet ms=165 samples=240000 chars=43
2026-08-29T03:04:59.301Z dictation_preview_pass engine=parakeet ms=174 samples=240000 chars=83
2026-08-29T03:05:00.405Z dictation_preview_pass engine=parakeet ms=175 samples=240000 chars=91
2026-08-29T03:05:01.504Z dictation_preview_pass engine=parakeet ms=169 samples=240000 chars=91
2026-08-29T03:05:02.613Z dictation_preview_pass engine=parakeet ms=178 samples=240000 chars=103
2026-08-29T03:05:02.818Z dictation_capture_heartbeat input_buffers=3018 input_frames=13309380 isRunning=true default_input=present default_input_transport=built-in
2026-08-29T03:05:03.682Z dictation_preview_pass engine=parakeet ms=155 samples=240000 chars=70
2026-08-29T03:05:04.792Z dictation_preview_pass engine=parakeet ms=164 samples=240000 chars=57
2026-08-29T03:05:05.912Z dictation_preview_pass engine=parakeet ms=179 samples=240000 chars=92
2026-08-29T03:05:07.016Z dictation_preview_pass engine=parakeet ms=180 samples=240000 chars=102
2026-08-29T03:05:07.856Z dictation_capture_heartbeat input_buffers=3069 input_frames=13534290 isRunning=true default_input=present default_input_transport=built-in
2026-08-29T03:05:08.107Z dictation_preview_pass engine=parakeet ms=179 samples=240000 chars=113
2026-08-29T03:05:09.215Z dictation_preview_pass engine=parakeet ms=183 samples=240000 chars=126
2026-08-29T03:05:10.332Z dictation_preview_pass engine=parakeet ms=199 samples=240000 chars=166
2026-08-29T03:05:11.431Z dictation_preview_pass engine=parakeet ms=194 samples=240000 chars=172
2026-08-29T03:05:12.516Z dictation_preview_pass engine=parakeet ms=189 samples=240000 chars=176
2026-08-29T03:05:12.896Z dictation_capture_heartbeat input_buffers=3119 input_frames=13754790 isRunning=true default_input=present default_input_transport=built-in
2026-08-29T03:05:13.631Z dictation_preview_pass engine=parakeet ms=201 samples=240000 chars=184
2026-08-29T03:05:14.739Z dictation_preview_pass engine=parakeet ms=207 samples=240000 chars=176
2026-08-29T03:05:15.810Z dictation_preview_pass engine=parakeet ms=186 samples=240000 chars=180
2026-08-29T03:05:16.844Z dictation_preview_pass engine=parakeet ms=210 samples=240000 chars=211
2026-08-29T03:05:17.918Z dictation_preview_pass engine=parakeet ms=192 samples=240000 chars=199
2026-08-29T03:05:17.944Z dictation_capture_heartbeat input_buffers=3170 input_frames=13979700 isRunning=true default_input=present default_input_transport=built-in
2026-08-29T03:05:18.959Z dictation_preview_pass engine=parakeet ms=223 samples=240000 chars=212
2026-08-29T03:05:20.050Z dictation_preview_pass engine=parakeet ms=224 samples=240000 chars=239
2026-08-29T03:05:21.055Z dictation_preview_pass engine=parakeet ms=228 samples=240000 chars=216
2026-08-29T03:05:22.037Z dictation_preview_pass engine=parakeet ms=201 samples=240000 chars=187
2026-08-29T03:05:22.947Z dictation_capture_heartbeat input_buffers=3220 input_frames=14200200 isRunning=true default_input=present default_input_transport=built-in
2026-08-29T03:05:23.129Z dictation_preview_pass engine=parakeet ms=200 samples=240000 chars=197
2026-08-29T03:05:24.244Z dictation_preview_pass engine=parakeet ms=213 samples=240000 chars=217
2026-08-29T03:05:25.334Z dictation_preview_pass engine=parakeet ms=201 samples=240000 chars=204
2026-08-29T03:05:26.430Z dictation_preview_pass engine=parakeet ms=195 samples=240000 chars=182
2026-08-29T03:05:27.537Z dictation_preview_pass engine=parakeet ms=209 samples=240000 chars=205
2026-08-29T03:05:27.995Z dictation_capture_heartbeat input_buffers=3270 input_frames=14420700 isRunning=true default_input=present default_input_transport=built-in
2026-08-29T03:05:28.517Z dictation_preview_pass engine=parakeet ms=190 samples=240000 chars=184
2026-08-29T03:05:29.522Z dictation_preview_pass engine=parakeet ms=187 samples=240000 chars=178
2026-08-29T03:05:30.534Z dictation_preview_pass engine=parakeet ms=196 samples=240000 chars=188
2026-08-29T03:05:31.635Z dictation_preview_pass engine=parakeet ms=210 samples=240000 chars=197
2026-08-29T03:05:32.633Z dictation_preview_pass engine=parakeet ms=197 samples=240000 chars=206
2026-08-29T03:05:33.057Z dictation_capture_heartbeat input_buffers=3321 input_frames=14645610 isRunning=true default_input=present default_input_transport=built-in
2026-08-29T03:05:33.720Z dictation_preview_pass engine=parakeet ms=193 samples=240000 chars=198
2026-08-29T03:05:34.839Z dictation_preview_pass engine=parakeet ms=209 samples=240000 chars=201
2026-08-29T03:05:35.951Z dictation_preview_pass engine=parakeet ms=218 samples=240000 chars=222
2026-08-29T03:05:37.057Z dictation_preview_pass engine=parakeet ms=222 samples=240000 chars=236
2026-08-29T03:05:38.097Z dictation_capture_heartbeat input_buffers=3371 input_frames=14866110 isRunning=true default_input=present default_input_transport=built-in
2026-08-29T03:05:38.150Z dictation_preview_pass engine=parakeet ms=223 samples=240000 chars=220
2026-08-29T03:05:39.235Z dictation_preview_pass engine=parakeet ms=204 samples=240000 chars=204
2026-08-29T03:05:40.337Z dictation_preview_pass engine=parakeet ms=203 samples=240000 chars=197
2026-08-29T03:05:41.426Z dictation_preview_pass engine=parakeet ms=200 samples=240000 chars=198
2026-08-29T03:05:42.440Z dictation_preview_pass engine=parakeet ms=206 samples=240000 chars=184
2026-08-29T03:05:43.114Z dictation_capture_heartbeat input_buffers=3421 input_frames=15086610 isRunning=true default_input=present default_input_transport=built-in
2026-08-29T03:05:43.499Z dictation_preview_pass engine=parakeet ms=173 samples=240000 chars=160
2026-08-29T03:05:44.503Z dictation_preview_pass engine=parakeet ms=167 samples=240000 chars=164
2026-08-29T03:05:45.616Z dictation_preview_pass engine=parakeet ms=189 samples=240000 chars=132
2026-08-29T03:05:46.706Z dictation_preview_pass engine=parakeet ms=175 samples=240000 chars=102
2026-08-29T03:05:47.816Z dictation_preview_pass engine=parakeet ms=183 samples=240000 chars=81
2026-08-29T03:05:48.174Z dictation_capture_heartbeat input_buffers=3472 input_frames=15311520 isRunning=true default_input=present default_input_transport=built-in
2026-08-29T03:05:48.926Z dictation_preview_pass engine=parakeet ms=201 samples=240000 chars=132
2026-08-29T03:05:49.922Z dictation_preview_pass engine=parakeet ms=186 samples=240000 chars=119
2026-08-29T03:05:50.897Z dictation_preview_pass engine=parakeet ms=161 samples=240000 chars=114
2026-08-29T03:05:52.015Z dictation_preview_pass engine=parakeet ms=178 samples=240000 chars=124
2026-08-29T03:05:53.112Z dictation_preview_pass engine=parakeet ms=182 samples=240000 chars=133
2026-08-29T03:05:53.176Z dictation_capture_heartbeat input_buffers=3522 input_frames=15532020 isRunning=true default_input=present default_input_transport=built-in
2026-08-29T03:05:54.207Z dictation_preview_pass engine=parakeet ms=175 samples=240000 chars=124
2026-08-29T03:05:55.306Z dictation_preview_pass engine=parakeet ms=173 samples=240000 chars=124
2026-08-29T03:05:56.330Z dictation_preview_pass engine=parakeet ms=196 samples=240000 chars=153
2026-08-29T03:05:57.421Z dictation_preview_pass engine=parakeet ms=185 samples=240000 chars=144
2026-08-29T03:05:58.183Z dictation_capture_heartbeat input_buffers=3572 input_frames=15752520 isRunning=true default_input=present default_input_transport=built-in
2026-08-29T03:05:58.528Z dictation_preview_pass engine=parakeet ms=202 samples=240000 chars=151
2026-08-29T03:05:59.508Z dictation_preview_pass engine=parakeet ms=178 samples=240000 chars=150
2026-08-29T03:06:00.533Z dictation_preview_pass engine=parakeet ms=197 samples=240000 chars=150
2026-08-29T03:06:01.614Z dictation_preview_pass engine=parakeet ms=185 samples=240000 chars=152
2026-08-29T03:06:02.615Z dictation_preview_pass engine=parakeet ms=180 samples=240000 chars=135
2026-08-29T03:06:03.233Z dictation_capture_heartbeat input_buffers=3623 input_frames=15977430 isRunning=true default_input=present default_input_transport=built-in
2026-08-29T03:06:03.624Z dictation_preview_pass engine=parakeet ms=188 samples=240000 chars=108
2026-08-29T03:06:04.706Z dictation_preview_pass engine=parakeet ms=180 samples=240000 chars=97
2026-08-29T03:06:05.709Z dictation_preview_pass engine=parakeet ms=174 samples=240000 chars=78
2026-08-29T03:06:06.797Z dictation_preview_pass engine=parakeet ms=168 samples=240000 chars=65
2026-08-29T03:06:07.895Z dictation_preview_pass engine=parakeet ms=165 samples=240000 chars=0
2026-08-29T03:06:08.248Z dictation_capture_heartbeat input_buffers=3673 input_frames=16197930 isRunning=true default_input=present default_input_transport=built-in
2026-08-29T03:06:08.997Z dictation_preview_pass engine=parakeet ms=161 samples=240000 chars=26
2026-08-29T03:06:10.083Z dictation_preview_pass engine=parakeet ms=147 samples=240000 chars=35
2026-08-29T03:06:11.174Z dictation_preview_pass engine=parakeet ms=147 samples=240000 chars=2
2026-08-29T03:06:12.290Z dictation_preview_pass engine=parakeet ms=157 samples=240000 chars=7
2026-08-29T03:06:13.254Z dictation_capture_heartbeat input_buffers=3723 input_frames=16418430 isRunning=true default_input=present default_input_transport=built-in
2026-08-29T03:06:13.402Z dictation_preview_pass engine=parakeet ms=168 samples=240000 chars=12
2026-08-29T03:06:14.500Z dictation_preview_pass engine=parakeet ms=175 samples=240000 chars=9
2026-08-29T03:06:15.482Z dictation_preview_pass engine=parakeet ms=146 samples=240000 chars=9
2026-08-29T03:06:16.585Z dictation_preview_pass engine=parakeet ms=157 samples=240000 chars=23
2026-08-29T03:06:17.592Z dictation_preview_pass engine=parakeet ms=155 samples=240000 chars=23
2026-08-29T03:06:18.312Z dictation_capture_heartbeat input_buffers=3773 input_frames=16638930 isRunning=true default_input=present default_input_transport=built-in
2026-08-29T03:06:18.706Z dictation_preview_pass engine=parakeet ms=177 samples=240000 chars=68
2026-08-29T03:06:19.794Z dictation_preview_pass engine=parakeet ms=164 samples=240000 chars=67
2026-08-29T03:06:20.898Z dictation_preview_pass engine=parakeet ms=162 samples=240000 chars=78
2026-08-29T03:06:22.011Z dictation_preview_pass engine=parakeet ms=188 samples=240000 chars=95
2026-08-29T03:06:23.001Z dictation_preview_pass engine=parakeet ms=167 samples=240000 chars=99
2026-08-29T03:06:23.351Z dictation_capture_heartbeat input_buffers=3824 input_frames=16863840 isRunning=true default_input=present default_input_transport=built-in
2026-08-29T03:06:24.109Z dictation_preview_pass engine=parakeet ms=183 samples=240000 chars=102
2026-08-29T03:06:25.221Z dictation_preview_pass engine=parakeet ms=192 samples=240000 chars=102
2026-08-29T03:06:26.204Z dictation_preview_pass engine=parakeet ms=174 samples=240000 chars=106
2026-08-29T03:06:27.314Z dictation_preview_pass engine=parakeet ms=185 samples=240000 chars=95
2026-08-29T03:06:28.312Z dictation_preview_pass engine=parakeet ms=182 samples=240000 chars=108
2026-08-29T03:06:28.361Z dictation_capture_heartbeat input_buffers=3874 input_frames=17084340 isRunning=true default_input=present default_input_transport=built-in
2026-08-29T03:06:29.416Z dictation_preview_pass engine=parakeet ms=185 samples=240000 chars=133
2026-08-29T03:06:30.419Z dictation_preview_pass engine=parakeet ms=188 samples=240000 chars=144
2026-08-29T03:06:31.413Z dictation_preview_pass engine=parakeet ms=181 samples=240000 chars=167
2026-08-29T03:06:32.546Z dictation_preview_pass engine=parakeet ms=215 samples=240000 chars=203
2026-08-29T03:06:33.402Z dictation_capture_heartbeat input_buffers=3924 input_frames=17304840 isRunning=true default_input=present default_input_transport=built-in
2026-08-29T03:06:33.533Z dictation_preview_pass engine=parakeet ms=202 samples=240000 chars=172
2026-08-29T03:06:34.659Z dictation_preview_pass engine=parakeet ms=225 samples=240000 chars=153
2026-08-29T03:06:35.712Z dictation_preview_pass engine=parakeet ms=175 samples=240000 chars=138
2026-08-29T03:06:36.815Z dictation_preview_pass engine=parakeet ms=184 samples=240000 chars=122
2026-08-29T03:06:37.925Z dictation_preview_pass engine=parakeet ms=195 samples=240000 chars=118
2026-08-29T03:06:38.419Z dictation_capture_heartbeat input_buffers=3974 input_frames=17525340 isRunning=true default_input=present default_input_transport=built-in
2026-08-29T03:06:39.004Z dictation_preview_pass engine=parakeet ms=168 samples=240000 chars=124
2026-08-29T03:06:40.110Z dictation_preview_pass engine=parakeet ms=184 samples=240000 chars=141
2026-08-29T03:06:41.129Z dictation_preview_pass engine=parakeet ms=193 samples=240000 chars=163
2026-08-29T03:06:42.221Z dictation_preview_pass engine=parakeet ms=194 samples=240000 chars=171
2026-08-29T03:06:43.241Z dictation_preview_pass engine=parakeet ms=201 samples=240000 chars=153
2026-08-29T03:06:43.444Z dictation_capture_heartbeat input_buffers=4025 input_frames=17750250 isRunning=true default_input=present default_input_transport=built-in
2026-08-29T03:06:44.316Z dictation_preview_pass engine=parakeet ms=187 samples=240000 chars=134
2026-08-29T03:06:45.415Z dictation_preview_pass engine=parakeet ms=184 samples=240000 chars=117
2026-08-29T03:06:46.501Z dictation_preview_pass engine=parakeet ms=169 samples=240000 chars=100
2026-08-29T03:06:47.617Z dictation_preview_pass engine=parakeet ms=192 samples=240000 chars=73
2026-08-29T03:06:48.452Z dictation_capture_heartbeat input_buffers=4075 input_frames=17970750 isRunning=true default_input=present default_input_transport=built-in
2026-08-29T03:06:48.612Z dictation_preview_pass engine=parakeet ms=178 samples=240000 chars=73
2026-08-29T03:06:49.710Z dictation_preview_pass engine=parakeet ms=184 samples=240000 chars=76
2026-08-29T03:06:50.785Z dictation_preview_pass engine=parakeet ms=155 samples=240000 chars=76
2026-08-29T03:06:51.907Z dictation_preview_pass engine=parakeet ms=177 samples=240000 chars=97
2026-08-29T03:06:53.010Z dictation_preview_pass engine=parakeet ms=172 samples=240000 chars=105
2026-08-29T03:06:53.470Z dictation_capture_heartbeat input_buffers=4125 input_frames=18191250 isRunning=true default_input=present default_input_transport=built-in
2026-08-29T03:06:54.097Z dictation_preview_pass engine=parakeet ms=171 samples=240000 chars=91
2026-08-29T03:06:55.086Z dictation_preview_pass engine=parakeet ms=160 samples=240000 chars=72
2026-08-29T03:06:56.092Z dictation_preview_pass engine=parakeet ms=159 samples=240000 chars=58
2026-08-29T03:06:57.097Z dictation_preview_pass engine=parakeet ms=161 samples=240000 chars=54
2026-08-29T03:06:58.188Z dictation_preview_pass engine=parakeet ms=164 samples=240000 chars=80
2026-08-29T03:06:58.504Z dictation_capture_heartbeat input_buffers=4175 input_frames=18411750 isRunning=true default_input=present default_input_transport=built-in
2026-08-29T03:06:59.196Z dictation_preview_pass engine=parakeet ms=160 samples=240000 chars=83
2026-08-29T03:07:00.290Z dictation_preview_pass engine=parakeet ms=163 samples=240000 chars=106
2026-08-29T03:07:01.323Z dictation_preview_pass engine=parakeet ms=188 samples=240000 chars=118
2026-08-29T03:07:02.413Z dictation_preview_pass engine=parakeet ms=187 samples=240000 chars=138
2026-08-29T03:07:03.503Z dictation_preview_pass engine=parakeet ms=173 samples=240000 chars=142
2026-08-29T03:07:03.528Z dictation_capture_heartbeat input_buffers=4226 input_frames=18636660 isRunning=true default_input=present default_input_transport=built-in
2026-08-29T03:07:04.618Z dictation_preview_pass engine=parakeet ms=185 samples=240000 chars=167
2026-08-29T03:07:05.733Z dictation_preview_pass engine=parakeet ms=207 samples=240000 chars=201
2026-08-29T03:07:06.723Z dictation_preview_pass engine=parakeet ms=188 samples=240000 chars=213
2026-08-29T03:07:07.820Z dictation_preview_pass engine=parakeet ms=194 samples=240000 chars=215
2026-08-29T03:07:08.557Z dictation_capture_heartbeat input_buffers=4276 input_frames=18857160 isRunning=true default_input=present default_input_transport=built-in
2026-08-29T03:07:08.862Z dictation_preview_pass engine=parakeet ms=224 samples=240000 chars=241
2026-08-29T03:07:09.935Z dictation_preview_pass engine=parakeet ms=208 samples=240000 chars=244
2026-08-29T03:07:11.031Z dictation_preview_pass engine=parakeet ms=201 samples=240000 chars=254
2026-08-29T03:07:12.152Z dictation_preview_pass engine=parakeet ms=218 samples=240000 chars=254
2026-08-29T03:07:13.253Z dictation_preview_pass engine=parakeet ms=229 samples=240000 chars=277
2026-08-29T03:07:13.599Z dictation_capture_heartbeat input_buffers=4326 input_frames=19077660 isRunning=true default_input=present default_input_transport=built-in
2026-08-29T03:07:14.250Z dictation_preview_pass engine=parakeet ms=217 samples=240000 chars=266
2026-08-29T03:07:15.344Z dictation_preview_pass engine=parakeet ms=219 samples=240000 chars=247
2026-08-29T03:07:16.434Z dictation_preview_pass engine=parakeet ms=205 samples=240000 chars=226
2026-08-29T03:07:17.525Z dictation_preview_pass engine=parakeet ms=194 samples=240000 chars=207
2026-08-29T03:07:18.616Z dictation_capture_heartbeat input_buffers=4376 input_frames=19298160 isRunning=true default_input=present default_input_transport=built-in
2026-08-29T03:07:18.629Z dictation_preview_pass engine=parakeet ms=194 samples=240000 chars=205
2026-08-29T03:07:19.716Z dictation_preview_pass engine=parakeet ms=189 samples=240000 chars=185
2026-08-29T03:07:20.822Z dictation_preview_pass engine=parakeet ms=192 samples=240000 chars=159
2026-08-29T03:07:21.909Z dictation_preview_pass engine=parakeet ms=178 samples=240000 chars=144
2026-08-29T03:07:23.018Z dictation_preview_pass engine=parakeet ms=184 samples=240000 chars=146
2026-08-29T03:07:23.675Z dictation_capture_heartbeat input_buffers=4427 input_frames=19523070 isRunning=true default_input=present default_input_transport=built-in
2026-08-29T03:07:24.110Z dictation_preview_pass engine=parakeet ms=185 samples=240000 chars=147
2026-08-29T03:07:25.212Z dictation_preview_pass engine=parakeet ms=182 samples=240000 chars=163
2026-08-29T03:07:26.314Z dictation_preview_pass engine=parakeet ms=183 samples=240000 chars=150
2026-08-29T03:07:27.414Z dictation_preview_pass engine=parakeet ms=180 samples=240000 chars=139
2026-08-29T03:07:28.502Z dictation_preview_pass engine=parakeet ms=177 samples=240000 chars=116
2026-08-29T03:07:28.685Z dictation_capture_heartbeat input_buffers=4477 input_frames=19743570 isRunning=true default_input=present default_input_transport=built-in
2026-08-29T03:07:29.506Z dictation_preview_pass engine=parakeet ms=178 samples=240000 chars=134
2026-08-29T03:07:30.514Z dictation_preview_pass engine=parakeet ms=180 samples=240000 chars=141
2026-08-29T03:07:31.627Z dictation_preview_pass engine=parakeet ms=202 samples=240000 chars=179
2026-08-29T03:07:32.730Z dictation_preview_pass engine=parakeet ms=202 samples=240000 chars=200
2026-08-29T03:07:33.708Z dictation_capture_heartbeat input_buffers=4527 input_frames=19964070 isRunning=true default_input=present default_input_transport=built-in
2026-08-29T03:07:33.836Z dictation_preview_pass engine=parakeet ms=204 samples=240000 chars=191
2026-08-29T03:07:34.824Z dictation_preview_pass engine=parakeet ms=191 samples=240000 chars=194
2026-08-29T03:07:35.942Z dictation_preview_pass engine=parakeet ms=209 samples=240000 chars=211
2026-08-29T03:07:37.038Z dictation_preview_pass engine=parakeet ms=214 samples=240000 chars=223
2026-08-29T03:07:38.026Z dictation_preview_pass engine=parakeet ms=192 samples=240000 chars=209
2026-08-29T03:07:38.741Z dictation_capture_heartbeat input_buffers=4578 input_frames=20188980 isRunning=true default_input=present default_input_transport=built-in
2026-08-29T03:07:39.111Z dictation_preview_pass engine=parakeet ms=185 samples=240000 chars=193
2026-08-29T03:07:40.122Z dictation_preview_pass engine=parakeet ms=193 samples=240000 chars=178
2026-08-29T03:07:41.122Z dictation_preview_pass engine=parakeet ms=188 samples=240000 chars=189
2026-08-29T03:07:42.118Z dictation_preview_pass engine=parakeet ms=184 samples=240000 chars=183
2026-08-29T03:07:43.201Z dictation_preview_pass engine=parakeet ms=175 samples=240000 chars=194
2026-08-29T03:07:43.760Z dictation_capture_heartbeat input_buffers=4628 input_frames=20409480 isRunning=true default_input=present default_input_transport=built-in
2026-08-29T03:07:44.224Z dictation_preview_pass engine=parakeet ms=189 samples=240000 chars=193
2026-08-29T03:07:45.319Z dictation_preview_pass engine=parakeet ms=192 samples=240000 chars=194
2026-08-29T03:07:46.410Z dictation_preview_pass engine=parakeet ms=182 samples=240000 chars=167
2026-08-29T03:07:47.405Z dictation_preview_pass engine=parakeet ms=176 samples=240000 chars=148
2026-08-29T03:07:48.514Z dictation_preview_pass engine=parakeet ms=185 samples=240000 chars=160
2026-08-29T03:07:48.773Z dictation_capture_heartbeat input_buffers=4678 input_frames=20629980 isRunning=true default_input=present default_input_transport=built-in
2026-08-29T03:07:49.607Z dictation_preview_pass engine=parakeet ms=173 samples=240000 chars=167
2026-08-29T03:07:50.694Z dictation_preview_pass engine=parakeet ms=170 samples=240000 chars=168
2026-08-29T03:07:51.727Z dictation_preview_pass engine=parakeet ms=191 samples=240000 chars=177
2026-08-29T03:07:52.813Z dictation_preview_pass engine=parakeet ms=186 samples=240000 chars=180
2026-08-29T03:07:53.795Z dictation_capture_heartbeat input_buffers=4728 input_frames=20850480 isRunning=true default_input=present default_input_transport=built-in
2026-08-29T03:07:53.923Z dictation_preview_pass engine=parakeet ms=194 samples=240000 chars=204
2026-08-29T03:07:55.064Z dictation_preview_pass engine=parakeet ms=232 samples=240000 chars=223
2026-08-29T03:07:56.133Z dictation_preview_pass engine=parakeet ms=198 samples=240000 chars=223
2026-08-29T03:07:57.241Z dictation_preview_pass engine=parakeet ms=216 samples=240000 chars=227
2026-08-29T03:07:58.355Z dictation_preview_pass engine=parakeet ms=224 samples=240000 chars=237
2026-08-29T03:07:58.830Z dictation_capture_heartbeat input_buffers=4779 input_frames=21075390 isRunning=true default_input=present default_input_transport=built-in
2026-08-29T03:07:59.444Z dictation_preview_pass engine=parakeet ms=212 samples=240000 chars=236
2026-08-29T03:08:00.536Z dictation_preview_pass engine=parakeet ms=202 samples=240000 chars=227
2026-08-29T03:08:01.642Z dictation_preview_pass engine=parakeet ms=216 samples=240000 chars=232
2026-08-29T03:08:02.732Z dictation_preview_pass engine=parakeet ms=202 samples=240000 chars=235
2026-08-29T03:08:03.839Z dictation_capture_heartbeat input_buffers=4829 input_frames=21295890 isRunning=true default_input=present default_input_transport=built-in
2026-08-29T03:08:03.848Z dictation_preview_pass engine=parakeet ms=217 samples=240000 chars=220
2026-08-29T03:08:04.951Z dictation_preview_pass engine=parakeet ms=217 samples=240000 chars=257
2026-08-29T03:08:06.027Z dictation_preview_pass engine=parakeet ms=201 samples=240000 chars=224
2026-08-29T03:08:07.139Z dictation_preview_pass engine=parakeet ms=209 samples=240000 chars=226
2026-08-29T03:08:08.244Z dictation_preview_pass engine=parakeet ms=212 samples=240000 chars=229
2026-08-29T03:08:08.854Z dictation_capture_heartbeat input_buffers=4879 input_frames=21516390 isRunning=true default_input=present default_input_transport=built-in
2026-08-29T03:08:09.340Z dictation_preview_pass engine=parakeet ms=204 samples=240000 chars=228
2026-08-29T03:08:10.432Z dictation_preview_pass engine=parakeet ms=207 samples=240000 chars=220
2026-08-29T03:08:11.437Z dictation_preview_pass engine=parakeet ms=212 samples=240000 chars=219
2026-08-29T03:08:12.443Z dictation_preview_pass engine=parakeet ms=207 samples=240000 chars=252
2026-08-29T03:08:13.539Z dictation_preview_pass engine=parakeet ms=212 samples=240000 chars=250
2026-08-29T03:08:13.910Z dictation_capture_heartbeat input_buffers=4929 input_frames=21736890 isRunning=true default_input=present default_input_transport=built-in
2026-08-29T03:08:14.634Z dictation_preview_pass engine=parakeet ms=205 samples=240000 chars=234
2026-08-29T03:08:15.738Z dictation_preview_pass engine=parakeet ms=206 samples=240000 chars=237
2026-08-29T03:08:16.827Z dictation_preview_pass engine=parakeet ms=192 samples=240000 chars=229
2026-08-29T03:08:17.938Z dictation_preview_pass engine=parakeet ms=210 samples=240000 chars=236
2026-08-29T03:08:18.947Z dictation_capture_heartbeat input_buffers=4980 input_frames=21961800 isRunning=true default_input=present default_input_transport=built-in
2026-08-29T03:08:19.048Z dictation_preview_pass engine=parakeet ms=219 samples=240000 chars=254
2026-08-29T03:08:20.137Z dictation_preview_pass engine=parakeet ms=205 samples=240000 chars=229
2026-08-29T03:08:21.232Z dictation_preview_pass engine=parakeet ms=198 samples=240000 chars=208
2026-08-29T03:08:22.337Z dictation_preview_pass engine=parakeet ms=210 samples=240000 chars=213
2026-08-29T03:08:23.420Z dictation_preview_pass engine=parakeet ms=190 samples=240000 chars=187
2026-08-29T03:08:23.955Z dictation_capture_heartbeat input_buffers=5030 input_frames=22182300 isRunning=true default_input=present default_input_transport=built-in
2026-08-29T03:08:24.538Z dictation_preview_pass engine=parakeet ms=206 samples=240000 chars=175
2026-08-29T03:08:25.621Z dictation_preview_pass engine=parakeet ms=187 samples=240000 chars=168
2026-08-29T03:08:26.718Z dictation_preview_pass engine=parakeet ms=192 samples=240000 chars=161
2026-08-29T03:08:27.815Z dictation_preview_pass engine=parakeet ms=186 samples=240000 chars=150
2026-08-29T03:08:28.926Z dictation_preview_pass engine=parakeet ms=194 samples=240000 chars=151
2026-08-29T03:08:28.957Z dictation_capture_heartbeat input_buffers=5080 input_frames=22402800 isRunning=true default_input=present default_input_transport=built-in
2026-08-29T03:08:30.026Z dictation_preview_pass engine=parakeet ms=202 samples=240000 chars=170
2026-08-29T03:08:31.033Z dictation_preview_pass engine=parakeet ms=200 samples=240000 chars=173
2026-08-29T03:08:32.124Z dictation_preview_pass engine=parakeet ms=198 samples=240000 chars=175
2026-08-29T03:08:33.220Z dictation_preview_pass engine=parakeet ms=192 samples=240000 chars=190
2026-08-29T03:08:33.994Z dictation_capture_heartbeat input_buffers=5130 input_frames=22623300 isRunning=true default_input=present default_input_transport=built-in
2026-08-29T03:08:34.334Z dictation_preview_pass engine=parakeet ms=203 samples=240000 chars=185
2026-08-29T03:08:35.429Z dictation_preview_pass engine=parakeet ms=195 samples=240000 chars=188
2026-08-29T03:08:36.526Z dictation_preview_pass engine=parakeet ms=199 samples=240000 chars=195
2026-08-29T03:08:37.632Z dictation_preview_pass engine=parakeet ms=204 samples=240000 chars=212
2026-08-29T03:08:38.745Z dictation_preview_pass engine=parakeet ms=214 samples=240000 chars=236
2026-08-29T03:08:39.046Z dictation_capture_heartbeat input_buffers=5181 input_frames=22848210 isRunning=true default_input=present default_input_transport=built-in
2026-08-29T03:08:39.848Z dictation_preview_pass engine=parakeet ms=214 samples=240000 chars=233
2026-08-29T03:08:40.939Z dictation_preview_pass engine=parakeet ms=212 samples=240000 chars=243
2026-08-29T03:08:42.042Z dictation_preview_pass engine=parakeet ms=213 samples=240000 chars=252
2026-08-29T03:08:43.140Z dictation_preview_pass engine=parakeet ms=209 samples=240000 chars=237
2026-08-29T03:08:44.052Z dictation_capture_heartbeat input_buffers=5231 input_frames=23068710 isRunning=true default_input=present default_input_transport=built-in
2026-08-29T03:08:44.237Z dictation_preview_pass engine=parakeet ms=203 samples=240000 chars=221
2026-08-29T03:08:45.235Z dictation_preview_pass engine=parakeet ms=201 samples=240000 chars=200
2026-08-29T03:08:46.311Z dictation_preview_pass engine=parakeet ms=185 samples=240000 chars=204
2026-08-29T03:08:47.338Z dictation_preview_pass engine=parakeet ms=203 samples=240000 chars=189
2026-08-29T03:08:48.412Z dictation_preview_pass engine=parakeet ms=186 samples=240000 chars=182
2026-08-29T03:08:49.070Z dictation_capture_heartbeat input_buffers=5281 input_frames=23289210 isRunning=true default_input=present default_input_transport=built-in
2026-08-29T03:08:49.521Z dictation_preview_pass engine=parakeet ms=193 samples=240000 chars=193
2026-08-29T03:08:50.626Z dictation_preview_pass engine=parakeet ms=195 samples=240000 chars=202
2026-08-29T03:08:51.726Z dictation_preview_pass engine=parakeet ms=192 samples=240000 chars=205
2026-08-29T03:08:52.804Z dictation_preview_pass engine=parakeet ms=179 samples=240000 chars=194
2026-08-29T03:08:53.921Z dictation_preview_pass engine=parakeet ms=192 samples=240000 chars=197
2026-08-29T03:08:54.117Z dictation_capture_heartbeat input_buffers=5331 input_frames=23509710 isRunning=true default_input=present default_input_transport=built-in
2026-08-29T03:08:55.023Z dictation_preview_pass engine=parakeet ms=191 samples=240000 chars=206
2026-08-29T03:08:56.127Z dictation_preview_pass engine=parakeet ms=193 samples=240000 chars=218
2026-08-29T03:08:57.234Z dictation_preview_pass engine=parakeet ms=208 samples=240000 chars=200
2026-08-29T03:08:58.341Z dictation_preview_pass engine=parakeet ms=212 samples=240000 chars=223
2026-08-29T03:08:59.141Z dictation_capture_heartbeat input_buffers=5382 input_frames=23734620 isRunning=true default_input=present default_input_transport=built-in
2026-08-29T03:08:59.439Z dictation_preview_pass engine=parakeet ms=208 samples=240000 chars=230
2026-08-29T03:09:00.544Z dictation_preview_pass engine=parakeet ms=209 samples=240000 chars=256
2026-08-29T03:09:01.649Z dictation_preview_pass engine=parakeet ms=223 samples=240000 chars=272
2026-08-29T03:09:02.767Z dictation_preview_pass engine=parakeet ms=238 samples=240000 chars=272
2026-08-29T03:09:03.867Z dictation_preview_pass engine=parakeet ms=235 samples=240000 chars=281
2026-08-29T03:09:04.159Z dictation_capture_heartbeat input_buffers=5432 input_frames=23955120 isRunning=true default_input=present default_input_transport=built-in
2026-08-29T03:09:04.937Z dictation_preview_pass engine=parakeet ms=202 samples=240000 chars=250
2026-08-29T03:09:06.045Z dictation_preview_pass engine=parakeet ms=219 samples=240000 chars=242
2026-08-29T03:09:07.136Z dictation_preview_pass engine=parakeet ms=205 samples=240000 chars=235
2026-08-29T03:09:08.241Z dictation_preview_pass engine=parakeet ms=209 samples=240000 chars=242
2026-08-29T03:09:09.207Z dictation_capture_heartbeat input_buffers=5482 input_frames=24175620 isRunning=true default_input=present default_input_transport=built-in
2026-08-29T03:09:09.343Z dictation_preview_pass engine=parakeet ms=208 samples=240000 chars=246
2026-08-29T03:09:10.436Z dictation_preview_pass engine=parakeet ms=210 samples=240000 chars=220
2026-08-29T03:09:11.436Z dictation_preview_pass engine=parakeet ms=209 samples=240000 chars=233
2026-08-29T03:09:12.432Z dictation_preview_pass engine=parakeet ms=197 samples=240000 chars=233
2026-08-29T03:09:13.528Z dictation_preview_pass engine=parakeet ms=202 samples=240000 chars=220
2026-08-29T03:09:14.259Z dictation_capture_heartbeat input_buffers=5533 input_frames=24400530 isRunning=true default_input=present default_input_transport=built-in
2026-08-29T03:09:14.630Z dictation_preview_pass engine=parakeet ms=200 samples=240000 chars=217
2026-08-29T03:09:15.628Z dictation_preview_pass engine=parakeet ms=198 samples=240000 chars=211
2026-08-29T03:09:16.729Z dictation_preview_pass engine=parakeet ms=198 samples=240000 chars=205
2026-08-29T03:09:17.831Z dictation_preview_pass engine=parakeet ms=197 samples=240000 chars=195
2026-08-29T03:09:18.905Z dictation_preview_pass engine=parakeet ms=179 samples=240000 chars=162
2026-08-29T03:09:19.270Z dictation_capture_heartbeat input_buffers=5583 input_frames=24621030 isRunning=true default_input=present default_input_transport=built-in
2026-08-29T03:09:19.934Z dictation_preview_pass engine=parakeet ms=197 samples=240000 chars=163
2026-08-29T03:09:21.016Z dictation_preview_pass engine=parakeet ms=189 samples=240000 chars=184
2026-08-29T03:09:22.112Z dictation_preview_pass engine=parakeet ms=183 samples=240000 chars=178
2026-08-29T03:09:23.112Z dictation_preview_pass engine=parakeet ms=182 samples=240000 chars=182
2026-08-29T03:09:24.216Z dictation_preview_pass engine=parakeet ms=184 samples=240000 chars=162
2026-08-29T03:09:24.274Z dictation_capture_heartbeat input_buffers=5633 input_frames=24841530 isRunning=true default_input=present default_input_transport=built-in
2026-08-29T03:09:25.323Z dictation_preview_pass engine=parakeet ms=189 samples=240000 chars=161
2026-08-29T03:09:26.417Z dictation_preview_pass engine=parakeet ms=190 samples=240000 chars=163
2026-08-29T03:09:27.418Z dictation_preview_pass engine=parakeet ms=184 samples=240000 chars=160
2026-08-29T03:09:28.504Z dictation_preview_pass engine=parakeet ms=176 samples=240000 chars=161
2026-08-29T03:09:29.310Z dictation_capture_heartbeat input_buffers=5683 input_frames=25062030 isRunning=true default_input=present default_input_transport=built-in
2026-08-29T03:09:29.611Z dictation_preview_pass engine=parakeet ms=182 samples=240000 chars=169
2026-08-29T03:09:30.607Z dictation_preview_pass engine=parakeet ms=177 samples=240000 chars=155
2026-08-29T03:09:31.713Z dictation_preview_pass engine=parakeet ms=183 samples=240000 chars=143
2026-08-29T03:09:32.806Z dictation_preview_pass engine=parakeet ms=172 samples=240000 chars=137
2026-08-29T03:09:33.902Z dictation_preview_pass engine=parakeet ms=176 samples=240000 chars=151
2026-08-29T03:09:34.337Z dictation_capture_heartbeat input_buffers=5734 input_frames=25286940 isRunning=true default_input=present default_input_transport=built-in
2026-08-29T03:09:34.931Z dictation_preview_pass engine=parakeet ms=196 samples=240000 chars=171
2026-08-29T03:09:36.009Z dictation_preview_pass engine=parakeet ms=182 samples=240000 chars=145
2026-08-29T03:09:37.111Z dictation_preview_pass engine=parakeet ms=182 samples=240000 chars=158
2026-08-29T03:09:38.215Z dictation_preview_pass engine=parakeet ms=182 samples=240000 chars=168
2026-08-29T03:09:39.319Z dictation_preview_pass engine=parakeet ms=196 samples=240000 chars=180
2026-08-29T03:09:39.379Z dictation_capture_heartbeat input_buffers=5784 input_frames=25507440 isRunning=true default_input=present default_input_transport=built-in
2026-08-29T03:09:40.338Z dictation_preview_pass engine=parakeet ms=204 samples=240000 chars=191
2026-08-29T03:09:41.414Z dictation_preview_pass engine=parakeet ms=189 samples=240000 chars=184
2026-08-29T03:09:42.431Z dictation_preview_pass engine=parakeet ms=195 samples=240000 chars=216
2026-08-29T03:09:43.543Z dictation_preview_pass engine=parakeet ms=217 samples=240000 chars=209
2026-08-29T03:09:44.402Z dictation_capture_heartbeat input_buffers=5834 input_frames=25727940 isRunning=true default_input=present default_input_transport=built-in
2026-08-29T03:09:44.632Z dictation_preview_pass engine=parakeet ms=202 samples=240000 chars=206
2026-08-29T03:09:45.742Z dictation_preview_pass engine=parakeet ms=209 samples=240000 chars=218
2026-08-29T03:09:46.824Z dictation_preview_pass engine=parakeet ms=201 samples=240000 chars=225
2026-08-29T03:09:47.832Z dictation_preview_pass engine=parakeet ms=197 samples=240000 chars=223
2026-08-29T03:09:48.927Z dictation_preview_pass engine=parakeet ms=202 samples=240000 chars=207
2026-08-29T03:09:49.447Z dictation_capture_heartbeat input_buffers=5885 input_frames=25952850 isRunning=true default_input=present default_input_transport=built-in
2026-08-29T03:09:50.016Z dictation_preview_pass engine=parakeet ms=188 samples=240000 chars=181
2026-08-29T03:09:51.123Z dictation_preview_pass engine=parakeet ms=193 samples=240000 chars=214
2026-08-29T03:09:52.229Z dictation_preview_pass engine=parakeet ms=195 samples=240000 chars=209
2026-08-29T03:09:53.324Z dictation_preview_pass engine=parakeet ms=198 samples=240000 chars=213
2026-08-29T03:09:54.436Z dictation_preview_pass engine=parakeet ms=209 samples=240000 chars=214
2026-08-29T03:09:54.457Z dictation_capture_heartbeat input_buffers=5935 input_frames=26173350 isRunning=true default_input=present default_input_transport=built-in
2026-08-29T03:09:55.532Z dictation_preview_pass engine=parakeet ms=200 samples=240000 chars=207
2026-08-29T03:09:56.619Z dictation_preview_pass engine=parakeet ms=185 samples=240000 chars=174
2026-08-29T03:09:57.724Z dictation_preview_pass engine=parakeet ms=199 samples=240000 chars=192
2026-08-29T03:09:58.811Z dictation_preview_pass engine=parakeet ms=183 samples=240000 chars=201
2026-08-29T03:09:59.471Z dictation_capture_heartbeat input_buffers=5985 input_frames=26393850 isRunning=true default_input=present default_input_transport=built-in
2026-08-29T03:09:59.920Z dictation_preview_pass engine=parakeet ms=189 samples=240000 chars=208
2026-08-29T03:10:01.025Z dictation_preview_pass engine=parakeet ms=190 samples=240000 chars=207
2026-08-29T03:10:02.115Z dictation_preview_pass engine=parakeet ms=190 samples=240000 chars=206
2026-08-29T03:10:03.236Z dictation_preview_pass engine=parakeet ms=207 samples=240000 chars=212
2026-08-29T03:10:04.344Z dictation_preview_pass engine=parakeet ms=212 samples=240000 chars=237
2026-08-29T03:10:04.510Z dictation_capture_heartbeat input_buffers=6035 input_frames=26614350 isRunning=true default_input=present default_input_transport=built-in
2026-08-29T03:10:05.446Z dictation_preview_pass engine=parakeet ms=211 samples=240000 chars=245
2026-08-29T03:10:06.520Z dictation_preview_pass engine=parakeet ms=195 samples=240000 chars=215
2026-08-29T03:10:07.623Z dictation_preview_pass engine=parakeet ms=194 samples=240000 chars=209
2026-08-29T03:10:08.732Z dictation_preview_pass engine=parakeet ms=201 samples=240000 chars=207
2026-08-29T03:10:09.518Z dictation_capture_heartbeat input_buffers=6085 input_frames=26834850 isRunning=true default_input=present default_input_transport=built-in
2026-08-29T03:10:09.826Z dictation_preview_pass engine=parakeet ms=192 samples=240000 chars=208
2026-08-29T03:10:10.916Z dictation_preview_pass engine=parakeet ms=190 samples=240000 chars=197
2026-08-29T03:10:12.019Z dictation_preview_pass engine=parakeet ms=190 samples=240000 chars=224
2026-08-29T03:10:13.120Z dictation_preview_pass engine=parakeet ms=188 samples=240000 chars=208
2026-08-29T03:10:14.214Z dictation_preview_pass engine=parakeet ms=178 samples=240000 chars=202
2026-08-29T03:10:14.547Z dictation_capture_heartbeat input_buffers=6136 input_frames=27059760 isRunning=true default_input=present default_input_transport=built-in
2026-08-29T03:10:15.312Z dictation_preview_pass engine=parakeet ms=184 samples=240000 chars=223
2026-08-29T03:10:16.414Z dictation_preview_pass engine=parakeet ms=185 samples=240000 chars=194
2026-08-29T03:10:17.531Z dictation_preview_pass engine=parakeet ms=200 samples=240000 chars=209
2026-08-29T03:10:18.610Z dictation_preview_pass engine=parakeet ms=173 samples=240000 chars=204
2026-08-29T03:10:19.594Z dictation_capture_heartbeat input_buffers=6186 input_frames=27280260 isRunning=true default_input=present default_input_transport=built-in
2026-08-29T03:10:19.717Z dictation_preview_pass engine=parakeet ms=191 samples=240000 chars=215
2026-08-29T03:10:20.813Z dictation_preview_pass engine=parakeet ms=184 samples=240000 chars=216
2026-08-29T03:10:21.931Z dictation_preview_pass engine=parakeet ms=199 samples=240000 chars=229
2026-08-29T03:10:22.920Z dictation_preview_pass engine=parakeet ms=188 samples=240000 chars=228
2026-08-29T03:10:24.021Z dictation_preview_pass engine=parakeet ms=188 samples=240000 chars=224
2026-08-29T03:10:24.642Z dictation_capture_heartbeat input_buffers=6237 input_frames=27505170 isRunning=true default_input=present default_input_transport=built-in
2026-08-29T03:10:25.131Z dictation_preview_pass engine=parakeet ms=207 samples=240000 chars=232
2026-08-29T03:10:26.143Z dictation_preview_pass engine=parakeet ms=208 samples=240000 chars=233
2026-08-29T03:10:27.235Z dictation_preview_pass engine=parakeet ms=209 samples=240000 chars=219
2026-08-29T03:10:28.345Z dictation_preview_pass engine=parakeet ms=215 samples=240000 chars=248
2026-08-29T03:10:29.446Z dictation_preview_pass engine=parakeet ms=214 samples=240000 chars=261
2026-08-29T03:10:29.659Z dictation_capture_heartbeat input_buffers=6287 input_frames=27725670 isRunning=true default_input=present default_input_transport=built-in
2026-08-29T03:10:30.540Z dictation_preview_pass engine=parakeet ms=215 samples=240000 chars=271
2026-08-29T03:10:31.556Z dictation_preview_pass engine=parakeet ms=222 samples=240000 chars=286
2026-08-29T03:10:32.637Z dictation_preview_pass engine=parakeet ms=210 samples=240000 chars=274
2026-08-29T03:10:33.647Z dictation_preview_pass engine=parakeet ms=212 samples=240000 chars=263
2026-08-29T03:10:34.700Z dictation_capture_heartbeat input_buffers=6337 input_frames=27946170 isRunning=true default_input=present default_input_transport=built-in
2026-08-29T03:10:34.742Z dictation_preview_pass engine=parakeet ms=216 samples=240000 chars=253
2026-08-29T03:10:35.837Z dictation_preview_pass engine=parakeet ms=207 samples=240000 chars=227
2026-08-29T03:10:36.938Z dictation_preview_pass engine=parakeet ms=205 samples=240000 chars=210
2026-08-29T03:10:38.019Z dictation_preview_pass engine=parakeet ms=195 samples=240000 chars=212
2026-08-29T03:10:39.037Z dictation_preview_pass engine=parakeet ms=204 samples=240000 chars=209
2026-08-29T03:10:39.732Z dictation_capture_heartbeat input_buffers=6388 input_frames=28171080 isRunning=true default_input=present default_input_transport=built-in
2026-08-29T03:10:40.114Z dictation_preview_pass engine=parakeet ms=189 samples=240000 chars=198
2026-08-29T03:10:41.227Z dictation_preview_pass engine=parakeet ms=200 samples=240000 chars=182
2026-08-29T03:10:42.322Z dictation_preview_pass engine=parakeet ms=190 samples=240000 chars=179
2026-08-29T03:10:43.411Z dictation_preview_pass engine=parakeet ms=178 samples=240000 chars=167
2026-08-29T03:10:44.511Z dictation_preview_pass engine=parakeet ms=186 samples=240000 chars=152
2026-08-29T03:10:44.736Z dictation_capture_heartbeat input_buffers=6438 input_frames=28391580 isRunning=true default_input=present default_input_transport=built-in
2026-08-29T03:10:45.596Z dictation_preview_pass engine=parakeet ms=168 samples=240000 chars=143
2026-08-29T03:10:46.710Z dictation_preview_pass engine=parakeet ms=178 samples=240000 chars=149
2026-08-29T03:10:47.836Z dictation_preview_pass engine=parakeet ms=202 samples=240000 chars=163
2026-08-29T03:10:48.908Z dictation_preview_pass engine=parakeet ms=182 samples=240000 chars=175
2026-08-29T03:10:49.772Z dictation_capture_heartbeat input_buffers=6488 input_frames=28612080 isRunning=true default_input=present default_input_transport=built-in
2026-08-29T03:10:50.011Z dictation_preview_pass engine=parakeet ms=183 samples=240000 chars=174
2026-08-29T03:10:51.116Z dictation_preview_pass engine=parakeet ms=186 samples=240000 chars=165
2026-08-29T03:10:52.218Z dictation_preview_pass engine=parakeet ms=184 samples=240000 chars=170
2026-08-29T03:10:53.320Z dictation_preview_pass engine=parakeet ms=195 samples=240000 chars=182
2026-08-29T03:10:54.415Z dictation_preview_pass engine=parakeet ms=185 samples=240000 chars=198
2026-08-29T03:10:54.781Z dictation_capture_heartbeat input_buffers=6538 input_frames=28832580 isRunning=true default_input=present default_input_transport=built-in
2026-08-29T03:10:55.524Z dictation_preview_pass engine=parakeet ms=193 samples=240000 chars=216
2026-08-29T03:10:56.627Z dictation_preview_pass engine=parakeet ms=193 samples=240000 chars=222
2026-08-29T03:10:57.730Z dictation_preview_pass engine=parakeet ms=205 samples=240000 chars=210
2026-08-29T03:10:58.837Z dictation_preview_pass engine=parakeet ms=207 samples=240000 chars=223
2026-08-29T03:10:59.796Z dictation_capture_heartbeat input_buffers=6588 input_frames=29053080 isRunning=true default_input=present default_input_transport=built-in
2026-08-29T03:10:59.927Z dictation_preview_pass engine=parakeet ms=196 samples=240000 chars=215
2026-08-29T03:11:01.044Z dictation_preview_pass engine=parakeet ms=209 samples=240000 chars=211
2026-08-29T03:11:02.133Z dictation_preview_pass engine=parakeet ms=207 samples=240000 chars=232
2026-08-29T03:11:03.223Z dictation_preview_pass engine=parakeet ms=192 samples=240000 chars=222
2026-08-29T03:11:04.339Z dictation_preview_pass engine=parakeet ms=208 samples=240000 chars=229
2026-08-29T03:11:04.801Z dictation_capture_heartbeat input_buffers=6638 input_frames=29273580 isRunning=true default_input=present default_input_transport=built-in
2026-08-29T03:11:05.445Z dictation_preview_pass engine=parakeet ms=210 samples=240000 chars=258
2026-08-29T03:11:06.553Z dictation_preview_pass engine=parakeet ms=226 samples=240000 chars=281
2026-08-29T03:11:07.649Z dictation_preview_pass engine=parakeet ms=219 samples=240000 chars=269
2026-08-29T03:11:08.743Z dictation_preview_pass engine=parakeet ms=211 samples=240000 chars=255
2026-08-29T03:11:09.838Z dictation_preview_pass engine=parakeet ms=198 samples=240000 chars=239
2026-08-29T03:11:09.855Z dictation_capture_heartbeat input_buffers=6689 input_frames=29498490 isRunning=true default_input=present default_input_transport=built-in
2026-08-29T03:11:10.939Z dictation_preview_pass engine=parakeet ms=213 samples=240000 chars=244
2026-08-29T03:11:12.048Z dictation_preview_pass engine=parakeet ms=218 samples=240000 chars=261
2026-08-29T03:11:13.141Z dictation_preview_pass engine=parakeet ms=210 samples=240000 chars=242
2026-08-29T03:11:14.251Z dictation_preview_pass engine=parakeet ms=228 samples=240000 chars=276
2026-08-29T03:11:14.895Z dictation_capture_heartbeat input_buffers=6739 input_frames=29718990 isRunning=true default_input=present default_input_transport=built-in
2026-08-29T03:11:15.254Z dictation_preview_pass engine=parakeet ms=220 samples=240000 chars=270
2026-08-29T03:11:16.353Z dictation_preview_pass engine=parakeet ms=228 samples=240000 chars=265
2026-08-29T03:11:17.352Z dictation_preview_pass engine=parakeet ms=217 samples=240000 chars=254
2026-08-29T03:11:18.437Z dictation_preview_pass engine=parakeet ms=212 samples=240000 chars=257
2026-08-29T03:11:19.544Z dictation_preview_pass engine=parakeet ms=215 samples=240000 chars=261
2026-08-29T03:11:19.931Z dictation_capture_heartbeat input_buffers=6789 input_frames=29939490 isRunning=true default_input=present default_input_transport=built-in
2026-08-29T03:11:20.642Z dictation_preview_pass engine=parakeet ms=208 samples=240000 chars=259
2026-08-29T03:11:21.738Z dictation_preview_pass engine=parakeet ms=213 samples=240000 chars=253
2026-08-29T03:11:22.743Z dictation_preview_pass engine=parakeet ms=210 samples=240000 chars=260
2026-08-29T03:11:23.841Z dictation_preview_pass engine=parakeet ms=217 samples=240000 chars=268
2026-08-29T03:11:24.841Z dictation_preview_pass engine=parakeet ms=206 samples=240000 chars=262
2026-08-29T03:11:24.937Z dictation_capture_heartbeat input_buffers=6840 input_frames=30164400 isRunning=true default_input=present default_input_transport=built-in
2026-08-29T03:11:25.917Z dictation_preview_pass engine=parakeet ms=190 samples=240000 chars=256
2026-08-29T03:11:27.047Z dictation_preview_pass engine=parakeet ms=218 samples=240000 chars=250
2026-08-29T03:11:28.152Z dictation_preview_pass engine=parakeet ms=220 samples=240000 chars=262
2026-08-29T03:11:29.235Z dictation_preview_pass engine=parakeet ms=212 samples=240000 chars=247
2026-08-29T03:11:29.989Z dictation_capture_heartbeat input_buffers=6890 input_frames=30384900 isRunning=true default_input=present default_input_transport=built-in
2026-08-29T03:11:30.246Z dictation_preview_pass engine=parakeet ms=213 samples=240000 chars=242
2026-08-29T03:11:31.338Z dictation_preview_pass engine=parakeet ms=212 samples=240000 chars=233
2026-08-29T03:11:32.425Z dictation_preview_pass engine=parakeet ms=197 samples=240000 chars=215
2026-08-29T03:11:33.538Z dictation_preview_pass engine=parakeet ms=207 samples=240000 chars=239
2026-08-29T03:11:34.635Z dictation_preview_pass engine=parakeet ms=201 samples=240000 chars=229
2026-08-29T03:11:35.040Z dictation_capture_heartbeat input_buffers=6941 input_frames=30609810 isRunning=true default_input=present default_input_transport=built-in
2026-08-29T03:11:35.721Z dictation_preview_pass engine=parakeet ms=195 samples=240000 chars=213
2026-08-29T03:11:36.838Z dictation_preview_pass engine=parakeet ms=210 samples=240000 chars=199
2026-08-29T03:11:37.926Z dictation_preview_pass engine=parakeet ms=196 samples=240000 chars=211
2026-08-29T03:11:39.048Z dictation_preview_pass engine=parakeet ms=214 samples=240000 chars=212
2026-08-29T03:11:40.095Z dictation_capture_heartbeat input_buffers=6991 input_frames=30830310 isRunning=true default_input=present default_input_transport=built-in
2026-08-29T03:11:40.122Z dictation_preview_pass engine=parakeet ms=196 samples=240000 chars=197
2026-08-29T03:11:41.229Z dictation_preview_pass engine=parakeet ms=200 samples=240000 chars=209
2026-08-29T03:11:42.342Z dictation_preview_pass engine=parakeet ms=212 samples=240000 chars=199
2026-08-29T03:11:43.429Z dictation_preview_pass engine=parakeet ms=194 samples=240000 chars=187
2026-08-29T03:11:44.522Z dictation_preview_pass engine=parakeet ms=197 samples=240000 chars=192
2026-08-29T03:11:45.139Z dictation_capture_heartbeat input_buffers=7042 input_frames=31055220 isRunning=true default_input=present default_input_transport=built-in
2026-08-29T03:11:45.629Z dictation_preview_pass engine=parakeet ms=201 samples=240000 chars=216
2026-08-29T03:11:46.743Z dictation_preview_pass engine=parakeet ms=211 samples=240000 chars=236
2026-08-29T03:11:47.864Z dictation_preview_pass engine=parakeet ms=230 samples=240000 chars=256
2026-08-29T03:11:48.942Z dictation_preview_pass engine=parakeet ms=216 samples=240000 chars=243
2026-08-29T03:11:50.036Z dictation_preview_pass engine=parakeet ms=207 samples=240000 chars=222
2026-08-29T03:11:50.157Z dictation_capture_heartbeat input_buffers=7092 input_frames=31275720 isRunning=true default_input=present default_input_transport=built-in
2026-08-29T03:11:51.137Z dictation_preview_pass engine=parakeet ms=204 samples=240000 chars=222
2026-08-29T03:11:52.266Z dictation_preview_pass engine=parakeet ms=232 samples=240000 chars=257
2026-08-29T03:11:53.358Z dictation_preview_pass engine=parakeet ms=232 samples=240000 chars=250
2026-08-29T03:11:54.440Z dictation_preview_pass engine=parakeet ms=211 samples=240000 chars=246
2026-08-29T03:11:55.182Z dictation_capture_heartbeat input_buffers=7142 input_frames=31496220 isRunning=true default_input=present default_input_transport=built-in
2026-08-29T03:11:55.553Z dictation_preview_pass engine=parakeet ms=219 samples=240000 chars=261
2026-08-29T03:11:56.648Z dictation_preview_pass engine=parakeet ms=213 samples=240000 chars=269
2026-08-29T03:11:57.739Z dictation_preview_pass engine=parakeet ms=213 samples=240000 chars=238
2026-08-29T03:11:58.848Z dictation_preview_pass engine=parakeet ms=218 samples=240000 chars=240
2026-08-29T03:11:59.955Z dictation_preview_pass engine=parakeet ms=224 samples=240000 chars=243
2026-08-29T03:12:00.199Z dictation_capture_heartbeat input_buffers=7192 input_frames=31716720 isRunning=true default_input=present default_input_transport=built-in
2026-08-29T03:12:01.040Z dictation_preview_pass engine=parakeet ms=205 samples=240000 chars=223
2026-08-29T03:12:02.130Z dictation_preview_pass engine=parakeet ms=205 samples=240000 chars=208
2026-08-29T03:12:03.130Z dictation_preview_pass engine=parakeet ms=204 samples=240000 chars=190
2026-08-29T03:12:04.118Z dictation_preview_pass engine=parakeet ms=181 samples=240000 chars=177
2026-08-29T03:12:05.233Z dictation_preview_pass engine=parakeet ms=207 samples=240000 chars=211
2026-08-29T03:12:05.252Z dictation_capture_heartbeat input_buffers=7243 input_frames=31941630 isRunning=true default_input=present default_input_transport=built-in
2026-08-29T03:12:06.333Z dictation_preview_pass engine=parakeet ms=205 samples=240000 chars=223
2026-08-29T03:12:07.436Z dictation_preview_pass engine=parakeet ms=204 samples=240000 chars=217
2026-08-29T03:12:08.537Z dictation_preview_pass engine=parakeet ms=202 samples=240000 chars=213
2026-08-29T03:12:09.645Z dictation_preview_pass engine=parakeet ms=219 samples=240000 chars=216
2026-08-29T03:12:10.300Z dictation_capture_heartbeat input_buffers=7293 input_frames=32162130 isRunning=true default_input=present default_input_transport=built-in
2026-08-29T03:12:10.740Z dictation_preview_pass engine=parakeet ms=211 samples=240000 chars=205
2026-08-29T03:12:11.849Z dictation_preview_pass engine=parakeet ms=218 samples=240000 chars=211
2026-08-29T03:12:12.925Z dictation_preview_pass engine=parakeet ms=201 samples=240000 chars=218
2026-08-29T03:12:13.949Z dictation_preview_pass engine=parakeet ms=216 samples=240000 chars=223
2026-08-29T03:12:15.010Z dictation_preview_pass engine=parakeet ms=186 samples=240000 chars=179
2026-08-29T03:12:15.330Z dictation_capture_heartbeat input_buffers=7344 input_frames=32387040 isRunning=true default_input=present default_input_transport=built-in
2026-08-29T03:12:16.025Z dictation_preview_pass engine=parakeet ms=189 samples=240000 chars=172
2026-08-29T03:12:17.111Z dictation_preview_pass engine=parakeet ms=186 samples=240000 chars=172
2026-08-29T03:12:18.225Z dictation_preview_pass engine=parakeet ms=196 samples=240000 chars=189
2026-08-29T03:12:19.230Z dictation_preview_pass engine=parakeet ms=201 samples=240000 chars=200
2026-08-29T03:12:20.325Z dictation_preview_pass engine=parakeet ms=195 samples=240000 chars=190
2026-08-29T03:12:20.377Z dictation_capture_heartbeat input_buffers=7394 input_frames=32607540 isRunning=true default_input=present default_input_transport=built-in
2026-08-29T03:12:21.419Z dictation_preview_pass engine=parakeet ms=185 samples=240000 chars=179
2026-08-29T03:12:22.520Z dictation_preview_pass engine=parakeet ms=194 samples=240000 chars=187
2026-08-29T03:12:23.613Z dictation_preview_pass engine=parakeet ms=185 samples=240000 chars=182
2026-08-29T03:12:24.726Z dictation_preview_pass engine=parakeet ms=195 samples=240000 chars=191
2026-08-29T03:12:25.386Z dictation_capture_heartbeat input_buffers=7444 input_frames=32828040 isRunning=true default_input=present default_input_transport=built-in
2026-08-29T03:12:25.813Z dictation_preview_pass engine=parakeet ms=180 samples=240000 chars=187
2026-08-29T03:12:26.912Z dictation_preview_pass engine=parakeet ms=187 samples=240000 chars=191
2026-08-29T03:12:28.028Z dictation_preview_pass engine=parakeet ms=200 samples=240000 chars=203
2026-08-29T03:12:29.017Z dictation_preview_pass engine=parakeet ms=189 samples=240000 chars=202
2026-08-29T03:12:30.115Z dictation_preview_pass engine=parakeet ms=187 samples=240000 chars=197
2026-08-29T03:12:30.336Z dictation_hotkey_stop mode=persistent tail_ms=0
2026-08-29T03:12:30.342Z dictation_stop_requested mode=persistent session=39
2026-08-29T03:12:30.391Z shared_mic_engine_stopped
2026-08-29T03:12:30.391Z shared_mic_diagnostics transition=unsubscribe wants_vpio=n/a blocks_vpio_promotion=n/a subscribers=0 vpio_subs=0 passive_subs=0 engine_running=false vpio_engaged=false vpio_deferred=false vpio_deferral_count=0
2026-08-29T03:12:30.392Z dictation_capture_stop sample_count=11988800 effective_sample_count=11988800 duration_s=749.300 wall_duration_s=749.467 file_bytes=47959296 input_buffers=7494 output_buffers=7493 input_frames=33048540 max_rms=0.189350 max_level=0.947 non_silent_buffers=4163 missing_float_buffers=0 invalid_format_buffers=0 no_buffer_timeout=false
2026-08-29T03:12:30.393Z dictation_transcribe_begin file_bytes=47959296
2026-08-29T03:12:30.543Z shared_mic_engine_prepare_timing vpio=false buffer_size=4096 set_vpio_ms=0.005 output_format_ms=0.012 install_tap_ms=0.006 total_ms=149.065
2026-08-29T03:12:30.544Z shared_mic_engine_input_device_prepared source=system_default device=present transport=built-in vpio=false set_device_ms=0.000 prepare_engine_ms=150.237
2026-08-29T03:12:33.575Z dictation_transcribe_complete chars=8097 words=1551 engine=parakeet variant=v3
2026-08-29T03:14:08.495Z dictation_preview_started engine=parakeet
2026-08-29T03:14:08.498Z dictation_capture_start permission_status=3
2026-08-29T03:14:08.500Z dictation_capture_starting
2026-08-29T03:14:08.562Z shared_mic_engine_started_from_prepared audio_engine_start_ms=59.730
2026-08-29T03:14:08.563Z shared_mic_diagnostics transition=subscribe wants_vpio=false blocks_vpio_promotion=true subscribers=1 vpio_subs=0 passive_subs=0 engine_running=true vpio_engaged=false vpio_deferred=false vpio_deferral_count=0
2026-08-29T03:14:08.564Z dictation_capture_engine_started file_created=true default_input=present default_input_transport=built-in sr=44100.0 ch=1
2026-08-29T03:14:08.666Z dictation_capture_first_buffer sr=44100.0 ch=1 original_ch=1 common_format=1 interleaved=false frames=4410 has_float_data=true
2026-08-29T03:14:09.744Z dictation_preview_pass engine=parakeet ms=174 samples=14400 chars=2
2026-08-29T03:14:10.776Z dictation_preview_pass engine=parakeet ms=113 samples=32000 chars=0
2026-08-29T03:14:11.805Z dictation_preview_pass engine=parakeet ms=133 samples=48000 chars=41
2026-08-29T03:14:12.897Z dictation_preview_pass engine=parakeet ms=133 samples=65600 chars=45
2026-08-29T03:14:13.605Z dictation_capture_heartbeat input_buffers=50 input_frames=220500 isRunning=true default_input=present default_input_transport=built-in
2026-08-29T03:14:14.010Z dictation_preview_pass engine=parakeet ms=142 samples=83200 chars=45
2026-08-29T03:14:15.107Z dictation_preview_pass engine=parakeet ms=138 samples=100800 chars=45
2026-08-29T03:14:16.206Z dictation_preview_pass engine=parakeet ms=146 samples=118400 chars=45
2026-08-29T03:14:17.208Z dictation_preview_pass engine=parakeet ms=138 samples=134400 chars=55
2026-08-29T03:14:18.217Z dictation_preview_pass engine=parakeet ms=146 samples=150400 chars=69
2026-08-29T03:14:18.660Z dictation_capture_heartbeat input_buffers=100 input_frames=441000 isRunning=true default_input=present default_input_transport=built-in
2026-08-29T03:14:19.327Z dictation_preview_pass engine=parakeet ms=155 samples=168000 chars=89
2026-08-29T03:14:20.420Z dictation_preview_pass engine=parakeet ms=157 samples=185600 chars=97
2026-08-29T03:14:21.534Z dictation_preview_pass engine=parakeet ms=167 samples=203200 chars=110
2026-08-29T03:14:22.642Z dictation_preview_pass engine=parakeet ms=173 samples=220800 chars=124
2026-08-29T03:14:23.666Z dictation_capture_heartbeat input_buffers=151 input_frames=665910 isRunning=true default_input=present default_input_transport=built-in
2026-08-29T03:14:23.723Z dictation_preview_pass engine=parakeet ms=163 samples=238400 chars=124
2026-08-29T03:14:24.740Z dictation_preview_pass engine=parakeet ms=168 samples=240000 chars=121
2026-08-29T03:14:25.831Z dictation_preview_pass engine=parakeet ms=169 samples=240000 chars=122
2026-08-29T03:14:26.843Z dictation_preview_pass engine=parakeet ms=171 samples=240000 chars=129
2026-08-29T03:14:27.932Z dictation_preview_pass engine=parakeet ms=168 samples=240000 chars=132
2026-08-29T03:14:28.716Z dictation_capture_heartbeat input_buffers=201 input_frames=886410 isRunning=true default_input=present default_input_transport=built-in
2026-08-29T03:14:29.051Z dictation_preview_pass engine=parakeet ms=184 samples=240000 chars=136
2026-08-29T03:14:30.157Z dictation_preview_pass engine=parakeet ms=188 samples=240000 chars=155
2026-08-29T03:14:31.240Z dictation_preview_pass engine=parakeet ms=179 samples=240000 chars=161
2026-08-29T03:14:32.243Z dictation_preview_pass engine=parakeet ms=169 samples=240000 chars=159
2026-08-29T03:14:33.340Z dictation_preview_pass engine=parakeet ms=176 samples=240000 chars=159
2026-08-29T03:14:33.727Z dictation_capture_heartbeat input_buffers=251 input_frames=1106910 isRunning=true default_input=present default_input_transport=built-in
2026-08-29T03:14:34.440Z dictation_preview_pass engine=parakeet ms=174 samples=240000 chars=149
2026-08-29T03:14:35.564Z dictation_preview_pass engine=parakeet ms=197 samples=240000 chars=168
2026-08-29T03:14:36.657Z dictation_preview_pass engine=parakeet ms=185 samples=240000 chars=169
2026-08-29T03:14:37.752Z dictation_preview_pass engine=parakeet ms=190 samples=240000 chars=160
2026-08-29T03:14:38.770Z dictation_capture_heartbeat input_buffers=302 input_frames=1331820 isRunning=true default_input=present default_input_transport=built-in
2026-08-29T03:14:38.840Z dictation_preview_pass engine=parakeet ms=174 samples=240000 chars=164
2026-08-29T03:14:39.955Z dictation_preview_pass engine=parakeet ms=186 samples=240000 chars=166
2026-08-29T03:14:41.034Z dictation_preview_pass engine=parakeet ms=160 samples=240000 chars=138
2026-08-29T03:14:42.142Z dictation_preview_pass engine=parakeet ms=179 samples=240000 chars=137
2026-08-29T03:14:43.241Z dictation_preview_pass engine=parakeet ms=176 samples=240000 chars=139
2026-08-29T03:14:43.783Z dictation_capture_heartbeat input_buffers=352 input_frames=1552320 isRunning=true default_input=present default_input_transport=built-in
2026-08-29T03:14:44.346Z dictation_preview_pass engine=parakeet ms=178 samples=240000 chars=145
2026-08-29T03:14:45.442Z dictation_preview_pass engine=parakeet ms=169 samples=240000 chars=150
2026-08-29T03:14:46.557Z dictation_preview_pass engine=parakeet ms=194 samples=240000 chars=181
2026-08-29T03:14:47.644Z dictation_preview_pass engine=parakeet ms=179 samples=240000 chars=160
2026-08-29T03:14:48.754Z dictation_preview_pass engine=parakeet ms=186 samples=240000 chars=177
2026-08-29T03:14:48.832Z dictation_capture_heartbeat input_buffers=402 input_frames=1772820 isRunning=true default_input=present default_input_transport=built-in
2026-08-29T03:14:49.849Z dictation_preview_pass engine=parakeet ms=176 samples=240000 chars=179
2026-08-29T03:14:50.952Z dictation_preview_pass engine=parakeet ms=190 samples=240000 chars=179
2026-08-29T03:14:52.059Z dictation_preview_pass engine=parakeet ms=192 samples=240000 chars=197
2026-08-29T03:14:53.163Z dictation_preview_pass engine=parakeet ms=195 samples=240000 chars=214
2026-08-29T03:14:53.884Z dictation_capture_heartbeat input_buffers=453 input_frames=1997730 isRunning=true default_input=present default_input_transport=built-in
2026-08-29T03:14:54.274Z dictation_preview_pass engine=parakeet ms=202 samples=240000 chars=227
2026-08-29T03:14:55.365Z dictation_preview_pass engine=parakeet ms=202 samples=240000 chars=228
2026-08-29T03:14:56.472Z dictation_preview_pass engine=parakeet ms=205 samples=240000 chars=229
2026-08-29T03:14:57.574Z dictation_preview_pass engine=parakeet ms=205 samples=240000 chars=238
2026-08-29T03:14:58.683Z dictation_preview_pass engine=parakeet ms=211 samples=240000 chars=231
2026-08-29T03:14:58.929Z dictation_capture_heartbeat input_buffers=503 input_frames=2218230 isRunning=true default_input=present default_input_transport=built-in
2026-08-29T03:14:59.768Z dictation_preview_pass engine=parakeet ms=205 samples=240000 chars=243
2026-08-29T03:15:00.865Z dictation_preview_pass engine=parakeet ms=199 samples=240000 chars=217
2026-08-29T03:15:01.971Z dictation_preview_pass engine=parakeet ms=202 samples=240000 chars=202
2026-08-29T03:15:03.080Z dictation_preview_pass engine=parakeet ms=209 samples=240000 chars=237
2026-08-29T03:15:03.935Z dictation_capture_heartbeat input_buffers=553 input_frames=2438730 isRunning=true default_input=present default_input_transport=built-in
2026-08-29T03:15:04.197Z dictation_preview_pass engine=parakeet ms=234 samples=240000 chars=242
2026-08-29T03:15:05.298Z dictation_preview_pass engine=parakeet ms=231 samples=240000 chars=254
2026-08-29T03:15:06.385Z dictation_preview_pass engine=parakeet ms=216 samples=240000 chars=229
2026-08-29T03:15:07.477Z dictation_preview_pass engine=parakeet ms=217 samples=240000 chars=241
2026-08-29T03:15:08.494Z dictation_preview_pass engine=parakeet ms=222 samples=240000 chars=225
2026-08-29T03:15:08.945Z dictation_capture_heartbeat input_buffers=603 input_frames=2659230 isRunning=true default_input=present default_input_transport=built-in
2026-08-29T03:15:09.557Z dictation_preview_pass engine=parakeet ms=194 samples=240000 chars=174
2026-08-29T03:15:10.575Z dictation_preview_pass engine=parakeet ms=203 samples=240000 chars=214
2026-08-29T03:15:11.680Z dictation_preview_pass engine=parakeet ms=217 samples=240000 chars=223
2026-08-29T03:15:12.794Z dictation_preview_pass engine=parakeet ms=228 samples=240000 chars=240
2026-08-29T03:15:13.775Z dictation_preview_pass engine=parakeet ms=207 samples=240000 chars=243
2026-08-29T03:15:13.995Z dictation_capture_heartbeat input_buffers=654 input_frames=2884140 isRunning=true default_input=present default_input_transport=built-in
2026-08-29T03:15:14.915Z dictation_preview_pass engine=parakeet ms=247 samples=240000 chars=281
2026-08-29T03:15:16.006Z dictation_preview_pass engine=parakeet ms=236 samples=240000 chars=289
2026-08-29T03:15:17.083Z dictation_preview_pass engine=parakeet ms=219 samples=240000 chars=283
2026-08-29T03:15:18.109Z dictation_preview_pass engine=parakeet ms=237 samples=240000 chars=267
2026-08-29T03:15:19.013Z dictation_capture_heartbeat input_buffers=704 input_frames=3104640 isRunning=true default_input=present default_input_transport=built-in
2026-08-29T03:15:19.174Z dictation_preview_pass engine=parakeet ms=210 samples=240000 chars=261
2026-08-29T03:15:20.277Z dictation_preview_pass engine=parakeet ms=210 samples=240000 chars=231
2026-08-29T03:15:21.381Z dictation_preview_pass engine=parakeet ms=212 samples=240000 chars=229
2026-08-29T03:15:22.464Z dictation_preview_pass engine=parakeet ms=204 samples=240000 chars=237
2026-08-29T03:15:23.501Z dictation_preview_pass engine=parakeet ms=230 samples=240000 chars=261
2026-08-29T03:15:24.028Z dictation_capture_heartbeat input_buffers=754 input_frames=3325140 isRunning=true default_input=present default_input_transport=built-in
2026-08-29T03:15:24.582Z dictation_preview_pass engine=parakeet ms=220 samples=240000 chars=274
2026-08-29T03:15:25.665Z dictation_preview_pass engine=parakeet ms=201 samples=240000 chars=262
2026-08-29T03:15:26.773Z dictation_preview_pass engine=parakeet ms=204 samples=240000 chars=264
2026-08-29T03:15:27.878Z dictation_preview_pass engine=parakeet ms=208 samples=240000 chars=243
2026-08-29T03:15:28.861Z dictation_preview_pass engine=parakeet ms=189 samples=240000 chars=234
2026-08-29T03:15:29.072Z dictation_capture_heartbeat input_buffers=805 input_frames=3550050 isRunning=true default_input=present default_input_transport=built-in
2026-08-29T03:15:29.943Z dictation_preview_pass engine=parakeet ms=182 samples=240000 chars=203
2026-08-29T03:15:30.940Z dictation_preview_pass engine=parakeet ms=168 samples=240000 chars=177
2026-08-29T03:15:32.037Z dictation_preview_pass engine=parakeet ms=176 samples=240000 chars=179
2026-08-29T03:15:33.142Z dictation_preview_pass engine=parakeet ms=177 samples=240000 chars=172
2026-08-29T03:15:34.086Z dictation_capture_heartbeat input_buffers=855 input_frames=3770550 isRunning=true default_input=present default_input_transport=built-in
2026-08-29T03:15:34.262Z dictation_preview_pass engine=parakeet ms=194 samples=240000 chars=174
2026-08-29T03:15:35.362Z dictation_preview_pass engine=parakeet ms=189 samples=240000 chars=184
2026-08-29T03:15:36.447Z dictation_preview_pass engine=parakeet ms=185 samples=240000 chars=179
2026-08-29T03:15:37.551Z dictation_preview_pass engine=parakeet ms=185 samples=240000 chars=181
2026-08-29T03:15:38.643Z dictation_preview_pass engine=parakeet ms=175 samples=240000 chars=146
2026-08-29T03:15:39.135Z dictation_capture_heartbeat input_buffers=905 input_frames=3991050 isRunning=true default_input=present default_input_transport=built-in
2026-08-29T03:15:39.754Z dictation_preview_pass engine=parakeet ms=183 samples=240000 chars=170
2026-08-29T03:15:40.847Z dictation_preview_pass engine=parakeet ms=184 samples=240000 chars=169
2026-08-29T03:15:41.932Z dictation_preview_pass engine=parakeet ms=165 samples=240000 chars=151
2026-08-29T03:15:43.045Z dictation_preview_pass engine=parakeet ms=177 samples=240000 chars=165
2026-08-29T03:15:44.154Z dictation_preview_pass engine=parakeet ms=183 samples=240000 chars=177
2026-08-29T03:15:44.190Z dictation_capture_heartbeat input_buffers=956 input_frames=4215960 isRunning=true default_input=present default_input_transport=built-in
2026-08-29T03:15:45.240Z dictation_preview_pass engine=parakeet ms=178 samples=240000 chars=198
2026-08-29T03:15:46.347Z dictation_preview_pass engine=parakeet ms=181 samples=240000 chars=192
2026-08-29T03:15:47.450Z dictation_preview_pass engine=parakeet ms=181 samples=240000 chars=211
2026-08-29T03:15:48.556Z dictation_preview_pass engine=parakeet ms=184 samples=240000 chars=206
2026-08-29T03:15:49.238Z dictation_capture_heartbeat input_buffers=1006 input_frames=4436460 isRunning=true default_input=present default_input_transport=built-in
2026-08-29T03:15:49.642Z dictation_preview_pass engine=parakeet ms=179 samples=240000 chars=213
2026-08-29T03:15:50.742Z dictation_preview_pass engine=parakeet ms=172 samples=240000 chars=201
2026-08-29T03:15:51.863Z dictation_preview_pass engine=parakeet ms=192 samples=240000 chars=206
2026-08-29T03:15:52.967Z dictation_preview_pass engine=parakeet ms=196 samples=240000 chars=215
2026-08-29T03:15:53.996Z dictation_preview_pass engine=parakeet ms=223 samples=240000 chars=226
2026-08-29T03:15:54.295Z dictation_capture_heartbeat input_buffers=1057 input_frames=4661370 isRunning=true default_input=present default_input_transport=built-in
2026-08-29T03:15:55.044Z dictation_preview_pass engine=parakeet ms=183 samples=240000 chars=202
2026-08-29T03:15:56.054Z dictation_preview_pass engine=parakeet ms=183 samples=240000 chars=193
2026-08-29T03:15:57.158Z dictation_preview_pass engine=parakeet ms=194 samples=240000 chars=221
2026-08-29T03:15:58.274Z dictation_preview_pass engine=parakeet ms=208 samples=240000 chars=205
2026-08-29T03:15:59.310Z dictation_capture_heartbeat input_buffers=1107 input_frames=4881870 isRunning=true default_input=present default_input_transport=built-in
2026-08-29T03:15:59.347Z dictation_preview_pass engine=parakeet ms=179 samples=240000 chars=183
2026-08-29T03:16:00.446Z dictation_preview_pass engine=parakeet ms=173 samples=240000 chars=175
2026-08-29T03:16:01.545Z dictation_preview_pass engine=parakeet ms=182 samples=240000 chars=181
2026-08-29T03:16:02.659Z dictation_preview_pass engine=parakeet ms=193 samples=240000 chars=184
2026-08-29T03:16:03.760Z dictation_preview_pass engine=parakeet ms=191 samples=240000 chars=198
2026-08-29T03:16:04.357Z dictation_capture_heartbeat input_buffers=1157 input_frames=5102370 isRunning=true default_input=present default_input_transport=built-in
2026-08-29T03:16:04.875Z dictation_preview_pass engine=parakeet ms=203 samples=240000 chars=208
2026-08-29T03:16:05.976Z dictation_preview_pass engine=parakeet ms=211 samples=240000 chars=225
2026-08-29T03:16:07.086Z dictation_preview_pass engine=parakeet ms=218 samples=240000 chars=216
2026-08-29T03:16:08.159Z dictation_preview_pass engine=parakeet ms=190 samples=240000 chars=190
2026-08-29T03:16:09.274Z dictation_preview_pass engine=parakeet ms=202 samples=240000 chars=196
2026-08-29T03:16:09.407Z dictation_capture_heartbeat input_buffers=1208 input_frames=5327280 isRunning=true default_input=present default_input_transport=built-in
2026-08-29T03:16:10.355Z dictation_preview_pass engine=parakeet ms=192 samples=240000 chars=216
2026-08-29T03:16:11.452Z dictation_preview_pass engine=parakeet ms=186 samples=240000 chars=202
2026-08-29T03:16:12.538Z dictation_preview_pass engine=parakeet ms=165 samples=240000 chars=188
2026-08-29T03:16:13.640Z dictation_preview_pass engine=parakeet ms=180 samples=240000 chars=178
2026-08-29T03:16:14.456Z dictation_capture_heartbeat input_buffers=1258 input_frames=5547780 isRunning=true default_input=present default_input_transport=built-in
2026-08-29T03:16:14.659Z dictation_preview_pass engine=parakeet ms=189 samples=240000 chars=182
2026-08-29T03:16:15.740Z dictation_preview_pass engine=parakeet ms=176 samples=240000 chars=167
2026-08-29T03:16:16.840Z dictation_preview_pass engine=parakeet ms=176 samples=240000 chars=167
2026-08-29T03:16:17.843Z dictation_preview_pass engine=parakeet ms=178 samples=240000 chars=176
2026-08-29T03:16:18.942Z dictation_preview_pass engine=parakeet ms=176 samples=240000 chars=152
2026-08-29T03:16:19.505Z dictation_capture_heartbeat input_buffers=1309 input_frames=5772690 isRunning=true default_input=present default_input_transport=built-in
2026-08-29T03:16:20.035Z dictation_preview_pass engine=parakeet ms=165 samples=240000 chars=129
2026-08-29T03:16:21.118Z dictation_preview_pass engine=parakeet ms=157 samples=240000 chars=115
2026-08-29T03:16:22.123Z dictation_preview_pass engine=parakeet ms=153 samples=240000 chars=124
2026-08-29T03:16:23.225Z dictation_preview_pass engine=parakeet ms=163 samples=240000 chars=118
2026-08-29T03:16:24.322Z dictation_preview_pass engine=parakeet ms=158 samples=240000 chars=139
2026-08-29T03:16:24.546Z dictation_capture_heartbeat input_buffers=1359 input_frames=5993190 isRunning=true default_input=present default_input_transport=built-in
2026-08-29T03:16:25.443Z dictation_preview_pass engine=parakeet ms=175 samples=240000 chars=143
2026-08-29T03:16:26.553Z dictation_preview_pass engine=parakeet ms=183 samples=240000 chars=161
2026-08-29T03:16:27.653Z dictation_preview_pass engine=parakeet ms=191 samples=240000 chars=191
2026-08-29T03:16:28.760Z dictation_preview_pass engine=parakeet ms=194 samples=240000 chars=205
2026-08-29T03:16:29.560Z dictation_capture_heartbeat input_buffers=1409 input_frames=6213690 isRunning=true default_input=present default_input_transport=built-in
2026-08-29T03:16:29.876Z dictation_preview_pass engine=parakeet ms=209 samples=240000 chars=227
2026-08-29T03:16:30.982Z dictation_preview_pass engine=parakeet ms=210 samples=240000 chars=249
2026-08-29T03:16:32.088Z dictation_preview_pass engine=parakeet ms=225 samples=240000 chars=247
2026-08-29T03:16:33.182Z dictation_preview_pass engine=parakeet ms=217 samples=240000 chars=231
2026-08-29T03:16:34.284Z dictation_preview_pass engine=parakeet ms=217 samples=240000 chars=239
2026-08-29T03:16:34.604Z dictation_capture_heartbeat input_buffers=1460 input_frames=6438600 isRunning=true default_input=present default_input_transport=built-in
2026-08-29T03:16:35.396Z dictation_preview_pass engine=parakeet ms=225 samples=240000 chars=239
2026-08-29T03:16:36.484Z dictation_preview_pass engine=parakeet ms=221 samples=240000 chars=230
2026-08-29T03:16:37.579Z dictation_preview_pass engine=parakeet ms=214 samples=240000 chars=234
2026-08-29T03:16:38.689Z dictation_preview_pass engine=parakeet ms=221 samples=240000 chars=240
2026-08-29T03:16:39.636Z dictation_capture_heartbeat input_buffers=1510 input_frames=6659100 isRunning=true default_input=present default_input_transport=built-in
2026-08-29T03:16:39.784Z dictation_preview_pass engine=parakeet ms=213 samples=240000 chars=244
2026-08-29T03:16:40.780Z dictation_preview_pass engine=parakeet ms=208 samples=240000 chars=225
2026-08-29T03:16:41.845Z dictation_preview_pass engine=parakeet ms=184 samples=240000 chars=107
2026-08-29T03:16:42.877Z dictation_preview_pass engine=parakeet ms=206 samples=240000 chars=195
2026-08-29T03:16:43.857Z dictation_preview_pass engine=parakeet ms=186 samples=240000 chars=173
2026-08-29T03:16:44.695Z dictation_capture_heartbeat input_buffers=1561 input_frames=6884010 isRunning=true default_input=present default_input_transport=built-in
2026-08-29T03:16:44.954Z dictation_preview_pass engine=parakeet ms=192 samples=240000 chars=171
2026-08-29T03:16:45.963Z dictation_preview_pass engine=parakeet ms=193 samples=240000 chars=155
2026-08-29T03:16:46.941Z dictation_preview_pass engine=parakeet ms=171 samples=240000 chars=163
2026-08-29T03:16:48.062Z dictation_preview_pass engine=parakeet ms=200 samples=240000 chars=153
2026-08-29T03:16:49.059Z dictation_preview_pass engine=parakeet ms=188 samples=240000 chars=150
2026-08-29T03:16:49.744Z dictation_capture_heartbeat input_buffers=1611 input_frames=7104510 isRunning=true default_input=present default_input_transport=built-in
2026-08-29T03:16:50.146Z dictation_preview_pass engine=parakeet ms=184 samples=240000 chars=165
2026-08-29T03:16:51.245Z dictation_preview_pass engine=parakeet ms=178 samples=240000 chars=171
2026-08-29T03:16:52.354Z dictation_preview_pass engine=parakeet ms=186 samples=240000 chars=172
2026-08-29T03:16:53.464Z dictation_preview_pass engine=parakeet ms=193 samples=240000 chars=162
2026-08-29T03:16:54.544Z dictation_preview_pass engine=parakeet ms=181 samples=240000 chars=142
2026-08-29T03:16:54.761Z dictation_capture_heartbeat input_buffers=1661 input_frames=7325010 isRunning=true default_input=present default_input_transport=built-in
2026-08-29T03:16:55.654Z dictation_preview_pass engine=parakeet ms=188 samples=240000 chars=150
2026-08-29T03:16:56.742Z dictation_preview_pass engine=parakeet ms=174 samples=240000 chars=142
2026-08-29T03:16:57.851Z dictation_preview_pass engine=parakeet ms=179 samples=240000 chars=137
2026-08-29T03:16:58.957Z dictation_preview_pass engine=parakeet ms=195 samples=240000 chars=130
2026-08-29T03:16:59.798Z dictation_capture_heartbeat input_buffers=1712 input_frames=7549920 isRunning=true default_input=present default_input_transport=built-in
2026-08-29T03:17:00.035Z dictation_preview_pass engine=parakeet ms=169 samples=240000 chars=131
2026-08-29T03:17:01.137Z dictation_preview_pass engine=parakeet ms=167 samples=240000 chars=128
2026-08-29T03:17:02.263Z dictation_preview_pass engine=parakeet ms=191 samples=240000 chars=138
2026-08-29T03:17:03.337Z dictation_preview_pass engine=parakeet ms=174 samples=240000 chars=136
2026-08-29T03:17:04.436Z dictation_preview_pass engine=parakeet ms=171 samples=240000 chars=116
2026-08-29T03:17:04.829Z dictation_capture_heartbeat input_buffers=1762 input_frames=7770420 isRunning=true default_input=present default_input_transport=built-in
2026-08-29T03:17:05.541Z dictation_preview_pass engine=parakeet ms=171 samples=240000 chars=119
2026-08-29T03:17:06.630Z dictation_preview_pass engine=parakeet ms=158 samples=240000 chars=110
2026-08-29T03:17:07.740Z dictation_preview_pass engine=parakeet ms=177 samples=240000 chars=130
2026-08-29T03:17:08.854Z dictation_preview_pass engine=parakeet ms=188 samples=240000 chars=141
2026-08-29T03:17:09.840Z dictation_capture_heartbeat input_buffers=1812 input_frames=7990920 isRunning=true default_input=present default_input_transport=built-in
2026-08-29T03:17:09.945Z dictation_preview_pass engine=parakeet ms=177 samples=240000 chars=161
2026-08-29T03:17:11.053Z dictation_preview_pass engine=parakeet ms=181 samples=240000 chars=146
2026-08-29T03:17:12.140Z dictation_preview_pass engine=parakeet ms=177 samples=240000 chars=132
2026-08-29T03:17:13.255Z dictation_preview_pass engine=parakeet ms=188 samples=240000 chars=137
2026-08-29T03:17:14.351Z dictation_preview_pass engine=parakeet ms=183 samples=240000 chars=133
2026-08-29T03:17:14.893Z dictation_capture_heartbeat input_buffers=1863 input_frames=8215830 isRunning=true default_input=present default_input_transport=built-in
2026-08-29T03:17:15.430Z dictation_preview_pass engine=parakeet ms=169 samples=240000 chars=132
2026-08-29T03:17:16.432Z dictation_preview_pass engine=parakeet ms=162 samples=240000 chars=96
2026-08-29T03:17:17.537Z dictation_preview_pass engine=parakeet ms=175 samples=240000 chars=119
2026-08-29T03:17:18.556Z dictation_preview_pass engine=parakeet ms=185 samples=240000 chars=128
2026-08-29T03:17:19.638Z dictation_preview_pass engine=parakeet ms=175 samples=240000 chars=132
2026-08-29T03:17:19.926Z dictation_capture_heartbeat input_buffers=1913 input_frames=8436330 isRunning=true default_input=present default_input_transport=built-in
2026-08-29T03:17:20.750Z dictation_preview_pass engine=parakeet ms=184 samples=240000 chars=144
2026-08-29T03:17:21.841Z dictation_preview_pass engine=parakeet ms=171 samples=240000 chars=152
2026-08-29T03:17:22.937Z dictation_preview_pass engine=parakeet ms=175 samples=240000 chars=140
2026-08-29T03:17:23.953Z dictation_preview_pass engine=parakeet ms=182 samples=240000 chars=124
2026-08-29T03:17:24.942Z dictation_preview_pass engine=parakeet ms=171 samples=240000 chars=114
2026-08-29T03:17:24.951Z dictation_capture_heartbeat input_buffers=1963 input_frames=8656830 isRunning=true default_input=present default_input_transport=built-in
2026-08-29T03:17:26.045Z dictation_preview_pass engine=parakeet ms=173 samples=240000 chars=134
2026-08-29T03:17:27.137Z dictation_preview_pass engine=parakeet ms=174 samples=240000 chars=162
2026-08-29T03:17:28.255Z dictation_preview_pass engine=parakeet ms=187 samples=240000 chars=163
2026-08-29T03:17:29.352Z dictation_preview_pass engine=parakeet ms=184 samples=240000 chars=189
2026-08-29T03:17:29.972Z dictation_capture_heartbeat input_buffers=2014 input_frames=8881740 isRunning=true default_input=present default_input_transport=built-in
2026-08-29T03:17:30.452Z dictation_preview_pass engine=parakeet ms=192 samples=240000 chars=218
2026-08-29T03:17:31.503Z dictation_preview_pass engine=parakeet ms=233 samples=240000 chars=236
2026-08-29T03:17:32.568Z dictation_preview_pass engine=parakeet ms=205 samples=240000 chars=218
2026-08-29T03:17:33.673Z dictation_preview_pass engine=parakeet ms=208 samples=240000 chars=216
2026-08-29T03:17:34.773Z dictation_preview_pass engine=parakeet ms=206 samples=240000 chars=229
2026-08-29T03:17:34.980Z dictation_capture_heartbeat input_buffers=2064 input_frames=9102240 isRunning=true default_input=present default_input_transport=built-in
2026-08-29T03:17:35.854Z dictation_preview_pass engine=parakeet ms=183 samples=240000 chars=201
2026-08-29T03:17:36.971Z dictation_preview_pass engine=parakeet ms=207 samples=240000 chars=196
2026-08-29T03:17:38.070Z dictation_preview_pass engine=parakeet ms=205 samples=240000 chars=207
2026-08-29T03:17:39.182Z dictation_preview_pass engine=parakeet ms=215 samples=240000 chars=221
2026-08-29T03:17:39.992Z dictation_capture_heartbeat input_buffers=2114 input_frames=9322740 isRunning=true default_input=present default_input_transport=built-in
2026-08-29T03:17:40.285Z dictation_preview_pass engine=parakeet ms=214 samples=240000 chars=233
2026-08-29T03:17:41.374Z dictation_preview_pass engine=parakeet ms=212 samples=240000 chars=235
2026-08-29T03:17:42.353Z dictation_preview_pass engine=parakeet ms=191 samples=240000 chars=234
2026-08-29T03:17:43.382Z dictation_preview_pass engine=parakeet ms=210 samples=240000 chars=268
2026-08-29T03:17:44.472Z dictation_preview_pass engine=parakeet ms=210 samples=240000 chars=235
2026-08-29T03:17:45.025Z dictation_capture_heartbeat input_buffers=2164 input_frames=9543240 isRunning=true default_input=present default_input_transport=built-in
2026-08-29T03:17:45.564Z dictation_preview_pass engine=parakeet ms=199 samples=240000 chars=246
2026-08-29T03:17:46.659Z dictation_preview_pass engine=parakeet ms=192 samples=240000 chars=232
2026-08-29T03:17:47.756Z dictation_preview_pass engine=parakeet ms=183 samples=240000 chars=212
2026-08-29T03:17:48.267Z dictation_hotkey_stop mode=persistent tail_ms=0
2026-08-29T03:17:48.273Z dictation_stop_requested mode=persistent session=40
2026-08-29T03:17:48.335Z shared_mic_engine_stopped
2026-08-29T03:17:48.336Z shared_mic_diagnostics transition=unsubscribe wants_vpio=n/a blocks_vpio_promotion=n/a subscribers=0 vpio_subs=0 passive_subs=0 engine_running=false vpio_engaged=false vpio_deferred=false vpio_deferral_count=0
2026-08-29T03:17:48.337Z dictation_capture_stop sample_count=3513600 effective_sample_count=3513600 duration_s=219.600 wall_duration_s=219.773 file_bytes=14058496 input_buffers=2197 output_buffers=2196 input_frames=9688770 max_rms=0.101737 max_level=0.509 non_silent_buffers=1258 missing_float_buffers=0 invalid_format_buffers=0 no_buffer_timeout=false
2026-08-29T03:17:48.337Z dictation_transcribe_begin file_bytes=14058496
2026-08-29T03:17:48.492Z shared_mic_engine_prepare_timing vpio=false buffer_size=4096 set_vpio_ms=0.005 output_format_ms=0.012 install_tap_ms=0.005 total_ms=153.560
2026-08-29T03:17:48.493Z shared_mic_engine_input_device_prepared source=system_default device=present transport=built-in vpio=false set_device_ms=0.000 prepare_engine_ms=154.500
2026-08-29T03:17:49.376Z dictation_transcribe_complete chars=2696 words=517 engine=parakeet variant=v3
2026-08-29T03:19:12.359Z dictation_preview_started engine=parakeet
2026-08-29T03:19:12.360Z dictation_capture_start permission_status=3
2026-08-29T03:19:12.361Z dictation_capture_starting
2026-08-29T03:19:12.422Z shared_mic_engine_started_from_prepared audio_engine_start_ms=58.855
2026-08-29T03:19:12.423Z shared_mic_diagnostics transition=subscribe wants_vpio=false blocks_vpio_promotion=true subscribers=1 vpio_subs=0 passive_subs=0 engine_running=true vpio_engaged=false vpio_deferred=false vpio_deferral_count=0
2026-08-29T03:19:12.424Z dictation_capture_engine_started file_created=true default_input=present default_input_transport=built-in sr=44100.0 ch=1
2026-08-29T03:19:12.519Z dictation_capture_first_buffer sr=44100.0 ch=1 original_ch=1 common_format=1 interleaved=false frames=4410 has_float_data=true
2026-08-29T03:19:13.577Z dictation_preview_pass engine=parakeet ms=152 samples=14400 chars=0
2026-08-29T03:19:14.657Z dictation_preview_pass engine=parakeet ms=139 samples=32000 chars=0
2026-08-29T03:19:15.650Z dictation_preview_pass engine=parakeet ms=124 samples=48000 chars=0
2026-08-29T03:19:16.739Z dictation_preview_pass engine=parakeet ms=120 samples=65600 chars=0
2026-08-29T03:19:17.475Z dictation_capture_heartbeat input_buffers=50 input_frames=220500 isRunning=true default_input=present default_input_transport=built-in
2026-08-29T03:19:17.862Z dictation_preview_pass engine=parakeet ms=142 samples=83200 chars=60
2026-08-29T03:19:18.971Z dictation_preview_pass engine=parakeet ms=147 samples=100800 chars=73
2026-08-29T03:19:19.968Z dictation_preview_pass engine=parakeet ms=143 samples=116800 chars=97
2026-08-29T03:19:21.079Z dictation_preview_pass engine=parakeet ms=153 samples=134400 chars=104
2026-08-29T03:19:22.183Z dictation_preview_pass engine=parakeet ms=166 samples=152000 chars=124
2026-08-29T03:19:22.518Z dictation_capture_heartbeat input_buffers=101 input_frames=445410 isRunning=true default_input=present default_input_transport=built-in
2026-08-29T03:19:23.191Z dictation_preview_pass engine=parakeet ms=164 samples=168000 chars=122
2026-08-29T03:19:24.272Z dictation_preview_pass engine=parakeet ms=154 samples=185600 chars=124
2026-08-29T03:19:25.368Z dictation_preview_pass engine=parakeet ms=147 samples=203200 chars=122
2026-08-29T03:19:26.492Z dictation_preview_pass engine=parakeet ms=167 samples=220800 chars=146
2026-08-29T03:19:27.571Z dictation_capture_heartbeat input_buffers=151 input_frames=665910 isRunning=true default_input=present default_input_transport=built-in
2026-08-29T03:19:27.577Z dictation_preview_pass engine=parakeet ms=162 samples=238400 chars=145
2026-08-29T03:19:28.590Z dictation_preview_pass engine=parakeet ms=165 samples=240000 chars=146
2026-08-29T03:19:29.678Z dictation_preview_pass engine=parakeet ms=162 samples=240000 chars=146
2026-08-29T03:19:30.692Z dictation_preview_pass engine=parakeet ms=166 samples=240000 chars=136
2026-08-29T03:19:31.774Z dictation_preview_pass engine=parakeet ms=155 samples=240000 chars=128
2026-08-29T03:19:32.582Z dictation_capture_heartbeat input_buffers=201 input_frames=886410 isRunning=true default_input=present default_input_transport=built-in
2026-08-29T03:19:32.888Z dictation_preview_pass engine=parakeet ms=165 samples=240000 chars=122
2026-08-29T03:19:33.987Z dictation_preview_pass engine=parakeet ms=163 samples=240000 chars=133
2026-08-29T03:19:35.091Z dictation_preview_pass engine=parakeet ms=176 samples=240000 chars=133
2026-08-29T03:19:36.095Z dictation_preview_pass engine=parakeet ms=170 samples=240000 chars=140
2026-08-29T03:19:37.196Z dictation_preview_pass engine=parakeet ms=179 samples=240000 chars=147
2026-08-29T03:19:37.590Z dictation_capture_heartbeat input_buffers=251 input_frames=1106910 isRunning=true default_input=present default_input_transport=built-in
2026-08-29T03:19:38.298Z dictation_preview_pass engine=parakeet ms=177 samples=240000 chars=147
2026-08-29T03:19:39.403Z dictation_preview_pass engine=parakeet ms=180 samples=240000 chars=164
2026-08-29T03:19:40.511Z dictation_preview_pass engine=parakeet ms=185 samples=240000 chars=174
2026-08-29T03:19:41.601Z dictation_preview_pass engine=parakeet ms=184 samples=240000 chars=152
2026-08-29T03:19:42.635Z dictation_capture_heartbeat input_buffers=302 input_frames=1331820 isRunning=true default_input=present default_input_transport=built-in
2026-08-29T03:19:42.698Z dictation_preview_pass engine=parakeet ms=176 samples=240000 chars=158
2026-08-29T03:19:43.830Z dictation_preview_pass engine=parakeet ms=207 samples=240000 chars=213
2026-08-29T03:19:44.946Z dictation_preview_pass engine=parakeet ms=221 samples=240000 chars=232
2026-08-29T03:19:46.028Z dictation_preview_pass engine=parakeet ms=209 samples=240000 chars=251
2026-08-29T03:19:47.127Z dictation_preview_pass engine=parakeet ms=208 samples=240000 chars=242
2026-08-29T03:19:47.656Z dictation_capture_heartbeat input_buffers=352 input_frames=1552320 isRunning=true default_input=present default_input_transport=built-in
2026-08-29T03:19:48.238Z dictation_preview_pass engine=parakeet ms=214 samples=240000 chars=233
2026-08-29T03:19:49.329Z dictation_preview_pass engine=parakeet ms=203 samples=240000 chars=200
2026-08-29T03:19:50.429Z dictation_preview_pass engine=parakeet ms=212 samples=240000 chars=221
2026-08-29T03:19:51.527Z dictation_preview_pass engine=parakeet ms=207 samples=240000 chars=233
2026-08-29T03:19:52.639Z dictation_preview_pass engine=parakeet ms=216 samples=240000 chars=239
2026-08-29T03:19:52.692Z dictation_capture_heartbeat input_buffers=402 input_frames=1772820 isRunning=true default_input=present default_input_transport=built-in
2026-08-29T03:19:53.651Z dictation_preview_pass engine=parakeet ms=227 samples=240000 chars=242
2026-08-29T03:19:54.753Z dictation_preview_pass engine=parakeet ms=228 samples=240000 chars=259
2026-08-29T03:19:55.846Z dictation_preview_pass engine=parakeet ms=230 samples=240000 chars=256
2026-08-29T03:19:56.862Z dictation_preview_pass engine=parakeet ms=236 samples=240000 chars=261
2026-08-29T03:19:57.726Z dictation_capture_heartbeat input_buffers=453 input_frames=1997730 isRunning=true default_input=present default_input_transport=built-in
2026-08-29T03:19:57.930Z dictation_preview_pass engine=parakeet ms=213 samples=240000 chars=262
2026-08-29T03:19:59.038Z dictation_preview_pass engine=parakeet ms=218 samples=240000 chars=235
2026-08-29T03:20:00.140Z dictation_preview_pass engine=parakeet ms=217 samples=240000 chars=224
2026-08-29T03:20:01.246Z dictation_preview_pass engine=parakeet ms=220 samples=240000 chars=231
2026-08-29T03:20:02.341Z dictation_preview_pass engine=parakeet ms=224 samples=240000 chars=255
2026-08-29T03:20:02.770Z dictation_capture_heartbeat input_buffers=503 input_frames=2218230 isRunning=true default_input=present default_input_transport=built-in
2026-08-29T03:20:03.455Z dictation_preview_pass engine=parakeet ms=233 samples=240000 chars=284
2026-08-29T03:20:04.550Z dictation_preview_pass engine=parakeet ms=227 samples=240000 chars=293
2026-08-29T03:20:05.657Z dictation_preview_pass engine=parakeet ms=231 samples=240000 chars=288
2026-08-29T03:20:06.743Z dictation_preview_pass engine=parakeet ms=225 samples=240000 chars=276
2026-08-29T03:20:07.823Z dictation_capture_heartbeat input_buffers=554 input_frames=2443140 isRunning=true default_input=present default_input_transport=built-in
2026-08-29T03:20:07.848Z dictation_preview_pass engine=parakeet ms=228 samples=240000 chars=276
2026-08-29T03:20:08.947Z dictation_preview_pass engine=parakeet ms=224 samples=240000 chars=269
2026-08-29T03:20:10.039Z dictation_preview_pass engine=parakeet ms=213 samples=240000 chars=256
2026-08-29T03:20:11.131Z dictation_preview_pass engine=parakeet ms=213 samples=240000 chars=263
2026-08-29T03:20:12.229Z dictation_preview_pass engine=parakeet ms=209 samples=240000 chars=238
2026-08-29T03:20:12.836Z dictation_capture_heartbeat input_buffers=604 input_frames=2663640 isRunning=true default_input=present default_input_transport=built-in
2026-08-29T03:20:13.336Z dictation_preview_pass engine=parakeet ms=211 samples=240000 chars=247
2026-08-29T03:20:14.440Z dictation_preview_pass engine=parakeet ms=213 samples=240000 chars=277
2026-08-29T03:20:15.536Z dictation_preview_pass engine=parakeet ms=218 samples=240000 chars=256
2026-08-29T03:20:16.622Z dictation_preview_pass engine=parakeet ms=202 samples=240000 chars=243
2026-08-29T03:20:17.730Z dictation_preview_pass engine=parakeet ms=206 samples=240000 chars=213
2026-08-29T03:20:17.847Z dictation_capture_heartbeat input_buffers=654 input_frames=2884140 isRunning=true default_input=present default_input_transport=built-in
2026-08-29T03:20:18.824Z dictation_preview_pass engine=parakeet ms=209 samples=240000 chars=212
2026-08-29T03:20:19.826Z dictation_preview_pass engine=parakeet ms=201 samples=240000 chars=191
2026-08-29T03:20:20.804Z dictation_preview_pass engine=parakeet ms=179 samples=240000 chars=181
2026-08-29T03:20:21.918Z dictation_preview_pass engine=parakeet ms=191 samples=240000 chars=181
2026-08-29T03:20:22.881Z dictation_capture_heartbeat input_buffers=704 input_frames=3104640 isRunning=true default_input=present default_input_transport=built-in
2026-08-29T03:20:22.983Z dictation_preview_pass engine=parakeet ms=163 samples=240000 chars=150
2026-08-29T03:20:24.108Z dictation_preview_pass engine=parakeet ms=188 samples=240000 chars=176
2026-08-29T03:20:25.217Z dictation_preview_pass engine=parakeet ms=192 samples=240000 chars=173
2026-08-29T03:20:26.307Z dictation_preview_pass engine=parakeet ms=190 samples=240000 chars=179
2026-08-29T03:20:27.319Z dictation_preview_pass engine=parakeet ms=194 samples=240000 chars=171
2026-08-29T03:20:27.932Z dictation_capture_heartbeat input_buffers=755 input_frames=3329550 isRunning=true default_input=present default_input_transport=built-in
2026-08-29T03:20:28.408Z dictation_preview_pass engine=parakeet ms=191 samples=240000 chars=174
2026-08-29T03:20:29.486Z dictation_preview_pass engine=parakeet ms=167 samples=240000 chars=152
2026-08-29T03:20:30.611Z dictation_preview_pass engine=parakeet ms=188 samples=240000 chars=162
2026-08-29T03:20:31.713Z dictation_preview_pass engine=parakeet ms=188 samples=240000 chars=174
2026-08-29T03:20:32.809Z dictation_preview_pass engine=parakeet ms=193 samples=240000 chars=205
2026-08-29T03:20:32.952Z dictation_capture_heartbeat input_buffers=805 input_frames=3550050 isRunning=true default_input=present default_input_transport=built-in
2026-08-29T03:20:33.927Z dictation_preview_pass engine=parakeet ms=207 samples=240000 chars=210
2026-08-29T03:20:35.019Z dictation_preview_pass engine=parakeet ms=197 samples=240000 chars=240
2026-08-29T03:20:36.130Z dictation_preview_pass engine=parakeet ms=205 samples=240000 chars=251
2026-08-29T03:20:37.227Z dictation_preview_pass engine=parakeet ms=210 samples=240000 chars=251
2026-08-29T03:20:37.975Z dictation_capture_heartbeat input_buffers=855 input_frames=3770550 isRunning=true default_input=present default_input_transport=built-in
2026-08-29T03:20:38.335Z dictation_preview_pass engine=parakeet ms=214 samples=240000 chars=247
2026-08-29T03:20:39.411Z dictation_preview_pass engine=parakeet ms=187 samples=240000 chars=234
2026-08-29T03:20:40.513Z dictation_preview_pass engine=parakeet ms=186 samples=240000 chars=218
2026-08-29T03:20:41.624Z dictation_preview_pass engine=parakeet ms=205 samples=240000 chars=230
2026-08-29T03:20:42.719Z dictation_preview_pass engine=parakeet ms=200 samples=240000 chars=235
2026-08-29T03:20:43.011Z dictation_capture_heartbeat input_buffers=905 input_frames=3991050 isRunning=true default_input=present default_input_transport=built-in
2026-08-29T03:20:43.828Z dictation_preview_pass engine=parakeet ms=205 samples=240000 chars=233
2026-08-29T03:20:44.940Z dictation_preview_pass engine=parakeet ms=215 samples=240000 chars=260
2026-08-29T03:20:46.017Z dictation_preview_pass engine=parakeet ms=197 samples=240000 chars=241
2026-08-29T03:20:47.112Z dictation_preview_pass engine=parakeet ms=193 samples=240000 chars=213
2026-08-29T03:20:48.035Z dictation_capture_heartbeat input_buffers=956 input_frames=4215960 isRunning=true default_input=present default_input_transport=built-in
2026-08-29T03:20:48.223Z dictation_preview_pass engine=parakeet ms=199 samples=240000 chars=206
2026-08-29T03:20:49.324Z dictation_preview_pass engine=parakeet ms=198 samples=240000 chars=213
2026-08-29T03:20:50.416Z dictation_preview_pass engine=parakeet ms=199 samples=240000 chars=210
2026-08-29T03:20:51.512Z dictation_preview_pass engine=parakeet ms=193 samples=240000 chars=221
2026-08-29T03:20:52.630Z dictation_preview_pass engine=parakeet ms=207 samples=240000 chars=231
2026-08-29T03:20:53.048Z dictation_capture_heartbeat input_buffers=1006 input_frames=4436460 isRunning=true default_input=present default_input_transport=built-in
2026-08-29T03:20:53.747Z dictation_preview_pass engine=parakeet ms=219 samples=240000 chars=258
2026-08-29T03:20:54.830Z dictation_preview_pass engine=parakeet ms=212 samples=240000 chars=255
2026-08-29T03:20:55.915Z dictation_preview_pass engine=parakeet ms=194 samples=240000 chars=280
2026-08-29T03:20:57.033Z dictation_preview_pass engine=parakeet ms=211 samples=240000 chars=255
2026-08-29T03:20:58.080Z dictation_capture_heartbeat input_buffers=1056 input_frames=4656960 isRunning=true default_input=present default_input_transport=built-in
2026-08-29T03:20:58.129Z dictation_preview_pass engine=parakeet ms=201 samples=240000 chars=262
2026-08-29T03:20:59.216Z dictation_preview_pass engine=parakeet ms=199 samples=240000 chars=252
2026-08-29T03:21:00.311Z dictation_preview_pass engine=parakeet ms=191 samples=240000 chars=247
2026-08-29T03:21:01.418Z dictation_preview_pass engine=parakeet ms=193 samples=240000 chars=238
2026-08-29T03:21:02.511Z dictation_preview_pass engine=parakeet ms=195 samples=240000 chars=245
2026-08-29T03:21:03.094Z dictation_capture_heartbeat input_buffers=1106 input_frames=4877460 isRunning=true default_input=present default_input_transport=built-in
2026-08-29T03:21:03.521Z dictation_preview_pass engine=parakeet ms=194 samples=240000 chars=232
2026-08-29T03:21:04.602Z dictation_preview_pass engine=parakeet ms=185 samples=240000 chars=206
2026-08-29T03:21:05.610Z dictation_preview_pass engine=parakeet ms=183 samples=240000 chars=190
2026-08-29T03:21:06.611Z dictation_preview_pass engine=parakeet ms=184 samples=240000 chars=193
2026-08-29T03:21:07.697Z dictation_preview_pass engine=parakeet ms=181 samples=240000 chars=181
2026-08-29T03:21:08.139Z dictation_capture_heartbeat input_buffers=1157 input_frames=5102370 isRunning=true default_input=present default_input_transport=built-in
2026-08-29T03:21:08.716Z dictation_preview_pass engine=parakeet ms=187 samples=240000 chars=181
2026-08-29T03:21:09.815Z dictation_preview_pass engine=parakeet ms=197 samples=240000 chars=215
2026-08-29T03:21:10.923Z dictation_preview_pass engine=parakeet ms=202 samples=240000 chars=209
2026-08-29T03:21:12.030Z dictation_preview_pass engine=parakeet ms=206 samples=240000 chars=237
2026-08-29T03:21:13.121Z dictation_preview_pass engine=parakeet ms=195 samples=240000 chars=230
2026-08-29T03:21:13.189Z dictation_capture_heartbeat input_buffers=1207 input_frames=5322870 isRunning=true default_input=present default_input_transport=built-in
2026-08-29T03:21:14.225Z dictation_preview_pass engine=parakeet ms=208 samples=240000 chars=228
2026-08-29T03:21:15.337Z dictation_preview_pass engine=parakeet ms=217 samples=240000 chars=238
2026-08-29T03:21:16.428Z dictation_preview_pass engine=parakeet ms=203 samples=240000 chars=242
2026-08-29T03:21:17.541Z dictation_preview_pass engine=parakeet ms=226 samples=240000 chars=260
2026-08-29T03:21:18.201Z dictation_capture_heartbeat input_buffers=1257 input_frames=5543370 isRunning=true default_input=present default_input_transport=built-in
2026-08-29T03:21:18.565Z dictation_preview_pass engine=parakeet ms=239 samples=240000 chars=268
2026-08-29T03:21:19.640Z dictation_preview_pass engine=parakeet ms=224 samples=240000 chars=289
2026-08-29T03:21:20.758Z dictation_preview_pass engine=parakeet ms=239 samples=240000 chars=300
2026-08-29T03:21:21.852Z dictation_preview_pass engine=parakeet ms=229 samples=240000 chars=279
2026-08-29T03:21:22.960Z dictation_preview_pass engine=parakeet ms=235 samples=240000 chars=301
2026-08-29T03:21:23.214Z dictation_capture_heartbeat input_buffers=1307 input_frames=5763870 isRunning=true default_input=present default_input_transport=built-in
2026-08-29T03:21:24.043Z dictation_preview_pass engine=parakeet ms=227 samples=240000 chars=290
2026-08-29T03:21:25.143Z dictation_preview_pass engine=parakeet ms=224 samples=240000 chars=289
2026-08-29T03:21:26.245Z dictation_preview_pass engine=parakeet ms=221 samples=240000 chars=279
2026-08-29T03:21:27.340Z dictation_preview_pass engine=parakeet ms=215 samples=240000 chars=284
2026-08-29T03:21:28.219Z dictation_capture_heartbeat input_buffers=1358 input_frames=5988780 isRunning=true default_input=present default_input_transport=built-in
2026-08-29T03:21:28.349Z dictation_preview_pass engine=parakeet ms=223 samples=240000 chars=301
2026-08-29T03:21:29.454Z dictation_preview_pass engine=parakeet ms=239 samples=240000 chars=310
2026-08-29T03:21:30.444Z dictation_preview_pass engine=parakeet ms=219 samples=240000 chars=274
2026-08-29T03:21:31.548Z dictation_preview_pass engine=parakeet ms=231 samples=240000 chars=292
2026-08-29T03:21:32.661Z dictation_preview_pass engine=parakeet ms=240 samples=240000 chars=309
2026-08-29T03:21:33.240Z dictation_capture_heartbeat input_buffers=1408 input_frames=6209280 isRunning=true default_input=present default_input_transport=built-in
2026-08-29T03:21:33.778Z dictation_preview_pass engine=parakeet ms=256 samples=240000 chars=324
2026-08-29T03:21:34.872Z dictation_preview_pass engine=parakeet ms=247 samples=240000 chars=320
2026-08-29T03:21:35.956Z dictation_preview_pass engine=parakeet ms=239 samples=240000 chars=310
2026-08-29T03:21:37.068Z dictation_preview_pass engine=parakeet ms=249 samples=240000 chars=316
2026-08-29T03:21:38.157Z dictation_preview_pass engine=parakeet ms=235 samples=240000 chars=282
2026-08-29T03:21:38.265Z dictation_capture_heartbeat input_buffers=1458 input_frames=6429780 isRunning=true default_input=present default_input_transport=built-in
2026-08-29T03:21:39.268Z dictation_preview_pass engine=parakeet ms=242 samples=240000 chars=292
2026-08-29T03:21:40.339Z dictation_preview_pass engine=parakeet ms=222 samples=240000 chars=283
2026-08-29T03:21:41.445Z dictation_preview_pass engine=parakeet ms=226 samples=240000 chars=255
2026-08-29T03:21:42.541Z dictation_preview_pass engine=parakeet ms=218 samples=240000 chars=252
2026-08-29T03:21:43.315Z dictation_capture_heartbeat input_buffers=1508 input_frames=6650280 isRunning=true default_input=present default_input_transport=built-in
2026-08-29T03:21:43.652Z dictation_preview_pass engine=parakeet ms=227 samples=240000 chars=251
2026-08-29T03:21:44.742Z dictation_preview_pass engine=parakeet ms=225 samples=240000 chars=254
2026-08-29T03:21:45.832Z dictation_preview_pass engine=parakeet ms=212 samples=240000 chars=241
2026-08-29T03:21:46.803Z dictation_preview_pass engine=parakeet ms=183 samples=240000 chars=205
2026-08-29T03:21:47.919Z dictation_preview_pass engine=parakeet ms=197 samples=240000 chars=202
2026-08-29T03:21:48.328Z dictation_capture_heartbeat input_buffers=1559 input_frames=6875190 isRunning=true default_input=present default_input_transport=built-in
2026-08-29T03:21:49.000Z dictation_preview_pass engine=parakeet ms=174 samples=240000 chars=173
2026-08-29T03:21:50.095Z dictation_preview_pass engine=parakeet ms=178 samples=240000 chars=173
2026-08-29T03:21:51.116Z dictation_preview_pass engine=parakeet ms=190 samples=240000 chars=191
2026-08-29T03:21:52.104Z dictation_preview_pass engine=parakeet ms=178 samples=240000 chars=205
2026-08-29T03:21:53.205Z dictation_preview_pass engine=parakeet ms=189 samples=240000 chars=195
2026-08-29T03:21:53.332Z dictation_capture_heartbeat input_buffers=1609 input_frames=7095690 isRunning=true default_input=present default_input_transport=built-in
2026-08-29T03:21:54.209Z dictation_preview_pass engine=parakeet ms=183 samples=240000 chars=208
2026-08-29T03:21:55.317Z dictation_preview_pass engine=parakeet ms=200 samples=240000 chars=219
2026-08-29T03:21:56.417Z dictation_preview_pass engine=parakeet ms=196 samples=240000 chars=216
2026-08-29T03:21:57.495Z dictation_preview_pass engine=parakeet ms=173 samples=240000 chars=205
2026-08-29T03:21:58.375Z dictation_capture_heartbeat input_buffers=1659 input_frames=7316190 isRunning=true default_input=present default_input_transport=built-in
2026-08-29T03:21:58.606Z dictation_preview_pass engine=parakeet ms=178 samples=240000 chars=202
2026-08-29T03:21:59.696Z dictation_preview_pass engine=parakeet ms=178 samples=240000 chars=184
2026-08-29T03:22:00.801Z dictation_preview_pass engine=parakeet ms=180 samples=240000 chars=199
2026-08-29T03:22:01.918Z dictation_preview_pass engine=parakeet ms=194 samples=240000 chars=224
2026-08-29T03:22:03.035Z dictation_preview_pass engine=parakeet ms=209 samples=240000 chars=243
2026-08-29T03:22:03.415Z dictation_capture_heartbeat input_buffers=1709 input_frames=7536690 isRunning=true default_input=present default_input_transport=built-in
2026-08-29T03:22:04.119Z dictation_preview_pass engine=parakeet ms=202 samples=240000 chars=275
2026-08-29T03:22:05.106Z dictation_preview_pass engine=parakeet ms=187 samples=240000 chars=261
2026-08-29T03:22:06.142Z dictation_preview_pass engine=parakeet ms=217 samples=240000 chars=266
2026-08-29T03:22:07.217Z dictation_preview_pass engine=parakeet ms=200 samples=240000 chars=264
2026-08-29T03:22:08.339Z dictation_preview_pass engine=parakeet ms=218 samples=240000 chars=280
2026-08-29T03:22:08.448Z dictation_capture_heartbeat input_buffers=1760 input_frames=7761600 isRunning=true default_input=present default_input_transport=built-in
2026-08-29T03:22:09.438Z dictation_preview_pass engine=parakeet ms=215 samples=240000 chars=245
2026-08-29T03:22:10.537Z dictation_preview_pass engine=parakeet ms=211 samples=240000 chars=267
2026-08-29T03:22:11.618Z dictation_preview_pass engine=parakeet ms=200 samples=240000 chars=279
2026-08-29T03:22:12.732Z dictation_preview_pass engine=parakeet ms=213 samples=240000 chars=278
2026-08-29T03:22:13.488Z dictation_capture_heartbeat input_buffers=1810 input_frames=7982100 isRunning=true default_input=present default_input_transport=built-in
2026-08-29T03:22:13.727Z dictation_preview_pass engine=parakeet ms=207 samples=240000 chars=248
2026-08-29T03:22:14.832Z dictation_preview_pass engine=parakeet ms=211 samples=240000 chars=264
2026-08-29T03:22:15.934Z dictation_preview_pass engine=parakeet ms=209 samples=240000 chars=260
2026-08-29T03:22:17.019Z dictation_preview_pass engine=parakeet ms=203 samples=240000 chars=258
2026-08-29T03:22:18.028Z dictation_preview_pass engine=parakeet ms=200 samples=240000 chars=253
2026-08-29T03:22:18.536Z dictation_capture_heartbeat input_buffers=1861 input_frames=8207010 isRunning=true default_input=present default_input_transport=built-in
2026-08-29T03:22:18.923Z dictation_hotkey_stop mode=persistent tail_ms=0
2026-08-29T03:22:18.937Z dictation_stop_requested mode=persistent session=41
2026-08-29T03:22:18.981Z shared_mic_engine_stopped
2026-08-29T03:22:18.983Z shared_mic_diagnostics transition=unsubscribe wants_vpio=n/a blocks_vpio_promotion=n/a subscribers=0 vpio_subs=0 passive_subs=0 engine_running=false vpio_engaged=false vpio_deferred=false vpio_deferral_count=0
2026-08-29T03:22:18.984Z dictation_capture_stop sample_count=2982400 effective_sample_count=2982400 duration_s=186.400 wall_duration_s=186.560 file_bytes=11933696 input_buffers=1865 output_buffers=1864 input_frames=8224650 max_rms=0.071706 max_level=0.359 non_silent_buffers=1250 missing_float_buffers=0 invalid_format_buffers=0 no_buffer_timeout=false
2026-08-29T03:22:19.033Z dictation_transcribe_begin file_bytes=11933696
2026-08-29T03:22:19.117Z shared_mic_engine_prepare_timing vpio=false buffer_size=4096 set_vpio_ms=0.005 output_format_ms=0.013 install_tap_ms=0.005 total_ms=130.870
2026-08-29T03:22:19.118Z shared_mic_engine_input_device_prepared source=system_default device=present transport=built-in vpio=false set_device_ms=0.000 prepare_engine_ms=131.896
2026-08-29T03:22:19.986Z dictation_transcribe_complete chars=2832 words=539 engine=parakeet variant=v3
2026-08-29T03:23:32.656Z dictation_preview_started engine=parakeet
2026-08-29T03:23:32.657Z dictation_capture_start permission_status=3
2026-08-29T03:23:32.658Z dictation_capture_starting
2026-08-29T03:23:32.726Z shared_mic_engine_started_from_prepared audio_engine_start_ms=65.674
2026-08-29T03:23:32.727Z shared_mic_diagnostics transition=subscribe wants_vpio=false blocks_vpio_promotion=true subscribers=1 vpio_subs=0 passive_subs=0 engine_running=true vpio_engaged=false vpio_deferred=false vpio_deferral_count=0
2026-08-29T03:23:32.728Z dictation_capture_engine_started file_created=true default_input=present default_input_transport=built-in sr=44100.0 ch=1
2026-08-29T03:23:32.833Z dictation_capture_first_buffer sr=44100.0 ch=1 original_ch=1 common_format=1 interleaved=false frames=4410 has_float_data=true
2026-08-29T03:23:33.900Z dictation_preview_pass engine=parakeet ms=164 samples=14400 chars=3
2026-08-29T03:23:34.959Z dictation_preview_pass engine=parakeet ms=132 samples=32000 chars=19
2026-08-29T03:23:35.967Z dictation_preview_pass engine=parakeet ms=130 samples=48000 chars=21
2026-08-29T03:23:36.721Z dictation_hotkey_stop mode=persistent tail_ms=0
2026-08-29T03:23:36.734Z dictation_stop_requested mode=persistent session=42
2026-08-29T03:23:36.789Z shared_mic_engine_stopped
2026-08-29T03:23:36.790Z shared_mic_diagnostics transition=unsubscribe wants_vpio=n/a blocks_vpio_promotion=n/a subscribers=0 vpio_subs=0 passive_subs=0 engine_running=false vpio_engaged=false vpio_deferred=false vpio_deferral_count=0
2026-08-29T03:23:36.791Z dictation_capture_stop sample_count=62400 effective_sample_count=62400 duration_s=3.900 wall_duration_s=4.063 file_bytes=253696 input_buffers=40 output_buffers=39 input_frames=176400 max_rms=0.090111 max_level=0.451 non_silent_buffers=21 missing_float_buffers=0 invalid_format_buffers=0 no_buffer_timeout=false
2026-08-29T03:23:36.791Z dictation_transcribe_begin file_bytes=253696
2026-08-29T03:23:36.901Z dictation_transcribe_complete chars=20 words=4 engine=parakeet variant=v3
2026-08-29T03:23:36.929Z shared_mic_engine_prepare_timing vpio=false buffer_size=4096 set_vpio_ms=6.268 output_format_ms=0.016 install_tap_ms=0.006 total_ms=136.793
2026-08-29T03:23:36.930Z shared_mic_engine_input_device_prepared source=system_default device=present transport=built-in vpio=false set_device_ms=0.000 prepare_engine_ms=137.551
2026-08-29T03:27:08.163Z dictation_preview_started engine=parakeet
2026-08-29T03:27:08.163Z dictation_capture_start permission_status=3
2026-08-29T03:27:08.164Z dictation_capture_starting
2026-08-29T03:27:08.236Z shared_mic_engine_started_from_prepared audio_engine_start_ms=66.583
2026-08-29T03:27:08.236Z shared_mic_diagnostics transition=subscribe wants_vpio=false blocks_vpio_promotion=true subscribers=1 vpio_subs=0 passive_subs=0 engine_running=true vpio_engaged=false vpio_deferred=false vpio_deferral_count=0
2026-08-29T03:27:08.237Z dictation_capture_engine_started file_created=true default_input=present default_input_transport=built-in sr=44100.0 ch=1
2026-08-29T03:27:08.342Z dictation_capture_first_buffer sr=44100.0 ch=1 original_ch=1 common_format=1 interleaved=false frames=4410 has_float_data=true
2026-08-29T03:27:09.414Z dictation_preview_pass engine=parakeet ms=168 samples=14400 chars=2
2026-08-29T03:27:10.470Z dictation_preview_pass engine=parakeet ms=132 samples=32000 chars=19
2026-08-29T03:27:11.485Z dictation_preview_pass engine=parakeet ms=137 samples=48000 chars=18
2026-08-29T03:27:12.586Z dictation_preview_pass engine=parakeet ms=147 samples=65600 chars=36
2026-08-29T03:27:13.245Z dictation_capture_heartbeat input_buffers=50 input_frames=220500 isRunning=true default_input=present default_input_transport=built-in
2026-08-29T03:27:13.679Z dictation_preview_pass engine=parakeet ms=138 samples=83200 chars=45
2026-08-29T03:27:14.781Z dictation_preview_pass engine=parakeet ms=136 samples=100800 chars=45
2026-08-29T03:27:15.913Z dictation_preview_pass engine=parakeet ms=177 samples=118400 chars=70
2026-08-29T03:27:16.898Z dictation_preview_pass engine=parakeet ms=152 samples=134400 chars=80
2026-08-29T03:27:18.007Z dictation_preview_pass engine=parakeet ms=168 samples=152000 chars=117
2026-08-29T03:27:18.271Z dictation_capture_heartbeat input_buffers=100 input_frames=441000 isRunning=true default_input=present default_input_transport=built-in
2026-08-29T03:27:19.038Z dictation_preview_pass engine=parakeet ms=190 samples=168000 chars=147
2026-08-29T03:27:20.138Z dictation_preview_pass engine=parakeet ms=199 samples=185600 chars=170
2026-08-29T03:27:21.248Z dictation_preview_pass engine=parakeet ms=206 samples=203200 chars=202
2026-08-29T03:27:22.352Z dictation_preview_pass engine=parakeet ms=206 samples=220800 chars=212
2026-08-29T03:27:23.280Z dictation_capture_heartbeat input_buffers=150 input_frames=661500 isRunning=true default_input=present default_input_transport=built-in
2026-08-29T03:27:23.459Z dictation_preview_pass engine=parakeet ms=222 samples=238400 chars=233
2026-08-29T03:27:24.473Z dictation_preview_pass engine=parakeet ms=227 samples=240000 chars=236
2026-08-29T03:27:25.221Z dictation_hotkey_stop mode=persistent tail_ms=0
2026-08-29T03:27:25.244Z dictation_stop_requested mode=persistent session=43
2026-08-29T03:27:25.298Z shared_mic_engine_stopped
2026-08-29T03:27:25.299Z shared_mic_diagnostics transition=unsubscribe wants_vpio=n/a blocks_vpio_promotion=n/a subscribers=0 vpio_subs=0 passive_subs=0 engine_running=false vpio_engaged=false vpio_deferred=false vpio_deferral_count=0
2026-08-29T03:27:25.300Z dictation_capture_stop sample_count=270400 effective_sample_count=270400 duration_s=16.900 wall_duration_s=17.063 file_bytes=1085696 input_buffers=170 output_buffers=169 input_frames=749700 max_rms=0.078837 max_level=0.394 non_silent_buffers=104 missing_float_buffers=0 invalid_format_buffers=0 no_buffer_timeout=false
2026-08-29T03:27:25.300Z dictation_transcribe_begin file_bytes=1085696
2026-08-29T03:27:25.447Z shared_mic_engine_prepare_timing vpio=false buffer_size=4096 set_vpio_ms=0.006 output_format_ms=6.284 install_tap_ms=0.007 total_ms=145.672
2026-08-29T03:27:25.448Z shared_mic_engine_input_device_prepared source=system_default device=present transport=built-in vpio=false set_device_ms=0.000 prepare_engine_ms=146.540
2026-08-29T03:27:25.508Z dictation_transcribe_complete chars=237 words=45 engine=parakeet variant=v3
2026-08-29T03:27:56.763Z dictation_preview_started engine=parakeet
2026-08-29T03:27:56.764Z dictation_capture_start permission_status=3
2026-08-29T03:27:56.765Z dictation_capture_starting
2026-08-29T03:27:56.826Z shared_mic_engine_started_from_prepared audio_engine_start_ms=58.474
2026-08-29T03:27:56.827Z shared_mic_diagnostics transition=subscribe wants_vpio=false blocks_vpio_promotion=true subscribers=1 vpio_subs=0 passive_subs=0 engine_running=true vpio_engaged=false vpio_deferred=false vpio_deferral_count=0
2026-08-29T03:27:56.828Z dictation_capture_engine_started file_created=true default_input=present default_input_transport=built-in sr=44100.0 ch=1
2026-08-29T03:27:56.931Z dictation_capture_first_buffer sr=44100.0 ch=1 original_ch=1 common_format=1 interleaved=false frames=4410 has_float_data=true
2026-08-29T03:27:57.997Z dictation_preview_pass engine=parakeet ms=165 samples=14400 chars=0
2026-08-29T03:27:58.960Z dictation_preview_pass engine=parakeet ms=122 samples=30400 chars=15
2026-08-29T03:28:00.055Z dictation_preview_pass engine=parakeet ms=121 samples=48000 chars=19
2026-08-29T03:28:01.177Z dictation_preview_pass engine=parakeet ms=151 samples=65600 chars=26
2026-08-29T03:28:01.839Z dictation_capture_heartbeat input_buffers=50 input_frames=220500 isRunning=true default_input=present default_input_transport=built-in
2026-08-29T03:28:02.268Z dictation_preview_pass engine=parakeet ms=140 samples=83200 chars=19
2026-08-29T03:28:03.395Z dictation_preview_pass engine=parakeet ms=164 samples=100800 chars=72
2026-08-29T03:28:04.480Z dictation_preview_pass engine=parakeet ms=156 samples=118400 chars=74
2026-08-29T03:28:05.495Z dictation_preview_pass engine=parakeet ms=162 samples=134400 chars=86
2026-08-29T03:28:06.607Z dictation_preview_pass engine=parakeet ms=182 samples=152000 chars=98
2026-08-29T03:28:06.891Z dictation_capture_heartbeat input_buffers=100 input_frames=441000 isRunning=true default_input=present default_input_transport=built-in
2026-08-29T03:28:07.610Z dictation_preview_pass engine=parakeet ms=176 samples=168000 chars=113
2026-08-29T03:28:08.718Z dictation_preview_pass engine=parakeet ms=192 samples=185600 chars=148
2026-08-29T03:28:09.699Z dictation_hotkey_stop mode=persistent tail_ms=0
2026-08-29T03:28:09.715Z dictation_stop_requested mode=persistent session=44
2026-08-29T03:28:09.762Z shared_mic_engine_stopped
2026-08-29T03:28:09.762Z shared_mic_diagnostics transition=unsubscribe wants_vpio=n/a blocks_vpio_promotion=n/a subscribers=0 vpio_subs=0 passive_subs=0 engine_running=false vpio_engaged=false vpio_deferred=false vpio_deferral_count=0
2026-08-29T03:28:09.764Z dictation_capture_stop sample_count=203200 effective_sample_count=203200 duration_s=12.700 wall_duration_s=12.936 file_bytes=816896 input_buffers=128 output_buffers=127 input_frames=564480 max_rms=0.043072 max_level=0.215 non_silent_buffers=84 missing_float_buffers=0 invalid_format_buffers=0 no_buffer_timeout=false
2026-08-29T03:28:09.795Z dictation_transcribe_begin file_bytes=816896
2026-08-29T03:28:09.874Z shared_mic_engine_prepare_timing vpio=false buffer_size=4096 set_vpio_ms=0.007 output_format_ms=0.013 install_tap_ms=0.005 total_ms=107.723
2026-08-29T03:28:09.875Z shared_mic_engine_input_device_prepared source=system_default device=present transport=built-in vpio=false set_device_ms=0.000 prepare_engine_ms=108.604
2026-08-29T03:28:09.951Z dictation_transcribe_complete chars=144 words=28 engine=parakeet variant=v3
2026-08-29T03:29:58.868Z dictation_preview_started engine=parakeet
2026-08-29T03:29:58.869Z dictation_capture_start permission_status=3
2026-08-29T03:29:58.871Z dictation_capture_starting
2026-08-29T03:29:58.937Z shared_mic_engine_started_from_prepared audio_engine_start_ms=62.388
2026-08-29T03:29:58.938Z shared_mic_diagnostics transition=subscribe wants_vpio=false blocks_vpio_promotion=true subscribers=1 vpio_subs=0 passive_subs=0 engine_running=true vpio_engaged=false vpio_deferred=false vpio_deferral_count=0
2026-08-29T03:29:58.939Z dictation_capture_engine_started file_created=true default_input=present default_input_transport=built-in sr=44100.0 ch=1
2026-08-29T03:29:59.042Z dictation_capture_first_buffer sr=44100.0 ch=1 original_ch=1 common_format=1 interleaved=false frames=4410 has_float_data=true
2026-08-29T03:30:00.112Z dictation_preview_pass engine=parakeet ms=165 samples=14400 chars=0
2026-08-29T03:30:01.178Z dictation_preview_pass engine=parakeet ms=139 samples=32000 chars=0
2026-08-29T03:30:02.187Z dictation_preview_pass engine=parakeet ms=138 samples=48000 chars=40
2026-08-29T03:30:03.310Z dictation_preview_pass engine=parakeet ms=169 samples=65600 chars=62
2026-08-29T03:30:03.968Z dictation_capture_heartbeat input_buffers=50 input_frames=220500 isRunning=true default_input=present default_input_transport=built-in
2026-08-29T03:30:04.412Z dictation_preview_pass engine=parakeet ms=169 samples=83200 chars=62
2026-08-29T03:30:05.504Z dictation_preview_pass engine=parakeet ms=157 samples=100800 chars=82
2026-08-29T03:30:06.585Z dictation_preview_pass engine=parakeet ms=146 samples=118400 chars=96
2026-08-29T03:30:07.606Z dictation_preview_pass engine=parakeet ms=158 samples=134400 chars=98
2026-08-29T03:30:08.723Z dictation_preview_pass engine=parakeet ms=183 samples=152000 chars=109
2026-08-29T03:30:09.019Z dictation_capture_heartbeat input_buffers=100 input_frames=441000 isRunning=true default_input=present default_input_transport=built-in
2026-08-29T03:30:09.727Z dictation_preview_pass engine=parakeet ms=178 samples=168000 chars=107
2026-08-29T03:30:10.824Z dictation_preview_pass engine=parakeet ms=184 samples=185600 chars=126
2026-08-29T03:30:11.936Z dictation_preview_pass engine=parakeet ms=192 samples=203200 chars=141
2026-08-29T03:30:13.038Z dictation_preview_pass engine=parakeet ms=191 samples=220800 chars=139
2026-08-29T03:30:14.067Z dictation_capture_heartbeat input_buffers=151 input_frames=665910 isRunning=true default_input=present default_input_transport=built-in
2026-08-29T03:30:14.082Z dictation_hotkey_stop mode=persistent tail_ms=0
2026-08-29T03:30:14.087Z dictation_stop_requested mode=persistent session=45
2026-08-29T03:30:14.122Z dictation_preview_pass engine=parakeet ms=184 samples=238400 chars=136
2026-08-29T03:30:14.139Z shared_mic_engine_stopped
2026-08-29T03:30:14.140Z shared_mic_diagnostics transition=unsubscribe wants_vpio=n/a blocks_vpio_promotion=n/a subscribers=0 vpio_subs=0 passive_subs=0 engine_running=false vpio_engaged=false vpio_deferred=false vpio_deferral_count=0
2026-08-29T03:30:14.140Z dictation_capture_stop sample_count=240000 effective_sample_count=240000 duration_s=15.000 wall_duration_s=15.202 file_bytes=964096 input_buffers=151 output_buffers=150 input_frames=665910 max_rms=0.067499 max_level=0.337 non_silent_buffers=83 missing_float_buffers=0 invalid_format_buffers=0 no_buffer_timeout=false
2026-08-29T03:30:14.141Z dictation_transcribe_begin file_bytes=964096
2026-08-29T03:30:14.263Z shared_mic_engine_prepare_timing vpio=false buffer_size=4096 set_vpio_ms=0.007 output_format_ms=0.012 install_tap_ms=0.005 total_ms=119.869
2026-08-29T03:30:14.264Z shared_mic_engine_input_device_prepared source=system_default device=present transport=built-in vpio=false set_device_ms=0.000 prepare_engine_ms=120.946
2026-08-29T03:30:14.302Z dictation_transcribe_complete chars=136 words=24 engine=parakeet variant=v3
2026-08-29T03:34:19.876Z shared_mic_engine_configuration_changed sr=44100.0 ch=1 isRunning=false engine_is_running=false default_input=present default_input_transport=built-in
2026-08-29T03:34:19.877Z shared_mic_engine_prepared_discarded reason=configuration_changed
2026-08-29T03:34:20.539Z shared_mic_engine_prepare_timing vpio=false buffer_size=4096 set_vpio_ms=0.006 output_format_ms=0.016 install_tap_ms=0.006 total_ms=130.377
2026-08-29T03:34:20.539Z shared_mic_engine_input_device_prepared source=system_default device=present transport=built-in vpio=false set_device_ms=0.000 prepare_engine_ms=131.187
2026-08-29T03:36:24.686Z shared_mic_engine_configuration_changed sr=44100.0 ch=3 isRunning=false engine_is_running=false default_input=present default_input_transport=built-in
2026-08-29T03:36:24.687Z shared_mic_engine_prepared_discarded reason=configuration_changed
2026-08-29T03:36:25.332Z shared_mic_engine_prepare_timing vpio=false buffer_size=4096 set_vpio_ms=0.007 output_format_ms=0.009 install_tap_ms=0.005 total_ms=112.848
2026-08-29T03:36:25.332Z shared_mic_engine_input_device_prepared source=system_default device=present transport=built-in vpio=false set_device_ms=0.000 prepare_engine_ms=113.660
2026-08-29T04:41:00.837Z dictation_diagnostics_session_start pid=8169 version=0.7.3 build=20260717011712 source=dist-xcodebuild-release commit=d6321f87dcce
2026-08-29T04:41:01.632Z shared_mic_engine_prepare_timing vpio=false buffer_size=4096 set_vpio_ms=0.005 output_format_ms=0.010 install_tap_ms=0.006 total_ms=169.740
2026-08-29T04:41:01.632Z shared_mic_engine_input_device_prepared source=system_default device=present transport=built-in vpio=false set_device_ms=0.000 prepare_engine_ms=170.461
2026-08-29T04:41:02.872Z dictation_preview_started engine=parakeet
2026-08-29T04:41:02.873Z dictation_capture_start permission_status=3
2026-08-29T04:41:02.879Z dictation_capture_starting
2026-08-29T04:41:02.932Z shared_mic_engine_started_from_prepared audio_engine_start_ms=50.435
2026-08-29T04:41:02.933Z shared_mic_diagnostics transition=subscribe wants_vpio=false blocks_vpio_promotion=true subscribers=1 vpio_subs=0 passive_subs=0 engine_running=true vpio_engaged=false vpio_deferred=false vpio_deferral_count=0
2026-08-29T04:41:02.933Z dictation_capture_engine_started file_created=true default_input=present default_input_transport=built-in sr=44100.0 ch=1
2026-08-29T04:41:03.035Z dictation_capture_first_buffer sr=44100.0 ch=1 original_ch=1 common_format=1 interleaved=false frames=4410 has_float_data=true
2026-08-29T04:41:04.120Z dictation_preview_pass engine=parakeet ms=178 samples=14400 chars=8
2026-08-29T04:41:05.194Z dictation_preview_pass engine=parakeet ms=161 samples=32000 chars=38
2026-08-29T04:41:06.173Z dictation_preview_pass engine=parakeet ms=130 samples=48000 chars=31
2026-08-29T04:41:07.271Z dictation_preview_pass engine=parakeet ms=136 samples=65600 chars=45
2026-08-29T04:41:07.939Z dictation_capture_heartbeat input_buffers=50 input_frames=220500 isRunning=true default_input=present default_input_transport=built-in
2026-08-29T04:41:08.387Z dictation_preview_pass engine=parakeet ms=150 samples=83200 chars=66
2026-08-29T04:41:09.511Z dictation_preview_pass engine=parakeet ms=171 samples=100800 chars=92
2026-08-29T04:41:10.580Z dictation_preview_pass engine=parakeet ms=147 samples=118400 chars=106
2026-08-29T04:41:11.602Z dictation_preview_pass engine=parakeet ms=160 samples=134400 chars=112
2026-08-29T04:41:12.706Z dictation_preview_pass engine=parakeet ms=173 samples=152000 chars=123
2026-08-29T04:41:12.990Z dictation_capture_heartbeat input_buffers=100 input_frames=441000 isRunning=true default_input=present default_input_transport=built-in
2026-08-29T04:41:13.739Z dictation_preview_pass engine=parakeet ms=196 samples=168000 chars=150
2026-08-29T04:41:14.829Z dictation_preview_pass engine=parakeet ms=195 samples=185600 chars=159
2026-08-29T04:41:15.936Z dictation_preview_pass engine=parakeet ms=198 samples=203200 chars=168
2026-08-29T04:41:17.040Z dictation_preview_pass engine=parakeet ms=199 samples=220800 chars=184
2026-08-29T04:41:18.001Z dictation_capture_heartbeat input_buffers=150 input_frames=661500 isRunning=true default_input=present default_input_transport=built-in
2026-08-29T04:41:18.136Z dictation_preview_pass engine=parakeet ms=204 samples=238400 chars=195
2026-08-29T04:41:19.140Z dictation_preview_pass engine=parakeet ms=198 samples=240000 chars=189
2026-08-29T04:41:20.216Z dictation_preview_pass engine=parakeet ms=183 samples=240000 chars=186
2026-08-29T04:41:21.224Z dictation_preview_pass engine=parakeet ms=179 samples=240000 chars=173
2026-08-29T04:41:22.328Z dictation_preview_pass engine=parakeet ms=191 samples=240000 chars=192
2026-08-29T04:41:23.041Z dictation_capture_heartbeat input_buffers=200 input_frames=882000 isRunning=true default_input=present default_input_transport=built-in
2026-08-29T04:41:23.455Z dictation_preview_pass engine=parakeet ms=217 samples=240000 chars=200
2026-08-29T04:41:24.544Z dictation_preview_pass engine=parakeet ms=203 samples=240000 chars=187
2026-08-29T04:41:25.645Z dictation_preview_pass engine=parakeet ms=213 samples=240000 chars=200
2026-08-29T04:41:26.661Z dictation_preview_pass engine=parakeet ms=218 samples=240000 chars=225
2026-08-29T04:41:27.756Z dictation_preview_pass engine=parakeet ms=222 samples=240000 chars=238
2026-08-29T04:41:28.070Z dictation_capture_heartbeat input_buffers=251 input_frames=1106910 isRunning=true default_input=present default_input_transport=built-in
2026-08-29T04:41:28.849Z dictation_preview_pass engine=parakeet ms=212 samples=240000 chars=230
2026-08-29T04:41:29.952Z dictation_preview_pass engine=parakeet ms=213 samples=240000 chars=232
2026-08-29T04:41:31.051Z dictation_preview_pass engine=parakeet ms=209 samples=240000 chars=239
2026-08-29T04:41:32.152Z dictation_preview_pass engine=parakeet ms=217 samples=240000 chars=218
2026-08-29T04:41:33.104Z dictation_capture_heartbeat input_buffers=301 input_frames=1327410 isRunning=true default_input=present default_input_transport=built-in
2026-08-29T04:41:33.252Z dictation_preview_pass engine=parakeet ms=215 samples=240000 chars=215
2026-08-29T04:41:34.355Z dictation_preview_pass engine=parakeet ms=215 samples=240000 chars=236
2026-08-29T04:41:35.459Z dictation_preview_pass engine=parakeet ms=216 samples=240000 chars=227
2026-08-29T04:41:36.544Z dictation_preview_pass engine=parakeet ms=210 samples=240000 chars=219
2026-08-29T04:41:37.648Z dictation_preview_pass engine=parakeet ms=211 samples=240000 chars=209
2026-08-29T04:41:38.142Z dictation_capture_heartbeat input_buffers=352 input_frames=1552320 isRunning=true default_input=present default_input_transport=built-in
2026-08-29T04:41:38.744Z dictation_preview_pass engine=parakeet ms=204 samples=240000 chars=217
2026-08-29T04:41:39.841Z dictation_preview_pass engine=parakeet ms=198 samples=240000 chars=203
2026-08-29T04:41:40.933Z dictation_preview_pass engine=parakeet ms=198 samples=240000 chars=183
2026-08-29T04:41:42.029Z dictation_preview_pass engine=parakeet ms=192 samples=240000 chars=164
2026-08-29T04:41:43.138Z dictation_preview_pass engine=parakeet ms=198 samples=240000 chars=143
2026-08-29T04:41:43.159Z dictation_capture_heartbeat input_buffers=402 input_frames=1772820 isRunning=true default_input=present default_input_transport=built-in
2026-08-29T04:41:44.228Z dictation_preview_pass engine=parakeet ms=184 samples=240000 chars=141
2026-08-29T04:41:45.305Z dictation_preview_pass engine=parakeet ms=171 samples=240000 chars=122
2026-08-29T04:41:46.422Z dictation_preview_pass engine=parakeet ms=186 samples=240000 chars=135
2026-08-29T04:41:47.517Z dictation_preview_pass engine=parakeet ms=177 samples=240000 chars=157
2026-08-29T04:41:48.192Z dictation_capture_heartbeat input_buffers=452 input_frames=1993320 isRunning=true default_input=present default_input_transport=built-in
2026-08-29T04:41:48.513Z dictation_preview_pass engine=parakeet ms=174 samples=240000 chars=143
2026-08-29T04:41:49.630Z dictation_preview_pass engine=parakeet ms=191 samples=240000 chars=138
2026-08-29T04:41:50.725Z dictation_preview_pass engine=parakeet ms=194 samples=240000 chars=174
2026-08-29T04:41:51.728Z dictation_preview_pass engine=parakeet ms=188 samples=240000 chars=183
2026-08-29T04:41:52.836Z dictation_preview_pass engine=parakeet ms=205 samples=240000 chars=175
2026-08-29T04:41:53.229Z dictation_capture_heartbeat input_buffers=502 input_frames=2213820 isRunning=true default_input=present default_input_transport=built-in
2026-08-29T04:41:53.927Z dictation_preview_pass engine=parakeet ms=194 samples=240000 chars=160
2026-08-29T04:41:55.048Z dictation_preview_pass engine=parakeet ms=212 samples=240000 chars=175
2026-08-29T04:41:56.040Z dictation_preview_pass engine=parakeet ms=204 samples=240000 chars=191
2026-08-29T04:41:57.159Z dictation_preview_pass engine=parakeet ms=220 samples=240000 chars=210
2026-08-29T04:41:58.236Z dictation_capture_heartbeat input_buffers=553 input_frames=2438730 isRunning=true default_input=present default_input_transport=built-in
2026-08-29T04:41:58.244Z dictation_preview_pass engine=parakeet ms=217 samples=240000 chars=209
2026-08-29T04:41:59.248Z dictation_preview_pass engine=parakeet ms=210 samples=240000 chars=207
2026-08-29T04:42:00.345Z dictation_preview_pass engine=parakeet ms=214 samples=240000 chars=198
2026-08-29T04:42:01.433Z dictation_preview_pass engine=parakeet ms=201 samples=240000 chars=211
2026-08-29T04:42:02.545Z dictation_preview_pass engine=parakeet ms=212 samples=240000 chars=227
2026-08-29T04:42:03.254Z dictation_capture_heartbeat input_buffers=603 input_frames=2659230 isRunning=true default_input=present default_input_transport=built-in
2026-08-29T04:42:03.546Z dictation_preview_pass engine=parakeet ms=212 samples=240000 chars=223
2026-08-29T04:42:04.653Z dictation_preview_pass engine=parakeet ms=219 samples=240000 chars=234
2026-08-29T04:42:05.746Z dictation_preview_pass engine=parakeet ms=221 samples=240000 chars=211
2026-08-29T04:42:06.758Z dictation_preview_pass engine=parakeet ms=222 samples=240000 chars=219
2026-08-29T04:42:07.833Z dictation_preview_pass engine=parakeet ms=207 samples=240000 chars=209
2026-08-29T04:42:08.299Z dictation_capture_heartbeat input_buffers=653 input_frames=2879730 isRunning=true default_input=present default_input_transport=built-in
2026-08-29T04:42:08.939Z dictation_preview_pass engine=parakeet ms=210 samples=240000 chars=197
2026-08-29T04:42:10.023Z dictation_preview_pass engine=parakeet ms=190 samples=240000 chars=179
2026-08-29T04:42:11.138Z dictation_preview_pass engine=parakeet ms=204 samples=240000 chars=175
2026-08-29T04:42:12.204Z dictation_preview_pass engine=parakeet ms=177 samples=240000 chars=147
2026-08-29T04:42:13.322Z dictation_preview_pass engine=parakeet ms=193 samples=240000 chars=170
2026-08-29T04:42:13.353Z dictation_capture_heartbeat input_buffers=704 input_frames=3104640 isRunning=true default_input=present default_input_transport=built-in
2026-08-29T04:42:14.319Z dictation_preview_pass engine=parakeet ms=191 samples=240000 chars=177
2026-08-29T04:42:15.428Z dictation_preview_pass engine=parakeet ms=198 samples=240000 chars=201
2026-08-29T04:42:16.528Z dictation_preview_pass engine=parakeet ms=196 samples=240000 chars=178
2026-08-29T04:42:17.623Z dictation_preview_pass engine=parakeet ms=199 samples=240000 chars=187
2026-08-29T04:42:18.376Z dictation_capture_heartbeat input_buffers=754 input_frames=3325140 isRunning=true default_input=present default_input_transport=built-in
2026-08-29T04:42:18.647Z dictation_preview_pass engine=parakeet ms=212 samples=240000 chars=195
2026-08-29T04:42:19.728Z dictation_preview_pass engine=parakeet ms=202 samples=240000 chars=201
2026-08-29T04:42:20.844Z dictation_preview_pass engine=parakeet ms=216 samples=240000 chars=222
2026-08-29T04:42:21.935Z dictation_preview_pass engine=parakeet ms=204 samples=240000 chars=204
2026-08-29T04:42:23.051Z dictation_preview_pass engine=parakeet ms=218 samples=240000 chars=218
2026-08-29T04:42:23.381Z dictation_capture_heartbeat input_buffers=804 input_frames=3545640 isRunning=true default_input=present default_input_transport=built-in
2026-08-29T04:42:24.145Z dictation_preview_pass engine=parakeet ms=220 samples=240000 chars=239
2026-08-29T04:42:25.247Z dictation_preview_pass engine=parakeet ms=219 samples=240000 chars=251
2026-08-29T04:42:26.244Z dictation_preview_pass engine=parakeet ms=216 samples=240000 chars=253
2026-08-29T04:42:27.367Z dictation_preview_pass engine=parakeet ms=238 samples=240000 chars=252
2026-08-29T04:42:28.427Z dictation_capture_heartbeat input_buffers=854 input_frames=3766140 isRunning=true default_input=present default_input_transport=built-in
2026-08-29T04:42:28.465Z dictation_preview_pass engine=parakeet ms=233 samples=240000 chars=265
2026-08-29T04:42:29.559Z dictation_preview_pass engine=parakeet ms=235 samples=240000 chars=261
2026-08-29T04:42:30.563Z dictation_preview_pass engine=parakeet ms=230 samples=240000 chars=265
2026-08-29T04:42:31.655Z dictation_preview_pass engine=parakeet ms=229 samples=240000 chars=278
2026-08-29T04:42:32.747Z dictation_preview_pass engine=parakeet ms=220 samples=240000 chars=259
2026-08-29T04:42:33.433Z dictation_capture_heartbeat input_buffers=904 input_frames=3986640 isRunning=true default_input=present default_input_transport=built-in
2026-08-29T04:42:33.842Z dictation_preview_pass engine=parakeet ms=211 samples=240000 chars=232
2026-08-29T04:42:34.940Z dictation_preview_pass engine=parakeet ms=218 samples=240000 chars=233
2026-08-29T04:42:35.943Z dictation_preview_pass engine=parakeet ms=211 samples=240000 chars=239
2026-08-29T04:42:37.048Z dictation_preview_pass engine=parakeet ms=225 samples=240000 chars=263
2026-08-29T04:42:38.040Z dictation_preview_pass engine=parakeet ms=207 samples=240000 chars=254
2026-08-29T04:42:38.487Z dictation_capture_heartbeat input_buffers=955 input_frames=4211550 isRunning=true default_input=present default_input_transport=built-in
2026-08-29T04:42:39.119Z dictation_preview_pass engine=parakeet ms=195 samples=240000 chars=230
2026-08-29T04:42:40.240Z dictation_preview_pass engine=parakeet ms=212 samples=240000 chars=244
2026-08-29T04:42:41.350Z dictation_preview_pass engine=parakeet ms=219 samples=240000 chars=243
2026-08-29T04:42:42.435Z dictation_preview_pass engine=parakeet ms=214 samples=240000 chars=264
2026-08-29T04:42:43.436Z dictation_preview_pass engine=parakeet ms=204 samples=240000 chars=252
2026-08-29T04:42:43.529Z dictation_capture_heartbeat input_buffers=1006 input_frames=4436460 isRunning=true default_input=present default_input_transport=built-in
2026-08-29T04:42:44.521Z dictation_preview_pass engine=parakeet ms=198 samples=240000 chars=237
2026-08-29T04:42:45.618Z dictation_preview_pass engine=parakeet ms=192 samples=240000 chars=220
2026-08-29T04:42:46.723Z dictation_preview_pass engine=parakeet ms=193 samples=240000 chars=206
2026-08-29T04:42:47.832Z dictation_preview_pass engine=parakeet ms=201 samples=240000 chars=222
2026-08-29T04:42:48.541Z dictation_capture_heartbeat input_buffers=1056 input_frames=4656960 isRunning=true default_input=present default_input_transport=built-in
2026-08-29T04:42:48.934Z dictation_preview_pass engine=parakeet ms=211 samples=240000 chars=234
2026-08-29T04:42:50.028Z dictation_preview_pass engine=parakeet ms=200 samples=240000 chars=233
2026-08-29T04:42:51.133Z dictation_preview_pass engine=parakeet ms=204 samples=240000 chars=229
2026-08-29T04:42:52.230Z dictation_preview_pass engine=parakeet ms=198 samples=240000 chars=220
2026-08-29T04:42:53.331Z dictation_preview_pass engine=parakeet ms=206 samples=240000 chars=199
2026-08-29T04:42:53.590Z dictation_capture_heartbeat input_buffers=1106 input_frames=4877460 isRunning=true default_input=present default_input_transport=built-in
2026-08-29T04:42:54.338Z dictation_preview_pass engine=parakeet ms=212 samples=240000 chars=215
2026-08-29T04:42:55.336Z dictation_preview_pass engine=parakeet ms=203 samples=240000 chars=212
2026-08-29T04:42:56.442Z dictation_preview_pass engine=parakeet ms=219 samples=240000 chars=193
2026-08-29T04:42:57.539Z dictation_preview_pass engine=parakeet ms=211 samples=240000 chars=194
2026-08-29T04:42:58.613Z dictation_capture_heartbeat input_buffers=1156 input_frames=5097960 isRunning=true default_input=present default_input_transport=built-in
2026-08-29T04:42:58.630Z dictation_preview_pass engine=parakeet ms=201 samples=240000 chars=212
2026-08-29T04:42:59.743Z dictation_preview_pass engine=parakeet ms=212 samples=240000 chars=212
2026-08-29T04:43:00.831Z dictation_preview_pass engine=parakeet ms=207 samples=240000 chars=215
2026-08-29T04:43:01.939Z dictation_preview_pass engine=parakeet ms=213 samples=240000 chars=205
2026-08-29T04:43:03.033Z dictation_preview_pass engine=parakeet ms=203 samples=240000 chars=203
2026-08-29T04:43:03.659Z dictation_capture_heartbeat input_buffers=1207 input_frames=5322870 isRunning=true default_input=present default_input_transport=built-in
2026-08-29T04:43:04.129Z dictation_preview_pass engine=parakeet ms=196 samples=240000 chars=182
2026-08-29T04:43:05.214Z dictation_preview_pass engine=parakeet ms=191 samples=240000 chars=173
2026-08-29T04:43:06.325Z dictation_preview_pass engine=parakeet ms=199 samples=240000 chars=170
2026-08-29T04:43:07.422Z dictation_preview_pass engine=parakeet ms=192 samples=240000 chars=177
2026-08-29T04:43:08.540Z dictation_preview_pass engine=parakeet ms=208 samples=240000 chars=196
2026-08-29T04:43:08.711Z dictation_capture_heartbeat input_buffers=1257 input_frames=5543370 isRunning=true default_input=present default_input_transport=built-in
2026-08-29T04:43:09.633Z dictation_preview_pass engine=parakeet ms=209 samples=240000 chars=206
2026-08-29T04:43:10.726Z dictation_preview_pass engine=parakeet ms=198 samples=240000 chars=202
2026-08-29T04:43:11.831Z dictation_preview_pass engine=parakeet ms=201 samples=240000 chars=222
2026-08-29T04:43:12.949Z dictation_preview_pass engine=parakeet ms=216 samples=240000 chars=209
2026-08-29T04:43:13.721Z dictation_capture_heartbeat input_buffers=1307 input_frames=5763870 isRunning=true default_input=present default_input_transport=built-in
2026-08-29T04:43:14.036Z dictation_preview_pass engine=parakeet ms=213 samples=240000 chars=197
2026-08-29T04:43:15.126Z dictation_preview_pass engine=parakeet ms=199 samples=240000 chars=193
2026-08-29T04:43:16.247Z dictation_preview_pass engine=parakeet ms=217 samples=240000 chars=226
2026-08-29T04:43:17.348Z dictation_preview_pass engine=parakeet ms=215 samples=240000 chars=249
2026-08-29T04:43:18.455Z dictation_preview_pass engine=parakeet ms=231 samples=240000 chars=255
2026-08-29T04:43:18.777Z dictation_capture_heartbeat input_buffers=1358 input_frames=5988780 isRunning=true default_input=present default_input_transport=built-in
2026-08-29T04:43:19.537Z dictation_preview_pass engine=parakeet ms=208 samples=240000 chars=253
2026-08-29T04:43:20.653Z dictation_preview_pass engine=parakeet ms=223 samples=240000 chars=249
2026-08-29T04:43:21.752Z dictation_preview_pass engine=parakeet ms=219 samples=240000 chars=238
2026-08-29T04:43:22.834Z dictation_preview_pass engine=parakeet ms=210 samples=240000 chars=227
2026-08-29T04:43:23.801Z dictation_capture_heartbeat input_buffers=1408 input_frames=6209280 isRunning=true default_input=present default_input_transport=built-in
2026-08-29T04:43:23.937Z dictation_preview_pass engine=parakeet ms=210 samples=240000 chars=213
2026-08-29T04:43:25.054Z dictation_preview_pass engine=parakeet ms=223 samples=240000 chars=208
2026-08-29T04:43:26.139Z dictation_preview_pass engine=parakeet ms=216 samples=240000 chars=199
2026-08-29T04:43:27.134Z dictation_preview_pass engine=parakeet ms=202 samples=240000 chars=177
2026-08-29T04:43:28.230Z dictation_preview_pass engine=parakeet ms=207 samples=240000 chars=198
2026-08-29T04:43:28.857Z dictation_capture_heartbeat input_buffers=1459 input_frames=6434190 isRunning=true default_input=present default_input_transport=built-in
2026-08-29T04:43:29.228Z dictation_preview_pass engine=parakeet ms=194 samples=240000 chars=206
2026-08-29T04:43:30.333Z dictation_preview_pass engine=parakeet ms=208 samples=240000 chars=199
2026-08-29T04:43:31.433Z dictation_preview_pass engine=parakeet ms=205 samples=240000 chars=195
2026-08-29T04:43:32.526Z dictation_preview_pass engine=parakeet ms=194 samples=240000 chars=186
2026-08-29T04:43:33.614Z dictation_preview_pass engine=parakeet ms=192 samples=240000 chars=179
2026-08-29T04:43:33.903Z dictation_capture_heartbeat input_buffers=1509 input_frames=6654690 isRunning=true default_input=present default_input_transport=built-in
2026-08-29T04:43:34.608Z dictation_preview_pass engine=parakeet ms=175 samples=240000 chars=155
2026-08-29T04:43:35.710Z dictation_preview_pass engine=parakeet ms=186 samples=240000 chars=166
2026-08-29T04:43:36.824Z dictation_preview_pass engine=parakeet ms=198 samples=240000 chars=174
2026-08-29T04:43:37.914Z dictation_preview_pass engine=parakeet ms=185 samples=240000 chars=162
2026-08-29T04:43:38.941Z dictation_capture_heartbeat input_buffers=1560 input_frames=6879600 isRunning=true default_input=present default_input_transport=built-in
2026-08-29T04:43:39.031Z dictation_preview_pass engine=parakeet ms=199 samples=240000 chars=189
2026-08-29T04:43:40.105Z dictation_preview_pass engine=parakeet ms=182 samples=240000 chars=190
2026-08-29T04:43:41.221Z dictation_preview_pass engine=parakeet ms=195 samples=240000 chars=191
2026-08-29T04:43:42.341Z dictation_preview_pass engine=parakeet ms=212 samples=240000 chars=221
2026-08-29T04:43:43.436Z dictation_preview_pass engine=parakeet ms=204 samples=240000 chars=215
2026-08-29T04:43:43.989Z dictation_capture_heartbeat input_buffers=1610 input_frames=7100100 isRunning=true default_input=present default_input_transport=built-in
2026-08-29T04:43:44.534Z dictation_preview_pass engine=parakeet ms=210 samples=240000 chars=227
2026-08-29T04:43:45.383Z dictation_hotkey_stop mode=persistent tail_ms=0
2026-08-29T04:43:45.407Z dictation_stop_requested mode=persistent session=1
2026-08-29T04:43:45.461Z shared_mic_engine_stopped
2026-08-29T04:43:45.462Z shared_mic_diagnostics transition=unsubscribe wants_vpio=n/a blocks_vpio_promotion=n/a subscribers=0 vpio_subs=0 passive_subs=0 engine_running=false vpio_engaged=false vpio_deferred=false vpio_deferral_count=0
2026-08-29T04:43:45.463Z dictation_capture_stop sample_count=2596800 effective_sample_count=2596800 duration_s=162.300 wall_duration_s=162.540 file_bytes=10391296 input_buffers=1624 output_buffers=1623 input_frames=7161840 max_rms=0.108713 max_level=0.544 non_silent_buffers=1184 missing_float_buffers=0 invalid_format_buffers=0 no_buffer_timeout=false
2026-08-29T04:43:45.464Z dictation_transcribe_begin file_bytes=10391296
2026-08-29T04:43:45.602Z shared_mic_engine_prepare_timing vpio=false buffer_size=4096 set_vpio_ms=0.005 output_format_ms=0.011 install_tap_ms=0.006 total_ms=137.716
2026-08-29T04:43:45.603Z shared_mic_engine_input_device_prepared source=system_default device=present transport=built-in vpio=false set_device_ms=0.000 prepare_engine_ms=138.679
2026-08-29T04:43:46.230Z dictation_transcribe_complete chars=2223 words=455 engine=parakeet variant=v3
2026-08-29T04:45:06.716Z dictation_preview_started engine=parakeet
2026-08-29T04:45:06.718Z dictation_capture_start permission_status=3
2026-08-29T04:45:06.721Z dictation_capture_starting
2026-08-29T04:45:06.788Z shared_mic_engine_started_from_prepared audio_engine_start_ms=63.735
2026-08-29T04:45:06.789Z shared_mic_diagnostics transition=subscribe wants_vpio=false blocks_vpio_promotion=true subscribers=1 vpio_subs=0 passive_subs=0 engine_running=true vpio_engaged=false vpio_deferred=false vpio_deferral_count=0
2026-08-29T04:45:06.790Z dictation_capture_engine_started file_created=true default_input=present default_input_transport=built-in sr=44100.0 ch=1
2026-08-29T04:45:06.893Z dictation_capture_first_buffer sr=44100.0 ch=1 original_ch=1 common_format=1 interleaved=false frames=4410 has_float_data=true
2026-08-29T04:45:08.013Z dictation_preview_pass engine=parakeet ms=215 samples=14400 chars=0
2026-08-29T04:45:09.039Z dictation_preview_pass engine=parakeet ms=150 samples=32000 chars=0
2026-08-29T04:45:10.039Z dictation_preview_pass engine=parakeet ms=140 samples=48000 chars=22
2026-08-29T04:45:11.128Z dictation_preview_pass engine=parakeet ms=138 samples=65600 chars=24
2026-08-29T04:45:11.820Z dictation_capture_heartbeat input_buffers=50 input_frames=220500 isRunning=true default_input=present default_input_transport=built-in
2026-08-29T04:45:12.256Z dictation_preview_pass engine=parakeet ms=163 samples=83200 chars=56
2026-08-29T04:45:13.363Z dictation_preview_pass engine=parakeet ms=167 samples=100800 chars=85
2026-08-29T04:45:14.453Z dictation_preview_pass engine=parakeet ms=165 samples=118400 chars=108
2026-08-29T04:45:15.474Z dictation_preview_pass engine=parakeet ms=176 samples=134400 chars=132
2026-08-29T04:45:16.561Z dictation_preview_pass engine=parakeet ms=172 samples=152000 chars=149
2026-08-29T04:45:16.833Z dictation_capture_heartbeat input_buffers=100 input_frames=441000 isRunning=true default_input=present default_input_transport=built-in
2026-08-29T04:45:17.601Z dictation_preview_pass engine=parakeet ms=201 samples=168000 chars=180
2026-08-29T04:45:18.683Z dictation_preview_pass engine=parakeet ms=193 samples=185600 chars=195
2026-08-29T04:45:19.796Z dictation_preview_pass engine=parakeet ms=203 samples=203200 chars=211
2026-08-29T04:45:20.910Z dictation_preview_pass engine=parakeet ms=215 samples=220800 chars=242
2026-08-29T04:45:21.864Z dictation_capture_heartbeat input_buffers=150 input_frames=661500 isRunning=true default_input=present default_input_transport=built-in
2026-08-29T04:45:22.016Z dictation_preview_pass engine=parakeet ms=228 samples=238400 chars=251
2026-08-29T04:45:23.016Z dictation_preview_pass engine=parakeet ms=219 samples=240000 chars=238
2026-08-29T04:45:24.107Z dictation_preview_pass engine=parakeet ms=218 samples=240000 chars=240
2026-08-29T04:45:25.139Z dictation_preview_pass engine=parakeet ms=240 samples=240000 chars=250
2026-08-29T04:45:26.240Z dictation_preview_pass engine=parakeet ms=250 samples=240000 chars=282
2026-08-29T04:45:26.912Z dictation_capture_heartbeat input_buffers=201 input_frames=886410 isRunning=true default_input=present default_input_transport=built-in
2026-08-29T04:45:27.328Z dictation_preview_pass engine=parakeet ms=234 samples=240000 chars=262
2026-08-29T04:45:28.411Z dictation_preview_pass engine=parakeet ms=214 samples=240000 chars=233
2026-08-29T04:45:29.520Z dictation_preview_pass engine=parakeet ms=232 samples=240000 chars=237
2026-08-29T04:45:30.522Z dictation_preview_pass engine=parakeet ms=225 samples=240000 chars=235
2026-08-29T04:45:31.616Z dictation_preview_pass engine=parakeet ms=227 samples=240000 chars=236
2026-08-29T04:45:31.951Z dictation_capture_heartbeat input_buffers=251 input_frames=1106910 isRunning=true default_input=present default_input_transport=built-in
2026-08-29T04:45:32.700Z dictation_preview_pass engine=parakeet ms=208 samples=240000 chars=207
2026-08-29T04:45:33.797Z dictation_preview_pass engine=parakeet ms=202 samples=240000 chars=209
2026-08-29T04:45:34.916Z dictation_preview_pass engine=parakeet ms=218 samples=240000 chars=200
2026-08-29T04:45:35.985Z dictation_preview_pass engine=parakeet ms=195 samples=240000 chars=202
2026-08-29T04:45:36.966Z dictation_capture_heartbeat input_buffers=301 input_frames=1327410 isRunning=true default_input=present default_input_transport=built-in
2026-08-29T04:45:37.086Z dictation_preview_pass engine=parakeet ms=193 samples=240000 chars=190
2026-08-29T04:45:38.197Z dictation_preview_pass engine=parakeet ms=202 samples=240000 chars=200
2026-08-29T04:45:39.303Z dictation_preview_pass engine=parakeet ms=204 samples=240000 chars=199
2026-08-29T04:45:40.403Z dictation_preview_pass engine=parakeet ms=214 samples=240000 chars=196
2026-08-29T04:45:41.486Z dictation_preview_pass engine=parakeet ms=193 samples=240000 chars=197
2026-08-29T04:45:41.984Z dictation_capture_heartbeat input_buffers=351 input_frames=1547910 isRunning=true default_input=present default_input_transport=built-in
2026-08-29T04:45:42.608Z dictation_preview_pass engine=parakeet ms=211 samples=240000 chars=186
2026-08-29T04:45:43.701Z dictation_preview_pass engine=parakeet ms=203 samples=240000 chars=183
2026-08-29T04:45:44.784Z dictation_preview_pass engine=parakeet ms=194 samples=240000 chars=182
2026-08-29T04:45:45.893Z dictation_preview_pass engine=parakeet ms=200 samples=240000 chars=183
2026-08-29T04:45:46.987Z dictation_capture_heartbeat input_buffers=401 input_frames=1768410 isRunning=true default_input=present default_input_transport=built-in
2026-08-29T04:45:47.007Z dictation_preview_pass engine=parakeet ms=210 samples=240000 chars=187
2026-08-29T04:45:48.107Z dictation_preview_pass engine=parakeet ms=208 samples=240000 chars=194
2026-08-29T04:45:49.195Z dictation_preview_pass engine=parakeet ms=205 samples=240000 chars=199
2026-08-29T04:45:50.301Z dictation_preview_pass engine=parakeet ms=208 samples=240000 chars=187
2026-08-29T04:45:51.390Z dictation_preview_pass engine=parakeet ms=194 samples=240000 chars=171
2026-08-29T04:45:51.998Z dictation_capture_heartbeat input_buffers=451 input_frames=1988910 isRunning=true default_input=present default_input_transport=built-in
2026-08-29T04:45:52.512Z dictation_preview_pass engine=parakeet ms=214 samples=240000 chars=201
2026-08-29T04:45:53.607Z dictation_preview_pass engine=parakeet ms=215 samples=240000 chars=211
2026-08-29T04:45:54.713Z dictation_preview_pass engine=parakeet ms=220 samples=240000 chars=196
2026-08-29T04:45:55.813Z dictation_preview_pass engine=parakeet ms=218 samples=240000 chars=204
2026-08-29T04:45:56.929Z dictation_preview_pass engine=parakeet ms=230 samples=240000 chars=215
2026-08-29T04:45:57.021Z dictation_capture_heartbeat input_buffers=502 input_frames=2213820 isRunning=true default_input=present default_input_transport=built-in
2026-08-29T04:45:58.041Z dictation_preview_pass engine=parakeet ms=251 samples=240000 chars=243
2026-08-29T04:45:59.127Z dictation_preview_pass engine=parakeet ms=233 samples=240000 chars=263
2026-08-29T04:46:00.251Z dictation_preview_pass engine=parakeet ms=254 samples=240000 chars=259
2026-08-29T04:46:01.350Z dictation_preview_pass engine=parakeet ms=250 samples=240000 chars=259
2026-08-29T04:46:02.040Z dictation_capture_heartbeat input_buffers=552 input_frames=2434320 isRunning=true default_input=present default_input_transport=built-in
2026-08-29T04:46:02.417Z dictation_preview_pass engine=parakeet ms=226 samples=240000 chars=240
2026-08-29T04:46:03.420Z dictation_preview_pass engine=parakeet ms=228 samples=240000 chars=210
2026-08-29T04:46:04.416Z dictation_preview_pass engine=parakeet ms=217 samples=240000 chars=199
2026-08-29T04:46:05.519Z dictation_preview_pass engine=parakeet ms=227 samples=240000 chars=205
2026-08-29T04:46:06.616Z dictation_preview_pass engine=parakeet ms=222 samples=240000 chars=212
2026-08-29T04:46:07.070Z dictation_capture_heartbeat input_buffers=602 input_frames=2654820 isRunning=true default_input=present default_input_transport=built-in
2026-08-29T04:46:07.627Z dictation_preview_pass engine=parakeet ms=233 samples=240000 chars=222
2026-08-29T04:46:08.612Z dictation_hotkey_stop mode=persistent tail_ms=0
2026-08-29T04:46:08.616Z dictation_stop_requested mode=persistent session=2
2026-08-29T04:46:08.662Z shared_mic_engine_stopped
2026-08-29T04:46:08.663Z shared_mic_diagnostics transition=unsubscribe wants_vpio=n/a blocks_vpio_promotion=n/a subscribers=0 vpio_subs=0 passive_subs=0 engine_running=false vpio_engaged=false vpio_deferred=false vpio_deferral_count=0
2026-08-29T04:46:08.664Z dictation_capture_stop sample_count=987200 effective_sample_count=987200 duration_s=61.700 wall_duration_s=61.874 file_bytes=3952896 input_buffers=618 output_buffers=617 input_frames=2725380 max_rms=0.089847 max_level=0.449 non_silent_buffers=463 missing_float_buffers=0 invalid_format_buffers=0 no_buffer_timeout=false
2026-08-29T04:46:08.691Z dictation_transcribe_begin file_bytes=3952896
2026-08-29T04:46:08.764Z shared_mic_engine_prepare_timing vpio=false buffer_size=4096 set_vpio_ms=0.005 output_format_ms=0.008 install_tap_ms=0.005 total_ms=97.706
2026-08-29T04:46:08.764Z shared_mic_engine_input_device_prepared source=system_default device=present transport=built-in vpio=false set_device_ms=0.000 prepare_engine_ms=98.442
2026-08-29T04:46:09.097Z dictation_transcribe_complete chars=899 words=182 engine=parakeet variant=v3
2026-08-29T04:47:05.597Z dictation_preview_started engine=parakeet
2026-08-29T04:47:05.599Z dictation_capture_start permission_status=3
2026-08-29T04:47:05.601Z dictation_capture_starting
2026-08-29T04:47:05.669Z shared_mic_engine_started_from_prepared audio_engine_start_ms=64.410
2026-08-29T04:47:05.671Z shared_mic_diagnostics transition=subscribe wants_vpio=false blocks_vpio_promotion=true subscribers=1 vpio_subs=0 passive_subs=0 engine_running=true vpio_engaged=false vpio_deferred=false vpio_deferral_count=0
2026-08-29T04:47:05.672Z dictation_capture_engine_started file_created=true default_input=present default_input_transport=built-in sr=44100.0 ch=1
2026-08-29T04:47:05.774Z dictation_capture_first_buffer sr=44100.0 ch=1 original_ch=1 common_format=1 interleaved=false frames=4410 has_float_data=true
2026-08-29T04:47:06.867Z dictation_preview_pass engine=parakeet ms=187 samples=14400 chars=0
2026-08-29T04:47:07.930Z dictation_preview_pass engine=parakeet ms=159 samples=32000 chars=28
2026-08-29T04:47:08.933Z dictation_preview_pass engine=parakeet ms=152 samples=48000 chars=28
2026-08-29T04:47:10.014Z dictation_preview_pass engine=parakeet ms=142 samples=65600 chars=46
2026-08-29T04:47:10.694Z dictation_capture_heartbeat input_buffers=50 input_frames=220500 isRunning=true default_input=present default_input_transport=built-in
2026-08-29T04:47:11.133Z dictation_preview_pass engine=parakeet ms=158 samples=83200 chars=74
2026-08-29T04:47:12.260Z dictation_preview_pass engine=parakeet ms=183 samples=100800 chars=91
2026-08-29T04:47:13.336Z dictation_preview_pass engine=parakeet ms=167 samples=118400 chars=91
2026-08-29T04:47:14.339Z dictation_preview_pass engine=parakeet ms=159 samples=134400 chars=91
2026-08-29T04:47:15.450Z dictation_preview_pass engine=parakeet ms=179 samples=152000 chars=109
2026-08-29T04:47:15.713Z dictation_capture_heartbeat input_buffers=100 input_frames=441000 isRunning=true default_input=present default_input_transport=built-in
2026-08-29T04:47:16.458Z dictation_preview_pass engine=parakeet ms=177 samples=168000 chars=109
2026-08-29T04:47:17.548Z dictation_preview_pass engine=parakeet ms=176 samples=185600 chars=112
2026-08-29T04:47:18.641Z dictation_preview_pass engine=parakeet ms=165 samples=203200 chars=112
2026-08-29T04:47:19.758Z dictation_preview_pass engine=parakeet ms=181 samples=220800 chars=133
2026-08-29T04:47:20.759Z dictation_preview_pass engine=parakeet ms=181 samples=236800 chars=147
2026-08-29T04:47:20.759Z dictation_capture_heartbeat input_buffers=150 input_frames=661500 isRunning=true default_input=present default_input_transport=built-in
2026-08-29T04:47:21.877Z dictation_preview_pass engine=parakeet ms=198 samples=240000 chars=172
2026-08-29T04:47:22.348Z dictation_hotkey_stop mode=persistent tail_ms=0
2026-08-29T04:47:22.363Z dictation_stop_requested mode=persistent session=3
2026-08-29T04:47:22.422Z shared_mic_engine_stopped
2026-08-29T04:47:22.423Z shared_mic_diagnostics transition=unsubscribe wants_vpio=n/a blocks_vpio_promotion=n/a subscribers=0 vpio_subs=0 passive_subs=0 engine_running=false vpio_engaged=false vpio_deferred=false vpio_deferral_count=0
2026-08-29T04:47:22.424Z dictation_capture_stop sample_count=264000 effective_sample_count=264000 duration_s=16.500 wall_duration_s=16.752 file_bytes=1060096 input_buffers=166 output_buffers=165 input_frames=732060 max_rms=0.056203 max_level=0.281 non_silent_buffers=93 missing_float_buffers=0 invalid_format_buffers=0 no_buffer_timeout=false
2026-08-29T04:47:22.424Z dictation_transcribe_begin file_bytes=1060096
2026-08-29T04:47:22.570Z shared_mic_engine_prepare_timing vpio=false buffer_size=4096 set_vpio_ms=0.006 output_format_ms=0.013 install_tap_ms=0.006 total_ms=144.182
2026-08-29T04:47:22.571Z shared_mic_engine_input_device_prepared source=system_default device=present transport=built-in vpio=false set_device_ms=0.000 prepare_engine_ms=144.965
2026-08-29T04:47:22.614Z dictation_transcribe_complete chars=172 words=35 engine=parakeet variant=v3
2026-08-29T04:58:57.627Z dictation_preview_started engine=parakeet
2026-08-29T04:58:57.629Z dictation_capture_start permission_status=3
2026-08-29T04:58:57.632Z dictation_capture_starting
2026-08-29T04:58:57.701Z shared_mic_engine_started_from_prepared audio_engine_start_ms=64.940
2026-08-29T04:58:57.703Z shared_mic_diagnostics transition=subscribe wants_vpio=false blocks_vpio_promotion=true subscribers=1 vpio_subs=0 passive_subs=0 engine_running=true vpio_engaged=false vpio_deferred=false vpio_deferral_count=0
2026-08-29T04:58:57.704Z dictation_capture_engine_started file_created=true default_input=present default_input_transport=built-in sr=44100.0 ch=1
2026-08-29T04:58:57.805Z dictation_capture_first_buffer sr=44100.0 ch=1 original_ch=1 common_format=1 interleaved=false frames=4410 has_float_data=true
2026-08-29T04:58:58.914Z dictation_preview_pass engine=parakeet ms=204 samples=14400 chars=5
2026-08-29T04:58:59.963Z dictation_preview_pass engine=parakeet ms=161 samples=32000 chars=47
2026-08-29T04:59:00.976Z dictation_preview_pass engine=parakeet ms=164 samples=48000 chars=47
2026-08-29T04:59:02.048Z dictation_preview_pass engine=parakeet ms=145 samples=65600 chars=50
2026-08-29T04:59:02.755Z dictation_capture_heartbeat input_buffers=50 input_frames=220500 isRunning=true default_input=present default_input_transport=built-in
2026-08-29T04:59:03.151Z dictation_preview_pass engine=parakeet ms=145 samples=83200 chars=58
2026-08-29T04:59:04.260Z dictation_preview_pass engine=parakeet ms=151 samples=100800 chars=88
2026-08-29T04:59:05.368Z dictation_preview_pass engine=parakeet ms=167 samples=118400 chars=89
2026-08-29T04:59:06.370Z dictation_preview_pass engine=parakeet ms=159 samples=134400 chars=106
2026-08-29T04:59:07.475Z dictation_preview_pass engine=parakeet ms=173 samples=152000 chars=131
2026-08-29T04:59:07.780Z dictation_capture_heartbeat input_buffers=100 input_frames=441000 isRunning=true default_input=present default_input_transport=built-in
2026-08-29T04:59:08.493Z dictation_preview_pass engine=parakeet ms=182 samples=168000 chars=145
2026-08-29T04:59:09.588Z dictation_preview_pass engine=parakeet ms=185 samples=185600 chars=167
2026-08-29T04:59:10.695Z dictation_preview_pass engine=parakeet ms=189 samples=203200 chars=177
2026-08-29T04:59:11.812Z dictation_preview_pass engine=parakeet ms=203 samples=220800 chars=200
2026-08-29T04:59:12.823Z dictation_capture_heartbeat input_buffers=151 input_frames=665910 isRunning=true default_input=present default_input_transport=built-in
2026-08-29T04:59:12.884Z dictation_preview_pass engine=parakeet ms=183 samples=238400 chars=207
2026-08-29T04:59:13.893Z dictation_preview_pass engine=parakeet ms=182 samples=240000 chars=201
2026-08-29T04:59:14.983Z dictation_preview_pass engine=parakeet ms=180 samples=240000 chars=177
2026-08-29T04:59:16.003Z dictation_preview_pass engine=parakeet ms=190 samples=240000 chars=182
2026-08-29T04:59:17.098Z dictation_preview_pass engine=parakeet ms=194 samples=240000 chars=181
2026-08-29T04:59:17.869Z dictation_capture_heartbeat input_buffers=201 input_frames=886410 isRunning=true default_input=present default_input_transport=built-in
2026-08-29T04:59:18.193Z dictation_preview_pass engine=parakeet ms=187 samples=240000 chars=203
2026-08-29T04:59:19.293Z dictation_preview_pass engine=parakeet ms=184 samples=240000 chars=181
2026-08-29T04:59:20.395Z dictation_preview_pass engine=parakeet ms=195 samples=240000 chars=189
2026-08-29T04:59:21.397Z dictation_preview_pass engine=parakeet ms=186 samples=240000 chars=171
2026-08-29T04:59:22.489Z dictation_preview_pass engine=parakeet ms=187 samples=240000 chars=144
2026-08-29T04:59:22.901Z dictation_capture_heartbeat input_buffers=251 input_frames=1106910 isRunning=true default_input=present default_input_transport=built-in
2026-08-29T04:59:23.583Z dictation_preview_pass engine=parakeet ms=178 samples=240000 chars=140
2026-08-29T04:59:24.678Z dictation_preview_pass engine=parakeet ms=171 samples=240000 chars=119
2026-08-29T04:59:25.785Z dictation_preview_pass engine=parakeet ms=173 samples=240000 chars=127
2026-08-29T04:59:26.876Z dictation_preview_pass engine=parakeet ms=173 samples=240000 chars=132
2026-08-29T04:59:27.948Z dictation_capture_heartbeat input_buffers=302 input_frames=1331820 isRunning=true default_input=present default_input_transport=built-in
2026-08-29T04:59:27.998Z dictation_preview_pass engine=parakeet ms=193 samples=240000 chars=150
2026-08-29T04:59:29.105Z dictation_preview_pass engine=parakeet ms=197 samples=240000 chars=169
2026-08-29T04:59:30.193Z dictation_preview_pass engine=parakeet ms=181 samples=240000 chars=164
2026-08-29T04:59:31.282Z dictation_preview_pass engine=parakeet ms=179 samples=240000 chars=175
2026-08-29T04:59:32.409Z dictation_preview_pass engine=parakeet ms=204 samples=240000 chars=190
2026-08-29T04:59:32.962Z dictation_capture_heartbeat input_buffers=352 input_frames=1552320 isRunning=true default_input=present default_input_transport=built-in
2026-08-29T04:59:33.500Z dictation_preview_pass engine=parakeet ms=192 samples=240000 chars=168
2026-08-29T04:59:34.604Z dictation_preview_pass engine=parakeet ms=193 samples=240000 chars=162
2026-08-29T04:59:35.701Z dictation_preview_pass engine=parakeet ms=198 samples=240000 chars=176
2026-08-29T04:59:36.804Z dictation_preview_pass engine=parakeet ms=198 samples=240000 chars=191
2026-08-29T04:59:37.909Z dictation_preview_pass engine=parakeet ms=201 samples=240000 chars=203
2026-08-29T04:59:38.005Z dictation_capture_heartbeat input_buffers=402 input_frames=1772820 isRunning=true default_input=present default_input_transport=built-in
2026-08-29T04:59:39.016Z dictation_preview_pass engine=parakeet ms=204 samples=240000 chars=213
2026-08-29T04:59:40.122Z dictation_preview_pass engine=parakeet ms=219 samples=240000 chars=233
2026-08-29T04:59:41.209Z dictation_preview_pass engine=parakeet ms=203 samples=240000 chars=235
2026-08-29T04:59:42.329Z dictation_preview_pass engine=parakeet ms=220 samples=240000 chars=232
2026-08-29T04:59:43.013Z dictation_capture_heartbeat input_buffers=453 input_frames=1997730 isRunning=true default_input=present default_input_transport=built-in
2026-08-29T04:59:43.416Z dictation_preview_pass engine=parakeet ms=204 samples=240000 chars=228
2026-08-29T04:59:44.524Z dictation_preview_pass engine=parakeet ms=221 samples=240000 chars=231
2026-08-29T04:59:45.628Z dictation_preview_pass engine=parakeet ms=222 samples=240000 chars=250
2026-08-29T04:59:46.738Z dictation_preview_pass engine=parakeet ms=228 samples=240000 chars=246
2026-08-29T04:59:47.839Z dictation_preview_pass engine=parakeet ms=227 samples=240000 chars=246
2026-08-29T04:59:48.070Z dictation_capture_heartbeat input_buffers=503 input_frames=2218230 isRunning=true default_input=present default_input_transport=built-in
2026-08-29T04:59:48.930Z dictation_preview_pass engine=parakeet ms=227 samples=240000 chars=245
2026-08-29T04:59:50.033Z dictation_preview_pass engine=parakeet ms=227 samples=240000 chars=263
2026-08-29T04:59:51.144Z dictation_preview_pass engine=parakeet ms=235 samples=240000 chars=273
2026-08-29T04:59:52.249Z dictation_preview_pass engine=parakeet ms=236 samples=240000 chars=282
2026-08-29T04:59:53.108Z dictation_capture_heartbeat input_buffers=554 input_frames=2443140 isRunning=true default_input=present default_input_transport=built-in
2026-08-29T04:59:53.332Z dictation_preview_pass engine=parakeet ms=229 samples=240000 chars=235
2026-08-29T04:59:54.416Z dictation_preview_pass engine=parakeet ms=209 samples=240000 chars=214
2026-08-29T04:59:55.528Z dictation_preview_pass engine=parakeet ms=219 samples=240000 chars=203
2026-08-29T04:59:56.607Z dictation_preview_pass engine=parakeet ms=206 samples=240000 chars=196
2026-08-29T04:59:57.615Z dictation_preview_pass engine=parakeet ms=205 samples=240000 chars=186
2026-08-29T04:59:58.131Z dictation_capture_heartbeat input_buffers=604 input_frames=2663640 isRunning=true default_input=present default_input_transport=built-in
2026-08-29T04:59:58.617Z dictation_preview_pass engine=parakeet ms=206 samples=240000 chars=201
2026-08-29T04:59:59.714Z dictation_preview_pass engine=parakeet ms=201 samples=240000 chars=169
2026-08-29T05:00:00.796Z dictation_preview_pass engine=parakeet ms=192 samples=240000 chars=166
2026-08-29T05:00:01.898Z dictation_preview_pass engine=parakeet ms=192 samples=240000 chars=167
2026-08-29T05:00:02.990Z dictation_preview_pass engine=parakeet ms=180 samples=240000 chars=150
2026-08-29T05:00:03.162Z dictation_capture_heartbeat input_buffers=654 input_frames=2884140 isRunning=true default_input=present default_input_transport=built-in
2026-08-29T05:00:04.093Z dictation_preview_pass engine=parakeet ms=192 samples=240000 chars=159
2026-08-29T05:00:05.111Z dictation_preview_pass engine=parakeet ms=200 samples=240000 chars=163
2026-08-29T05:00:06.185Z dictation_preview_pass engine=parakeet ms=183 samples=240000 chars=135
2026-08-29T05:00:07.188Z dictation_preview_pass engine=parakeet ms=176 samples=240000 chars=125
2026-08-29T05:00:08.175Z dictation_capture_heartbeat input_buffers=704 input_frames=3104640 isRunning=true default_input=present default_input_transport=built-in
2026-08-29T05:00:08.298Z dictation_preview_pass engine=parakeet ms=195 samples=240000 chars=146
2026-08-29T05:00:09.402Z dictation_preview_pass engine=parakeet ms=195 samples=240000 chars=158
2026-08-29T05:00:10.492Z dictation_preview_pass engine=parakeet ms=183 samples=240000 chars=160
2026-08-29T05:00:11.589Z dictation_preview_pass engine=parakeet ms=188 samples=240000 chars=160
2026-08-29T05:00:12.592Z dictation_preview_pass engine=parakeet ms=181 samples=240000 chars=150
2026-08-29T05:00:13.191Z dictation_capture_heartbeat input_buffers=754 input_frames=3325140 isRunning=true default_input=present default_input_transport=built-in
2026-08-29T05:00:13.678Z dictation_preview_pass engine=parakeet ms=174 samples=240000 chars=140
2026-08-29T05:00:14.780Z dictation_preview_pass engine=parakeet ms=175 samples=240000 chars=140
2026-08-29T05:00:15.893Z dictation_preview_pass engine=parakeet ms=184 samples=240000 chars=147
2026-08-29T05:00:16.988Z dictation_preview_pass engine=parakeet ms=177 samples=240000 chars=140
2026-08-29T05:00:18.107Z dictation_preview_pass engine=parakeet ms=204 samples=240000 chars=164
2026-08-29T05:00:18.206Z dictation_capture_heartbeat input_buffers=805 input_frames=3550050 isRunning=true default_input=present default_input_transport=built-in
2026-08-29T05:00:19.192Z dictation_preview_pass engine=parakeet ms=186 samples=240000 chars=171
2026-08-29T05:00:20.317Z dictation_preview_pass engine=parakeet ms=208 samples=240000 chars=180
2026-08-29T05:00:21.422Z dictation_preview_pass engine=parakeet ms=211 samples=240000 chars=210
2026-08-29T05:00:22.497Z dictation_preview_pass engine=parakeet ms=195 samples=240000 chars=207
2026-08-29T05:00:23.213Z dictation_capture_heartbeat input_buffers=855 input_frames=3770550 isRunning=true default_input=present default_input_transport=built-in
2026-08-29T05:00:23.609Z dictation_preview_pass engine=parakeet ms=204 samples=240000 chars=214
2026-08-29T05:00:24.710Z dictation_preview_pass engine=parakeet ms=202 samples=240000 chars=205
2026-08-29T05:00:25.812Z dictation_preview_pass engine=parakeet ms=200 samples=240000 chars=180
2026-08-29T05:00:26.891Z dictation_preview_pass engine=parakeet ms=188 samples=240000 chars=182
2026-08-29T05:00:28.000Z dictation_preview_pass engine=parakeet ms=194 samples=240000 chars=161
2026-08-29T05:00:28.269Z dictation_capture_heartbeat input_buffers=905 input_frames=3991050 isRunning=true default_input=present default_input_transport=built-in
2026-08-29T05:00:29.105Z dictation_preview_pass engine=parakeet ms=195 samples=240000 chars=161
2026-08-29T05:00:30.193Z dictation_preview_pass engine=parakeet ms=181 samples=240000 chars=161
2026-08-29T05:00:31.296Z dictation_preview_pass engine=parakeet ms=193 samples=240000 chars=165
2026-08-29T05:00:32.404Z dictation_preview_pass engine=parakeet ms=197 samples=240000 chars=150
2026-08-29T05:00:33.329Z dictation_capture_heartbeat input_buffers=955 input_frames=4211550 isRunning=true default_input=present default_input_transport=built-in
2026-08-29T05:00:33.513Z dictation_preview_pass engine=parakeet ms=204 samples=240000 chars=164
2026-08-29T05:00:34.613Z dictation_preview_pass engine=parakeet ms=201 samples=240000 chars=142
2026-08-29T05:00:35.679Z dictation_preview_pass engine=parakeet ms=176 samples=240000 chars=81
2026-08-29T05:00:36.780Z dictation_preview_pass engine=parakeet ms=174 samples=240000 chars=113
2026-08-29T05:00:37.887Z dictation_preview_pass engine=parakeet ms=176 samples=240000 chars=99
2026-08-29T05:00:38.353Z dictation_capture_heartbeat input_buffers=1006 input_frames=4436460 isRunning=true default_input=present default_input_transport=built-in
2026-08-29T05:00:38.972Z dictation_preview_pass engine=parakeet ms=160 samples=240000 chars=93
2026-08-29T05:00:40.078Z dictation_preview_pass engine=parakeet ms=175 samples=240000 chars=108
2026-08-29T05:00:41.185Z dictation_preview_pass engine=parakeet ms=179 samples=240000 chars=108
2026-08-29T05:00:42.294Z dictation_preview_pass engine=parakeet ms=185 samples=240000 chars=131
2026-08-29T05:00:43.399Z dictation_capture_heartbeat input_buffers=1056 input_frames=4656960 isRunning=true default_input=present default_input_transport=built-in
2026-08-29T05:00:43.399Z dictation_preview_pass engine=parakeet ms=187 samples=240000 chars=155
2026-08-29T05:00:44.511Z dictation_preview_pass engine=parakeet ms=206 samples=240000 chars=167
2026-08-29T05:00:45.596Z dictation_preview_pass engine=parakeet ms=189 samples=240000 chars=149
2026-08-29T05:00:46.713Z dictation_preview_pass engine=parakeet ms=203 samples=240000 chars=164
2026-08-29T05:00:47.804Z dictation_preview_pass engine=parakeet ms=203 samples=240000 chars=165
2026-08-29T05:00:48.443Z dictation_capture_heartbeat input_buffers=1107 input_frames=4881870 isRunning=true default_input=present default_input_transport=built-in
2026-08-29T05:00:48.807Z dictation_preview_pass engine=parakeet ms=196 samples=240000 chars=151
2026-08-29T05:00:49.920Z dictation_preview_pass engine=parakeet ms=217 samples=240000 chars=177
2026-08-29T05:00:50.928Z dictation_preview_pass engine=parakeet ms=216 samples=240000 chars=192
2026-08-29T05:00:52.015Z dictation_preview_pass engine=parakeet ms=212 samples=240000 chars=213
2026-08-29T05:00:53.127Z dictation_preview_pass engine=parakeet ms=220 samples=240000 chars=220
2026-08-29T05:00:53.482Z dictation_capture_heartbeat input_buffers=1157 input_frames=5102370 isRunning=true default_input=present default_input_transport=built-in
2026-08-29T05:00:54.231Z dictation_preview_pass engine=parakeet ms=221 samples=240000 chars=224
2026-08-29T05:00:55.305Z dictation_preview_pass engine=parakeet ms=204 samples=240000 chars=220
2026-08-29T05:00:56.324Z dictation_preview_pass engine=parakeet ms=212 samples=240000 chars=211
2026-08-29T05:00:57.393Z dictation_preview_pass engine=parakeet ms=189 samples=240000 chars=187
2026-08-29T05:00:58.402Z dictation_preview_pass engine=parakeet ms=190 samples=240000 chars=165
2026-08-29T05:00:58.497Z dictation_capture_heartbeat input_buffers=1207 input_frames=5322870 isRunning=true default_input=present default_input_transport=built-in
2026-08-29T05:00:59.507Z dictation_preview_pass engine=parakeet ms=203 samples=240000 chars=184
2026-08-29T05:01:00.611Z dictation_preview_pass engine=parakeet ms=204 samples=240000 chars=194
2026-08-29T05:01:01.699Z dictation_preview_pass engine=parakeet ms=189 samples=240000 chars=181
2026-08-29T05:01:02.794Z dictation_preview_pass engine=parakeet ms=193 samples=240000 chars=159
2026-08-29T05:01:03.545Z dictation_capture_heartbeat input_buffers=1258 input_frames=5547780 isRunning=true default_input=present default_input_transport=built-in
2026-08-29T05:01:03.798Z dictation_preview_pass engine=parakeet ms=187 samples=240000 chars=170
2026-08-29T05:01:04.896Z dictation_preview_pass engine=parakeet ms=193 samples=240000 chars=172
2026-08-29T05:01:06.004Z dictation_preview_pass engine=parakeet ms=199 samples=240000 chars=160
2026-08-29T05:01:07.105Z dictation_preview_pass engine=parakeet ms=196 samples=240000 chars=161
2026-08-29T05:01:08.218Z dictation_preview_pass engine=parakeet ms=206 samples=240000 chars=182
2026-08-29T05:01:08.573Z dictation_capture_heartbeat input_buffers=1308 input_frames=5768280 isRunning=true default_input=present default_input_transport=built-in
2026-08-29T05:01:09.289Z dictation_preview_pass engine=parakeet ms=186 samples=240000 chars=183
2026-08-29T05:01:10.417Z dictation_preview_pass engine=parakeet ms=212 samples=240000 chars=215
2026-08-29T05:01:11.518Z dictation_preview_pass engine=parakeet ms=210 samples=240000 chars=245
2026-08-29T05:01:12.623Z dictation_preview_pass engine=parakeet ms=211 samples=240000 chars=258
2026-08-29T05:01:13.629Z dictation_capture_heartbeat input_buffers=1359 input_frames=5993190 isRunning=true default_input=present default_input_transport=built-in
2026-08-29T05:01:13.723Z dictation_preview_pass engine=parakeet ms=220 samples=240000 chars=262
2026-08-29T05:01:14.826Z dictation_preview_pass engine=parakeet ms=220 samples=240000 chars=278
2026-08-29T05:01:15.939Z dictation_preview_pass engine=parakeet ms=230 samples=240000 chars=290
2026-08-29T05:01:17.042Z dictation_preview_pass engine=parakeet ms=230 samples=240000 chars=287
2026-08-29T05:01:18.123Z dictation_preview_pass engine=parakeet ms=217 samples=240000 chars=301
2026-08-29T05:01:18.637Z dictation_capture_heartbeat input_buffers=1409 input_frames=6213690 isRunning=true default_input=present default_input_transport=built-in
2026-08-29T05:01:19.232Z dictation_preview_pass engine=parakeet ms=225 samples=240000 chars=299
2026-08-29T05:01:20.340Z dictation_preview_pass engine=parakeet ms=231 samples=240000 chars=301
2026-08-29T05:01:21.435Z dictation_preview_pass engine=parakeet ms=223 samples=240000 chars=316
2026-08-29T05:01:22.523Z dictation_preview_pass engine=parakeet ms=220 samples=240000 chars=295
2026-08-29T05:01:22.994Z dictation_hotkey_stop mode=persistent tail_ms=0
2026-08-29T05:01:23.017Z dictation_stop_requested mode=persistent session=4
2026-08-29T05:01:23.070Z shared_mic_engine_stopped
2026-08-29T05:01:23.071Z shared_mic_diagnostics transition=unsubscribe wants_vpio=n/a blocks_vpio_promotion=n/a subscribers=0 vpio_subs=0 passive_subs=0 engine_running=false vpio_engaged=false vpio_deferred=false vpio_deferral_count=0
2026-08-29T05:01:23.072Z dictation_capture_stop sample_count=2323200 effective_sample_count=2323200 duration_s=145.200 wall_duration_s=145.369 file_bytes=9296896 input_buffers=1453 output_buffers=1452 input_frames=6407730 max_rms=0.099875 max_level=0.499 non_silent_buffers=949 missing_float_buffers=0 invalid_format_buffers=0 no_buffer_timeout=false
2026-08-29T05:01:23.073Z dictation_transcribe_begin file_bytes=9296896
2026-08-29T05:01:23.219Z shared_mic_engine_prepare_timing vpio=false buffer_size=4096 set_vpio_ms=0.006 output_format_ms=0.011 install_tap_ms=0.005 total_ms=144.275
2026-08-29T05:01:23.220Z shared_mic_engine_input_device_prepared source=system_default device=present transport=built-in vpio=false set_device_ms=0.000 prepare_engine_ms=145.234
2026-08-29T05:01:23.727Z dictation_transcribe_complete chars=1847 words=374 engine=parakeet variant=v3
2026-08-29T05:03:16.569Z dictation_preview_started engine=parakeet
2026-08-29T05:03:16.570Z dictation_capture_start permission_status=3
2026-08-29T05:03:16.571Z dictation_capture_starting
2026-08-29T05:03:16.638Z shared_mic_engine_started_from_prepared audio_engine_start_ms=63.656
2026-08-29T05:03:16.639Z shared_mic_diagnostics transition=subscribe wants_vpio=false blocks_vpio_promotion=true subscribers=1 vpio_subs=0 passive_subs=0 engine_running=true vpio_engaged=false vpio_deferred=false vpio_deferral_count=0
2026-08-29T05:03:16.640Z dictation_capture_engine_started file_created=true default_input=present default_input_transport=built-in sr=44100.0 ch=1
2026-08-29T05:03:16.743Z dictation_capture_first_buffer sr=44100.0 ch=1 original_ch=1 common_format=1 interleaved=false frames=4410 has_float_data=true
2026-08-29T05:03:17.872Z dictation_preview_pass engine=parakeet ms=224 samples=14400 chars=13
2026-08-29T05:03:18.891Z dictation_preview_pass engine=parakeet ms=152 samples=32000 chars=44
2026-08-29T05:03:19.893Z dictation_preview_pass engine=parakeet ms=143 samples=48000 chars=57
2026-08-29T05:03:20.982Z dictation_preview_pass engine=parakeet ms=141 samples=65600 chars=59
2026-08-29T05:03:21.198Z dictation_hotkey_stop mode=persistent tail_ms=0
2026-08-29T05:03:21.211Z dictation_stop_requested mode=persistent session=5
2026-08-29T05:03:21.272Z shared_mic_engine_stopped
2026-08-29T05:03:21.273Z shared_mic_diagnostics transition=unsubscribe wants_vpio=n/a blocks_vpio_promotion=n/a subscribers=0 vpio_subs=0 passive_subs=0 engine_running=false vpio_engaged=false vpio_deferred=false vpio_deferral_count=0
2026-08-29T05:03:21.274Z dictation_capture_stop sample_count=70400 effective_sample_count=70400 duration_s=4.400 wall_duration_s=4.634 file_bytes=285696 input_buffers=45 output_buffers=44 input_frames=198450 max_rms=0.041671 max_level=0.208 non_silent_buffers=34 missing_float_buffers=0 invalid_format_buffers=0 no_buffer_timeout=false
2026-08-29T05:03:21.275Z dictation_transcribe_begin file_bytes=285696
2026-08-29T05:03:21.393Z dictation_transcribe_complete chars=59 words=11 engine=parakeet variant=v3
2026-08-29T05:03:21.402Z shared_mic_engine_prepare_timing vpio=false buffer_size=4096 set_vpio_ms=0.005 output_format_ms=0.009 install_tap_ms=0.004 total_ms=126.187
2026-08-29T05:03:21.403Z shared_mic_engine_input_device_prepared source=system_default device=present transport=built-in vpio=false set_device_ms=0.000 prepare_engine_ms=126.717
2026-08-29T05:07:47.479Z dictation_preview_started engine=parakeet
2026-08-29T05:07:47.482Z dictation_capture_start permission_status=3
2026-08-29T05:07:47.485Z dictation_capture_starting
2026-08-29T05:07:47.551Z shared_mic_engine_started_from_prepared audio_engine_start_ms=63.202
2026-08-29T05:07:47.552Z shared_mic_diagnostics transition=subscribe wants_vpio=false blocks_vpio_promotion=true subscribers=1 vpio_subs=0 passive_subs=0 engine_running=true vpio_engaged=false vpio_deferred=false vpio_deferral_count=0
2026-08-29T05:07:47.553Z dictation_capture_engine_started file_created=true default_input=present default_input_transport=built-in sr=44100.0 ch=1
2026-08-29T05:07:47.656Z dictation_capture_first_buffer sr=44100.0 ch=1 original_ch=1 common_format=1 interleaved=false frames=4410 has_float_data=true
2026-08-29T05:07:48.780Z dictation_preview_pass engine=parakeet ms=218 samples=14400 chars=12
2026-08-29T05:07:49.796Z dictation_preview_pass engine=parakeet ms=144 samples=32000 chars=22
2026-08-29T05:07:50.786Z dictation_preview_pass engine=parakeet ms=124 samples=48000 chars=29
2026-08-29T05:07:51.885Z dictation_preview_pass engine=parakeet ms=132 samples=65600 chars=43
2026-08-29T05:07:52.557Z dictation_capture_heartbeat input_buffers=50 input_frames=220500 isRunning=true default_input=present default_input_transport=built-in
2026-08-29T05:07:52.998Z dictation_preview_pass engine=parakeet ms=141 samples=83200 chars=37
2026-08-29T05:07:54.096Z dictation_preview_pass engine=parakeet ms=137 samples=100800 chars=41
2026-08-29T05:07:55.202Z dictation_preview_pass engine=parakeet ms=152 samples=118400 chars=58
2026-08-29T05:07:56.223Z dictation_preview_pass engine=parakeet ms=161 samples=134400 chars=58
2026-08-29T05:07:57.305Z dictation_preview_pass engine=parakeet ms=153 samples=152000 chars=61
2026-08-29T05:07:57.596Z dictation_capture_heartbeat input_buffers=100 input_frames=441000 isRunning=true default_input=present default_input_transport=built-in
2026-08-29T05:07:58.318Z dictation_preview_pass engine=parakeet ms=155 samples=168000 chars=74
2026-08-29T05:07:59.416Z dictation_preview_pass engine=parakeet ms=161 samples=185600 chars=74
2026-08-29T05:08:00.519Z dictation_preview_pass engine=parakeet ms=162 samples=203200 chars=98
2026-08-29T05:08:01.647Z dictation_preview_pass engine=parakeet ms=188 samples=220800 chars=97
2026-08-29T05:08:02.615Z dictation_capture_heartbeat input_buffers=150 input_frames=661500 isRunning=true default_input=present default_input_transport=built-in
2026-08-29T05:08:02.714Z dictation_preview_pass engine=parakeet ms=162 samples=238400 chars=107
2026-08-29T05:08:03.757Z dictation_preview_pass engine=parakeet ms=196 samples=240000 chars=145
2026-08-29T05:08:04.832Z dictation_preview_pass engine=parakeet ms=179 samples=240000 chars=115
2026-08-29T05:08:05.857Z dictation_preview_pass engine=parakeet ms=194 samples=240000 chars=151
2026-08-29T05:08:06.931Z dictation_preview_pass engine=parakeet ms=178 samples=240000 chars=148
2026-08-29T05:08:07.638Z dictation_capture_heartbeat input_buffers=200 input_frames=882000 isRunning=true default_input=present default_input_transport=built-in
2026-08-29T05:08:08.045Z dictation_preview_pass engine=parakeet ms=189 samples=240000 chars=173
2026-08-29T05:08:09.158Z dictation_preview_pass engine=parakeet ms=199 samples=240000 chars=172
2026-08-29T05:08:10.247Z dictation_preview_pass engine=parakeet ms=195 samples=240000 chars=161
2026-08-29T05:08:11.254Z dictation_preview_pass engine=parakeet ms=194 samples=240000 chars=167
2026-08-29T05:08:12.346Z dictation_preview_pass engine=parakeet ms=194 samples=240000 chars=180
2026-08-29T05:08:12.651Z dictation_capture_heartbeat input_buffers=250 input_frames=1102500 isRunning=true default_input=present default_input_transport=built-in
2026-08-29T05:08:13.453Z dictation_preview_pass engine=parakeet ms=198 samples=240000 chars=168
2026-08-29T05:08:14.552Z dictation_preview_pass engine=parakeet ms=194 samples=240000 chars=195
2026-08-29T05:08:15.677Z dictation_preview_pass engine=parakeet ms=215 samples=240000 chars=221
2026-08-29T05:08:16.772Z dictation_preview_pass engine=parakeet ms=220 samples=240000 chars=205
2026-08-29T05:08:17.675Z dictation_capture_heartbeat input_buffers=301 input_frames=1327410 isRunning=true default_input=present default_input_transport=built-in
2026-08-29T05:08:17.874Z dictation_preview_pass engine=parakeet ms=218 samples=240000 chars=216
2026-08-29T05:08:18.973Z dictation_preview_pass engine=parakeet ms=213 samples=240000 chars=210
2026-08-29T05:08:20.080Z dictation_preview_pass engine=parakeet ms=218 samples=240000 chars=234
2026-08-29T05:08:21.182Z dictation_preview_pass engine=parakeet ms=229 samples=240000 chars=246
2026-08-29T05:08:22.272Z dictation_preview_pass engine=parakeet ms=216 samples=240000 chars=229
2026-08-29T05:08:22.708Z dictation_capture_heartbeat input_buffers=351 input_frames=1547910 isRunning=true default_input=present default_input_transport=built-in
2026-08-29T05:08:22.806Z dictation_hotkey_stop mode=persistent tail_ms=0
2026-08-29T05:08:22.820Z dictation_stop_requested mode=persistent session=6
2026-08-29T05:08:22.881Z shared_mic_engine_stopped
2026-08-29T05:08:22.882Z shared_mic_diagnostics transition=unsubscribe wants_vpio=n/a blocks_vpio_promotion=n/a subscribers=0 vpio_subs=0 passive_subs=0 engine_running=false vpio_engaged=false vpio_deferred=false vpio_deferral_count=0
2026-08-29T05:08:22.883Z dictation_capture_stop sample_count=561600 effective_sample_count=561600 duration_s=35.100 wall_duration_s=35.330 file_bytes=2250496 input_buffers=352 output_buffers=351 input_frames=1552320 max_rms=0.075677 max_level=0.378 non_silent_buffers=242 missing_float_buffers=0 invalid_format_buffers=0 no_buffer_timeout=false
2026-08-29T05:08:22.883Z dictation_transcribe_begin file_bytes=2250496
2026-08-29T05:08:23.032Z shared_mic_engine_prepare_timing vpio=false buffer_size=4096 set_vpio_ms=0.008 output_format_ms=0.044 install_tap_ms=0.007 total_ms=147.183
2026-08-29T05:08:23.033Z shared_mic_engine_input_device_prepared source=system_default device=present transport=built-in vpio=false set_device_ms=0.000 prepare_engine_ms=148.094
2026-08-29T05:08:23.150Z dictation_transcribe_complete chars=448 words=88 engine=parakeet variant=v3
2026-08-29T05:45:05.052Z dictation_preview_started engine=parakeet
2026-08-29T05:45:05.055Z dictation_capture_start permission_status=3
2026-08-29T05:45:05.058Z dictation_capture_starting
2026-08-29T05:45:05.116Z shared_mic_engine_started_from_prepared audio_engine_start_ms=55.218
2026-08-29T05:45:05.116Z shared_mic_diagnostics transition=subscribe wants_vpio=false blocks_vpio_promotion=true subscribers=1 vpio_subs=0 passive_subs=0 engine_running=true vpio_engaged=false vpio_deferred=false vpio_deferral_count=0
2026-08-29T05:45:05.117Z dictation_capture_engine_started file_created=true default_input=present default_input_transport=built-in sr=44100.0 ch=1
2026-08-29T05:45:05.221Z dictation_capture_first_buffer sr=44100.0 ch=1 original_ch=1 common_format=1 interleaved=false frames=4410 has_float_data=true
2026-08-29T05:45:06.339Z dictation_preview_pass engine=parakeet ms=213 samples=14400 chars=5
2026-08-29T05:45:07.360Z dictation_preview_pass engine=parakeet ms=142 samples=32000 chars=5
2026-08-29T05:45:08.358Z dictation_preview_pass engine=parakeet ms=131 samples=48000 chars=35
2026-08-29T05:45:09.457Z dictation_preview_pass engine=parakeet ms=139 samples=65600 chars=35
2026-08-29T05:45:10.147Z dictation_capture_heartbeat input_buffers=50 input_frames=220500 isRunning=true default_input=present default_input_transport=built-in
2026-08-29T05:45:10.561Z dictation_preview_pass engine=parakeet ms=139 samples=83200 chars=65
2026-08-29T05:45:11.695Z dictation_preview_pass engine=parakeet ms=171 samples=100800 chars=83
2026-08-29T05:45:12.775Z dictation_preview_pass engine=parakeet ms=158 samples=118400 chars=82
2026-08-29T05:45:13.780Z dictation_preview_pass engine=parakeet ms=153 samples=134400 chars=98
2026-08-29T05:45:14.872Z dictation_preview_pass engine=parakeet ms=155 samples=152000 chars=99
2026-08-29T05:45:15.179Z dictation_capture_heartbeat input_buffers=100 input_frames=441000 isRunning=true default_input=present default_input_transport=built-in
2026-08-29T05:45:15.894Z dictation_preview_pass engine=parakeet ms=166 samples=168000 chars=103
2026-08-29T05:45:16.992Z dictation_preview_pass engine=parakeet ms=174 samples=185600 chars=103
2026-08-29T05:45:18.078Z dictation_preview_pass engine=parakeet ms=157 samples=203200 chars=103
2026-08-29T05:45:19.092Z dictation_preview_pass engine=parakeet ms=171 samples=219200 chars=103
2026-08-29T05:45:20.187Z dictation_capture_heartbeat input_buffers=150 input_frames=661500 isRunning=true default_input=present default_input_transport=built-in
2026-08-29T05:45:20.188Z dictation_preview_pass engine=parakeet ms=166 samples=236800 chars=103
2026-08-29T05:45:21.301Z dictation_preview_pass engine=parakeet ms=176 samples=240000 chars=117
2026-08-29T05:45:22.392Z dictation_preview_pass engine=parakeet ms=174 samples=240000 chars=118
2026-08-29T05:45:23.386Z dictation_preview_pass engine=parakeet ms=156 samples=240000 chars=107
2026-08-29T05:45:24.492Z dictation_preview_pass engine=parakeet ms=172 samples=240000 chars=126
2026-08-29T05:45:25.240Z dictation_capture_heartbeat input_buffers=201 input_frames=886410 isRunning=true default_input=present default_input_transport=built-in
2026-08-29T05:45:25.592Z dictation_preview_pass engine=parakeet ms=170 samples=240000 chars=95
2026-08-29T05:45:26.717Z dictation_preview_pass engine=parakeet ms=191 samples=240000 chars=106
2026-08-29T05:45:27.796Z dictation_preview_pass engine=parakeet ms=180 samples=240000 chars=132
2026-08-29T05:45:28.812Z dictation_preview_pass engine=parakeet ms=186 samples=240000 chars=142
2026-08-29T05:45:29.909Z dictation_preview_pass engine=parakeet ms=191 samples=240000 chars=149
2026-08-29T05:45:30.262Z dictation_capture_heartbeat input_buffers=251 input_frames=1106910 isRunning=true default_input=present default_input_transport=built-in
2026-08-29T05:45:31.017Z dictation_preview_pass engine=parakeet ms=197 samples=240000 chars=175
2026-08-29T05:45:32.130Z dictation_preview_pass engine=parakeet ms=206 samples=240000 chars=208
2026-08-29T05:45:33.248Z dictation_preview_pass engine=parakeet ms=220 samples=240000 chars=215
2026-08-29T05:45:34.334Z dictation_preview_pass engine=parakeet ms=217 samples=240000 chars=238
2026-08-29T05:45:35.287Z dictation_capture_heartbeat input_buffers=301 input_frames=1327410 isRunning=true default_input=present default_input_transport=built-in
2026-08-29T05:45:35.436Z dictation_preview_pass engine=parakeet ms=216 samples=240000 chars=249
2026-08-29T05:45:36.542Z dictation_preview_pass engine=parakeet ms=219 samples=240000 chars=250
2026-08-29T05:45:37.651Z dictation_preview_pass engine=parakeet ms=224 samples=240000 chars=232
2026-08-29T05:45:38.748Z dictation_preview_pass engine=parakeet ms=229 samples=240000 chars=277
2026-08-29T05:45:39.843Z dictation_preview_pass engine=parakeet ms=222 samples=240000 chars=275
2026-08-29T05:45:40.341Z dictation_capture_heartbeat input_buffers=352 input_frames=1552320 isRunning=true default_input=present default_input_transport=built-in
2026-08-29T05:45:40.949Z dictation_preview_pass engine=parakeet ms=225 samples=240000 chars=274
2026-08-29T05:45:42.047Z dictation_preview_pass engine=parakeet ms=221 samples=240000 chars=267
2026-08-29T05:45:43.134Z dictation_preview_pass engine=parakeet ms=216 samples=240000 chars=253
2026-08-29T05:45:44.235Z dictation_preview_pass engine=parakeet ms=214 samples=240000 chars=253
2026-08-29T05:45:45.334Z dictation_preview_pass engine=parakeet ms=210 samples=240000 chars=253
2026-08-29T05:45:45.373Z dictation_capture_heartbeat input_buffers=402 input_frames=1772820 isRunning=true default_input=present default_input_transport=built-in
2026-08-29T05:45:46.434Z dictation_preview_pass engine=parakeet ms=207 samples=240000 chars=227
2026-08-29T05:45:47.536Z dictation_preview_pass engine=parakeet ms=217 samples=240000 chars=215
2026-08-29T05:45:48.615Z dictation_preview_pass engine=parakeet ms=194 samples=240000 chars=208
2026-08-29T05:45:49.735Z dictation_preview_pass engine=parakeet ms=211 samples=240000 chars=207
2026-08-29T05:45:50.415Z dictation_capture_heartbeat input_buffers=452 input_frames=1993320 isRunning=true default_input=present default_input_transport=built-in
2026-08-29T05:45:50.846Z dictation_preview_pass engine=parakeet ms=219 samples=240000 chars=217
2026-08-29T05:45:51.939Z dictation_preview_pass engine=parakeet ms=220 samples=240000 chars=191
2026-08-29T05:45:53.026Z dictation_preview_pass engine=parakeet ms=205 samples=240000 chars=200
2026-08-29T05:45:54.138Z dictation_preview_pass engine=parakeet ms=213 samples=240000 chars=186
2026-08-29T05:45:55.220Z dictation_preview_pass engine=parakeet ms=192 samples=240000 chars=185
2026-08-29T05:45:55.425Z dictation_capture_heartbeat input_buffers=503 input_frames=2218230 isRunning=true default_input=present default_input_transport=built-in
2026-08-29T05:45:56.222Z dictation_preview_pass engine=parakeet ms=192 samples=240000 chars=186
2026-08-29T05:45:57.320Z dictation_preview_pass engine=parakeet ms=202 samples=240000 chars=187
2026-08-29T05:45:58.325Z dictation_preview_pass engine=parakeet ms=197 samples=240000 chars=183
2026-08-29T05:45:59.428Z dictation_preview_pass engine=parakeet ms=209 samples=240000 chars=200
2026-08-29T05:46:00.457Z dictation_capture_heartbeat input_buffers=553 input_frames=2438730 isRunning=true default_input=present default_input_transport=built-in
2026-08-29T05:46:00.527Z dictation_preview_pass engine=parakeet ms=205 samples=240000 chars=205
2026-08-29T05:46:01.617Z dictation_preview_pass engine=parakeet ms=192 samples=240000 chars=212
2026-08-29T05:46:02.723Z dictation_preview_pass engine=parakeet ms=197 samples=240000 chars=234
2026-08-29T05:46:03.831Z dictation_preview_pass engine=parakeet ms=212 samples=240000 chars=258
2026-08-29T05:46:04.949Z dictation_preview_pass engine=parakeet ms=228 samples=240000 chars=254
2026-08-29T05:46:05.478Z dictation_capture_heartbeat input_buffers=603 input_frames=2659230 isRunning=true default_input=present default_input_transport=built-in
2026-08-29T05:46:05.923Z dictation_preview_pass engine=parakeet ms=201 samples=240000 chars=273
2026-08-29T05:46:07.035Z dictation_preview_pass engine=parakeet ms=212 samples=240000 chars=286
2026-08-29T05:46:08.141Z dictation_preview_pass engine=parakeet ms=214 samples=240000 chars=290
2026-08-29T05:46:09.239Z dictation_preview_pass engine=parakeet ms=222 samples=240000 chars=307
2026-08-29T05:46:10.189Z dictation_hotkey_stop mode=persistent tail_ms=0
2026-08-29T05:46:10.192Z dictation_stop_requested mode=persistent session=7
2026-08-29T05:46:10.241Z shared_mic_engine_stopped
2026-08-29T05:46:10.242Z shared_mic_diagnostics transition=unsubscribe wants_vpio=n/a blocks_vpio_promotion=n/a subscribers=0 vpio_subs=0 passive_subs=0 engine_running=false vpio_engaged=false vpio_deferred=false vpio_deferral_count=0
2026-08-29T05:46:10.243Z dictation_capture_stop sample_count=1038400 effective_sample_count=1038400 duration_s=64.900 wall_duration_s=65.126 file_bytes=4157696 input_buffers=650 output_buffers=649 input_frames=2866500 max_rms=0.118806 max_level=0.594 non_silent_buffers=463 missing_float_buffers=0 invalid_format_buffers=0 no_buffer_timeout=false
2026-08-29T05:46:10.268Z dictation_transcribe_begin file_bytes=4157696
2026-08-29T05:46:10.350Z shared_mic_engine_prepare_timing vpio=false buffer_size=4096 set_vpio_ms=0.006 output_format_ms=0.018 install_tap_ms=0.009 total_ms=105.505
2026-08-29T05:46:10.351Z shared_mic_engine_input_device_prepared source=system_default device=present transport=built-in vpio=false set_device_ms=0.000 prepare_engine_ms=106.308
2026-08-29T05:46:10.654Z dictation_transcribe_complete chars=942 words=188 engine=parakeet variant=v3
2026-08-29T05:46:58.966Z dictation_preview_started engine=parakeet
2026-08-29T05:46:58.969Z dictation_capture_start permission_status=3
2026-08-29T05:46:58.972Z dictation_capture_starting
2026-08-29T05:46:59.025Z shared_mic_engine_started_from_prepared audio_engine_start_ms=50.938
2026-08-29T05:46:59.027Z shared_mic_diagnostics transition=subscribe wants_vpio=false blocks_vpio_promotion=true subscribers=1 vpio_subs=0 passive_subs=0 engine_running=true vpio_engaged=false vpio_deferred=false vpio_deferral_count=0
2026-08-29T05:46:59.028Z dictation_capture_engine_started file_created=true default_input=present default_input_transport=built-in sr=44100.0 ch=1
2026-08-29T05:46:59.127Z dictation_capture_first_buffer sr=44100.0 ch=1 original_ch=1 common_format=1 interleaved=false frames=4410 has_float_data=true
2026-08-29T05:47:00.205Z dictation_preview_pass engine=parakeet ms=173 samples=14400 chars=0
2026-08-29T05:47:01.265Z dictation_preview_pass engine=parakeet ms=141 samples=32000 chars=0
2026-08-29T05:47:02.272Z dictation_preview_pass engine=parakeet ms=138 samples=48000 chars=0
2026-08-29T05:47:03.382Z dictation_preview_pass engine=parakeet ms=156 samples=65600 chars=56
2026-08-29T05:47:04.041Z dictation_capture_heartbeat input_buffers=50 input_frames=220500 isRunning=true default_input=present default_input_transport=built-in
2026-08-29T05:47:04.483Z dictation_preview_pass engine=parakeet ms=155 samples=83200 chars=56
2026-08-29T05:47:05.592Z dictation_preview_pass engine=parakeet ms=160 samples=100800 chars=56
2026-08-29T05:47:06.673Z dictation_preview_pass engine=parakeet ms=151 samples=118400 chars=65
2026-08-29T05:47:07.700Z dictation_preview_pass engine=parakeet ms=167 samples=134400 chars=87
2026-08-29T05:47:08.777Z dictation_preview_pass engine=parakeet ms=152 samples=152000 chars=104
2026-08-29T05:47:09.065Z dictation_capture_heartbeat input_buffers=100 input_frames=441000 isRunning=true default_input=present default_input_transport=built-in
2026-08-29T05:47:09.796Z dictation_preview_pass engine=parakeet ms=162 samples=168000 chars=103
2026-08-29T05:47:10.893Z dictation_preview_pass engine=parakeet ms=168 samples=185600 chars=109
2026-08-29T05:47:12.003Z dictation_preview_pass engine=parakeet ms=173 samples=203200 chars=124
2026-08-29T05:47:13.110Z dictation_preview_pass engine=parakeet ms=179 samples=220800 chars=140
2026-08-29T05:47:14.104Z dictation_capture_heartbeat input_buffers=150 input_frames=661500 isRunning=true default_input=present default_input_transport=built-in
2026-08-29T05:47:14.120Z dictation_preview_pass engine=parakeet ms=188 samples=236800 chars=152
2026-08-29T05:47:15.217Z dictation_preview_pass engine=parakeet ms=184 samples=240000 chars=151
2026-08-29T05:47:16.302Z dictation_preview_pass engine=parakeet ms=178 samples=240000 chars=133
2026-08-29T05:47:17.306Z dictation_preview_pass engine=parakeet ms=171 samples=240000 chars=120
2026-08-29T05:47:18.397Z dictation_preview_pass engine=parakeet ms=171 samples=240000 chars=118
2026-08-29T05:47:19.121Z dictation_capture_heartbeat input_buffers=200 input_frames=882000 isRunning=true default_input=present default_input_transport=built-in
2026-08-29T05:47:19.491Z dictation_preview_pass engine=parakeet ms=159 samples=240000 chars=121
2026-08-29T05:47:20.599Z dictation_preview_pass engine=parakeet ms=167 samples=240000 chars=121
2026-08-29T05:47:21.704Z dictation_preview_pass engine=parakeet ms=182 samples=240000 chars=138
2026-08-29T05:47:22.719Z dictation_preview_pass engine=parakeet ms=186 samples=240000 chars=145
2026-08-29T05:47:23.809Z dictation_preview_pass engine=parakeet ms=185 samples=240000 chars=155
2026-08-29T05:47:24.133Z dictation_capture_heartbeat input_buffers=251 input_frames=1106910 isRunning=true default_input=present default_input_transport=built-in
2026-08-29T05:47:24.909Z dictation_preview_pass engine=parakeet ms=181 samples=240000 chars=172
2026-08-29T05:47:26.017Z dictation_preview_pass engine=parakeet ms=182 samples=240000 chars=156
2026-08-29T05:47:27.117Z dictation_preview_pass engine=parakeet ms=184 samples=240000 chars=156
2026-08-29T05:47:28.210Z dictation_preview_pass engine=parakeet ms=185 samples=240000 chars=169
2026-08-29T05:47:29.142Z dictation_capture_heartbeat input_buffers=301 input_frames=1327410 isRunning=true default_input=present default_input_transport=built-in
2026-08-29T05:47:29.310Z dictation_preview_pass engine=parakeet ms=183 samples=240000 chars=177
2026-08-29T05:47:30.435Z dictation_preview_pass engine=parakeet ms=204 samples=240000 chars=207
2026-08-29T05:47:31.553Z dictation_preview_pass engine=parakeet ms=219 samples=240000 chars=248
2026-08-29T05:47:32.531Z dictation_preview_pass engine=parakeet ms=195 samples=240000 chars=267
2026-08-29T05:47:33.649Z dictation_preview_pass engine=parakeet ms=226 samples=240000 chars=268
2026-08-29T05:47:34.160Z dictation_capture_heartbeat input_buffers=351 input_frames=1547910 isRunning=true default_input=present default_input_transport=built-in
2026-08-29T05:47:34.654Z dictation_preview_pass engine=parakeet ms=222 samples=240000 chars=272
2026-08-29T05:47:35.748Z dictation_preview_pass engine=parakeet ms=223 samples=240000 chars=277
2026-08-29T05:47:36.844Z dictation_preview_pass engine=parakeet ms=216 samples=240000 chars=245
2026-08-29T05:47:37.941Z dictation_preview_pass engine=parakeet ms=210 samples=240000 chars=222
2026-08-29T05:47:39.038Z dictation_preview_pass engine=parakeet ms=205 samples=240000 chars=198
2026-08-29T05:47:39.175Z dictation_capture_heartbeat input_buffers=401 input_frames=1768410 isRunning=true default_input=present default_input_transport=built-in
2026-08-29T05:47:40.144Z dictation_preview_pass engine=parakeet ms=219 samples=240000 chars=225
2026-08-29T05:47:41.248Z dictation_preview_pass engine=parakeet ms=219 samples=240000 chars=257
2026-08-29T05:47:42.358Z dictation_preview_pass engine=parakeet ms=226 samples=240000 chars=267
2026-08-29T05:47:43.434Z dictation_preview_pass engine=parakeet ms=200 samples=240000 chars=230
2026-08-29T05:47:44.223Z dictation_capture_heartbeat input_buffers=451 input_frames=1988910 isRunning=true default_input=present default_input_transport=built-in
2026-08-29T05:47:44.539Z dictation_preview_pass engine=parakeet ms=215 samples=240000 chars=236
2026-08-29T05:47:45.652Z dictation_preview_pass engine=parakeet ms=222 samples=240000 chars=222
2026-08-29T05:47:46.747Z dictation_preview_pass engine=parakeet ms=214 samples=240000 chars=210
2026-08-29T05:47:47.840Z dictation_preview_pass engine=parakeet ms=206 samples=240000 chars=213
2026-08-29T05:47:48.927Z dictation_preview_pass engine=parakeet ms=203 samples=240000 chars=203
2026-08-29T05:47:49.253Z dictation_capture_heartbeat input_buffers=502 input_frames=2213820 isRunning=true default_input=present default_input_transport=built-in
2026-08-29T05:47:50.035Z dictation_preview_pass engine=parakeet ms=206 samples=240000 chars=226
2026-08-29T05:47:51.133Z dictation_preview_pass engine=parakeet ms=199 samples=240000 chars=227
2026-08-29T05:47:52.260Z dictation_preview_pass engine=parakeet ms=225 samples=240000 chars=248
2026-08-29T05:47:53.369Z dictation_preview_pass engine=parakeet ms=244 samples=240000 chars=266
2026-08-29T05:47:54.301Z dictation_capture_heartbeat input_buffers=552 input_frames=2434320 isRunning=true default_input=present default_input_transport=built-in
2026-08-29T05:47:54.455Z dictation_preview_pass engine=parakeet ms=227 samples=240000 chars=269
2026-08-29T05:47:55.547Z dictation_preview_pass engine=parakeet ms=215 samples=240000 chars=265
2026-08-29T05:47:56.654Z dictation_preview_pass engine=parakeet ms=220 samples=240000 chars=254
2026-08-29T05:47:57.753Z dictation_preview_pass engine=parakeet ms=228 samples=240000 chars=259
2026-08-29T05:47:58.831Z dictation_preview_pass engine=parakeet ms=199 samples=240000 chars=252
2026-08-29T05:47:59.368Z dictation_capture_heartbeat input_buffers=603 input_frames=2659230 isRunning=true default_input=present default_input_transport=built-in
2026-08-29T05:47:59.977Z dictation_preview_pass engine=parakeet ms=244 samples=240000 chars=271
2026-08-29T05:48:01.069Z dictation_preview_pass engine=parakeet ms=235 samples=240000 chars=284
2026-08-29T05:48:02.149Z dictation_preview_pass engine=parakeet ms=223 samples=240000 chars=271
2026-08-29T05:48:03.273Z dictation_preview_pass engine=parakeet ms=242 samples=240000 chars=273
2026-08-29T05:48:04.363Z dictation_preview_pass engine=parakeet ms=232 samples=240000 chars=287
2026-08-29T05:48:04.393Z dictation_capture_heartbeat input_buffers=653 input_frames=2879730 isRunning=true default_input=present default_input_transport=built-in
2026-08-29T05:48:05.457Z dictation_preview_pass engine=parakeet ms=234 samples=240000 chars=297
2026-08-29T05:48:06.471Z dictation_preview_pass engine=parakeet ms=239 samples=240000 chars=281
2026-08-29T05:48:07.544Z dictation_preview_pass engine=parakeet ms=218 samples=240000 chars=270
2026-08-29T05:48:08.558Z dictation_preview_pass engine=parakeet ms=224 samples=240000 chars=283
2026-08-29T05:48:09.415Z dictation_capture_heartbeat input_buffers=703 input_frames=3100230 isRunning=true default_input=present default_input_transport=built-in
2026-08-29T05:48:09.647Z dictation_preview_pass engine=parakeet ms=221 samples=240000 chars=236
2026-08-29T05:48:10.751Z dictation_preview_pass engine=parakeet ms=222 samples=240000 chars=253
2026-08-29T05:48:11.864Z dictation_preview_pass engine=parakeet ms=230 samples=240000 chars=265
2026-08-29T05:48:12.932Z dictation_preview_pass engine=parakeet ms=209 samples=240000 chars=244
2026-08-29T05:48:13.634Z dictation_hotkey_stop mode=persistent tail_ms=0
2026-08-29T05:48:13.649Z dictation_stop_requested mode=persistent session=8
2026-08-29T05:48:13.716Z shared_mic_engine_stopped
2026-08-29T05:48:13.718Z shared_mic_diagnostics transition=unsubscribe wants_vpio=n/a blocks_vpio_promotion=n/a subscribers=0 vpio_subs=0 passive_subs=0 engine_running=false vpio_engaged=false vpio_deferred=false vpio_deferral_count=0
2026-08-29T05:48:13.719Z dictation_capture_stop sample_count=1192000 effective_sample_count=1192000 duration_s=74.500 wall_duration_s=74.691 file_bytes=4772096 input_buffers=746 output_buffers=745 input_frames=3289860 max_rms=0.067639 max_level=0.338 non_silent_buffers=519 missing_float_buffers=0 invalid_format_buffers=0 no_buffer_timeout=false
2026-08-29T05:48:13.720Z dictation_transcribe_begin file_bytes=4772096
2026-08-29T05:48:13.861Z shared_mic_engine_prepare_timing vpio=false buffer_size=4096 set_vpio_ms=0.005 output_format_ms=0.013 install_tap_ms=0.006 total_ms=140.350
2026-08-29T05:48:13.862Z shared_mic_engine_input_device_prepared source=system_default device=present transport=built-in vpio=false set_device_ms=0.000 prepare_engine_ms=141.335
2026-08-29T05:48:14.125Z dictation_transcribe_complete chars=1064 words=221 engine=parakeet variant=v3
2026-08-29T05:49:27.395Z dictation_preview_started engine=parakeet
2026-08-29T05:49:27.397Z dictation_capture_start permission_status=3
2026-08-29T05:49:27.403Z dictation_capture_starting
2026-08-29T05:49:27.468Z shared_mic_engine_started_from_prepared audio_engine_start_ms=60.023
2026-08-29T05:49:27.469Z shared_mic_diagnostics transition=subscribe wants_vpio=false blocks_vpio_promotion=true subscribers=1 vpio_subs=0 passive_subs=0 engine_running=true vpio_engaged=false vpio_deferred=false vpio_deferral_count=0
2026-08-29T05:49:27.470Z dictation_capture_engine_started file_created=true default_input=present default_input_transport=built-in sr=44100.0 ch=1
2026-08-29T05:49:27.573Z dictation_capture_first_buffer sr=44100.0 ch=1 original_ch=1 common_format=1 interleaved=false frames=4410 has_float_data=true
2026-08-29T05:49:28.681Z dictation_preview_pass engine=parakeet ms=203 samples=14400 chars=5
2026-08-29T05:49:29.726Z dictation_preview_pass engine=parakeet ms=157 samples=32000 chars=21
2026-08-29T05:49:30.714Z dictation_preview_pass engine=parakeet ms=131 samples=48000 chars=40
2026-08-29T05:49:31.833Z dictation_preview_pass engine=parakeet ms=163 samples=65600 chars=60
2026-08-29T05:49:32.475Z dictation_capture_heartbeat input_buffers=50 input_frames=220500 isRunning=true default_input=present default_input_transport=built-in
2026-08-29T05:49:32.927Z dictation_preview_pass engine=parakeet ms=153 samples=83200 chars=39
2026-08-29T05:49:34.058Z dictation_preview_pass engine=parakeet ms=180 samples=100800 chars=95
2026-08-29T05:49:35.125Z dictation_preview_pass engine=parakeet ms=157 samples=118400 chars=121
2026-08-29T05:49:36.157Z dictation_preview_pass engine=parakeet ms=179 samples=134400 chars=128
2026-08-29T05:49:37.236Z dictation_preview_pass engine=parakeet ms=168 samples=152000 chars=132
2026-08-29T05:49:37.518Z dictation_capture_heartbeat input_buffers=100 input_frames=441000 isRunning=true default_input=present default_input_transport=built-in
2026-08-29T05:49:38.264Z dictation_preview_pass engine=parakeet ms=183 samples=168000 chars=151
2026-08-29T05:49:39.357Z dictation_preview_pass engine=parakeet ms=187 samples=185600 chars=175
2026-08-29T05:49:40.479Z dictation_preview_pass engine=parakeet ms=205 samples=203200 chars=191
2026-08-29T05:49:41.579Z dictation_preview_pass engine=parakeet ms=203 samples=220800 chars=214
2026-08-29T05:49:42.534Z dictation_capture_heartbeat input_buffers=150 input_frames=661500 isRunning=true default_input=present default_input_transport=built-in
2026-08-29T05:49:42.693Z dictation_preview_pass engine=parakeet ms=225 samples=238400 chars=233
2026-08-29T05:49:43.699Z dictation_preview_pass engine=parakeet ms=220 samples=240000 chars=241
2026-08-29T05:49:44.787Z dictation_preview_pass engine=parakeet ms=218 samples=240000 chars=230
2026-08-29T05:49:45.792Z dictation_preview_pass engine=parakeet ms=212 samples=240000 chars=240
2026-08-29T05:49:46.897Z dictation_preview_pass engine=parakeet ms=227 samples=240000 chars=241
2026-08-29T05:49:47.551Z dictation_capture_heartbeat input_buffers=200 input_frames=882000 isRunning=true default_input=present default_input_transport=built-in
2026-08-29T05:49:47.986Z dictation_preview_pass engine=parakeet ms=212 samples=240000 chars=227
2026-08-29T05:49:49.084Z dictation_preview_pass engine=parakeet ms=205 samples=240000 chars=237
2026-08-29T05:49:50.193Z dictation_preview_pass engine=parakeet ms=225 samples=240000 chars=235
2026-08-29T05:49:51.194Z dictation_preview_pass engine=parakeet ms=216 samples=240000 chars=258
2026-08-29T05:49:52.310Z dictation_preview_pass engine=parakeet ms=239 samples=240000 chars=271
2026-08-29T05:49:52.562Z dictation_capture_heartbeat input_buffers=250 input_frames=1102500 isRunning=true default_input=present default_input_transport=built-in
2026-08-29T05:49:53.396Z dictation_preview_pass engine=parakeet ms=222 samples=240000 chars=261
2026-08-29T05:49:54.504Z dictation_preview_pass engine=parakeet ms=229 samples=240000 chars=252
2026-08-29T05:49:55.605Z dictation_preview_pass engine=parakeet ms=226 samples=240000 chars=263
2026-08-29T05:49:56.688Z dictation_preview_pass engine=parakeet ms=218 samples=240000 chars=266
2026-08-29T05:49:57.590Z dictation_capture_heartbeat input_buffers=301 input_frames=1327410 isRunning=true default_input=present default_input_transport=built-in
2026-08-29T05:49:57.798Z dictation_preview_pass engine=parakeet ms=225 samples=240000 chars=275
2026-08-29T05:49:58.900Z dictation_preview_pass engine=parakeet ms=224 samples=240000 chars=269
2026-08-29T05:49:59.995Z dictation_preview_pass engine=parakeet ms=215 samples=240000 chars=274
2026-08-29T05:50:01.104Z dictation_preview_pass engine=parakeet ms=234 samples=240000 chars=271
2026-08-29T05:50:02.214Z dictation_preview_pass engine=parakeet ms=241 samples=240000 chars=282
2026-08-29T05:50:02.641Z dictation_capture_heartbeat input_buffers=351 input_frames=1547910 isRunning=true default_input=present default_input_transport=built-in
2026-08-29T05:50:03.310Z dictation_preview_pass engine=parakeet ms=235 samples=240000 chars=303
2026-08-29T05:50:04.431Z dictation_preview_pass engine=parakeet ms=252 samples=240000 chars=300
2026-08-29T05:50:05.500Z dictation_preview_pass engine=parakeet ms=230 samples=240000 chars=292
2026-08-29T05:50:06.590Z dictation_preview_pass engine=parakeet ms=217 samples=240000 chars=287
2026-08-29T05:50:07.659Z dictation_capture_heartbeat input_buffers=401 input_frames=1768410 isRunning=true default_input=present default_input_transport=built-in
2026-08-29T05:50:07.698Z dictation_preview_pass engine=parakeet ms=221 samples=240000 chars=291
2026-08-29T05:50:08.822Z dictation_preview_pass engine=parakeet ms=241 samples=240000 chars=304
2026-08-29T05:50:09.903Z dictation_preview_pass engine=parakeet ms=232 samples=240000 chars=324
2026-08-29T05:50:11.013Z dictation_preview_pass engine=parakeet ms=240 samples=240000 chars=310
2026-08-29T05:50:12.114Z dictation_preview_pass engine=parakeet ms=238 samples=240000 chars=293
2026-08-29T05:50:12.707Z dictation_capture_heartbeat input_buffers=452 input_frames=1993320 isRunning=true default_input=present default_input_transport=built-in
2026-08-29T05:50:13.204Z dictation_preview_pass engine=parakeet ms=225 samples=240000 chars=305
2026-08-29T05:50:14.322Z dictation_preview_pass engine=parakeet ms=251 samples=240000 chars=310
2026-08-29T05:50:15.415Z dictation_preview_pass engine=parakeet ms=242 samples=240000 chars=302
2026-08-29T05:50:16.495Z dictation_preview_pass engine=parakeet ms=218 samples=240000 chars=280
2026-08-29T05:50:17.612Z dictation_preview_pass engine=parakeet ms=232 samples=240000 chars=265
2026-08-29T05:50:17.759Z dictation_capture_heartbeat input_buffers=502 input_frames=2213820 isRunning=true default_input=present default_input_transport=built-in
2026-08-29T05:50:18.689Z dictation_preview_pass engine=parakeet ms=218 samples=240000 chars=264
2026-08-29T05:50:19.701Z dictation_preview_pass engine=parakeet ms=228 samples=240000 chars=244
2026-08-29T05:50:20.707Z dictation_preview_pass engine=parakeet ms=228 samples=240000 chars=248
2026-08-29T05:50:21.797Z dictation_preview_pass engine=parakeet ms=227 samples=240000 chars=247
2026-08-29T05:50:22.774Z dictation_capture_heartbeat input_buffers=552 input_frames=2434320 isRunning=true default_input=present default_input_transport=built-in
2026-08-29T05:50:22.919Z dictation_preview_pass engine=parakeet ms=246 samples=240000 chars=250
2026-08-29T05:50:24.009Z dictation_preview_pass engine=parakeet ms=229 samples=240000 chars=234
2026-08-29T05:50:25.092Z dictation_preview_pass engine=parakeet ms=211 samples=240000 chars=219
2026-08-29T05:50:26.177Z dictation_preview_pass engine=parakeet ms=206 samples=240000 chars=223
2026-08-29T05:50:27.275Z dictation_preview_pass engine=parakeet ms=201 samples=240000 chars=209
2026-08-29T05:50:27.785Z dictation_capture_heartbeat input_buffers=603 input_frames=2659230 isRunning=true default_input=present default_input_transport=built-in
2026-08-29T05:50:28.385Z dictation_preview_pass engine=parakeet ms=208 samples=240000 chars=191
2026-08-29T05:50:29.483Z dictation_preview_pass engine=parakeet ms=203 samples=240000 chars=202
2026-08-29T05:50:30.576Z dictation_preview_pass engine=parakeet ms=204 samples=240000 chars=187
2026-08-29T05:50:31.694Z dictation_preview_pass engine=parakeet ms=220 samples=240000 chars=211
2026-08-29T05:50:32.773Z dictation_preview_pass engine=parakeet ms=196 samples=240000 chars=203
2026-08-29T05:50:32.789Z dictation_capture_heartbeat input_buffers=653 input_frames=2879730 isRunning=true default_input=present default_input_transport=built-in
2026-08-29T05:50:33.872Z dictation_preview_pass engine=parakeet ms=202 samples=240000 chars=212
2026-08-29T05:50:34.881Z dictation_preview_pass engine=parakeet ms=203 samples=240000 chars=221
2026-08-29T05:50:35.962Z dictation_preview_pass engine=parakeet ms=191 samples=240000 chars=221
2026-08-29T05:50:36.969Z dictation_preview_pass engine=parakeet ms=188 samples=240000 chars=209
2026-08-29T05:50:37.795Z dictation_capture_heartbeat input_buffers=703 input_frames=3100230 isRunning=true default_input=present default_input_transport=built-in
2026-08-29T05:50:38.066Z dictation_preview_pass engine=parakeet ms=195 samples=240000 chars=191
2026-08-29T05:50:39.155Z dictation_preview_pass engine=parakeet ms=181 samples=240000 chars=186
2026-08-29T05:50:40.268Z dictation_preview_pass engine=parakeet ms=190 samples=240000 chars=186
2026-08-29T05:50:41.377Z dictation_preview_pass engine=parakeet ms=207 samples=240000 chars=195
2026-08-29T05:50:42.377Z dictation_preview_pass engine=parakeet ms=198 samples=240000 chars=215
2026-08-29T05:50:42.853Z dictation_capture_heartbeat input_buffers=753 input_frames=3320730 isRunning=true default_input=present default_input_transport=built-in
2026-08-29T05:50:43.484Z dictation_preview_pass engine=parakeet ms=213 samples=240000 chars=227
2026-08-29T05:50:44.579Z dictation_preview_pass engine=parakeet ms=207 samples=240000 chars=223
2026-08-29T05:50:45.681Z dictation_preview_pass engine=parakeet ms=206 samples=240000 chars=216
2026-08-29T05:50:46.777Z dictation_preview_pass engine=parakeet ms=198 samples=240000 chars=222
2026-08-29T05:50:47.881Z dictation_preview_pass engine=parakeet ms=211 samples=240000 chars=220
2026-08-29T05:50:47.899Z dictation_capture_heartbeat input_buffers=804 input_frames=3545640 isRunning=true default_input=present default_input_transport=built-in
2026-08-29T05:50:48.991Z dictation_preview_pass engine=parakeet ms=217 samples=240000 chars=208
2026-08-29T05:50:50.084Z dictation_preview_pass engine=parakeet ms=208 samples=240000 chars=205
2026-08-29T05:50:51.196Z dictation_preview_pass engine=parakeet ms=218 samples=240000 chars=219
2026-08-29T05:50:52.297Z dictation_preview_pass engine=parakeet ms=226 samples=240000 chars=226
2026-08-29T05:50:52.927Z dictation_capture_heartbeat input_buffers=854 input_frames=3766140 isRunning=true default_input=present default_input_transport=built-in
2026-08-29T05:50:52.986Z dictation_hotkey_stop mode=persistent tail_ms=0
2026-08-29T05:50:52.991Z dictation_stop_requested mode=persistent session=9
2026-08-29T05:50:53.044Z shared_mic_engine_stopped
2026-08-29T05:50:53.045Z shared_mic_diagnostics transition=unsubscribe wants_vpio=n/a blocks_vpio_promotion=n/a subscribers=0 vpio_subs=0 passive_subs=0 engine_running=false vpio_engaged=false vpio_deferred=false vpio_deferral_count=0
2026-08-29T05:50:53.046Z dictation_capture_stop sample_count=1366400 effective_sample_count=1366400 duration_s=85.400 wall_duration_s=85.576 file_bytes=5469696 input_buffers=855 output_buffers=854 input_frames=3770550 max_rms=0.091909 max_level=0.460 non_silent_buffers=669 missing_float_buffers=0 invalid_format_buffers=0 no_buffer_timeout=false
2026-08-29T05:50:53.047Z dictation_transcribe_begin file_bytes=5469696
2026-08-29T05:50:53.190Z shared_mic_engine_prepare_timing vpio=false buffer_size=4096 set_vpio_ms=0.007 output_format_ms=0.012 install_tap_ms=0.006 total_ms=141.440
2026-08-29T05:50:53.191Z shared_mic_engine_input_device_prepared source=system_default device=present transport=built-in vpio=false set_device_ms=0.000 prepare_engine_ms=142.322
2026-08-29T05:50:53.524Z dictation_transcribe_complete chars=1361 words=274 engine=parakeet variant=v3
2026-08-29T05:52:46.213Z dictation_preview_started engine=parakeet
2026-08-29T05:52:46.214Z dictation_capture_start permission_status=3
2026-08-29T05:52:46.216Z dictation_capture_starting
2026-08-29T05:52:46.277Z shared_mic_engine_started_from_prepared audio_engine_start_ms=58.175
2026-08-29T05:52:46.278Z shared_mic_diagnostics transition=subscribe wants_vpio=false blocks_vpio_promotion=true subscribers=1 vpio_subs=0 passive_subs=0 engine_running=true vpio_engaged=false vpio_deferred=false vpio_deferral_count=0
2026-08-29T05:52:46.278Z dictation_capture_engine_started file_created=true default_input=present default_input_transport=built-in sr=44100.0 ch=1
2026-08-29T05:52:46.383Z dictation_capture_first_buffer sr=44100.0 ch=1 original_ch=1 common_format=1 interleaved=false frames=4410 has_float_data=true
2026-08-29T05:52:47.497Z dictation_preview_pass engine=parakeet ms=210 samples=14400 chars=0
2026-08-29T05:52:48.519Z dictation_preview_pass engine=parakeet ms=140 samples=32000 chars=14
2026-08-29T05:52:49.531Z dictation_preview_pass engine=parakeet ms=143 samples=48000 chars=31
2026-08-29T05:52:50.602Z dictation_preview_pass engine=parakeet ms=123 samples=65600 chars=31
2026-08-29T05:52:51.283Z dictation_capture_heartbeat input_buffers=49 input_frames=216090 isRunning=true default_input=present default_input_transport=built-in
2026-08-29T05:52:51.698Z dictation_preview_pass engine=parakeet ms=116 samples=83200 chars=31
2026-08-29T05:52:51.894Z shared_mic_engine_configuration_changed sr=44100.0 ch=1 isRunning=true engine_is_running=false default_input=present default_input_transport=built-in
2026-08-29T05:52:51.895Z shared_mic_engine_config_change_recovery_attempt
2026-08-29T05:52:52.161Z shared_mic_engine_start_timing vpio=false buffer_size=4096 set_vpio_ms=0.016 ducking_ms=0.000 output_format_ms=0.010 install_tap_ms=0.005 audio_engine_start_ms=182.539 total_ms=264.074
2026-08-29T05:52:52.162Z shared_mic_engine_input_device_started source=system_default device=present transport=built-in vpio=false set_device_ms=0.000 start_engine_ms=264.944
2026-08-29T05:52:52.162Z shared_mic_engine_config_change_recovery_succeeded
2026-08-29T05:52:52.797Z dictation_preview_pass engine=parakeet ms=131 samples=91200 chars=31
2026-08-29T05:52:53.893Z dictation_preview_pass engine=parakeet ms=136 samples=108800 chars=63
2026-08-29T05:52:54.991Z dictation_preview_pass engine=parakeet ms=131 samples=126400 chars=68
2026-08-29T05:52:56.117Z dictation_preview_pass engine=parakeet ms=154 samples=144000 chars=77
2026-08-29T05:52:56.333Z dictation_capture_heartbeat input_buffers=94 input_frames=414540 isRunning=true default_input=present default_input_transport=built-in
2026-08-29T05:52:57.231Z dictation_preview_pass engine=parakeet ms=165 samples=161600 chars=102
2026-08-29T05:52:58.332Z dictation_preview_pass engine=parakeet ms=174 samples=179200 chars=123
2026-08-29T05:52:59.423Z dictation_preview_pass engine=parakeet ms=162 samples=196800 chars=128
2026-08-29T05:53:00.564Z dictation_preview_pass engine=parakeet ms=200 samples=214400 chars=131
2026-08-29T05:53:01.347Z dictation_capture_heartbeat input_buffers=144 input_frames=635040 isRunning=true default_input=present default_input_transport=built-in
2026-08-29T05:53:01.650Z dictation_preview_pass engine=parakeet ms=184 samples=232000 chars=145
2026-08-29T05:53:02.750Z dictation_preview_pass engine=parakeet ms=193 samples=240000 chars=170
2026-08-29T05:53:03.857Z dictation_preview_pass engine=parakeet ms=197 samples=240000 chars=163
2026-08-29T05:53:04.971Z dictation_preview_pass engine=parakeet ms=207 samples=240000 chars=153
2026-08-29T05:53:06.067Z dictation_preview_pass engine=parakeet ms=200 samples=240000 chars=184
2026-08-29T05:53:06.364Z dictation_capture_heartbeat input_buffers=194 input_frames=855540 isRunning=true default_input=present default_input_transport=built-in
2026-08-29T05:53:07.172Z dictation_preview_pass engine=parakeet ms=214 samples=240000 chars=206
2026-08-29T05:53:08.259Z dictation_preview_pass engine=parakeet ms=198 samples=240000 chars=211
2026-08-29T05:53:09.366Z dictation_preview_pass engine=parakeet ms=202 samples=240000 chars=216
2026-08-29T05:53:10.475Z dictation_preview_pass engine=parakeet ms=208 samples=240000 chars=227
2026-08-29T05:53:11.369Z dictation_capture_heartbeat input_buffers=245 input_frames=1080450 isRunning=true default_input=present default_input_transport=built-in
2026-08-29T05:53:11.564Z dictation_preview_pass engine=parakeet ms=205 samples=240000 chars=225
2026-08-29T05:53:12.658Z dictation_preview_pass engine=parakeet ms=197 samples=240000 chars=202
2026-08-29T05:53:13.756Z dictation_preview_pass engine=parakeet ms=192 samples=240000 chars=193
2026-08-29T05:53:14.844Z dictation_preview_pass engine=parakeet ms=189 samples=240000 chars=192
2026-08-29T05:53:15.854Z dictation_preview_pass engine=parakeet ms=189 samples=240000 chars=200
2026-08-29T05:53:16.399Z dictation_capture_heartbeat input_buffers=295 input_frames=1300950 isRunning=true default_input=present default_input_transport=built-in
2026-08-29T05:53:16.961Z dictation_preview_pass engine=parakeet ms=203 samples=240000 chars=190
2026-08-29T05:53:18.061Z dictation_preview_pass engine=parakeet ms=201 samples=240000 chars=209
2026-08-29T05:53:19.170Z dictation_preview_pass engine=parakeet ms=207 samples=240000 chars=184
2026-08-29T05:53:20.249Z dictation_preview_pass engine=parakeet ms=183 samples=240000 chars=180
2026-08-29T05:53:21.330Z dictation_preview_pass engine=parakeet ms=174 samples=240000 chars=152
2026-08-29T05:53:21.421Z dictation_capture_heartbeat input_buffers=345 input_frames=1521450 isRunning=true default_input=present default_input_transport=built-in
2026-08-29T05:53:22.445Z dictation_preview_pass engine=parakeet ms=185 samples=240000 chars=142
2026-08-29T05:53:23.545Z dictation_preview_pass engine=parakeet ms=181 samples=240000 chars=135
2026-08-29T05:53:24.637Z dictation_preview_pass engine=parakeet ms=172 samples=240000 chars=126
2026-08-29T05:53:25.725Z dictation_preview_pass engine=parakeet ms=167 samples=240000 chars=116
2026-08-29T05:53:26.440Z dictation_capture_heartbeat input_buffers=395 input_frames=1741950 isRunning=true default_input=present default_input_transport=built-in
2026-08-29T05:53:26.841Z dictation_preview_pass engine=parakeet ms=181 samples=240000 chars=101
2026-08-29T05:53:27.934Z dictation_preview_pass engine=parakeet ms=171 samples=240000 chars=117
2026-08-29T05:53:29.055Z dictation_preview_pass engine=parakeet ms=186 samples=240000 chars=138
2026-08-29T05:53:30.158Z dictation_preview_pass engine=parakeet ms=201 samples=240000 chars=133
2026-08-29T05:53:31.236Z dictation_preview_pass engine=parakeet ms=176 samples=240000 chars=121
2026-08-29T05:53:31.469Z dictation_capture_heartbeat input_buffers=445 input_frames=1962450 isRunning=true default_input=present default_input_transport=built-in
2026-08-29T05:53:32.336Z dictation_preview_pass engine=parakeet ms=172 samples=240000 chars=105
2026-08-29T05:53:33.442Z dictation_preview_pass engine=parakeet ms=176 samples=240000 chars=98
2026-08-29T05:53:34.524Z dictation_preview_pass engine=parakeet ms=166 samples=240000 chars=102
2026-08-29T05:53:35.641Z dictation_preview_pass engine=parakeet ms=181 samples=240000 chars=114
2026-08-29T05:53:36.518Z dictation_capture_heartbeat input_buffers=496 input_frames=2187360 isRunning=true default_input=present default_input_transport=built-in
2026-08-29T05:53:36.752Z dictation_preview_pass engine=parakeet ms=188 samples=240000 chars=141
2026-08-29T05:53:37.856Z dictation_preview_pass engine=parakeet ms=189 samples=240000 chars=135
2026-08-29T05:53:38.928Z dictation_preview_pass engine=parakeet ms=170 samples=240000 chars=116
2026-08-29T05:53:40.035Z dictation_preview_pass engine=parakeet ms=174 samples=240000 chars=107
2026-08-29T05:53:41.172Z dictation_preview_pass engine=parakeet ms=205 samples=240000 chars=107
2026-08-29T05:53:41.535Z dictation_capture_heartbeat input_buffers=546 input_frames=2407860 isRunning=true default_input=present default_input_transport=built-in
2026-08-29T05:53:42.185Z shared_mic_engine_configuration_changed sr=44100.0 ch=3 isRunning=true engine_is_running=false default_input=present default_input_transport=built-in
2026-08-29T05:53:42.187Z shared_mic_engine_config_change_recovery_attempt
2026-08-29T05:53:42.356Z shared_mic_engine_start_timing vpio=false buffer_size=4096 set_vpio_ms=0.006 ducking_ms=0.000 output_format_ms=0.011 install_tap_ms=0.005 audio_engine_start_ms=67.994 total_ms=165.924
2026-08-29T05:53:42.357Z shared_mic_engine_input_device_started source=system_default device=present transport=built-in vpio=false set_device_ms=0.000 start_engine_ms=166.724
2026-08-29T05:53:42.357Z shared_mic_engine_config_change_recovery_succeeded
2026-08-29T05:53:42.620Z dictation_preview_pass engine=parakeet ms=160 samples=240000 chars=98
2026-08-29T05:53:43.737Z dictation_preview_pass engine=parakeet ms=167 samples=240000 chars=105
2026-08-29T05:53:44.666Z dictation_stop_requested mode=persistent session=10
2026-08-29T05:53:44.689Z shared_mic_engine_stopped
2026-08-29T05:53:44.690Z shared_mic_diagnostics transition=unsubscribe wants_vpio=n/a blocks_vpio_promotion=n/a subscribers=0 vpio_subs=0 passive_subs=0 engine_running=false vpio_engaged=false vpio_deferred=false vpio_deferral_count=0
2026-08-29T05:53:44.691Z dictation_capture_stop sample_count=912000 effective_sample_count=912000 duration_s=57.000 wall_duration_s=58.412 file_bytes=3652096 input_buffers=571 output_buffers=570 input_frames=2518110 max_rms=0.056106 max_level=0.281 non_silent_buffers=44 missing_float_buffers=0 invalid_format_buffers=0 no_buffer_timeout=false
2026-08-29T05:53:44.764Z dictation_transcribe_begin file_bytes=3652096
2026-08-29T05:53:44.821Z shared_mic_engine_prepare_timing vpio=false buffer_size=4096 set_vpio_ms=0.005 output_format_ms=0.010 install_tap_ms=0.005 total_ms=128.494
2026-08-29T05:53:44.822Z shared_mic_engine_input_device_prepared source=system_default device=present transport=built-in vpio=false set_device_ms=0.000 prepare_engine_ms=129.146
2026-08-29T05:53:45.089Z dictation_transcribe_complete chars=555 words=108 engine=parakeet variant=v3
2026-09-01T16:13:41.687Z dictation_diagnostics_session_start pid=3439 version=0.7.3 build=20260717011712 source=dist-xcodebuild-release commit=d6321f87dcce
2026-09-01T16:13:42.471Z shared_mic_engine_prepare_skipped reason=bluetooth_or_unresolved_route
2026-09-01T16:14:18.682Z meeting_live_chunking_mode session=416DBD0C-5A23-48D2-860F-8A16519B3CE7 mode=vad reason=started
2026-09-01T16:14:18.712Z meeting_mic_capture_starting requested_mode=raw default_input=present default_input_transport=bluetooth
2026-09-01T16:14:18.996Z shared_mic_engine_start_timing vpio=false buffer_size=4096 set_vpio_ms=0.009 ducking_ms=0.000 output_format_ms=0.013 install_tap_ms=0.006 audio_engine_start_ms=126.449 total_ms=280.356
2026-09-01T16:14:18.996Z shared_mic_engine_input_device_started source=system_default device=present transport=bluetooth vpio=false set_device_ms=0.000 start_engine_ms=281.264
2026-09-01T16:14:18.997Z shared_mic_diagnostics transition=subscribe wants_vpio=false blocks_vpio_promotion=true subscribers=1 vpio_subs=0 passive_subs=0 engine_running=true vpio_engaged=false vpio_deferred=false vpio_deferral_count=0
2026-09-01T16:14:18.997Z meeting_mic_processing mode=raw
2026-09-01T16:14:18.998Z meeting_mic_capture_started requested_mode=raw effective_mode=raw sr=48000.0 ch=1 default_input=present default_input_transport=bluetooth
2026-09-01T16:14:19.065Z system_audio_stream_screen_output_attached mode=discard
2026-09-01T16:14:19.122Z meeting_mic_first_buffer sr=48000.0 ch=1 interleaved=false
2026-09-01T16:14:19.261Z system_audio_stream_started sr=48000 ch=2
2026-09-01T16:14:19.262Z meeting_recording_started session=416DBD0C-5A23-48D2-860F-8A16519B3CE7 source_mode=Optional(MacParakeetCore.MeetingAudioSourceMode.microphoneAndSystem) requested_mic_mode=raw effective_mic_mode=raw
2026-09-01T16:14:19.315Z system_audio_stream_first_buffer sr=48000 ch=2
2026-09-01T16:32:49.894Z meeting_stop_stage session=416DBD0C-5A23-48D2-860F-8A16519B3CE7 stage=notes_commit duration_ms=1 outcome=success
2026-09-01T16:32:49.895Z meeting_recording_stopping session=416DBD0C-5A23-48D2-860F-8A16519B3CE7
2026-09-01T16:32:49.895Z meeting_mic_capture_stopped default_input=present default_input_transport=bluetooth
2026-09-01T16:32:49.906Z shared_mic_engine_stopped
2026-09-01T16:32:49.906Z shared_mic_diagnostics transition=unsubscribe wants_vpio=n/a blocks_vpio_promotion=n/a subscribers=0 vpio_subs=0 passive_subs=0 engine_running=false vpio_engaged=false vpio_deferred=false vpio_deferral_count=0
2026-09-01T16:32:49.939Z shared_mic_engine_prepare_skipped reason=bluetooth_or_unresolved_route
2026-09-01T16:32:49.942Z system_audio_stream_stopped outcome=completed
2026-09-01T16:32:49.943Z meeting_stop_stage session=416DBD0C-5A23-48D2-860F-8A16519B3CE7 stage=capture_stop duration_ms=48 outcome=success
2026-09-01T16:32:49.958Z meeting_stop_stage session=416DBD0C-5A23-48D2-860F-8A16519B3CE7 stage=processing_drain duration_ms=11 outcome=success
2026-09-01T16:32:49.979Z meeting_stop_stage session=416DBD0C-5A23-48D2-860F-8A16519B3CE7 stage=writer_finalize duration_ms=20 outcome=success
2026-09-01T16:32:49.994Z meeting_stop_stage session=416DBD0C-5A23-48D2-860F-8A16519B3CE7 stage=source_urls duration_ms=14 outcome=success
2026-09-01T16:32:49.995Z meeting_stop_stage session=416DBD0C-5A23-48D2-860F-8A16519B3CE7 stage=metadata_save duration_ms=1 outcome=success
2026-09-01T16:33:03.856Z meeting_stop_stage session=416DBD0C-5A23-48D2-860F-8A16519B3CE7 stage=mix duration_ms=13860 outcome=success
2026-09-01T16:33:03.857Z meeting_stop_stage session=416DBD0C-5A23-48D2-860F-8A16519B3CE7 stage=notes_write duration_ms=0 outcome=success
2026-09-01T16:33:03.858Z meeting_stop_stage session=416DBD0C-5A23-48D2-860F-8A16519B3CE7 stage=lock_write duration_ms=0 outcome=success
2026-09-01T16:33:03.858Z meeting_cleaned_mic session=416DBD0C-5A23-48D2-860F-8A16519B3CE7 outcome=scheduled
2026-09-01T16:33:03.859Z meeting_stop_stage session=416DBD0C-5A23-48D2-860F-8A16519B3CE7 stage=cleaned_mic_schedule duration_ms=0 outcome=success
2026-09-01T16:33:03.859Z meeting_stop_stage session=416DBD0C-5A23-48D2-860F-8A16519B3CE7 stage=cleanup duration_ms=0 outcome=success
2026-09-01T16:33:03.859Z meeting_recording_stopped session=416DBD0C-5A23-48D2-860F-8A16519B3CE7 duration_s=1155.223
2026-09-01T16:33:03.860Z meeting_recording_health session=416DBD0C-5A23-48D2-860F-8A16519B3CE7 duration_s=1155.223 source_mode=microphone_and_system mic_started=true requested_mic_mode=raw effective_mic_mode=raw mic_first_buffer=true system_first_buffer=true mic_bytes=9306774 system_bytes=9337941 mixed_bytes=18100434 mic_frames=53313600 system_frames=53303040 mic_chunks_enqueued=63 system_chunks_enqueued=104 mic_chunks_low_signal_dropped=0 system_chunks_low_signal_dropped=4 mic_chunks_system_dominant_dropped=35 backpressure_drops=0 transcription_failures=0 interrupted_sources=none capture_failed=false
2026-09-01T16:33:03.860Z meeting_echo_suppression_summary session=416DBD0C-5A23-48D2-860F-8A16519B3CE7 processor=localvqe loaded=true mic_frames=69405 processed_frames=69405 raw_fallback_frames=0 full_reference_frames=69405 partial_reference_frames=0 missing_reference_frames=0 processing_failures=0 current_delay_samples=1224 delay_confidence=0.304 delay_estimate_count=1 rejected_delay_estimates=2220
2026-09-01T16:33:03.861Z meeting_stop_stage session=416DBD0C-5A23-48D2-860F-8A16519B3CE7 stage=service_total duration_ms=13966 outcome=success
2026-09-01T16:33:03.861Z meeting_stop_stage session=416DBD0C-5A23-48D2-860F-8A16519B3CE7 stage=service_stop duration_ms=13966 outcome=success
2026-09-01T16:33:03.863Z meeting_stop_stage session=416DBD0C-5A23-48D2-860F-8A16519B3CE7 stage=prepare_row duration_ms=2 outcome=success
2026-09-01T16:33:03.864Z meeting_stop_stage session=416DBD0C-5A23-48D2-860F-8A16519B3CE7 stage=queue_enqueue duration_ms=0 outcome=success
2026-09-01T16:33:03.865Z meeting_stop_stage session=416DBD0C-5A23-48D2-860F-8A16519B3CE7 stage=queued_total duration_ms=13972 outcome=success
2026-09-01T16:33:04.690Z meeting_cleaned_mic session=416DBD0C-5A23-48D2-860F-8A16519B3CE7 outcome=skipped reason=skippedNoEchoPath renderer_reason=no_echo_path probe_detail=below_threshold probe_windows=5 probe_best_correlation=0.061
2026-09-01T16:33:04.691Z meeting_echo_suppression_resolution session=416DBD0C-5A23-48D2-860F-8A16519B3CE7 reason_code=skippedNoEchoPath model_version=none render_duration_ms=none realtime_factor=none delay_estimate_ms=none probe_windows=5 probe_best_correlation=0.061
2026-09-01T16:33:04.692Z meeting_cleaned_mic_source session=416DBD0C-5A23-48D2-860F-8A16519B3CE7 selected=raw reason=skippedNoEchoPath timeout_s=288.806
2026-09-01T16:36:35.982Z audio_default_input_changed default_input=present default_input_transport=built-in
2026-09-01T16:36:36.027Z audio_default_input_changed default_input=present default_input_transport=built-in
2026-09-01T16:36:36.682Z shared_mic_engine_prepare_timing vpio=false buffer_size=4096 set_vpio_ms=0.005 output_format_ms=0.006 install_tap_ms=0.004 total_ms=123.919
2026-09-01T16:36:36.682Z shared_mic_engine_input_device_prepared source=system_default device=present transport=built-in vpio=false set_device_ms=0.000 prepare_engine_ms=124.608
2026-09-02T05:59:20.651Z audio_default_input_changed default_input=present default_input_transport=bluetooth
2026-09-02T05:59:20.653Z audio_default_input_changed default_input=present default_input_transport=bluetooth
2026-09-02T05:59:20.654Z audio_default_input_changed default_input=present default_input_transport=bluetooth
2026-09-02T05:59:20.852Z shared_mic_engine_configuration_changed sr=44100.0 ch=1 isRunning=false engine_is_running=false default_input=present default_input_transport=bluetooth
2026-09-02T05:59:20.853Z shared_mic_engine_prepared_discarded reason=configuration_changed
2026-09-02T05:59:21.434Z shared_mic_engine_prepare_skipped reason=bluetooth_or_unresolved_route
2026-09-02T06:06:49.496Z meeting_live_chunking_mode session=B9CEA780-922B-4228-B665-D4C1E204EB1D mode=vad reason=started
2026-09-02T06:06:49.513Z meeting_mic_capture_starting requested_mode=raw default_input=present default_input_transport=bluetooth
2026-09-02T06:06:49.746Z shared_mic_engine_start_timing vpio=false buffer_size=4096 set_vpio_ms=0.006 ducking_ms=0.000 output_format_ms=0.014 install_tap_ms=0.006 audio_engine_start_ms=97.871 total_ms=230.697
2026-09-02T06:06:49.747Z shared_mic_engine_input_device_started source=system_default device=present transport=bluetooth vpio=false set_device_ms=0.000 start_engine_ms=231.496
2026-09-02T06:06:49.747Z shared_mic_diagnostics transition=subscribe wants_vpio=false blocks_vpio_promotion=true subscribers=1 vpio_subs=0 passive_subs=0 engine_running=true vpio_engaged=false vpio_deferred=false vpio_deferral_count=0
2026-09-02T06:06:49.748Z meeting_mic_processing mode=raw
2026-09-02T06:06:49.748Z meeting_mic_capture_started requested_mode=raw effective_mode=raw sr=48000.0 ch=1 default_input=present default_input_transport=bluetooth
2026-09-02T06:06:49.817Z system_audio_stream_screen_output_attached mode=discard
2026-09-02T06:06:49.870Z meeting_mic_first_buffer sr=48000.0 ch=1 interleaved=false
2026-09-02T06:06:49.940Z system_audio_stream_started sr=48000 ch=2
2026-09-02T06:06:49.941Z meeting_recording_started session=B9CEA780-922B-4228-B665-D4C1E204EB1D source_mode=Optional(MacParakeetCore.MeetingAudioSourceMode.microphoneAndSystem) requested_mic_mode=raw effective_mic_mode=raw
2026-09-02T06:06:49.950Z system_audio_stream_first_buffer sr=48000 ch=2
2026-09-02T06:49:48.463Z meeting_stop_stage session=B9CEA780-922B-4228-B665-D4C1E204EB1D stage=notes_commit duration_ms=1 outcome=success
2026-09-02T06:49:48.463Z meeting_recording_stopping session=B9CEA780-922B-4228-B665-D4C1E204EB1D
2026-09-02T06:49:48.464Z meeting_mic_capture_stopped default_input=present default_input_transport=bluetooth
2026-09-02T06:49:48.481Z shared_mic_engine_stopped
2026-09-02T06:49:48.484Z shared_mic_diagnostics transition=unsubscribe wants_vpio=n/a blocks_vpio_promotion=n/a subscribers=0 vpio_subs=0 passive_subs=0 engine_running=false vpio_engaged=false vpio_deferred=false vpio_deferral_count=0
2026-09-02T06:49:48.504Z shared_mic_engine_prepare_skipped reason=bluetooth_or_unresolved_route
2026-09-02T06:49:48.512Z system_audio_stream_stopped outcome=completed
2026-09-02T06:49:48.513Z meeting_stop_stage session=B9CEA780-922B-4228-B665-D4C1E204EB1D stage=capture_stop duration_ms=49 outcome=success
2026-09-02T06:49:48.529Z meeting_stop_stage session=B9CEA780-922B-4228-B665-D4C1E204EB1D stage=processing_drain duration_ms=12 outcome=success
2026-09-02T06:49:48.549Z meeting_stop_stage session=B9CEA780-922B-4228-B665-D4C1E204EB1D stage=writer_finalize duration_ms=20 outcome=success
2026-09-02T06:49:48.576Z meeting_stop_stage session=B9CEA780-922B-4228-B665-D4C1E204EB1D stage=source_urls duration_ms=26 outcome=success
2026-09-02T06:49:48.577Z meeting_stop_stage session=B9CEA780-922B-4228-B665-D4C1E204EB1D stage=metadata_save duration_ms=0 outcome=success
2026-09-02T06:49:52.911Z audio_default_input_changed default_input=present default_input_transport=built-in
2026-09-02T06:49:52.933Z audio_default_input_changed default_input=present default_input_transport=built-in
2026-09-02T06:49:52.945Z audio_default_input_changed default_input=present default_input_transport=built-in
2026-09-02T06:49:52.972Z audio_default_input_changed default_input=present default_input_transport=built-in
2026-09-02T06:49:52.973Z audio_default_input_changed default_input=present default_input_transport=built-in
2026-09-02T06:49:52.974Z audio_default_input_changed default_input=present default_input_transport=built-in
2026-09-02T06:49:53.596Z shared_mic_engine_prepare_timing vpio=false buffer_size=4096 set_vpio_ms=0.006 output_format_ms=0.012 install_tap_ms=0.006 total_ms=101.448
2026-09-02T06:49:53.597Z shared_mic_engine_input_device_prepared source=system_default device=present transport=built-in vpio=false set_device_ms=0.000 prepare_engine_ms=102.111
2026-09-02T06:50:06.831Z meeting_stop_stage session=B9CEA780-922B-4228-B665-D4C1E204EB1D stage=mix duration_ms=18254 outcome=success
2026-09-02T06:50:06.832Z meeting_stop_stage session=B9CEA780-922B-4228-B665-D4C1E204EB1D stage=notes_write duration_ms=0 outcome=success
2026-09-02T06:50:06.833Z meeting_stop_stage session=B9CEA780-922B-4228-B665-D4C1E204EB1D stage=lock_write duration_ms=0 outcome=success
2026-09-02T06:50:06.833Z meeting_cleaned_mic session=B9CEA780-922B-4228-B665-D4C1E204EB1D outcome=scheduled
2026-09-02T06:50:06.834Z meeting_stop_stage session=B9CEA780-922B-4228-B665-D4C1E204EB1D stage=cleaned_mic_schedule duration_ms=1 outcome=success
2026-09-02T06:50:06.834Z meeting_stop_stage session=B9CEA780-922B-4228-B665-D4C1E204EB1D stage=cleanup duration_ms=0 outcome=success
2026-09-02T06:50:06.834Z meeting_recording_stopped session=B9CEA780-922B-4228-B665-D4C1E204EB1D duration_s=2597.338
2026-09-02T06:50:06.835Z meeting_recording_health session=B9CEA780-922B-4228-B665-D4C1E204EB1D duration_s=2597.338 source_mode=microphone_and_system mic_started=true requested_mic_mode=raw effective_mic_mode=raw mic_first_buffer=true system_first_buffer=true mic_bytes=21623819 system_bytes=9310621 mixed_bytes=41904037 mic_frames=123772800 system_frames=123768000 mic_chunks_enqueued=237 system_chunks_enqueued=218 mic_chunks_low_signal_dropped=0 system_chunks_low_signal_dropped=11 mic_chunks_system_dominant_dropped=39 backpressure_drops=0 transcription_failures=0 interrupted_sources=none capture_failed=false
2026-09-02T06:50:06.835Z meeting_echo_suppression_summary session=B9CEA780-922B-4228-B665-D4C1E204EB1D processor=localvqe loaded=true mic_frames=161156 processed_frames=161156 raw_fallback_frames=0 full_reference_frames=161156 partial_reference_frames=0 missing_reference_frames=0 processing_failures=0 current_delay_samples=787 delay_confidence=0.325 delay_estimate_count=1 rejected_delay_estimates=5156
2026-09-02T06:50:06.836Z meeting_stop_stage session=B9CEA780-922B-4228-B665-D4C1E204EB1D stage=service_total duration_ms=18372 outcome=success
2026-09-02T06:50:06.836Z meeting_stop_stage session=B9CEA780-922B-4228-B665-D4C1E204EB1D stage=service_stop duration_ms=18373 outcome=success
2026-09-02T06:50:06.838Z meeting_stop_stage session=B9CEA780-922B-4228-B665-D4C1E204EB1D stage=prepare_row duration_ms=1 outcome=success
2026-09-02T06:50:06.838Z meeting_stop_stage session=B9CEA780-922B-4228-B665-D4C1E204EB1D stage=queue_enqueue duration_ms=0 outcome=success
2026-09-02T06:50:06.839Z meeting_stop_stage session=B9CEA780-922B-4228-B665-D4C1E204EB1D stage=queued_total duration_ms=18378 outcome=success
2026-09-02T07:10:05.639Z meeting_cleaned_mic session=B9CEA780-922B-4228-B665-D4C1E204EB1D outcome=cancelled reason=rawRenderFailed
2026-09-02T07:10:05.687Z meeting_echo_suppression_resolution session=B9CEA780-922B-4228-B665-D4C1E204EB1D reason_code=rawTimeout model_version=none render_duration_ms=none realtime_factor=none delay_estimate_ms=none probe_windows=none probe_best_correlation=none
2026-09-02T07:10:05.687Z meeting_cleaned_mic_source session=B9CEA780-922B-4228-B665-D4C1E204EB1D selected=raw reason=rawTimeout timeout_s=600.000
2026-09-05T00:25:36.071Z dictation_diagnostics_session_start pid=22917 version=0.7.3 build=20260717011712 source=dist-xcodebuild-release commit=d6321f87dcce
2026-09-05T00:25:37.282Z shared_mic_engine_prepare_timing vpio=false buffer_size=4096 set_vpio_ms=0.005 output_format_ms=0.010 install_tap_ms=0.007 total_ms=130.181
2026-09-05T00:25:37.283Z shared_mic_engine_input_device_prepared source=system_default device=present transport=built-in vpio=false set_device_ms=0.000 prepare_engine_ms=130.972
2026-09-05T00:49:33.074Z dictation_preview_started engine=parakeet
2026-09-05T00:49:33.075Z dictation_capture_start permission_status=3
2026-09-05T00:49:33.081Z dictation_capture_starting
2026-09-05T00:49:33.134Z shared_mic_engine_started_from_prepared audio_engine_start_ms=51.304
2026-09-05T00:49:33.135Z shared_mic_diagnostics transition=subscribe wants_vpio=false blocks_vpio_promotion=true subscribers=1 vpio_subs=0 passive_subs=0 engine_running=true vpio_engaged=false vpio_deferred=false vpio_deferral_count=0
2026-09-05T00:49:33.136Z dictation_capture_engine_started file_created=true default_input=present default_input_transport=built-in sr=44100.0 ch=1
2026-09-05T00:49:33.238Z dictation_capture_first_buffer sr=44100.0 ch=1 original_ch=1 common_format=1 interleaved=false frames=4410 has_float_data=true
2026-09-05T00:49:34.324Z dictation_preview_pass engine=parakeet ms=182 samples=14400 chars=5
2026-09-05T00:49:35.365Z dictation_preview_pass engine=parakeet ms=131 samples=32000 chars=5
2026-09-05T00:49:36.365Z dictation_preview_pass engine=parakeet ms=121 samples=48000 chars=5
2026-09-05T00:49:37.458Z dictation_preview_pass engine=parakeet ms=124 samples=65600 chars=18
2026-09-05T00:49:38.175Z dictation_capture_heartbeat input_buffers=50 input_frames=220500 isRunning=true default_input=present default_input_transport=built-in
2026-09-05T00:49:38.566Z dictation_preview_pass engine=parakeet ms=127 samples=83200 chars=18
2026-09-05T00:49:39.681Z dictation_preview_pass engine=parakeet ms=140 samples=100800 chars=34
2026-09-05T00:49:40.781Z dictation_preview_pass engine=parakeet ms=149 samples=118400 chars=44
2026-09-05T00:49:41.801Z dictation_preview_pass engine=parakeet ms=159 samples=134400 chars=59
2026-09-05T00:49:42.899Z dictation_preview_pass engine=parakeet ms=165 samples=152000 chars=80
2026-09-05T00:49:43.192Z dictation_capture_heartbeat input_buffers=100 input_frames=441000 isRunning=true default_input=present default_input_transport=built-in
2026-09-05T00:49:43.922Z dictation_preview_pass engine=parakeet ms=178 samples=168000 chars=89
2026-09-05T00:49:45.015Z dictation_preview_pass engine=parakeet ms=179 samples=185600 chars=101
2026-09-05T00:49:46.122Z dictation_preview_pass engine=parakeet ms=183 samples=203200 chars=101
2026-09-05T00:49:47.212Z dictation_preview_pass engine=parakeet ms=171 samples=220800 chars=98
2026-09-05T00:49:48.204Z dictation_capture_heartbeat input_buffers=150 input_frames=661500 isRunning=true default_input=present default_input_transport=built-in
2026-09-05T00:49:48.308Z dictation_preview_pass engine=parakeet ms=175 samples=238400 chars=113
2026-09-05T00:49:49.338Z dictation_preview_pass engine=parakeet ms=195 samples=240000 chars=146
2026-09-05T00:49:50.433Z dictation_preview_pass engine=parakeet ms=198 samples=240000 chars=150
2026-09-05T00:49:51.448Z dictation_preview_pass engine=parakeet ms=204 samples=240000 chars=157
2026-09-05T00:49:52.541Z dictation_preview_pass engine=parakeet ms=205 samples=240000 chars=176
2026-09-05T00:49:53.241Z dictation_capture_heartbeat input_buffers=200 input_frames=882000 isRunning=true default_input=present default_input_transport=built-in
2026-09-05T00:49:53.653Z dictation_preview_pass engine=parakeet ms=214 samples=240000 chars=195
2026-09-05T00:49:54.773Z dictation_preview_pass engine=parakeet ms=231 samples=240000 chars=222
2026-09-05T00:49:55.840Z dictation_preview_pass engine=parakeet ms=207 samples=240000 chars=195
2026-09-05T00:49:56.862Z dictation_preview_pass engine=parakeet ms=220 samples=240000 chars=226
2026-09-05T00:49:57.959Z dictation_preview_pass engine=parakeet ms=225 samples=240000 chars=236
2026-09-05T00:49:58.274Z dictation_capture_heartbeat input_buffers=251 input_frames=1106910 isRunning=true default_input=present default_input_transport=built-in
2026-09-05T00:49:58.966Z dictation_preview_pass engine=parakeet ms=230 samples=240000 chars=226
2026-09-05T00:49:59.974Z dictation_preview_pass engine=parakeet ms=232 samples=240000 chars=231
2026-09-05T00:50:01.068Z dictation_preview_pass engine=parakeet ms=234 samples=240000 chars=235
2026-09-05T00:50:02.075Z dictation_preview_pass engine=parakeet ms=232 samples=240000 chars=226
2026-09-05T00:50:03.175Z dictation_preview_pass engine=parakeet ms=239 samples=240000 chars=238
2026-09-05T00:50:03.297Z dictation_capture_heartbeat input_buffers=301 input_frames=1327410 isRunning=true default_input=present default_input_transport=built-in
2026-09-05T00:50:04.267Z dictation_preview_pass engine=parakeet ms=229 samples=240000 chars=204
2026-09-05T00:50:05.373Z dictation_preview_pass engine=parakeet ms=232 samples=240000 chars=230
2026-09-05T00:50:06.460Z dictation_preview_pass engine=parakeet ms=228 samples=240000 chars=249
2026-09-05T00:50:07.449Z dictation_preview_pass engine=parakeet ms=206 samples=240000 chars=199
2026-09-05T00:50:08.312Z dictation_capture_heartbeat input_buffers=351 input_frames=1547910 isRunning=true default_input=present default_input_transport=built-in
2026-09-05T00:50:08.561Z dictation_preview_pass engine=parakeet ms=226 samples=240000 chars=226
2026-09-05T00:50:09.564Z dictation_preview_pass engine=parakeet ms=220 samples=240000 chars=201
2026-09-05T00:50:10.650Z dictation_preview_pass engine=parakeet ms=215 samples=240000 chars=175
2026-09-05T00:50:11.748Z dictation_preview_pass engine=parakeet ms=209 samples=240000 chars=186
2026-09-05T00:50:12.850Z dictation_preview_pass engine=parakeet ms=208 samples=240000 chars=187
2026-09-05T00:50:13.364Z dictation_capture_heartbeat input_buffers=402 input_frames=1772820 isRunning=true default_input=present default_input_transport=built-in
2026-09-05T00:50:13.942Z dictation_preview_pass engine=parakeet ms=210 samples=240000 chars=174
2026-09-05T00:50:14.946Z dictation_preview_pass engine=parakeet ms=204 samples=240000 chars=197
2026-09-05T00:50:16.016Z dictation_preview_pass engine=parakeet ms=182 samples=240000 chars=174
2026-09-05T00:50:17.057Z dictation_preview_pass engine=parakeet ms=213 samples=240000 chars=218
2026-09-05T00:50:18.135Z dictation_preview_pass engine=parakeet ms=200 samples=240000 chars=200
2026-09-05T00:50:18.399Z dictation_capture_heartbeat input_buffers=452 input_frames=1993320 isRunning=true default_input=present default_input_transport=built-in
2026-09-05T00:50:19.252Z dictation_preview_pass engine=parakeet ms=213 samples=240000 chars=165
2026-09-05T00:50:20.354Z dictation_preview_pass engine=parakeet ms=213 samples=240000 chars=202
2026-09-05T00:50:21.444Z dictation_preview_pass engine=parakeet ms=211 samples=240000 chars=196
2026-09-05T00:50:22.451Z dictation_preview_pass engine=parakeet ms=208 samples=240000 chars=194
2026-09-05T00:50:23.404Z dictation_capture_heartbeat input_buffers=502 input_frames=2213820 isRunning=true default_input=present default_input_transport=built-in
2026-09-05T00:50:23.551Z dictation_preview_pass engine=parakeet ms=217 samples=240000 chars=218
2026-09-05T00:50:24.658Z dictation_preview_pass engine=parakeet ms=221 samples=240000 chars=214
2026-09-05T00:50:25.764Z dictation_preview_pass engine=parakeet ms=225 samples=240000 chars=212
2026-09-05T00:50:26.853Z dictation_preview_pass engine=parakeet ms=211 samples=240000 chars=192
2026-09-05T00:50:27.951Z dictation_preview_pass engine=parakeet ms=216 samples=240000 chars=189
2026-09-05T00:50:28.441Z dictation_capture_heartbeat input_buffers=552 input_frames=2434320 isRunning=true default_input=present default_input_transport=built-in
2026-09-05T00:50:29.051Z dictation_preview_pass engine=parakeet ms=213 samples=240000 chars=168
2026-09-05T00:50:30.143Z dictation_preview_pass engine=parakeet ms=201 samples=240000 chars=152
2026-09-05T00:50:31.248Z dictation_preview_pass engine=parakeet ms=206 samples=240000 chars=138
2026-09-05T00:50:32.336Z dictation_preview_pass engine=parakeet ms=201 samples=240000 chars=160
2026-09-05T00:50:33.449Z dictation_preview_pass engine=parakeet ms=212 samples=240000 chars=171
2026-09-05T00:50:33.461Z dictation_capture_heartbeat input_buffers=603 input_frames=2659230 isRunning=true default_input=present default_input_transport=built-in
2026-09-05T00:50:34.556Z dictation_preview_pass engine=parakeet ms=216 samples=240000 chars=180
2026-09-05T00:50:35.656Z dictation_preview_pass engine=parakeet ms=213 samples=240000 chars=168
2026-09-05T00:50:36.712Z dictation_preview_pass engine=parakeet ms=177 samples=240000 chars=104
2026-09-05T00:50:37.821Z dictation_preview_pass engine=parakeet ms=184 samples=240000 chars=81
2026-09-05T00:50:38.493Z dictation_capture_heartbeat input_buffers=653 input_frames=2879730 isRunning=true default_input=present default_input_transport=built-in
2026-09-05T00:50:38.905Z dictation_preview_pass engine=parakeet ms=164 samples=240000 chars=46
2026-09-05T00:50:40.002Z dictation_preview_pass engine=parakeet ms=159 samples=240000 chars=75
2026-09-05T00:50:41.109Z dictation_preview_pass engine=parakeet ms=174 samples=240000 chars=92
2026-09-05T00:50:42.213Z dictation_preview_pass engine=parakeet ms=175 samples=240000 chars=78
2026-09-05T00:50:43.329Z dictation_preview_pass engine=parakeet ms=190 samples=240000 chars=104
2026-09-05T00:50:43.499Z dictation_capture_heartbeat input_buffers=703 input_frames=3100230 isRunning=true default_input=present default_input_transport=built-in
2026-09-05T00:50:44.318Z dictation_preview_pass engine=parakeet ms=177 samples=240000 chars=104
2026-09-05T00:50:45.386Z dictation_preview_pass engine=parakeet ms=145 samples=240000 chars=30
2026-09-05T00:50:46.516Z dictation_preview_pass engine=parakeet ms=181 samples=240000 chars=118
2026-09-05T00:50:47.519Z dictation_preview_pass engine=parakeet ms=176 samples=240000 chars=92
2026-09-05T00:50:48.519Z dictation_capture_heartbeat input_buffers=753 input_frames=3320730 isRunning=true default_input=present default_input_transport=built-in
2026-09-05T00:50:48.606Z dictation_preview_pass engine=parakeet ms=171 samples=240000 chars=69
2026-09-05T00:50:49.718Z dictation_preview_pass engine=parakeet ms=180 samples=240000 chars=100
2026-09-05T00:50:50.814Z dictation_preview_pass engine=parakeet ms=174 samples=240000 chars=115
2026-09-05T00:50:51.927Z dictation_preview_pass engine=parakeet ms=184 samples=240000 chars=125
2026-09-05T00:50:53.008Z dictation_preview_pass engine=parakeet ms=174 samples=240000 chars=125
2026-09-05T00:50:53.531Z dictation_capture_heartbeat input_buffers=803 input_frames=3541230 isRunning=true default_input=present default_input_transport=built-in
2026-09-05T00:50:54.118Z dictation_preview_pass engine=parakeet ms=181 samples=240000 chars=132
2026-09-05T00:50:55.220Z dictation_preview_pass engine=parakeet ms=181 samples=240000 chars=129
2026-09-05T00:50:56.328Z dictation_preview_pass engine=parakeet ms=184 samples=240000 chars=156
2026-09-05T00:50:57.416Z dictation_preview_pass engine=parakeet ms=180 samples=240000 chars=171
2026-09-05T00:50:58.521Z dictation_preview_pass engine=parakeet ms=183 samples=240000 chars=162
2026-09-05T00:50:58.587Z dictation_capture_heartbeat input_buffers=854 input_frames=3766140 isRunning=true default_input=present default_input_transport=built-in
2026-09-05T00:50:59.644Z dictation_preview_pass engine=parakeet ms=202 samples=240000 chars=180
2026-09-05T00:51:00.746Z dictation_preview_pass engine=parakeet ms=203 samples=240000 chars=177
2026-09-05T00:51:01.836Z dictation_preview_pass engine=parakeet ms=202 samples=240000 chars=173
2026-09-05T00:51:02.941Z dictation_preview_pass engine=parakeet ms=203 samples=240000 chars=189
2026-09-05T00:51:03.602Z dictation_capture_heartbeat input_buffers=904 input_frames=3986640 isRunning=true default_input=present default_input_transport=built-in
2026-09-05T00:51:04.031Z dictation_preview_pass engine=parakeet ms=190 samples=240000 chars=169
2026-09-05T00:51:05.124Z dictation_preview_pass engine=parakeet ms=192 samples=240000 chars=151
2026-09-05T00:51:06.132Z dictation_preview_pass engine=parakeet ms=189 samples=240000 chars=143
2026-09-05T00:51:07.235Z dictation_preview_pass engine=parakeet ms=202 samples=240000 chars=171
2026-09-05T00:51:08.239Z dictation_preview_pass engine=parakeet ms=196 samples=240000 chars=180
2026-09-05T00:51:08.622Z dictation_capture_heartbeat input_buffers=954 input_frames=4207140 isRunning=true default_input=present default_input_transport=built-in
2026-09-05T00:51:09.331Z dictation_preview_pass engine=parakeet ms=196 samples=240000 chars=168
2026-09-05T00:51:10.443Z dictation_preview_pass engine=parakeet ms=205 samples=240000 chars=177
2026-09-05T00:51:11.534Z dictation_preview_pass engine=parakeet ms=193 samples=240000 chars=175
2026-09-05T00:51:12.627Z dictation_preview_pass engine=parakeet ms=195 samples=240000 chars=168
2026-09-05T00:51:13.632Z dictation_preview_pass engine=parakeet ms=189 samples=240000 chars=167
2026-09-05T00:51:13.670Z dictation_capture_heartbeat input_buffers=1005 input_frames=4432050 isRunning=true default_input=present default_input_transport=built-in
2026-09-05T00:51:14.710Z dictation_preview_pass engine=parakeet ms=176 samples=240000 chars=152
2026-09-05T00:51:15.832Z dictation_preview_pass engine=parakeet ms=196 samples=240000 chars=173
2026-09-05T00:51:16.938Z dictation_preview_pass engine=parakeet ms=198 samples=240000 chars=176
2026-09-05T00:51:18.040Z dictation_preview_pass engine=parakeet ms=197 samples=240000 chars=158
2026-09-05T00:51:18.694Z dictation_capture_heartbeat input_buffers=1055 input_frames=4652550 isRunning=true default_input=present default_input_transport=built-in
2026-09-05T00:51:19.124Z dictation_preview_pass engine=parakeet ms=190 samples=240000 chars=145
2026-09-05T00:51:20.224Z dictation_preview_pass engine=parakeet ms=187 samples=240000 chars=144
2026-09-05T00:51:21.327Z dictation_preview_pass engine=parakeet ms=188 samples=240000 chars=143
2026-09-05T00:51:22.421Z dictation_preview_pass engine=parakeet ms=177 samples=240000 chars=103
2026-09-05T00:51:23.506Z dictation_preview_pass engine=parakeet ms=172 samples=240000 chars=128
2026-09-05T00:51:23.713Z dictation_capture_heartbeat input_buffers=1105 input_frames=4873050 isRunning=true default_input=present default_input_transport=built-in
2026-09-05T00:51:24.627Z dictation_preview_pass engine=parakeet ms=190 samples=240000 chars=136
2026-09-05T00:51:25.723Z dictation_preview_pass engine=parakeet ms=183 samples=240000 chars=116
2026-09-05T00:51:26.824Z dictation_preview_pass engine=parakeet ms=181 samples=240000 chars=101
2026-09-05T00:51:27.911Z dictation_preview_pass engine=parakeet ms=177 samples=240000 chars=101
2026-09-05T00:51:28.742Z dictation_capture_heartbeat input_buffers=1156 input_frames=5097960 isRunning=true default_input=present default_input_transport=built-in
2026-09-05T00:51:28.895Z dictation_preview_pass engine=parakeet ms=160 samples=240000 chars=101
2026-09-05T00:51:29.916Z dictation_preview_pass engine=parakeet ms=173 samples=240000 chars=103
2026-09-05T00:51:31.007Z dictation_preview_pass engine=parakeet ms=172 samples=240000 chars=101
2026-09-05T00:51:32.113Z dictation_preview_pass engine=parakeet ms=175 samples=240000 chars=100
2026-09-05T00:51:33.210Z dictation_preview_pass engine=parakeet ms=171 samples=240000 chars=107
2026-09-05T00:51:33.759Z dictation_capture_heartbeat input_buffers=1206 input_frames=5318460 isRunning=true default_input=present default_input_transport=built-in
2026-09-05T00:51:34.328Z dictation_preview_pass engine=parakeet ms=185 samples=240000 chars=124
2026-09-05T00:51:35.426Z dictation_preview_pass engine=parakeet ms=192 samples=240000 chars=141
2026-09-05T00:51:36.519Z dictation_preview_pass engine=parakeet ms=181 samples=240000 chars=146
2026-09-05T00:51:37.617Z dictation_preview_pass engine=parakeet ms=177 samples=240000 chars=153
2026-09-05T00:51:38.714Z dictation_preview_pass engine=parakeet ms=172 samples=240000 chars=141
2026-09-05T00:51:38.769Z dictation_capture_heartbeat input_buffers=1256 input_frames=5538960 isRunning=true default_input=present default_input_transport=built-in
2026-09-05T00:51:39.811Z dictation_preview_pass engine=parakeet ms=176 samples=240000 chars=138
2026-09-05T00:51:40.929Z dictation_preview_pass engine=parakeet ms=191 samples=240000 chars=141
2026-09-05T00:51:42.025Z dictation_preview_pass engine=parakeet ms=185 samples=240000 chars=157
2026-09-05T00:51:43.133Z dictation_preview_pass engine=parakeet ms=189 samples=240000 chars=178
2026-09-05T00:51:43.779Z dictation_capture_heartbeat input_buffers=1306 input_frames=5759460 isRunning=true default_input=present default_input_transport=built-in
2026-09-05T00:51:44.236Z dictation_preview_pass engine=parakeet ms=202 samples=240000 chars=200
2026-09-05T00:51:45.346Z dictation_preview_pass engine=parakeet ms=208 samples=240000 chars=198
2026-09-05T00:51:46.447Z dictation_preview_pass engine=parakeet ms=206 samples=240000 chars=191
2026-09-05T00:51:47.557Z dictation_preview_pass engine=parakeet ms=214 samples=240000 chars=216
2026-09-05T00:51:48.641Z dictation_preview_pass engine=parakeet ms=205 samples=240000 chars=217
2026-09-05T00:51:48.805Z dictation_capture_heartbeat input_buffers=1356 input_frames=5979960 isRunning=true default_input=present default_input_transport=built-in
2026-09-05T00:51:49.750Z dictation_preview_pass engine=parakeet ms=213 samples=240000 chars=220
2026-09-05T00:51:50.849Z dictation_preview_pass engine=parakeet ms=209 samples=240000 chars=209
2026-09-05T00:51:51.931Z dictation_preview_pass engine=parakeet ms=189 samples=240000 chars=187
2026-09-05T00:51:53.051Z dictation_preview_pass engine=parakeet ms=216 samples=240000 chars=216
2026-09-05T00:51:53.823Z dictation_capture_heartbeat input_buffers=1406 input_frames=6200460 isRunning=true default_input=present default_input_transport=built-in
2026-09-05T00:51:54.152Z dictation_preview_pass engine=parakeet ms=214 samples=240000 chars=230
2026-09-05T00:51:55.245Z dictation_preview_pass engine=parakeet ms=204 samples=240000 chars=220
2026-09-05T00:51:56.333Z dictation_preview_pass engine=parakeet ms=202 samples=240000 chars=227
2026-09-05T00:51:57.339Z dictation_preview_pass engine=parakeet ms=197 samples=240000 chars=211
2026-09-05T00:51:58.426Z dictation_preview_pass engine=parakeet ms=193 samples=240000 chars=180
2026-09-05T00:51:58.867Z dictation_capture_heartbeat input_buffers=1457 input_frames=6425370 isRunning=true default_input=present default_input_transport=built-in
2026-09-05T00:51:59.447Z dictation_preview_pass engine=parakeet ms=203 samples=240000 chars=199
2026-09-05T00:52:00.540Z dictation_preview_pass engine=parakeet ms=206 samples=240000 chars=192
2026-09-05T00:52:01.638Z dictation_preview_pass engine=parakeet ms=200 samples=240000 chars=191
2026-09-05T00:52:02.737Z dictation_preview_pass engine=parakeet ms=196 samples=240000 chars=173
2026-09-05T00:52:03.838Z dictation_preview_pass engine=parakeet ms=207 samples=240000 chars=209
2026-09-05T00:52:03.884Z dictation_capture_heartbeat input_buffers=1507 input_frames=6645870 isRunning=true default_input=present default_input_transport=built-in
2026-09-05T00:52:04.844Z dictation_preview_pass engine=parakeet ms=203 samples=240000 chars=200
2026-09-05T00:52:05.942Z dictation_preview_pass engine=parakeet ms=208 samples=240000 chars=192
2026-09-05T00:52:07.044Z dictation_preview_pass engine=parakeet ms=207 samples=240000 chars=213
2026-09-05T00:52:08.146Z dictation_preview_pass engine=parakeet ms=207 samples=240000 chars=209
2026-09-05T00:52:08.892Z dictation_capture_heartbeat input_buffers=1557 input_frames=6866370 isRunning=true default_input=present default_input_transport=built-in
2026-09-05T00:52:09.239Z dictation_preview_pass engine=parakeet ms=197 samples=240000 chars=180
2026-09-05T00:52:10.346Z dictation_preview_pass engine=parakeet ms=213 samples=240000 chars=190
2026-09-05T00:52:11.443Z dictation_preview_pass engine=parakeet ms=206 samples=240000 chars=222
2026-09-05T00:52:12.565Z dictation_preview_pass engine=parakeet ms=225 samples=240000 chars=237
2026-09-05T00:52:13.668Z dictation_preview_pass engine=parakeet ms=225 samples=240000 chars=242
2026-09-05T00:52:13.918Z dictation_capture_heartbeat input_buffers=1607 input_frames=7086870 isRunning=true default_input=present default_input_transport=built-in
2026-09-05T00:52:14.752Z dictation_preview_pass engine=parakeet ms=219 samples=240000 chars=248
2026-09-05T00:52:15.844Z dictation_preview_pass engine=parakeet ms=208 samples=240000 chars=234
2026-09-05T00:52:16.959Z dictation_preview_pass engine=parakeet ms=221 samples=240000 chars=245
2026-09-05T00:52:18.072Z dictation_preview_pass engine=parakeet ms=229 samples=240000 chars=246
2026-09-05T00:52:18.945Z dictation_capture_heartbeat input_buffers=1658 input_frames=7311780 isRunning=true default_input=present default_input_transport=built-in
2026-09-05T00:52:19.153Z dictation_preview_pass engine=parakeet ms=219 samples=240000 chars=231
2026-09-05T00:52:20.267Z dictation_preview_pass engine=parakeet ms=230 samples=240000 chars=252
2026-09-05T00:52:21.372Z dictation_preview_pass engine=parakeet ms=232 samples=240000 chars=260
2026-09-05T00:52:22.447Z dictation_preview_pass engine=parakeet ms=204 samples=240000 chars=236
2026-09-05T00:52:23.554Z dictation_preview_pass engine=parakeet ms=221 samples=240000 chars=230
2026-09-05T00:52:23.965Z dictation_capture_heartbeat input_buffers=1708 input_frames=7532280 isRunning=true default_input=present default_input_transport=built-in
2026-09-05T00:52:24.648Z dictation_preview_pass engine=parakeet ms=212 samples=240000 chars=247
2026-09-05T00:52:25.771Z dictation_preview_pass engine=parakeet ms=231 samples=240000 chars=243
2026-09-05T00:52:26.854Z dictation_preview_pass engine=parakeet ms=212 samples=240000 chars=216
2026-09-05T00:52:27.960Z dictation_preview_pass engine=parakeet ms=226 samples=240000 chars=228
2026-09-05T00:52:29.001Z dictation_capture_heartbeat input_buffers=1758 input_frames=7752780 isRunning=true default_input=present default_input_transport=built-in
2026-09-05T00:52:29.055Z dictation_preview_pass engine=parakeet ms=219 samples=240000 chars=233
2026-09-05T00:52:30.149Z dictation_preview_pass engine=parakeet ms=209 samples=240000 chars=203
2026-09-05T00:52:31.257Z dictation_preview_pass engine=parakeet ms=214 samples=240000 chars=202
2026-09-05T00:52:32.340Z dictation_preview_pass engine=parakeet ms=207 samples=240000 chars=211
2026-09-05T00:52:33.448Z dictation_preview_pass engine=parakeet ms=211 samples=240000 chars=210
2026-09-05T00:52:34.058Z dictation_capture_heartbeat input_buffers=1809 input_frames=7977690 isRunning=true default_input=present default_input_transport=built-in
2026-09-05T00:52:34.535Z dictation_preview_pass engine=parakeet ms=194 samples=240000 chars=207
2026-09-05T00:52:35.643Z dictation_preview_pass engine=parakeet ms=201 samples=240000 chars=206
2026-09-05T00:52:36.746Z dictation_preview_pass engine=parakeet ms=212 samples=240000 chars=217
2026-09-05T00:52:37.749Z dictation_preview_pass engine=parakeet ms=215 samples=240000 chars=228
2026-09-05T00:52:38.762Z dictation_preview_pass engine=parakeet ms=220 samples=240000 chars=221
2026-09-05T00:52:39.105Z dictation_capture_heartbeat input_buffers=1859 input_frames=8198190 isRunning=true default_input=present default_input_transport=built-in
2026-09-05T00:52:39.861Z dictation_preview_pass engine=parakeet ms=226 samples=240000 chars=245
2026-09-05T00:52:40.962Z dictation_preview_pass engine=parakeet ms=224 samples=240000 chars=247
2026-09-05T00:52:42.078Z dictation_preview_pass engine=parakeet ms=237 samples=240000 chars=277
2026-09-05T00:52:43.173Z dictation_preview_pass engine=parakeet ms=230 samples=240000 chars=242
2026-09-05T00:52:44.131Z dictation_capture_heartbeat input_buffers=1909 input_frames=8418690 isRunning=true default_input=present default_input_transport=built-in
2026-09-05T00:52:44.267Z dictation_preview_pass engine=parakeet ms=233 samples=240000 chars=258
2026-09-05T00:52:45.387Z dictation_preview_pass engine=parakeet ms=250 samples=240000 chars=278
2026-09-05T00:52:46.489Z dictation_preview_pass engine=parakeet ms=248 samples=240000 chars=302
2026-09-05T00:52:47.580Z dictation_preview_pass engine=parakeet ms=249 samples=240000 chars=283
2026-09-05T00:52:48.595Z dictation_preview_pass engine=parakeet ms=254 samples=240000 chars=283
2026-09-05T00:52:49.163Z dictation_capture_heartbeat input_buffers=1960 input_frames=8643600 isRunning=true default_input=present default_input_transport=built-in
2026-09-05T00:52:49.663Z dictation_preview_pass engine=parakeet ms=231 samples=240000 chars=291
2026-09-05T00:52:50.676Z dictation_preview_pass engine=parakeet ms=233 samples=240000 chars=271
2026-09-05T00:52:51.755Z dictation_preview_pass engine=parakeet ms=221 samples=240000 chars=243
2026-09-05T00:52:52.865Z dictation_preview_pass engine=parakeet ms=228 samples=240000 chars=266
2026-09-05T00:52:53.984Z dictation_preview_pass engine=parakeet ms=245 samples=240000 chars=293
2026-09-05T00:52:54.222Z dictation_capture_heartbeat input_buffers=2010 input_frames=8864100 isRunning=true default_input=present default_input_transport=built-in
2026-09-05T00:52:55.048Z dictation_preview_pass engine=parakeet ms=216 samples=240000 chars=254
2026-09-05T00:52:56.059Z dictation_preview_pass engine=parakeet ms=218 samples=240000 chars=234
2026-09-05T00:52:57.135Z dictation_preview_pass engine=parakeet ms=200 samples=240000 chars=218
2026-09-05T00:52:58.251Z dictation_preview_pass engine=parakeet ms=216 samples=240000 chars=221
2026-09-05T00:52:59.233Z dictation_capture_heartbeat input_buffers=2061 input_frames=9089010 isRunning=true default_input=present default_input_transport=built-in
2026-09-05T00:52:59.338Z dictation_preview_pass engine=parakeet ms=201 samples=240000 chars=211
2026-09-05T00:53:00.463Z dictation_preview_pass engine=parakeet ms=221 samples=240000 chars=240
2026-09-05T00:53:01.550Z dictation_preview_pass engine=parakeet ms=215 samples=240000 chars=233
2026-09-05T00:53:02.654Z dictation_preview_pass engine=parakeet ms=218 samples=240000 chars=229
2026-09-05T00:53:03.738Z dictation_preview_pass engine=parakeet ms=200 samples=240000 chars=217
2026-09-05T00:53:04.286Z dictation_capture_heartbeat input_buffers=2111 input_frames=9309510 isRunning=true default_input=present default_input_transport=built-in
2026-09-05T00:53:04.859Z dictation_preview_pass engine=parakeet ms=218 samples=240000 chars=228
2026-09-05T00:53:05.939Z dictation_preview_pass engine=parakeet ms=206 samples=240000 chars=236
2026-09-05T00:53:07.061Z dictation_preview_pass engine=parakeet ms=225 samples=240000 chars=243
2026-09-05T00:53:08.154Z dictation_preview_pass engine=parakeet ms=216 samples=240000 chars=228
2026-09-05T00:53:09.253Z dictation_preview_pass engine=parakeet ms=211 samples=240000 chars=197
2026-09-05T00:53:09.328Z dictation_capture_heartbeat input_buffers=2161 input_frames=9530010 isRunning=true default_input=present default_input_transport=built-in
2026-09-05T00:53:10.351Z dictation_preview_pass engine=parakeet ms=218 samples=240000 chars=229
2026-09-05T00:53:11.465Z dictation_preview_pass engine=parakeet ms=228 samples=240000 chars=249
2026-09-05T00:53:12.562Z dictation_preview_pass engine=parakeet ms=222 samples=240000 chars=251
2026-09-05T00:53:13.672Z dictation_preview_pass engine=parakeet ms=230 samples=240000 chars=202
2026-09-05T00:53:14.351Z dictation_capture_heartbeat input_buffers=2212 input_frames=9754920 isRunning=true default_input=present default_input_transport=built-in
2026-09-05T00:53:14.747Z dictation_preview_pass engine=parakeet ms=214 samples=240000 chars=261
2026-09-05T00:53:15.854Z dictation_preview_pass engine=parakeet ms=218 samples=240000 chars=259
2026-09-05T00:53:16.975Z dictation_preview_pass engine=parakeet ms=236 samples=240000 chars=266
2026-09-05T00:53:18.070Z dictation_preview_pass engine=parakeet ms=228 samples=240000 chars=275
2026-09-05T00:53:19.167Z dictation_preview_pass engine=parakeet ms=232 samples=240000 chars=233
2026-09-05T00:53:19.367Z dictation_capture_heartbeat input_buffers=2262 input_frames=9975420 isRunning=true default_input=present default_input_transport=built-in
2026-09-05T00:53:20.279Z dictation_preview_pass engine=parakeet ms=243 samples=240000 chars=284
2026-09-05T00:53:21.381Z dictation_preview_pass engine=parakeet ms=242 samples=240000 chars=283
2026-09-05T00:53:22.477Z dictation_preview_pass engine=parakeet ms=235 samples=240000 chars=281
2026-09-05T00:53:23.566Z dictation_preview_pass engine=parakeet ms=232 samples=240000 chars=281
2026-09-05T00:53:24.423Z dictation_capture_heartbeat input_buffers=2312 input_frames=10195920 isRunning=true default_input=present default_input_transport=built-in
2026-09-05T00:53:24.674Z dictation_preview_pass engine=parakeet ms=238 samples=240000 chars=277
2026-09-05T00:53:25.693Z dictation_preview_pass engine=parakeet ms=154 samples=240000 chars=22
2026-09-05T00:53:26.870Z dictation_preview_pass engine=parakeet ms=228 samples=240000 chars=224
2026-09-05T00:53:27.967Z dictation_preview_pass engine=parakeet ms=233 samples=240000 chars=250
2026-09-05T00:53:28.966Z dictation_preview_pass engine=parakeet ms=232 samples=240000 chars=253
2026-09-05T00:53:29.433Z dictation_capture_heartbeat input_buffers=2362 input_frames=10416420 isRunning=true default_input=present default_input_transport=built-in
2026-09-05T00:53:29.976Z dictation_preview_pass engine=parakeet ms=233 samples=240000 chars=207
2026-09-05T00:53:31.063Z dictation_preview_pass engine=parakeet ms=229 samples=240000 chars=229
2026-09-05T00:53:32.155Z dictation_preview_pass engine=parakeet ms=218 samples=240000 chars=207
2026-09-05T00:53:33.253Z dictation_preview_pass engine=parakeet ms=214 samples=240000 chars=189
2026-09-05T00:53:34.343Z dictation_preview_pass engine=parakeet ms=201 samples=240000 chars=182
2026-09-05T00:53:34.462Z dictation_capture_heartbeat input_buffers=2413 input_frames=10641330 isRunning=true default_input=present default_input_transport=built-in
2026-09-05T00:53:35.456Z dictation_preview_pass engine=parakeet ms=222 samples=240000 chars=211
2026-09-05T00:53:36.554Z dictation_preview_pass engine=parakeet ms=218 samples=240000 chars=212
2026-09-05T00:53:37.658Z dictation_preview_pass engine=parakeet ms=217 samples=240000 chars=212
2026-09-05T00:53:38.754Z dictation_preview_pass engine=parakeet ms=223 samples=240000 chars=217
2026-09-05T00:53:39.517Z dictation_capture_heartbeat input_buffers=2463 input_frames=10861830 isRunning=true default_input=present default_input_transport=built-in
2026-09-05T00:53:39.750Z dictation_preview_pass engine=parakeet ms=210 samples=240000 chars=200
2026-09-05T00:53:40.835Z dictation_preview_pass engine=parakeet ms=203 samples=240000 chars=187
2026-09-05T00:53:41.844Z dictation_preview_pass engine=parakeet ms=201 samples=240000 chars=178
2026-09-05T00:53:42.928Z dictation_preview_pass engine=parakeet ms=194 samples=240000 chars=180
2026-09-05T00:53:44.028Z dictation_preview_pass engine=parakeet ms=191 samples=240000 chars=174
2026-09-05T00:53:44.531Z dictation_capture_heartbeat input_buffers=2513 input_frames=11082330 isRunning=true default_input=present default_input_transport=built-in
2026-09-05T00:53:45.125Z dictation_preview_pass engine=parakeet ms=186 samples=240000 chars=159
2026-09-05T00:53:46.215Z dictation_preview_pass engine=parakeet ms=185 samples=240000 chars=152
2026-09-05T00:53:47.236Z dictation_preview_pass engine=parakeet ms=196 samples=240000 chars=166
2026-09-05T00:53:48.315Z dictation_preview_pass engine=parakeet ms=182 samples=240000 chars=163
2026-09-05T00:53:49.426Z dictation_preview_pass engine=parakeet ms=190 samples=240000 chars=143
2026-09-05T00:53:49.587Z dictation_capture_heartbeat input_buffers=2564 input_frames=11307240 isRunning=true default_input=present default_input_transport=built-in
2026-09-05T00:53:50.519Z dictation_preview_pass engine=parakeet ms=180 samples=240000 chars=129
2026-09-05T00:53:51.510Z dictation_preview_pass engine=parakeet ms=170 samples=240000 chars=106
2026-09-05T00:53:52.604Z dictation_preview_pass engine=parakeet ms=164 samples=240000 chars=94
2026-09-05T00:53:53.698Z dictation_preview_pass engine=parakeet ms=167 samples=240000 chars=80
2026-09-05T00:53:54.606Z dictation_capture_heartbeat input_buffers=2614 input_frames=11527740 isRunning=true default_input=present default_input_transport=built-in
2026-09-05T00:53:54.710Z dictation_preview_pass engine=parakeet ms=169 samples=240000 chars=100
2026-09-05T00:53:55.789Z dictation_preview_pass engine=parakeet ms=155 samples=240000 chars=102
2026-09-05T00:53:56.905Z dictation_preview_pass engine=parakeet ms=169 samples=240000 chars=98
2026-09-05T00:53:58.004Z dictation_preview_pass engine=parakeet ms=166 samples=240000 chars=98
2026-09-05T00:53:59.005Z dictation_preview_pass engine=parakeet ms=167 samples=240000 chars=96
2026-09-05T00:53:59.657Z dictation_capture_heartbeat input_buffers=2665 input_frames=11752650 isRunning=true default_input=present default_input_transport=built-in
2026-09-05T00:54:00.103Z dictation_preview_pass engine=parakeet ms=163 samples=240000 chars=94
2026-09-05T00:54:01.194Z dictation_preview_pass engine=parakeet ms=163 samples=240000 chars=84
2026-09-05T00:54:02.222Z dictation_preview_pass engine=parakeet ms=181 samples=240000 chars=113
2026-09-05T00:54:03.300Z dictation_preview_pass engine=parakeet ms=168 samples=240000 chars=125
2026-09-05T00:54:04.416Z dictation_preview_pass engine=parakeet ms=180 samples=240000 chars=130
2026-09-05T00:54:04.681Z dictation_capture_heartbeat input_buffers=2715 input_frames=11973150 isRunning=true default_input=present default_input_transport=built-in
2026-09-05T00:54:05.514Z dictation_preview_pass engine=parakeet ms=176 samples=240000 chars=126
2026-09-05T00:54:06.607Z dictation_preview_pass engine=parakeet ms=166 samples=240000 chars=122
2026-09-05T00:54:07.724Z dictation_preview_pass engine=parakeet ms=192 samples=240000 chars=173
2026-09-05T00:54:08.822Z dictation_preview_pass engine=parakeet ms=186 samples=240000 chars=173
2026-09-05T00:54:09.692Z dictation_capture_heartbeat input_buffers=2765 input_frames=12193650 isRunning=true default_input=present default_input_transport=built-in
2026-09-05T00:54:09.920Z dictation_preview_pass engine=parakeet ms=182 samples=240000 chars=170
2026-09-05T00:54:11.038Z dictation_preview_pass engine=parakeet ms=197 samples=240000 chars=180
2026-09-05T00:54:12.137Z dictation_preview_pass engine=parakeet ms=204 samples=240000 chars=210
2026-09-05T00:54:13.228Z dictation_preview_pass engine=parakeet ms=193 samples=240000 chars=204
2026-09-05T00:54:14.342Z dictation_preview_pass engine=parakeet ms=204 samples=240000 chars=204
2026-09-05T00:54:14.709Z dictation_capture_heartbeat input_buffers=2815 input_frames=12414150 isRunning=true default_input=present default_input_transport=built-in
2026-09-05T00:54:15.452Z dictation_preview_pass engine=parakeet ms=210 samples=240000 chars=205
2026-09-05T00:54:16.523Z dictation_preview_pass engine=parakeet ms=190 samples=240000 chars=214
2026-09-05T00:54:17.636Z dictation_preview_pass engine=parakeet ms=201 samples=240000 chars=196
2026-09-05T00:54:18.723Z dictation_preview_pass engine=parakeet ms=185 samples=240000 chars=178
2026-09-05T00:54:19.730Z dictation_capture_heartbeat input_buffers=2865 input_frames=12634650 isRunning=true default_input=present default_input_transport=built-in
2026-09-05T00:54:19.839Z dictation_preview_pass engine=parakeet ms=198 samples=240000 chars=194
2026-09-05T00:54:20.920Z dictation_preview_pass engine=parakeet ms=187 samples=240000 chars=200
2026-09-05T00:54:22.038Z dictation_preview_pass engine=parakeet ms=203 samples=240000 chars=191
2026-09-05T00:54:23.144Z dictation_preview_pass engine=parakeet ms=205 samples=240000 chars=200
2026-09-05T00:54:24.242Z dictation_preview_pass engine=parakeet ms=200 samples=240000 chars=201
2026-09-05T00:54:24.741Z dictation_capture_heartbeat input_buffers=2916 input_frames=12859560 isRunning=true default_input=present default_input_transport=built-in
2026-09-05T00:54:25.325Z dictation_preview_pass engine=parakeet ms=192 samples=240000 chars=168
2026-09-05T00:54:26.419Z dictation_preview_pass engine=parakeet ms=184 samples=240000 chars=158
2026-09-05T00:54:27.522Z dictation_preview_pass engine=parakeet ms=182 samples=240000 chars=142
2026-09-05T00:54:28.621Z dictation_preview_pass engine=parakeet ms=179 samples=240000 chars=142
2026-09-05T00:54:29.716Z dictation_preview_pass engine=parakeet ms=183 samples=240000 chars=147
2026-09-05T00:54:29.794Z dictation_capture_heartbeat input_buffers=2966 input_frames=13080060 isRunning=true default_input=present default_input_transport=built-in
2026-09-05T00:54:30.816Z dictation_preview_pass engine=parakeet ms=181 samples=240000 chars=128
2026-09-05T00:54:31.912Z dictation_preview_pass engine=parakeet ms=172 samples=240000 chars=118
2026-09-05T00:54:33.004Z dictation_preview_pass engine=parakeet ms=162 samples=240000 chars=118
2026-09-05T00:54:34.105Z dictation_preview_pass engine=parakeet ms=172 samples=240000 chars=128
2026-09-05T00:54:34.837Z dictation_capture_heartbeat input_buffers=3016 input_frames=13300560 isRunning=true default_input=present default_input_transport=built-in
2026-09-05T00:54:35.226Z dictation_preview_pass engine=parakeet ms=190 samples=240000 chars=134
2026-09-05T00:54:36.321Z dictation_preview_pass engine=parakeet ms=182 samples=240000 chars=126
2026-09-05T00:54:37.418Z dictation_preview_pass engine=parakeet ms=187 samples=240000 chars=118
2026-09-05T00:54:38.429Z dictation_preview_pass engine=parakeet ms=188 samples=240000 chars=106
2026-09-05T00:54:39.514Z dictation_preview_pass engine=parakeet ms=182 samples=240000 chars=103
2026-09-05T00:54:39.846Z dictation_capture_heartbeat input_buffers=3067 input_frames=13525470 isRunning=true default_input=present default_input_transport=built-in
2026-09-05T00:54:40.616Z dictation_preview_pass engine=parakeet ms=182 samples=240000 chars=112
2026-09-05T00:54:41.703Z dictation_preview_pass engine=parakeet ms=165 samples=240000 chars=105
2026-09-05T00:54:42.807Z dictation_preview_pass engine=parakeet ms=165 samples=240000 chars=106
2026-09-05T00:54:43.906Z dictation_preview_pass engine=parakeet ms=173 samples=240000 chars=96
2026-09-05T00:54:44.853Z dictation_capture_heartbeat input_buffers=3117 input_frames=13745970 isRunning=true default_input=present default_input_transport=built-in
2026-09-05T00:54:45.008Z dictation_preview_pass engine=parakeet ms=174 samples=240000 chars=110
2026-09-05T00:54:46.115Z dictation_preview_pass engine=parakeet ms=177 samples=240000 chars=117
2026-09-05T00:54:47.237Z dictation_preview_pass engine=parakeet ms=196 samples=240000 chars=151
2026-09-05T00:54:48.245Z dictation_preview_pass engine=parakeet ms=205 samples=240000 chars=168
2026-09-05T00:54:49.325Z dictation_preview_pass engine=parakeet ms=194 samples=240000 chars=151
2026-09-05T00:54:49.869Z dictation_capture_heartbeat input_buffers=3167 input_frames=13966470 isRunning=true default_input=present default_input_transport=built-in
2026-09-05T00:54:50.319Z dictation_preview_pass engine=parakeet ms=178 samples=240000 chars=150
2026-09-05T00:54:51.413Z dictation_preview_pass engine=parakeet ms=181 samples=240000 chars=148
2026-09-05T00:54:52.514Z dictation_preview_pass engine=parakeet ms=178 samples=240000 chars=142
2026-09-05T00:54:53.629Z dictation_preview_pass engine=parakeet ms=192 samples=240000 chars=172
2026-09-05T00:54:54.728Z dictation_preview_pass engine=parakeet ms=186 samples=240000 chars=170
2026-09-05T00:54:54.880Z dictation_capture_heartbeat input_buffers=3217 input_frames=14186970 isRunning=true default_input=present default_input_transport=built-in
2026-09-05T00:54:55.813Z dictation_preview_pass engine=parakeet ms=178 samples=240000 chars=166
2026-09-05T00:54:56.940Z dictation_preview_pass engine=parakeet ms=205 samples=240000 chars=210
2026-09-05T00:54:58.039Z dictation_preview_pass engine=parakeet ms=201 samples=240000 chars=210
2026-09-05T00:54:59.162Z dictation_preview_pass engine=parakeet ms=222 samples=240000 chars=262
2026-09-05T00:54:59.909Z dictation_capture_heartbeat input_buffers=3267 input_frames=14407470 isRunning=true default_input=present default_input_transport=built-in
2026-09-05T00:55:00.245Z dictation_preview_pass engine=parakeet ms=213 samples=240000 chars=246
2026-09-05T00:55:01.333Z dictation_preview_pass engine=parakeet ms=198 samples=240000 chars=238
2026-09-05T00:55:02.434Z dictation_preview_pass engine=parakeet ms=196 samples=240000 chars=230
2026-09-05T00:55:03.544Z dictation_preview_pass engine=parakeet ms=202 samples=240000 chars=241
2026-09-05T00:55:04.542Z dictation_preview_pass engine=parakeet ms=198 samples=240000 chars=221
2026-09-05T00:55:04.934Z dictation_capture_heartbeat input_buffers=3318 input_frames=14632380 isRunning=true default_input=present default_input_transport=built-in
2026-09-05T00:55:05.632Z dictation_preview_pass engine=parakeet ms=201 samples=240000 chars=193
2026-09-05T00:55:06.642Z dictation_preview_pass engine=parakeet ms=199 samples=240000 chars=227
2026-09-05T00:55:07.741Z dictation_preview_pass engine=parakeet ms=209 samples=240000 chars=216
2026-09-05T00:55:08.832Z dictation_preview_pass engine=parakeet ms=197 samples=240000 chars=197
2026-09-05T00:55:09.931Z dictation_preview_pass engine=parakeet ms=194 samples=240000 chars=193
2026-09-05T00:55:09.951Z dictation_capture_heartbeat input_buffers=3368 input_frames=14852880 isRunning=true default_input=present default_input_transport=built-in
2026-09-05T00:55:10.919Z dictation_preview_pass engine=parakeet ms=181 samples=240000 chars=175
2026-09-05T00:55:12.017Z dictation_preview_pass engine=parakeet ms=177 samples=240000 chars=184
2026-09-05T00:55:13.119Z dictation_preview_pass engine=parakeet ms=188 samples=240000 chars=160
2026-09-05T00:55:14.132Z dictation_preview_pass engine=parakeet ms=189 samples=240000 chars=182
2026-09-05T00:55:14.982Z dictation_capture_heartbeat input_buffers=3418 input_frames=15073380 isRunning=true default_input=present default_input_transport=built-in
2026-09-05T00:55:15.223Z dictation_preview_pass engine=parakeet ms=191 samples=240000 chars=193
2026-09-05T00:55:16.237Z dictation_preview_pass engine=parakeet ms=204 samples=240000 chars=203
2026-09-05T00:55:17.251Z dictation_preview_pass engine=parakeet ms=209 samples=240000 chars=197
2026-09-05T00:55:18.335Z dictation_preview_pass engine=parakeet ms=203 samples=240000 chars=195
2026-09-05T00:55:19.444Z dictation_preview_pass engine=parakeet ms=209 samples=240000 chars=215
2026-09-05T00:55:19.992Z dictation_capture_heartbeat input_buffers=3468 input_frames=15293880 isRunning=true default_input=present default_input_transport=built-in
2026-09-05T00:55:20.543Z dictation_preview_pass engine=parakeet ms=203 samples=240000 chars=201
2026-09-05T00:55:21.629Z dictation_preview_pass engine=parakeet ms=187 samples=240000 chars=183
2026-09-05T00:55:22.715Z dictation_preview_pass engine=parakeet ms=184 samples=240000 chars=181
2026-09-05T00:55:23.846Z dictation_preview_pass engine=parakeet ms=212 samples=240000 chars=205
2026-09-05T00:55:24.944Z dictation_preview_pass engine=parakeet ms=206 samples=240000 chars=201
2026-09-05T00:55:25.027Z dictation_capture_heartbeat input_buffers=3518 input_frames=15514380 isRunning=true default_input=present default_input_transport=built-in
2026-09-05T00:55:26.061Z dictation_preview_pass engine=parakeet ms=220 samples=240000 chars=234
2026-09-05T00:55:27.143Z dictation_preview_pass engine=parakeet ms=210 samples=240000 chars=210
2026-09-05T00:55:28.231Z dictation_preview_pass engine=parakeet ms=195 samples=240000 chars=169
2026-09-05T00:55:29.327Z dictation_preview_pass engine=parakeet ms=187 samples=240000 chars=158
2026-09-05T00:55:30.051Z dictation_capture_heartbeat input_buffers=3569 input_frames=15739290 isRunning=true default_input=present default_input_transport=built-in
2026-09-05T00:55:30.425Z dictation_preview_pass engine=parakeet ms=183 samples=240000 chars=152
2026-09-05T00:55:31.518Z dictation_preview_pass engine=parakeet ms=186 samples=240000 chars=160
2026-09-05T00:55:32.633Z dictation_preview_pass engine=parakeet ms=197 samples=240000 chars=185
2026-09-05T00:55:33.745Z dictation_preview_pass engine=parakeet ms=205 samples=240000 chars=198
2026-09-05T00:55:34.845Z dictation_preview_pass engine=parakeet ms=202 samples=240000 chars=176
2026-09-05T00:55:35.061Z dictation_capture_heartbeat input_buffers=3619 input_frames=15959790 isRunning=true default_input=present default_input_transport=built-in
2026-09-05T00:55:35.924Z dictation_preview_pass engine=parakeet ms=191 samples=240000 chars=159
2026-09-05T00:55:37.033Z dictation_preview_pass engine=parakeet ms=198 samples=240000 chars=160
2026-09-05T00:55:38.132Z dictation_preview_pass engine=parakeet ms=194 samples=240000 chars=156
2026-09-05T00:55:39.220Z dictation_preview_pass engine=parakeet ms=191 samples=240000 chars=129
2026-09-05T00:55:40.077Z dictation_capture_heartbeat input_buffers=3669 input_frames=16180290 isRunning=true default_input=present default_input_transport=built-in
2026-09-05T00:55:40.221Z dictation_preview_pass engine=parakeet ms=180 samples=240000 chars=111
2026-09-05T00:55:41.304Z dictation_preview_pass engine=parakeet ms=173 samples=240000 chars=102
2026-09-05T00:55:42.309Z dictation_preview_pass engine=parakeet ms=166 samples=240000 chars=103
2026-09-05T00:55:43.424Z dictation_preview_pass engine=parakeet ms=192 samples=240000 chars=110
2026-09-05T00:55:44.521Z dictation_preview_pass engine=parakeet ms=186 samples=240000 chars=103
2026-09-05T00:55:45.092Z dictation_capture_heartbeat input_buffers=3719 input_frames=16400790 isRunning=true default_input=present default_input_transport=built-in
2026-09-05T00:55:45.606Z dictation_preview_pass engine=parakeet ms=167 samples=240000 chars=76
2026-09-05T00:55:46.703Z dictation_preview_pass engine=parakeet ms=174 samples=240000 chars=66
2026-09-05T00:55:47.719Z dictation_preview_pass engine=parakeet ms=179 samples=240000 chars=101
2026-09-05T00:55:48.810Z dictation_preview_pass engine=parakeet ms=178 samples=240000 chars=96
2026-09-05T00:55:49.821Z dictation_preview_pass engine=parakeet ms=179 samples=240000 chars=87
2026-09-05T00:55:50.126Z dictation_capture_heartbeat input_buffers=3769 input_frames=16621290 isRunning=true default_input=present default_input_transport=built-in
2026-09-05T00:55:50.904Z dictation_preview_pass engine=parakeet ms=172 samples=240000 chars=79
2026-09-05T00:55:52.005Z dictation_preview_pass engine=parakeet ms=170 samples=240000 chars=82
2026-09-05T00:55:53.122Z dictation_preview_pass engine=parakeet ms=183 samples=240000 chars=138
2026-09-05T00:55:54.225Z dictation_preview_pass engine=parakeet ms=196 samples=240000 chars=138
2026-09-05T00:55:55.132Z dictation_capture_heartbeat input_buffers=3819 input_frames=16841790 isRunning=true default_input=present default_input_transport=built-in
2026-09-05T00:55:55.226Z dictation_preview_pass engine=parakeet ms=186 samples=240000 chars=137
2026-09-05T00:55:56.333Z dictation_preview_pass engine=parakeet ms=201 samples=240000 chars=153
2026-09-05T00:55:57.440Z dictation_preview_pass engine=parakeet ms=206 samples=240000 chars=164
2026-09-05T00:55:58.530Z dictation_preview_pass engine=parakeet ms=193 samples=240000 chars=139
2026-09-05T00:55:59.626Z dictation_preview_pass engine=parakeet ms=186 samples=240000 chars=150
2026-09-05T00:56:00.151Z dictation_capture_heartbeat input_buffers=3870 input_frames=17066700 isRunning=true default_input=present default_input_transport=built-in
2026-09-05T00:56:00.729Z dictation_preview_pass engine=parakeet ms=197 samples=240000 chars=156
2026-09-05T00:56:01.839Z dictation_preview_pass engine=parakeet ms=204 samples=240000 chars=174
2026-09-05T00:56:02.945Z dictation_preview_pass engine=parakeet ms=207 samples=240000 chars=136
2026-09-05T00:56:04.033Z dictation_preview_pass engine=parakeet ms=192 samples=240000 chars=133
2026-09-05T00:56:05.127Z dictation_preview_pass engine=parakeet ms=195 samples=240000 chars=142
2026-09-05T00:56:05.173Z dictation_capture_heartbeat input_buffers=3920 input_frames=17287200 isRunning=true default_input=present default_input_transport=built-in
2026-09-05T00:56:06.236Z dictation_preview_pass engine=parakeet ms=202 samples=240000 chars=165
2026-09-05T00:56:07.309Z dictation_preview_pass engine=parakeet ms=172 samples=240000 chars=112
2026-09-05T00:56:08.454Z dictation_preview_pass engine=parakeet ms=209 samples=240000 chars=171
2026-09-05T00:56:09.515Z dictation_preview_pass engine=parakeet ms=183 samples=240000 chars=165
2026-09-05T00:56:10.199Z dictation_capture_heartbeat input_buffers=3970 input_frames=17507700 isRunning=true default_input=present default_input_transport=built-in
2026-09-05T00:56:10.631Z dictation_preview_pass engine=parakeet ms=196 samples=240000 chars=196
2026-09-05T00:56:11.735Z dictation_preview_pass engine=parakeet ms=198 samples=240000 chars=216
2026-09-05T00:56:12.855Z dictation_preview_pass engine=parakeet ms=214 samples=240000 chars=229
2026-09-05T00:56:13.949Z dictation_preview_pass engine=parakeet ms=217 samples=240000 chars=240
2026-09-05T00:56:15.050Z dictation_preview_pass engine=parakeet ms=215 samples=240000 chars=230
2026-09-05T00:56:15.242Z dictation_capture_heartbeat input_buffers=4021 input_frames=17732610 isRunning=true default_input=present default_input_transport=built-in
2026-09-05T00:56:16.165Z dictation_preview_pass engine=parakeet ms=228 samples=240000 chars=270
2026-09-05T00:56:17.267Z dictation_preview_pass engine=parakeet ms=227 samples=240000 chars=247
2026-09-05T00:56:18.360Z dictation_preview_pass engine=parakeet ms=229 samples=240000 chars=276
2026-09-05T00:56:19.469Z dictation_preview_pass engine=parakeet ms=234 samples=240000 chars=282
2026-09-05T00:56:20.269Z dictation_capture_heartbeat input_buffers=4071 input_frames=17953110 isRunning=true default_input=present default_input_transport=built-in
2026-09-05T00:56:20.558Z dictation_preview_pass engine=parakeet ms=220 samples=240000 chars=258
2026-09-05T00:56:21.657Z dictation_preview_pass engine=parakeet ms=216 samples=240000 chars=272
2026-09-05T00:56:22.747Z dictation_preview_pass engine=parakeet ms=214 samples=240000 chars=254
2026-09-05T00:56:23.862Z dictation_preview_pass engine=parakeet ms=227 samples=240000 chars=257
2026-09-05T00:56:24.953Z dictation_preview_pass engine=parakeet ms=216 samples=240000 chars=267
2026-09-05T00:56:25.325Z dictation_capture_heartbeat input_buffers=4121 input_frames=18173610 isRunning=true default_input=present default_input_transport=built-in
2026-09-05T00:56:26.065Z dictation_preview_pass engine=parakeet ms=222 samples=240000 chars=259
2026-09-05T00:56:27.158Z dictation_preview_pass engine=parakeet ms=226 samples=240000 chars=261
2026-09-05T00:56:28.267Z dictation_preview_pass engine=parakeet ms=231 samples=240000 chars=264
2026-09-05T00:56:29.357Z dictation_preview_pass engine=parakeet ms=217 samples=240000 chars=271
2026-09-05T00:56:30.375Z dictation_capture_heartbeat input_buffers=4172 input_frames=18398520 isRunning=true default_input=present default_input_transport=built-in
2026-09-05T00:56:30.446Z dictation_preview_pass engine=parakeet ms=215 samples=240000 chars=261
2026-09-05T00:56:31.447Z dictation_preview_pass engine=parakeet ms=207 samples=240000 chars=247
2026-09-05T00:56:32.555Z dictation_preview_pass engine=parakeet ms=224 samples=240000 chars=261
2026-09-05T00:56:33.555Z dictation_preview_pass engine=parakeet ms=211 samples=240000 chars=281
2026-09-05T00:56:34.662Z dictation_preview_pass engine=parakeet ms=230 samples=240000 chars=277
2026-09-05T00:56:35.396Z dictation_capture_heartbeat input_buffers=4222 input_frames=18619020 isRunning=true default_input=present default_input_transport=built-in
2026-09-05T00:56:35.768Z dictation_preview_pass engine=parakeet ms=233 samples=240000 chars=282
2026-09-05T00:56:36.873Z dictation_preview_pass engine=parakeet ms=235 samples=240000 chars=286
2026-09-05T00:56:37.956Z dictation_preview_pass engine=parakeet ms=226 samples=240000 chars=287
2026-09-05T00:56:38.963Z dictation_preview_pass engine=parakeet ms=224 samples=240000 chars=253
2026-09-05T00:56:40.056Z dictation_preview_pass engine=parakeet ms=224 samples=240000 chars=257
2026-09-05T00:56:40.417Z dictation_capture_heartbeat input_buffers=4272 input_frames=18839520 isRunning=true default_input=present default_input_transport=built-in
2026-09-05T00:56:41.059Z dictation_preview_pass engine=parakeet ms=218 samples=240000 chars=231
2026-09-05T00:56:42.144Z dictation_preview_pass engine=parakeet ms=212 samples=240000 chars=209
2026-09-05T00:56:43.230Z dictation_preview_pass engine=parakeet ms=194 samples=240000 chars=182
2026-09-05T00:56:44.328Z dictation_preview_pass engine=parakeet ms=189 samples=240000 chars=178
2026-09-05T00:56:45.421Z dictation_capture_heartbeat input_buffers=4322 input_frames=19060020 isRunning=true default_input=present default_input_transport=built-in
2026-09-05T00:56:45.428Z dictation_preview_pass engine=parakeet ms=198 samples=240000 chars=190
2026-09-05T00:56:46.455Z dictation_preview_pass engine=parakeet ms=216 samples=240000 chars=218
2026-09-05T00:56:47.540Z dictation_preview_pass engine=parakeet ms=209 samples=240000 chars=210
2026-09-05T00:56:48.633Z dictation_preview_pass engine=parakeet ms=200 samples=240000 chars=206
2026-09-05T00:56:49.749Z dictation_preview_pass engine=parakeet ms=213 samples=240000 chars=236
2026-09-05T00:56:50.424Z dictation_capture_heartbeat input_buffers=4372 input_frames=19280520 isRunning=true default_input=present default_input_transport=built-in
2026-09-05T00:56:50.859Z dictation_preview_pass engine=parakeet ms=218 samples=240000 chars=248
2026-09-05T00:56:51.949Z dictation_preview_pass engine=parakeet ms=218 samples=240000 chars=234
2026-09-05T00:56:53.058Z dictation_preview_pass engine=parakeet ms=224 samples=240000 chars=258
2026-09-05T00:56:54.156Z dictation_preview_pass engine=parakeet ms=220 samples=240000 chars=293
2026-09-05T00:56:55.267Z dictation_preview_pass engine=parakeet ms=227 samples=240000 chars=280
2026-09-05T00:56:55.433Z dictation_capture_heartbeat input_buffers=4422 input_frames=19501020 isRunning=true default_input=present default_input_transport=built-in
2026-09-05T00:56:56.351Z dictation_preview_pass engine=parakeet ms=220 samples=240000 chars=293
2026-09-05T00:56:57.474Z dictation_preview_pass engine=parakeet ms=239 samples=240000 chars=313
2026-09-05T00:56:58.576Z dictation_preview_pass engine=parakeet ms=239 samples=240000 chars=317
2026-09-05T00:56:59.670Z dictation_preview_pass engine=parakeet ms=230 samples=240000 chars=283
2026-09-05T00:57:00.464Z dictation_capture_heartbeat input_buffers=4473 input_frames=19725930 isRunning=true default_input=present default_input_transport=built-in
2026-09-05T00:57:00.764Z dictation_preview_pass engine=parakeet ms=233 samples=240000 chars=256
2026-09-05T00:57:01.865Z dictation_preview_pass engine=parakeet ms=230 samples=240000 chars=275
2026-09-05T00:57:02.962Z dictation_preview_pass engine=parakeet ms=225 samples=240000 chars=276
2026-09-05T00:57:04.055Z dictation_preview_pass engine=parakeet ms=216 samples=240000 chars=291
2026-09-05T00:57:05.161Z dictation_preview_pass engine=parakeet ms=230 samples=240000 chars=271
2026-09-05T00:57:05.477Z dictation_capture_heartbeat input_buffers=4523 input_frames=19946430 isRunning=true default_input=present default_input_transport=built-in
2026-09-05T00:57:06.268Z dictation_preview_pass engine=parakeet ms=233 samples=240000 chars=275
2026-09-05T00:57:07.352Z dictation_preview_pass engine=parakeet ms=215 samples=240000 chars=239
2026-09-05T00:57:08.463Z dictation_preview_pass engine=parakeet ms=223 samples=240000 chars=227
2026-09-05T00:57:09.543Z dictation_preview_pass engine=parakeet ms=212 samples=240000 chars=226
2026-09-05T00:57:10.498Z dictation_capture_heartbeat input_buffers=4573 input_frames=20166930 isRunning=true default_input=present default_input_transport=built-in
2026-09-05T00:57:10.549Z dictation_preview_pass engine=parakeet ms=217 samples=240000 chars=227
2026-09-05T00:57:11.554Z dictation_preview_pass engine=parakeet ms=213 samples=240000 chars=244
2026-09-05T00:57:12.555Z dictation_preview_pass engine=parakeet ms=214 samples=240000 chars=222
2026-09-05T00:57:13.640Z dictation_preview_pass engine=parakeet ms=210 samples=240000 chars=232
2026-09-05T00:57:14.653Z dictation_preview_pass engine=parakeet ms=213 samples=240000 chars=250
2026-09-05T00:57:15.530Z dictation_capture_heartbeat input_buffers=4623 input_frames=20387430 isRunning=true default_input=present default_input_transport=built-in
2026-09-05T00:57:15.744Z dictation_preview_pass engine=parakeet ms=214 samples=240000 chars=249
2026-09-05T00:57:16.739Z dictation_preview_pass engine=parakeet ms=209 samples=240000 chars=226
2026-09-05T00:57:17.748Z dictation_preview_pass engine=parakeet ms=208 samples=240000 chars=224
2026-09-05T00:57:18.836Z dictation_preview_pass engine=parakeet ms=205 samples=240000 chars=196
2026-09-05T00:57:19.918Z dictation_preview_pass engine=parakeet ms=185 samples=240000 chars=188
2026-09-05T00:57:20.540Z dictation_capture_heartbeat input_buffers=4674 input_frames=20612340 isRunning=true default_input=present default_input_transport=built-in
2026-09-05T00:57:21.023Z dictation_preview_pass engine=parakeet ms=187 samples=240000 chars=205
2026-09-05T00:57:22.151Z dictation_preview_pass engine=parakeet ms=210 samples=240000 chars=233
2026-09-05T00:57:23.241Z dictation_preview_pass engine=parakeet ms=210 samples=240000 chars=238
2026-09-05T00:57:24.335Z dictation_preview_pass engine=parakeet ms=201 samples=240000 chars=212
2026-09-05T00:57:25.433Z dictation_preview_pass engine=parakeet ms=196 samples=240000 chars=227
2026-09-05T00:57:25.556Z dictation_capture_heartbeat input_buffers=4724 input_frames=20832840 isRunning=true default_input=present default_input_transport=built-in
2026-09-05T00:57:26.546Z dictation_preview_pass engine=parakeet ms=206 samples=240000 chars=230
2026-09-05T00:57:27.634Z dictation_preview_pass engine=parakeet ms=203 samples=240000 chars=249
2026-09-05T00:57:28.744Z dictation_preview_pass engine=parakeet ms=210 samples=240000 chars=245
2026-09-05T00:57:29.840Z dictation_preview_pass engine=parakeet ms=203 samples=240000 chars=215
2026-09-05T00:57:30.573Z dictation_capture_heartbeat input_buffers=4774 input_frames=21053340 isRunning=true default_input=present default_input_transport=built-in
2026-09-05T00:57:30.944Z dictation_preview_pass engine=parakeet ms=204 samples=240000 chars=210
2026-09-05T00:57:32.048Z dictation_preview_pass engine=parakeet ms=217 samples=240000 chars=246
2026-09-05T00:57:33.147Z dictation_preview_pass engine=parakeet ms=213 samples=240000 chars=247
2026-09-05T00:57:34.251Z dictation_preview_pass engine=parakeet ms=214 samples=240000 chars=281
2026-09-05T00:57:35.364Z dictation_preview_pass engine=parakeet ms=223 samples=240000 chars=254
2026-09-05T00:57:35.578Z dictation_capture_heartbeat input_buffers=4824 input_frames=21273840 isRunning=true default_input=present default_input_transport=built-in
2026-09-05T00:57:36.437Z dictation_preview_pass engine=parakeet ms=204 samples=240000 chars=234
2026-09-05T00:57:37.530Z dictation_preview_pass engine=parakeet ms=195 samples=240000 chars=190
2026-09-05T00:57:38.670Z dictation_preview_pass engine=parakeet ms=232 samples=240000 chars=256
2026-09-05T00:57:39.764Z dictation_preview_pass engine=parakeet ms=235 samples=240000 chars=277
2026-09-05T00:57:40.602Z dictation_capture_heartbeat input_buffers=4874 input_frames=21494340 isRunning=true default_input=present default_input_transport=built-in
2026-09-05T00:57:40.771Z dictation_preview_pass engine=parakeet ms=232 samples=240000 chars=269
2026-09-05T00:57:41.841Z dictation_preview_pass engine=parakeet ms=211 samples=240000 chars=248
2026-09-05T00:57:42.861Z dictation_preview_pass engine=parakeet ms=221 samples=240000 chars=239
2026-09-05T00:57:43.961Z dictation_preview_pass engine=parakeet ms=229 samples=240000 chars=268
2026-09-05T00:57:45.061Z dictation_preview_pass engine=parakeet ms=226 samples=240000 chars=276
2026-09-05T00:57:45.659Z dictation_capture_heartbeat input_buffers=4925 input_frames=21719250 isRunning=true default_input=present default_input_transport=built-in
2026-09-05T00:57:46.167Z dictation_preview_pass engine=parakeet ms=229 samples=240000 chars=269
2026-09-05T00:57:47.245Z dictation_preview_pass engine=parakeet ms=216 samples=240000 chars=238
2026-09-05T00:57:48.261Z dictation_preview_pass engine=parakeet ms=221 samples=240000 chars=241
2026-09-05T00:57:49.343Z dictation_preview_pass engine=parakeet ms=213 samples=240000 chars=213
2026-09-05T00:57:50.357Z dictation_preview_pass engine=parakeet ms=216 samples=240000 chars=213
2026-09-05T00:57:50.678Z dictation_capture_heartbeat input_buffers=4975 input_frames=21939750 isRunning=true default_input=present default_input_transport=built-in
2026-09-05T00:57:51.445Z dictation_preview_pass engine=parakeet ms=214 samples=240000 chars=209
2026-09-05T00:57:52.551Z dictation_preview_pass engine=parakeet ms=216 samples=240000 chars=215
2026-09-05T00:57:53.647Z dictation_preview_pass engine=parakeet ms=209 samples=240000 chars=206
2026-09-05T00:57:54.724Z dictation_preview_pass engine=parakeet ms=195 samples=240000 chars=173
2026-09-05T00:57:55.704Z dictation_capture_heartbeat input_buffers=5025 input_frames=22160250 isRunning=true default_input=present default_input_transport=built-in
2026-09-05T00:57:55.740Z dictation_preview_pass engine=parakeet ms=201 samples=240000 chars=180
2026-09-05T00:57:56.844Z dictation_preview_pass engine=parakeet ms=213 samples=240000 chars=201
2026-09-05T00:57:57.836Z dictation_preview_pass engine=parakeet ms=195 samples=240000 chars=196
2026-09-05T00:57:58.937Z dictation_preview_pass engine=parakeet ms=206 samples=240000 chars=197
2026-09-05T00:58:00.030Z dictation_preview_pass engine=parakeet ms=195 samples=240000 chars=187
2026-09-05T00:58:00.730Z dictation_capture_heartbeat input_buffers=5075 input_frames=22380750 isRunning=true default_input=present default_input_transport=built-in
2026-09-05T00:58:01.134Z dictation_preview_pass engine=parakeet ms=197 samples=240000 chars=187
2026-09-05T00:58:02.235Z dictation_preview_pass engine=parakeet ms=207 samples=240000 chars=196
2026-09-05T00:58:03.234Z dictation_preview_pass engine=parakeet ms=195 samples=240000 chars=183
2026-09-05T00:58:04.337Z dictation_preview_pass engine=parakeet ms=207 samples=240000 chars=206
2026-09-05T00:58:05.433Z dictation_preview_pass engine=parakeet ms=199 samples=240000 chars=224
2026-09-05T00:58:05.788Z dictation_capture_heartbeat input_buffers=5126 input_frames=22605660 isRunning=true default_input=present default_input_transport=built-in
2026-09-05T00:58:06.555Z dictation_preview_pass engine=parakeet ms=219 samples=240000 chars=250
2026-09-05T00:58:07.552Z dictation_preview_pass engine=parakeet ms=216 samples=240000 chars=241
2026-09-05T00:58:08.656Z dictation_preview_pass engine=parakeet ms=219 samples=240000 chars=248
2026-09-05T00:58:09.765Z dictation_preview_pass engine=parakeet ms=237 samples=240000 chars=265
2026-09-05T00:58:10.759Z dictation_preview_pass engine=parakeet ms=220 samples=240000 chars=246
2026-09-05T00:58:10.843Z dictation_capture_heartbeat input_buffers=5177 input_frames=22830570 isRunning=true default_input=present default_input_transport=built-in
2026-09-05T00:58:11.862Z dictation_preview_pass engine=parakeet ms=233 samples=240000 chars=266
2026-09-05T00:58:12.958Z dictation_preview_pass engine=parakeet ms=223 samples=240000 chars=267
2026-09-05T00:58:14.049Z dictation_preview_pass engine=parakeet ms=213 samples=240000 chars=255
2026-09-05T00:58:15.160Z dictation_preview_pass engine=parakeet ms=221 samples=240000 chars=252
2026-09-05T00:58:15.873Z dictation_capture_heartbeat input_buffers=5227 input_frames=23051070 isRunning=true default_input=present default_input_transport=built-in
2026-09-05T00:58:16.251Z dictation_preview_pass engine=parakeet ms=221 samples=240000 chars=270
2026-09-05T00:58:17.366Z dictation_preview_pass engine=parakeet ms=232 samples=240000 chars=279
2026-09-05T00:58:18.469Z dictation_preview_pass engine=parakeet ms=232 samples=240000 chars=274
2026-09-05T00:58:19.571Z dictation_preview_pass engine=parakeet ms=232 samples=240000 chars=278
2026-09-05T00:58:20.664Z dictation_preview_pass engine=parakeet ms=233 samples=240000 chars=275
2026-09-05T00:58:20.928Z dictation_capture_heartbeat input_buffers=5277 input_frames=23271570 isRunning=true default_input=present default_input_transport=built-in
2026-09-05T00:58:21.753Z dictation_preview_pass engine=parakeet ms=220 samples=240000 chars=257
2026-09-05T00:58:22.842Z dictation_preview_pass engine=parakeet ms=205 samples=240000 chars=253
2026-09-05T00:58:23.957Z dictation_preview_pass engine=parakeet ms=218 samples=240000 chars=267
2026-09-05T00:58:25.057Z dictation_preview_pass engine=parakeet ms=227 samples=240000 chars=276
2026-09-05T00:58:25.940Z dictation_capture_heartbeat input_buffers=5328 input_frames=23496480 isRunning=true default_input=present default_input_transport=built-in
2026-09-05T00:58:26.141Z dictation_preview_pass engine=parakeet ms=207 samples=240000 chars=246
2026-09-05T00:58:27.255Z dictation_preview_pass engine=parakeet ms=219 samples=240000 chars=242
2026-09-05T00:58:28.357Z dictation_preview_pass engine=parakeet ms=219 samples=240000 chars=244
2026-09-05T00:58:29.450Z dictation_preview_pass engine=parakeet ms=219 samples=240000 chars=265
2026-09-05T00:58:30.554Z dictation_preview_pass engine=parakeet ms=221 samples=240000 chars=260
2026-09-05T00:58:30.994Z dictation_capture_heartbeat input_buffers=5378 input_frames=23716980 isRunning=true default_input=present default_input_transport=built-in
2026-09-05T00:58:31.664Z dictation_preview_pass engine=parakeet ms=228 samples=240000 chars=258
2026-09-05T00:58:32.762Z dictation_preview_pass engine=parakeet ms=223 samples=240000 chars=257
2026-09-05T00:58:33.855Z dictation_preview_pass engine=parakeet ms=224 samples=240000 chars=254
2026-09-05T00:58:34.936Z dictation_preview_pass engine=parakeet ms=201 samples=240000 chars=211
2026-09-05T00:58:36.033Z dictation_capture_heartbeat input_buffers=5428 input_frames=23937480 isRunning=true default_input=present default_input_transport=built-in
2026-09-05T00:58:36.048Z dictation_preview_pass engine=parakeet ms=208 samples=240000 chars=219
2026-09-05T00:58:37.144Z dictation_preview_pass engine=parakeet ms=204 samples=240000 chars=207
2026-09-05T00:58:38.230Z dictation_preview_pass engine=parakeet ms=200 samples=240000 chars=234
2026-09-05T00:58:39.340Z dictation_preview_pass engine=parakeet ms=206 samples=240000 chars=222
2026-09-05T00:58:40.450Z dictation_preview_pass engine=parakeet ms=213 samples=240000 chars=227
2026-09-05T00:58:41.053Z dictation_capture_heartbeat input_buffers=5479 input_frames=24162390 isRunning=true default_input=present default_input_transport=built-in
2026-09-05T00:58:41.556Z dictation_preview_pass engine=parakeet ms=215 samples=240000 chars=249
2026-09-05T00:58:42.649Z dictation_preview_pass engine=parakeet ms=219 samples=240000 chars=254
2026-09-05T00:58:43.741Z dictation_preview_pass engine=parakeet ms=207 samples=240000 chars=222
2026-09-05T00:58:44.840Z dictation_preview_pass engine=parakeet ms=203 samples=240000 chars=227
2026-09-05T00:58:45.933Z dictation_preview_pass engine=parakeet ms=205 samples=240000 chars=209
2026-09-05T00:58:46.069Z dictation_capture_heartbeat input_buffers=5529 input_frames=24382890 isRunning=true default_input=present default_input_transport=built-in
2026-09-05T00:58:46.945Z dictation_preview_pass engine=parakeet ms=208 samples=240000 chars=221
2026-09-05T00:58:48.032Z dictation_preview_pass engine=parakeet ms=202 samples=240000 chars=209
2026-09-05T00:58:49.050Z dictation_preview_pass engine=parakeet ms=211 samples=240000 chars=243
2026-09-05T00:58:50.133Z dictation_preview_pass engine=parakeet ms=202 samples=240000 chars=238
2026-09-05T00:58:51.094Z dictation_capture_heartbeat input_buffers=5579 input_frames=24603390 isRunning=true default_input=present default_input_transport=built-in
2026-09-05T00:58:51.252Z dictation_preview_pass engine=parakeet ms=217 samples=240000 chars=253
2026-09-05T00:58:52.359Z dictation_preview_pass engine=parakeet ms=221 samples=240000 chars=262
2026-09-05T00:58:53.444Z dictation_preview_pass engine=parakeet ms=215 samples=240000 chars=251
2026-09-05T00:58:54.456Z dictation_preview_pass engine=parakeet ms=218 samples=240000 chars=248
2026-09-05T00:58:55.551Z dictation_preview_pass engine=parakeet ms=222 samples=240000 chars=254
2026-09-05T00:58:56.127Z dictation_capture_heartbeat input_buffers=5629 input_frames=24823890 isRunning=true default_input=present default_input_transport=built-in
2026-09-05T00:58:56.644Z dictation_preview_pass engine=parakeet ms=212 samples=240000 chars=235
2026-09-05T00:58:57.754Z dictation_preview_pass engine=parakeet ms=217 samples=240000 chars=226
2026-09-05T00:58:58.861Z dictation_preview_pass engine=parakeet ms=222 samples=240000 chars=240
2026-09-05T00:58:59.956Z dictation_preview_pass engine=parakeet ms=227 samples=240000 chars=275
2026-09-05T00:59:01.055Z dictation_preview_pass engine=parakeet ms=222 samples=240000 chars=233
2026-09-05T00:59:01.179Z dictation_capture_heartbeat input_buffers=5680 input_frames=25048800 isRunning=true default_input=present default_input_transport=built-in
2026-09-05T00:59:02.169Z dictation_preview_pass engine=parakeet ms=233 samples=240000 chars=274
2026-09-05T00:59:03.269Z dictation_preview_pass engine=parakeet ms=230 samples=240000 chars=254
2026-09-05T00:59:04.361Z dictation_preview_pass engine=parakeet ms=231 samples=240000 chars=267
2026-09-05T00:59:05.463Z dictation_preview_pass engine=parakeet ms=231 samples=240000 chars=282
2026-09-05T00:59:06.228Z dictation_capture_heartbeat input_buffers=5730 input_frames=25269300 isRunning=true default_input=present default_input_transport=built-in
2026-09-05T00:59:06.553Z dictation_preview_pass engine=parakeet ms=217 samples=240000 chars=274
2026-09-05T00:59:07.664Z dictation_preview_pass engine=parakeet ms=225 samples=240000 chars=265
2026-09-05T00:59:08.737Z dictation_preview_pass engine=parakeet ms=207 samples=240000 chars=238
2026-09-05T00:59:09.847Z dictation_preview_pass engine=parakeet ms=214 samples=240000 chars=243
2026-09-05T00:59:10.955Z dictation_preview_pass engine=parakeet ms=218 samples=240000 chars=240
2026-09-05T00:59:11.286Z dictation_capture_heartbeat input_buffers=5781 input_frames=25494210 isRunning=true default_input=present default_input_transport=built-in
2026-09-05T00:59:12.031Z dictation_preview_pass engine=parakeet ms=193 samples=240000 chars=219
2026-09-05T00:59:13.053Z dictation_preview_pass engine=parakeet ms=213 samples=240000 chars=236
2026-09-05T00:59:14.131Z dictation_preview_pass engine=parakeet ms=203 samples=240000 chars=226
2026-09-05T00:59:15.142Z dictation_preview_pass engine=parakeet ms=202 samples=240000 chars=227
2026-09-05T00:59:16.229Z dictation_preview_pass engine=parakeet ms=199 samples=240000 chars=194
2026-09-05T00:59:16.322Z dictation_capture_heartbeat input_buffers=5831 input_frames=25714710 isRunning=true default_input=present default_input_transport=built-in
2026-09-05T00:59:17.312Z dictation_preview_pass engine=parakeet ms=180 samples=240000 chars=174
2026-09-05T00:59:18.428Z dictation_preview_pass engine=parakeet ms=192 samples=240000 chars=153
2026-09-05T00:59:19.540Z dictation_preview_pass engine=parakeet ms=201 samples=240000 chars=172
2026-09-05T00:59:20.619Z dictation_preview_pass engine=parakeet ms=188 samples=240000 chars=137
2026-09-05T00:59:21.373Z dictation_capture_heartbeat input_buffers=5882 input_frames=25939620 isRunning=true default_input=present default_input_transport=built-in
2026-09-05T00:59:21.705Z dictation_preview_pass engine=parakeet ms=171 samples=240000 chars=124
2026-09-05T00:59:22.826Z dictation_preview_pass engine=parakeet ms=190 samples=240000 chars=140
2026-09-05T00:59:23.935Z dictation_preview_pass engine=parakeet ms=196 samples=240000 chars=162
2026-09-05T00:59:25.030Z dictation_preview_pass engine=parakeet ms=200 samples=240000 chars=163
2026-09-05T00:59:26.148Z dictation_preview_pass engine=parakeet ms=215 samples=240000 chars=195
2026-09-05T00:59:26.389Z dictation_capture_heartbeat input_buffers=5932 input_frames=26160120 isRunning=true default_input=present default_input_transport=built-in
2026-09-05T00:59:27.230Z dictation_preview_pass engine=parakeet ms=194 samples=240000 chars=184
2026-09-05T00:59:28.337Z dictation_preview_pass engine=parakeet ms=198 samples=240000 chars=153
2026-09-05T00:59:29.328Z dictation_preview_pass engine=parakeet ms=189 samples=240000 chars=154
2026-09-05T00:59:30.429Z dictation_preview_pass engine=parakeet ms=200 samples=240000 chars=203
2026-09-05T00:59:31.416Z dictation_capture_heartbeat input_buffers=5982 input_frames=26380620 isRunning=true default_input=present default_input_transport=built-in
2026-09-05T00:59:31.445Z dictation_preview_pass engine=parakeet ms=206 samples=240000 chars=226
2026-09-05T00:59:32.560Z dictation_preview_pass engine=parakeet ms=230 samples=240000 chars=262
2026-09-05T00:59:33.675Z dictation_preview_pass engine=parakeet ms=239 samples=240000 chars=284
2026-09-05T00:59:34.775Z dictation_preview_pass engine=parakeet ms=239 samples=240000 chars=272
2026-09-05T00:59:35.881Z dictation_preview_pass engine=parakeet ms=242 samples=240000 chars=300
2026-09-05T00:59:36.453Z dictation_capture_heartbeat input_buffers=6033 input_frames=26605530 isRunning=true default_input=present default_input_transport=built-in
2026-09-05T00:59:36.977Z dictation_preview_pass engine=parakeet ms=246 samples=240000 chars=328
2026-09-05T00:59:38.080Z dictation_preview_pass engine=parakeet ms=245 samples=240000 chars=330
2026-09-05T00:59:39.180Z dictation_preview_pass engine=parakeet ms=244 samples=240000 chars=300
2026-09-05T00:59:40.282Z dictation_preview_pass engine=parakeet ms=243 samples=240000 chars=282
2026-09-05T00:59:41.364Z dictation_preview_pass engine=parakeet ms=233 samples=240000 chars=280
2026-09-05T00:59:41.464Z dictation_capture_heartbeat input_buffers=6083 input_frames=26826030 isRunning=true default_input=present default_input_transport=built-in
2026-09-05T00:59:42.452Z dictation_preview_pass engine=parakeet ms=218 samples=240000 chars=250
2026-09-05T00:59:43.559Z dictation_preview_pass engine=parakeet ms=223 samples=240000 chars=250
2026-09-05T00:59:44.645Z dictation_preview_pass engine=parakeet ms=218 samples=240000 chars=264
2026-09-05T00:59:45.664Z dictation_preview_pass engine=parakeet ms=227 samples=240000 chars=260
2026-09-05T00:59:46.495Z dictation_capture_heartbeat input_buffers=6133 input_frames=27046530 isRunning=true default_input=present default_input_transport=built-in
2026-09-05T00:59:46.756Z dictation_preview_pass engine=parakeet ms=226 samples=240000 chars=260
2026-09-05T00:59:47.844Z dictation_preview_pass engine=parakeet ms=212 samples=240000 chars=271
2026-09-05T00:59:48.968Z dictation_preview_pass engine=parakeet ms=231 samples=240000 chars=263
2026-09-05T00:59:50.063Z dictation_preview_pass engine=parakeet ms=224 samples=240000 chars=276
2026-09-05T00:59:51.055Z dictation_preview_pass engine=parakeet ms=215 samples=240000 chars=264
2026-09-05T00:59:51.502Z dictation_capture_heartbeat input_buffers=6183 input_frames=27267030 isRunning=true default_input=present default_input_transport=built-in
2026-09-05T00:59:52.135Z dictation_preview_pass engine=parakeet ms=207 samples=240000 chars=236
2026-09-05T00:59:53.137Z dictation_preview_pass engine=parakeet ms=200 samples=240000 chars=216
2026-09-05T00:59:54.241Z dictation_preview_pass engine=parakeet ms=211 samples=240000 chars=253
2026-09-05T00:59:55.362Z dictation_preview_pass engine=parakeet ms=230 samples=240000 chars=283
2026-09-05T00:59:56.465Z dictation_preview_pass engine=parakeet ms=229 samples=240000 chars=284
2026-09-05T00:59:56.528Z dictation_capture_heartbeat input_buffers=6233 input_frames=27487530 isRunning=true default_input=present default_input_transport=built-in
2026-09-05T00:59:57.467Z dictation_preview_pass engine=parakeet ms=229 samples=240000 chars=305
2026-09-05T00:59:58.588Z dictation_preview_pass engine=parakeet ms=250 samples=240000 chars=331
2026-09-05T00:59:59.671Z dictation_preview_pass engine=parakeet ms=242 samples=240000 chars=326
2026-09-05T01:00:00.657Z dictation_preview_pass engine=parakeet ms=220 samples=240000 chars=297
2026-09-05T01:00:01.538Z dictation_capture_heartbeat input_buffers=6284 input_frames=27712440 isRunning=true default_input=present default_input_transport=built-in
2026-09-05T01:00:01.759Z dictation_preview_pass engine=parakeet ms=230 samples=240000 chars=297
2026-09-05T01:00:02.872Z dictation_preview_pass engine=parakeet ms=241 samples=240000 chars=299
2026-09-05T01:00:03.986Z dictation_preview_pass engine=parakeet ms=251 samples=240000 chars=319
2026-09-05T01:00:05.076Z dictation_preview_pass engine=parakeet ms=237 samples=240000 chars=300
2026-09-05T01:00:06.174Z dictation_preview_pass engine=parakeet ms=244 samples=240000 chars=304
2026-09-05T01:00:06.587Z dictation_capture_heartbeat input_buffers=6334 input_frames=27932940 isRunning=true default_input=present default_input_transport=built-in
2026-09-05T01:00:07.264Z dictation_preview_pass engine=parakeet ms=231 samples=240000 chars=304
2026-09-05T01:00:08.388Z dictation_preview_pass engine=parakeet ms=252 samples=240000 chars=319
2026-09-05T01:00:09.482Z dictation_preview_pass engine=parakeet ms=243 samples=240000 chars=310
2026-09-05T01:00:10.556Z dictation_preview_pass engine=parakeet ms=227 samples=240000 chars=293
2026-09-05T01:00:11.643Z dictation_capture_heartbeat input_buffers=6385 input_frames=28157850 isRunning=true default_input=present default_input_transport=built-in
2026-09-05T01:00:11.660Z dictation_preview_pass engine=parakeet ms=227 samples=240000 chars=294
2026-09-05T01:00:12.775Z dictation_preview_pass engine=parakeet ms=238 samples=240000 chars=298
2026-09-05T01:00:13.871Z dictation_preview_pass engine=parakeet ms=233 samples=240000 chars=288
2026-09-05T01:00:14.954Z dictation_preview_pass engine=parakeet ms=224 samples=240000 chars=260
2026-09-05T01:00:16.052Z dictation_preview_pass engine=parakeet ms=220 samples=240000 chars=276
2026-09-05T01:00:16.660Z dictation_capture_heartbeat input_buffers=6435 input_frames=28378350 isRunning=true default_input=present default_input_transport=built-in
2026-09-05T01:00:17.156Z dictation_preview_pass engine=parakeet ms=217 samples=240000 chars=236
2026-09-05T01:00:18.145Z dictation_preview_pass engine=parakeet ms=207 samples=240000 chars=238
2026-09-05T01:00:19.251Z dictation_preview_pass engine=parakeet ms=215 samples=240000 chars=244
2026-09-05T01:00:20.355Z dictation_preview_pass engine=parakeet ms=227 samples=240000 chars=267
2026-09-05T01:00:21.349Z dictation_preview_pass engine=parakeet ms=210 samples=240000 chars=278
2026-09-05T01:00:21.678Z dictation_capture_heartbeat input_buffers=6485 input_frames=28598850 isRunning=true default_input=present default_input_transport=built-in
2026-09-05T01:00:22.471Z dictation_preview_pass engine=parakeet ms=240 samples=240000 chars=315
2026-09-05T01:00:23.577Z dictation_preview_pass engine=parakeet ms=244 samples=240000 chars=314
2026-09-05T01:00:24.665Z dictation_preview_pass engine=parakeet ms=229 samples=240000 chars=326
2026-09-05T01:00:25.767Z dictation_preview_pass engine=parakeet ms=229 samples=240000 chars=307
2026-09-05T01:00:26.696Z dictation_capture_heartbeat input_buffers=6535 input_frames=28819350 isRunning=true default_input=present default_input_transport=built-in
2026-09-05T01:00:26.870Z dictation_preview_pass engine=parakeet ms=240 samples=240000 chars=277
2026-09-05T01:00:27.973Z dictation_preview_pass engine=parakeet ms=239 samples=240000 chars=284
2026-09-05T01:00:28.972Z dictation_preview_pass engine=parakeet ms=238 samples=240000 chars=298
2026-09-05T01:00:30.088Z dictation_preview_pass engine=parakeet ms=253 samples=240000 chars=296
2026-09-05T01:00:31.190Z dictation_preview_pass engine=parakeet ms=252 samples=240000 chars=329
2026-09-05T01:00:31.709Z dictation_capture_heartbeat input_buffers=6585 input_frames=29039850 isRunning=true default_input=present default_input_transport=built-in
2026-09-05T01:00:32.289Z dictation_preview_pass engine=parakeet ms=260 samples=240000 chars=354
2026-09-05T01:00:33.292Z dictation_preview_pass engine=parakeet ms=254 samples=240000 chars=330
2026-09-05T01:00:34.401Z dictation_preview_pass engine=parakeet ms=271 samples=240000 chars=362
2026-09-05T01:00:35.488Z dictation_preview_pass engine=parakeet ms=255 samples=240000 chars=335
2026-09-05T01:00:36.590Z dictation_preview_pass engine=parakeet ms=254 samples=240000 chars=326
2026-09-05T01:00:36.719Z dictation_capture_heartbeat input_buffers=6635 input_frames=29260350 isRunning=true default_input=present default_input_transport=built-in
2026-09-05T01:00:37.677Z dictation_preview_pass engine=parakeet ms=238 samples=240000 chars=311
2026-09-05T01:00:38.772Z dictation_preview_pass engine=parakeet ms=242 samples=240000 chars=325
2026-09-05T01:00:39.861Z dictation_preview_pass engine=parakeet ms=227 samples=240000 chars=318
2026-09-05T01:00:40.974Z dictation_preview_pass engine=parakeet ms=238 samples=240000 chars=318
2026-09-05T01:00:41.724Z dictation_capture_heartbeat input_buffers=6685 input_frames=29480850 isRunning=true default_input=present default_input_transport=built-in
2026-09-05T01:00:42.095Z dictation_preview_pass engine=parakeet ms=256 samples=240000 chars=329
2026-09-05T01:00:43.192Z dictation_preview_pass engine=parakeet ms=262 samples=240000 chars=353
2026-09-05T01:00:44.284Z dictation_preview_pass engine=parakeet ms=251 samples=240000 chars=337
2026-09-05T01:00:45.410Z dictation_preview_pass engine=parakeet ms=273 samples=240000 chars=382
2026-09-05T01:00:46.477Z dictation_preview_pass engine=parakeet ms=250 samples=240000 chars=353
2026-09-05T01:00:46.735Z dictation_capture_heartbeat input_buffers=6735 input_frames=29701350 isRunning=true default_input=present default_input_transport=built-in
2026-09-05T01:00:47.486Z dictation_preview_pass engine=parakeet ms=249 samples=240000 chars=310
2026-09-05T01:00:48.564Z dictation_preview_pass engine=parakeet ms=235 samples=240000 chars=306
2026-09-05T01:00:49.578Z dictation_preview_pass engine=parakeet ms=239 samples=240000 chars=311
2026-09-05T01:00:50.672Z dictation_preview_pass engine=parakeet ms=241 samples=240000 chars=317
2026-09-05T01:00:51.767Z dictation_preview_pass engine=parakeet ms=232 samples=240000 chars=293
2026-09-05T01:00:51.791Z dictation_capture_heartbeat input_buffers=6786 input_frames=29926260 isRunning=true default_input=present default_input_transport=built-in
2026-09-05T01:00:52.883Z dictation_preview_pass engine=parakeet ms=248 samples=240000 chars=284
2026-09-05T01:00:53.975Z dictation_preview_pass engine=parakeet ms=248 samples=240000 chars=301
2026-09-05T01:00:54.986Z dictation_preview_pass engine=parakeet ms=248 samples=240000 chars=328
2026-09-05T01:00:56.079Z dictation_preview_pass engine=parakeet ms=251 samples=240000 chars=339
2026-09-05T01:00:56.807Z dictation_capture_heartbeat input_buffers=6836 input_frames=30146760 isRunning=true default_input=present default_input_transport=built-in
2026-09-05T01:00:57.113Z dictation_preview_pass engine=parakeet ms=273 samples=240000 chars=375
2026-09-05T01:00:58.206Z dictation_preview_pass engine=parakeet ms=277 samples=240000 chars=377
2026-09-05T01:00:59.164Z dictation_preview_pass engine=parakeet ms=233 samples=240000 chars=299
2026-09-05T01:01:00.197Z dictation_preview_pass engine=parakeet ms=258 samples=240000 chars=340
2026-09-05T01:01:01.285Z dictation_preview_pass engine=parakeet ms=256 samples=240000 chars=351
2026-09-05T01:01:01.853Z dictation_capture_heartbeat input_buffers=6887 input_frames=30371670 isRunning=true default_input=present default_input_transport=built-in
2026-09-05T01:01:02.398Z dictation_preview_pass engine=parakeet ms=262 samples=240000 chars=380
2026-09-05T01:01:03.500Z dictation_preview_pass engine=parakeet ms=264 samples=240000 chars=365
2026-09-05T01:01:04.583Z dictation_preview_pass engine=parakeet ms=256 samples=240000 chars=335
2026-09-05T01:01:05.581Z dictation_preview_pass engine=parakeet ms=245 samples=240000 chars=325
2026-09-05T01:01:06.675Z dictation_preview_pass engine=parakeet ms=247 samples=240000 chars=314
2026-09-05T01:01:06.885Z dictation_capture_heartbeat input_buffers=6937 input_frames=30592170 isRunning=true default_input=present default_input_transport=built-in
2026-09-05T01:01:07.679Z dictation_preview_pass engine=parakeet ms=240 samples=240000 chars=277
2026-09-05T01:01:08.747Z dictation_preview_pass engine=parakeet ms=217 samples=240000 chars=212
2026-09-05T01:01:09.829Z dictation_preview_pass engine=parakeet ms=195 samples=240000 chars=117
2026-09-05T01:01:10.935Z dictation_preview_pass engine=parakeet ms=198 samples=240000 chars=159
2026-09-05T01:01:11.897Z dictation_capture_heartbeat input_buffers=6987 input_frames=30812670 isRunning=true default_input=present default_input_transport=built-in
2026-09-05T01:01:12.019Z dictation_preview_pass engine=parakeet ms=192 samples=240000 chars=148
2026-09-05T01:01:13.018Z dictation_preview_pass engine=parakeet ms=180 samples=240000 chars=131
2026-09-05T01:01:14.109Z dictation_preview_pass engine=parakeet ms=181 samples=240000 chars=128
2026-09-05T01:01:15.131Z dictation_preview_pass engine=parakeet ms=192 samples=240000 chars=161
2026-09-05T01:01:16.222Z dictation_preview_pass engine=parakeet ms=191 samples=240000 chars=150
2026-09-05T01:01:16.918Z dictation_capture_heartbeat input_buffers=7037 input_frames=31033170 isRunning=true default_input=present default_input_transport=built-in
2026-09-05T01:01:17.320Z dictation_preview_pass engine=parakeet ms=187 samples=240000 chars=123
2026-09-05T01:01:18.420Z dictation_preview_pass engine=parakeet ms=184 samples=240000 chars=119
2026-09-05T01:01:19.518Z dictation_preview_pass engine=parakeet ms=190 samples=240000 chars=134
2026-09-05T01:01:20.542Z dictation_preview_pass engine=parakeet ms=205 samples=240000 chars=181
2026-09-05T01:01:21.644Z dictation_preview_pass engine=parakeet ms=215 samples=240000 chars=213
2026-09-05T01:01:21.926Z dictation_capture_heartbeat input_buffers=7087 input_frames=31253670 isRunning=true default_input=present default_input_transport=built-in
2026-09-05T01:01:22.653Z dictation_preview_pass engine=parakeet ms=214 samples=240000 chars=204
2026-09-05T01:01:23.747Z dictation_preview_pass engine=parakeet ms=218 samples=240000 chars=236
2026-09-05T01:01:24.843Z dictation_preview_pass engine=parakeet ms=210 samples=240000 chars=254
2026-09-05T01:01:25.950Z dictation_preview_pass engine=parakeet ms=214 samples=240000 chars=254
2026-09-05T01:01:26.940Z dictation_capture_heartbeat input_buffers=7138 input_frames=31478580 isRunning=true default_input=present default_input_transport=built-in
2026-09-05T01:01:27.067Z dictation_preview_pass engine=parakeet ms=240 samples=240000 chars=300
2026-09-05T01:01:28.080Z dictation_preview_pass engine=parakeet ms=243 samples=240000 chars=310
2026-09-05T01:01:29.164Z dictation_preview_pass engine=parakeet ms=236 samples=240000 chars=312
2026-09-05T01:01:30.281Z dictation_preview_pass engine=parakeet ms=250 samples=240000 chars=305
2026-09-05T01:01:31.372Z dictation_preview_pass engine=parakeet ms=238 samples=240000 chars=317
2026-09-05T01:01:31.979Z dictation_capture_heartbeat input_buffers=7188 input_frames=31699080 isRunning=true default_input=present default_input_transport=built-in
2026-09-05T01:01:32.488Z dictation_preview_pass engine=parakeet ms=250 samples=240000 chars=344
2026-09-05T01:01:33.573Z dictation_preview_pass engine=parakeet ms=245 samples=240000 chars=363
2026-09-05T01:01:34.676Z dictation_preview_pass engine=parakeet ms=245 samples=240000 chars=371
2026-09-05T01:01:35.789Z dictation_preview_pass engine=parakeet ms=255 samples=240000 chars=366
2026-09-05T01:01:36.863Z dictation_preview_pass engine=parakeet ms=226 samples=240000 chars=343
2026-09-05T01:01:37.017Z dictation_capture_heartbeat input_buffers=7238 input_frames=31919580 isRunning=true default_input=present default_input_transport=built-in
2026-09-05T01:01:37.980Z dictation_preview_pass engine=parakeet ms=251 samples=240000 chars=345
2026-09-05T01:01:39.068Z dictation_preview_pass engine=parakeet ms=236 samples=240000 chars=340
2026-09-05T01:01:40.162Z dictation_preview_pass engine=parakeet ms=228 samples=240000 chars=323
2026-09-05T01:01:41.255Z dictation_preview_pass engine=parakeet ms=218 samples=240000 chars=302
2026-09-05T01:01:42.022Z dictation_capture_heartbeat input_buffers=7288 input_frames=32140080 isRunning=true default_input=present default_input_transport=built-in
2026-09-05T01:01:42.344Z dictation_preview_pass engine=parakeet ms=215 samples=240000 chars=305
2026-09-05T01:01:43.465Z dictation_preview_pass engine=parakeet ms=233 samples=240000 chars=291
2026-09-05T01:01:44.570Z dictation_preview_pass engine=parakeet ms=235 samples=240000 chars=300
2026-09-05T01:01:45.662Z dictation_preview_pass engine=parakeet ms=225 samples=240000 chars=261
2026-09-05T01:01:46.755Z dictation_preview_pass engine=parakeet ms=226 samples=240000 chars=253
2026-09-05T01:01:47.037Z dictation_capture_heartbeat input_buffers=7339 input_frames=32364990 isRunning=true default_input=present default_input_transport=built-in
2026-09-05T01:01:47.856Z dictation_preview_pass engine=parakeet ms=223 samples=240000 chars=232
2026-09-05T01:01:48.954Z dictation_preview_pass engine=parakeet ms=220 samples=240000 chars=237
2026-09-05T01:01:50.058Z dictation_preview_pass engine=parakeet ms=220 samples=240000 chars=198
2026-09-05T01:01:51.150Z dictation_preview_pass engine=parakeet ms=221 samples=240000 chars=198
2026-09-05T01:01:52.048Z dictation_capture_heartbeat input_buffers=7389 input_frames=32585490 isRunning=true default_input=present default_input_transport=built-in
2026-09-05T01:01:52.232Z dictation_preview_pass engine=parakeet ms=199 samples=240000 chars=172
2026-09-05T01:01:53.349Z dictation_preview_pass engine=parakeet ms=211 samples=240000 chars=179
2026-09-05T01:01:54.442Z dictation_preview_pass engine=parakeet ms=204 samples=240000 chars=148
2026-09-05T01:01:55.535Z dictation_preview_pass engine=parakeet ms=206 samples=240000 chars=153
2026-09-05T01:01:56.640Z dictation_preview_pass engine=parakeet ms=207 samples=240000 chars=171
2026-09-05T01:01:57.062Z dictation_capture_heartbeat input_buffers=7439 input_frames=32805990 isRunning=true default_input=present default_input_transport=built-in
2026-09-05T01:01:57.729Z dictation_preview_pass engine=parakeet ms=194 samples=240000 chars=146
2026-09-05T01:01:58.829Z dictation_preview_pass engine=parakeet ms=189 samples=240000 chars=175
2026-09-05T01:01:59.933Z dictation_preview_pass engine=parakeet ms=204 samples=240000 chars=170
2026-09-05T01:02:01.021Z dictation_preview_pass engine=parakeet ms=189 samples=240000 chars=189
2026-09-05T01:02:02.112Z dictation_capture_heartbeat input_buffers=7489 input_frames=33026490 isRunning=true default_input=present default_input_transport=built-in
2026-09-05T01:02:02.136Z dictation_preview_pass engine=parakeet ms=201 samples=240000 chars=150
2026-09-05T01:02:03.234Z dictation_preview_pass engine=parakeet ms=208 samples=240000 chars=194
2026-09-05T01:02:04.248Z dictation_preview_pass engine=parakeet ms=212 samples=240000 chars=201
2026-09-05T01:02:05.339Z dictation_preview_pass engine=parakeet ms=211 samples=240000 chars=217
2026-09-05T01:02:06.346Z dictation_preview_pass engine=parakeet ms=208 samples=240000 chars=238
2026-09-05T01:02:07.117Z dictation_capture_heartbeat input_buffers=7539 input_frames=33246990 isRunning=true default_input=present default_input_transport=built-in
2026-09-05T01:02:07.458Z dictation_preview_pass engine=parakeet ms=229 samples=240000 chars=262
2026-09-05T01:02:08.553Z dictation_preview_pass engine=parakeet ms=219 samples=240000 chars=247
2026-09-05T01:02:09.649Z dictation_preview_pass engine=parakeet ms=214 samples=240000 chars=247
2026-09-05T01:02:10.760Z dictation_preview_pass engine=parakeet ms=233 samples=240000 chars=261
2026-09-05T01:02:11.760Z dictation_preview_pass engine=parakeet ms=223 samples=240000 chars=241
2026-09-05T01:02:12.150Z dictation_capture_heartbeat input_buffers=7590 input_frames=33471900 isRunning=true default_input=present default_input_transport=built-in
2026-09-05T01:02:12.833Z dictation_preview_pass engine=parakeet ms=205 samples=240000 chars=222
2026-09-05T01:02:13.842Z dictation_preview_pass engine=parakeet ms=204 samples=240000 chars=211
2026-09-05T01:02:14.940Z dictation_preview_pass engine=parakeet ms=211 samples=240000 chars=215
2026-09-05T01:02:16.033Z dictation_preview_pass engine=parakeet ms=198 samples=240000 chars=220
2026-09-05T01:02:17.154Z dictation_preview_pass engine=parakeet ms=219 samples=240000 chars=227
2026-09-05T01:02:17.190Z dictation_capture_heartbeat input_buffers=7640 input_frames=33692400 isRunning=true default_input=present default_input_transport=built-in
2026-09-05T01:02:18.227Z dictation_preview_pass engine=parakeet ms=199 samples=240000 chars=213
2026-09-05T01:02:19.231Z dictation_preview_pass engine=parakeet ms=195 samples=240000 chars=228
2026-09-05T01:02:20.344Z dictation_preview_pass engine=parakeet ms=215 samples=240000 chars=228
2026-09-05T01:02:21.443Z dictation_preview_pass engine=parakeet ms=212 samples=240000 chars=228
2026-09-05T01:02:22.241Z dictation_capture_heartbeat input_buffers=7691 input_frames=33917310 isRunning=true default_input=present default_input_transport=built-in
2026-09-05T01:02:22.525Z dictation_preview_pass engine=parakeet ms=191 samples=240000 chars=221
2026-09-05T01:02:23.654Z dictation_preview_pass engine=parakeet ms=217 samples=240000 chars=242
2026-09-05T01:02:24.738Z dictation_preview_pass engine=parakeet ms=211 samples=240000 chars=261
2026-09-05T01:02:25.865Z dictation_preview_pass engine=parakeet ms=234 samples=240000 chars=274
2026-09-05T01:02:26.955Z dictation_preview_pass engine=parakeet ms=221 samples=240000 chars=282
2026-09-05T01:02:27.246Z dictation_capture_heartbeat input_buffers=7741 input_frames=34137810 isRunning=true default_input=present default_input_transport=built-in
2026-09-05T01:02:28.061Z dictation_preview_pass engine=parakeet ms=225 samples=240000 chars=266
2026-09-05T01:02:29.056Z dictation_preview_pass engine=parakeet ms=219 samples=240000 chars=266
2026-09-05T01:02:30.162Z dictation_preview_pass engine=parakeet ms=235 samples=240000 chars=252
2026-09-05T01:02:31.128Z dictation_preview_pass engine=parakeet ms=191 samples=240000 chars=223
2026-09-05T01:02:32.242Z dictation_preview_pass engine=parakeet ms=213 samples=240000 chars=232
2026-09-05T01:02:32.250Z dictation_capture_heartbeat input_buffers=7791 input_frames=34358310 isRunning=true default_input=present default_input_transport=built-in
2026-09-05T01:02:33.341Z dictation_preview_pass engine=parakeet ms=210 samples=240000 chars=269
2026-09-05T01:02:34.431Z dictation_preview_pass engine=parakeet ms=196 samples=240000 chars=225
2026-09-05T01:02:35.555Z dictation_preview_pass engine=parakeet ms=218 samples=240000 chars=243
2026-09-05T01:02:36.635Z dictation_preview_pass engine=parakeet ms=207 samples=240000 chars=236
2026-09-05T01:02:37.304Z dictation_capture_heartbeat input_buffers=7841 input_frames=34578810 isRunning=true default_input=present default_input_transport=built-in
2026-09-05T01:02:37.742Z dictation_preview_pass engine=parakeet ms=211 samples=240000 chars=247
2026-09-05T01:02:38.844Z dictation_preview_pass engine=parakeet ms=209 samples=240000 chars=229
2026-09-05T01:02:39.849Z dictation_preview_pass engine=parakeet ms=213 samples=240000 chars=233
2026-09-05T01:02:40.937Z dictation_preview_pass engine=parakeet ms=202 samples=240000 chars=222
2026-09-05T01:02:42.034Z dictation_preview_pass engine=parakeet ms=207 samples=240000 chars=203
2026-09-05T01:02:42.325Z dictation_capture_heartbeat input_buffers=7891 input_frames=34799310 isRunning=true default_input=present default_input_transport=built-in
2026-09-05T01:02:43.035Z dictation_preview_pass engine=parakeet ms=198 samples=240000 chars=214
2026-09-05T01:02:44.127Z dictation_preview_pass engine=parakeet ms=198 samples=240000 chars=220
2026-09-05T01:02:45.232Z dictation_preview_pass engine=parakeet ms=200 samples=240000 chars=234
2026-09-05T01:02:46.334Z dictation_preview_pass engine=parakeet ms=199 samples=240000 chars=226
2026-09-05T01:02:47.366Z dictation_capture_heartbeat input_buffers=7942 input_frames=35024220 isRunning=true default_input=present default_input_transport=built-in
2026-09-05T01:02:47.444Z dictation_preview_pass engine=parakeet ms=207 samples=240000 chars=223
2026-09-05T01:02:48.543Z dictation_preview_pass engine=parakeet ms=214 samples=240000 chars=220
2026-09-05T01:02:49.644Z dictation_preview_pass engine=parakeet ms=210 samples=240000 chars=225
2026-09-05T01:02:50.737Z dictation_preview_pass engine=parakeet ms=204 samples=240000 chars=213
2026-09-05T01:02:51.842Z dictation_preview_pass engine=parakeet ms=204 samples=240000 chars=207
2026-09-05T01:02:52.379Z dictation_capture_heartbeat input_buffers=7992 input_frames=35244720 isRunning=true default_input=present default_input_transport=built-in
2026-09-05T01:02:52.936Z dictation_preview_pass engine=parakeet ms=207 samples=240000 chars=212
2026-09-05T01:02:54.041Z dictation_preview_pass engine=parakeet ms=209 samples=240000 chars=217
2026-09-05T01:02:55.147Z dictation_preview_pass engine=parakeet ms=210 samples=240000 chars=216
2026-09-05T01:02:56.251Z dictation_preview_pass engine=parakeet ms=213 samples=240000 chars=233
2026-09-05T01:02:57.345Z dictation_preview_pass engine=parakeet ms=216 samples=240000 chars=248
2026-09-05T01:02:57.395Z dictation_capture_heartbeat input_buffers=8042 input_frames=35465220 isRunning=true default_input=present default_input_transport=built-in
2026-09-05T01:02:58.449Z dictation_preview_pass engine=parakeet ms=217 samples=240000 chars=265
2026-09-05T01:02:59.556Z dictation_preview_pass engine=parakeet ms=222 samples=240000 chars=266
2026-09-05T01:03:00.661Z dictation_preview_pass engine=parakeet ms=223 samples=240000 chars=264
2026-09-05T01:03:01.758Z dictation_preview_pass engine=parakeet ms=230 samples=240000 chars=267
2026-09-05T01:03:02.424Z dictation_capture_heartbeat input_buffers=8092 input_frames=35685720 isRunning=true default_input=present default_input_transport=built-in
2026-09-05T01:03:02.854Z dictation_preview_pass engine=parakeet ms=222 samples=240000 chars=266
2026-09-05T01:03:03.956Z dictation_preview_pass engine=parakeet ms=222 samples=240000 chars=243
2026-09-05T01:03:05.065Z dictation_preview_pass engine=parakeet ms=228 samples=240000 chars=270
2026-09-05T01:03:06.150Z dictation_preview_pass engine=parakeet ms=221 samples=240000 chars=267
2026-09-05T01:03:07.250Z dictation_preview_pass engine=parakeet ms=218 samples=240000 chars=256
2026-09-05T01:03:07.467Z dictation_capture_heartbeat input_buffers=8143 input_frames=35910630 isRunning=true default_input=present default_input_transport=built-in
2026-09-05T01:03:08.353Z dictation_preview_pass engine=parakeet ms=218 samples=240000 chars=253
2026-09-05T01:03:09.441Z dictation_preview_pass engine=parakeet ms=214 samples=240000 chars=271
2026-09-05T01:03:10.459Z dictation_preview_pass engine=parakeet ms=222 samples=240000 chars=240
2026-09-05T01:03:11.538Z dictation_preview_pass engine=parakeet ms=210 samples=240000 chars=234
2026-09-05T01:03:12.501Z dictation_capture_heartbeat input_buffers=8193 input_frames=36131130 isRunning=true default_input=present default_input_transport=built-in
2026-09-05T01:03:12.643Z dictation_preview_pass engine=parakeet ms=213 samples=240000 chars=233
2026-09-05T01:03:13.732Z dictation_preview_pass engine=parakeet ms=198 samples=240000 chars=233
2026-09-05T01:03:14.839Z dictation_preview_pass engine=parakeet ms=202 samples=240000 chars=218
2026-09-05T01:03:15.932Z dictation_preview_pass engine=parakeet ms=205 samples=240000 chars=192
2026-09-05T01:03:17.043Z dictation_preview_pass engine=parakeet ms=212 samples=240000 chars=220
2026-09-05T01:03:17.510Z dictation_capture_heartbeat input_buffers=8243 input_frames=36351630 isRunning=true default_input=present default_input_transport=built-in
2026-09-05T01:03:18.142Z dictation_preview_pass engine=parakeet ms=208 samples=240000 chars=220
2026-09-05T01:03:19.251Z dictation_preview_pass engine=parakeet ms=214 samples=240000 chars=237
2026-09-05T01:03:20.355Z dictation_preview_pass engine=parakeet ms=227 samples=240000 chars=237
2026-09-05T01:03:21.459Z dictation_preview_pass engine=parakeet ms=228 samples=240000 chars=230
2026-09-05T01:03:22.532Z dictation_capture_heartbeat input_buffers=8294 input_frames=36576540 isRunning=true default_input=present default_input_transport=built-in
2026-09-05T01:03:22.540Z dictation_preview_pass engine=parakeet ms=206 samples=240000 chars=214
2026-09-05T01:03:23.648Z dictation_preview_pass engine=parakeet ms=211 samples=240000 chars=219
2026-09-05T01:03:24.755Z dictation_preview_pass engine=parakeet ms=225 samples=240000 chars=224
2026-09-05T01:03:25.851Z dictation_preview_pass engine=parakeet ms=220 samples=240000 chars=227
2026-09-05T01:03:26.949Z dictation_preview_pass engine=parakeet ms=215 samples=240000 chars=217
2026-09-05T01:03:27.551Z dictation_capture_heartbeat input_buffers=8344 input_frames=36797040 isRunning=true default_input=present default_input_transport=built-in
2026-09-05T01:03:28.046Z dictation_preview_pass engine=parakeet ms=210 samples=240000 chars=200
2026-09-05T01:03:29.124Z dictation_preview_pass engine=parakeet ms=194 samples=240000 chars=187
2026-09-05T01:03:30.259Z dictation_preview_pass engine=parakeet ms=228 samples=240000 chars=237
2026-09-05T01:03:31.339Z dictation_preview_pass engine=parakeet ms=204 samples=240000 chars=225
2026-09-05T01:03:32.456Z dictation_preview_pass engine=parakeet ms=220 samples=240000 chars=234
2026-09-05T01:03:32.557Z dictation_capture_heartbeat input_buffers=8394 input_frames=37017540 isRunning=true default_input=present default_input_transport=built-in
2026-09-05T01:03:33.541Z dictation_preview_pass engine=parakeet ms=213 samples=240000 chars=204
2026-09-05T01:03:34.628Z dictation_preview_pass engine=parakeet ms=196 samples=240000 chars=212
2026-09-05T01:03:35.725Z dictation_preview_pass engine=parakeet ms=191 samples=240000 chars=195
2026-09-05T01:03:36.831Z dictation_preview_pass engine=parakeet ms=194 samples=240000 chars=202
2026-09-05T01:03:37.571Z dictation_capture_heartbeat input_buffers=8444 input_frames=37238040 isRunning=true default_input=present default_input_transport=built-in
2026-09-05T01:03:37.945Z dictation_preview_pass engine=parakeet ms=216 samples=240000 chars=220
2026-09-05T01:03:39.042Z dictation_preview_pass engine=parakeet ms=211 samples=240000 chars=212
2026-09-05T01:03:40.140Z dictation_preview_pass engine=parakeet ms=206 samples=240000 chars=204
2026-09-05T01:03:41.245Z dictation_preview_pass engine=parakeet ms=207 samples=240000 chars=214
2026-09-05T01:03:42.329Z dictation_preview_pass engine=parakeet ms=200 samples=240000 chars=231
2026-09-05T01:03:42.600Z dictation_capture_heartbeat input_buffers=8494 input_frames=37458540 isRunning=true default_input=present default_input_transport=built-in
2026-09-05T01:03:43.456Z dictation_preview_pass engine=parakeet ms=224 samples=240000 chars=252
2026-09-05T01:03:44.548Z dictation_preview_pass engine=parakeet ms=214 samples=240000 chars=233
2026-09-05T01:03:45.541Z dictation_preview_pass engine=parakeet ms=206 samples=240000 chars=233
2026-09-05T01:03:46.651Z dictation_preview_pass engine=parakeet ms=215 samples=240000 chars=233
2026-09-05T01:03:47.606Z dictation_capture_heartbeat input_buffers=8544 input_frames=37679040 isRunning=true default_input=present default_input_transport=built-in
2026-09-05T01:03:47.742Z dictation_preview_pass engine=parakeet ms=215 samples=240000 chars=228
2026-09-05T01:03:48.746Z dictation_preview_pass engine=parakeet ms=208 samples=240000 chars=225
2026-09-05T01:03:49.848Z dictation_preview_pass engine=parakeet ms=220 samples=240000 chars=233
2026-09-05T01:03:50.950Z dictation_preview_pass engine=parakeet ms=218 samples=240000 chars=221
2026-09-05T01:03:52.055Z dictation_preview_pass engine=parakeet ms=221 samples=240000 chars=232
2026-09-05T01:03:52.654Z dictation_capture_heartbeat input_buffers=8595 input_frames=37903950 isRunning=true default_input=present default_input_transport=built-in
2026-09-05T01:03:53.132Z dictation_preview_pass engine=parakeet ms=206 samples=240000 chars=214
2026-09-05T01:03:54.140Z dictation_preview_pass engine=parakeet ms=204 samples=240000 chars=226
2026-09-05T01:03:55.246Z dictation_preview_pass engine=parakeet ms=219 samples=240000 chars=219
2026-09-05T01:03:56.260Z dictation_preview_pass engine=parakeet ms=223 samples=240000 chars=253
2026-09-05T01:03:57.349Z dictation_preview_pass engine=parakeet ms=220 samples=240000 chars=248
2026-09-05T01:03:57.710Z dictation_capture_heartbeat input_buffers=8645 input_frames=38124450 isRunning=true default_input=present default_input_transport=built-in
2026-09-05T01:03:58.454Z dictation_preview_pass engine=parakeet ms=223 samples=240000 chars=244
2026-09-05T01:03:59.555Z dictation_preview_pass engine=parakeet ms=220 samples=240000 chars=251
2026-09-05T01:04:00.654Z dictation_preview_pass engine=parakeet ms=228 samples=240000 chars=267
2026-09-05T01:04:01.657Z dictation_preview_pass engine=parakeet ms=221 samples=240000 chars=252
2026-09-05T01:04:02.750Z dictation_preview_pass engine=parakeet ms=223 samples=240000 chars=284
2026-09-05T01:04:02.754Z dictation_capture_heartbeat input_buffers=8696 input_frames=38349360 isRunning=true default_input=present default_input_transport=built-in
2026-09-05T01:04:03.856Z dictation_preview_pass engine=parakeet ms=226 samples=240000 chars=278
2026-09-05T01:04:04.955Z dictation_preview_pass engine=parakeet ms=220 samples=240000 chars=265
2026-09-05T01:04:06.067Z dictation_preview_pass engine=parakeet ms=231 samples=240000 chars=289
2026-09-05T01:04:07.164Z dictation_preview_pass engine=parakeet ms=237 samples=240000 chars=297
2026-09-05T01:04:07.779Z dictation_capture_heartbeat input_buffers=8746 input_frames=38569860 isRunning=true default_input=present default_input_transport=built-in
2026-09-05T01:04:08.261Z dictation_preview_pass engine=parakeet ms=231 samples=240000 chars=290
2026-09-05T01:04:09.377Z dictation_preview_pass engine=parakeet ms=243 samples=240000 chars=307
2026-09-05T01:04:10.471Z dictation_preview_pass engine=parakeet ms=234 samples=240000 chars=320
2026-09-05T01:04:11.565Z dictation_preview_pass engine=parakeet ms=237 samples=240000 chars=299
2026-09-05T01:04:12.673Z dictation_preview_pass engine=parakeet ms=241 samples=240000 chars=315
2026-09-05T01:04:12.796Z dictation_capture_heartbeat input_buffers=8796 input_frames=38790360 isRunning=true default_input=present default_input_transport=built-in
2026-09-05T01:04:13.792Z dictation_preview_pass engine=parakeet ms=257 samples=240000 chars=327
2026-09-05T01:04:14.880Z dictation_preview_pass engine=parakeet ms=243 samples=240000 chars=316
2026-09-05T01:04:15.971Z dictation_preview_pass engine=parakeet ms=242 samples=240000 chars=329
2026-09-05T01:04:17.095Z dictation_preview_pass engine=parakeet ms=262 samples=240000 chars=325
2026-09-05T01:04:17.805Z dictation_capture_heartbeat input_buffers=8846 input_frames=39010860 isRunning=true default_input=present default_input_transport=built-in
2026-09-05T01:04:18.187Z dictation_preview_pass engine=parakeet ms=252 samples=240000 chars=304
2026-09-05T01:04:19.295Z dictation_preview_pass engine=parakeet ms=256 samples=240000 chars=335
2026-09-05T01:04:20.349Z dictation_preview_pass engine=parakeet ms=219 samples=240000 chars=232
2026-09-05T01:04:21.482Z dictation_preview_pass engine=parakeet ms=249 samples=240000 chars=310
2026-09-05T01:04:22.572Z dictation_preview_pass engine=parakeet ms=236 samples=240000 chars=295
2026-09-05T01:04:22.830Z dictation_capture_heartbeat input_buffers=8896 input_frames=39231360 isRunning=true default_input=present default_input_transport=built-in
2026-09-05T01:04:23.674Z dictation_preview_pass engine=parakeet ms=234 samples=240000 chars=292
2026-09-05T01:04:24.759Z dictation_preview_pass engine=parakeet ms=229 samples=240000 chars=301
2026-09-05T01:04:25.878Z dictation_preview_pass engine=parakeet ms=243 samples=240000 chars=294
2026-09-05T01:04:26.972Z dictation_preview_pass engine=parakeet ms=236 samples=240000 chars=262
2026-09-05T01:04:27.848Z dictation_capture_heartbeat input_buffers=8947 input_frames=39456270 isRunning=true default_input=present default_input_transport=built-in
2026-09-05T01:04:28.075Z dictation_preview_pass engine=parakeet ms=234 samples=240000 chars=267
2026-09-05T01:04:29.153Z dictation_preview_pass engine=parakeet ms=223 samples=240000 chars=276
2026-09-05T01:04:30.242Z dictation_preview_pass engine=parakeet ms=208 samples=240000 chars=242
2026-09-05T01:04:31.345Z dictation_preview_pass engine=parakeet ms=209 samples=240000 chars=254
2026-09-05T01:04:32.434Z dictation_preview_pass engine=parakeet ms=195 samples=240000 chars=222
2026-09-05T01:04:32.896Z dictation_capture_heartbeat input_buffers=8997 input_frames=39676770 isRunning=true default_input=present default_input_transport=built-in
2026-09-05T01:04:33.540Z dictation_preview_pass engine=parakeet ms=209 samples=240000 chars=245
2026-09-05T01:04:34.648Z dictation_preview_pass engine=parakeet ms=214 samples=240000 chars=240
2026-09-05T01:04:35.743Z dictation_preview_pass engine=parakeet ms=206 samples=240000 chars=243
2026-09-05T01:04:36.826Z dictation_preview_pass engine=parakeet ms=198 samples=240000 chars=222
2026-09-05T01:04:37.846Z dictation_preview_pass engine=parakeet ms=208 samples=240000 chars=256
2026-09-05T01:04:37.933Z dictation_capture_heartbeat input_buffers=9048 input_frames=39901680 isRunning=true default_input=present default_input_transport=built-in
2026-09-05T01:04:38.937Z dictation_preview_pass engine=parakeet ms=207 samples=240000 chars=255
2026-09-05T01:04:39.942Z dictation_preview_pass engine=parakeet ms=202 samples=240000 chars=241
2026-09-05T01:04:40.970Z dictation_preview_pass engine=parakeet ms=227 samples=240000 chars=257
2026-09-05T01:04:42.063Z dictation_preview_pass engine=parakeet ms=233 samples=240000 chars=264
2026-09-05T01:04:42.976Z dictation_capture_heartbeat input_buffers=9098 input_frames=40122180 isRunning=true default_input=present default_input_transport=built-in
2026-09-05T01:04:43.051Z dictation_preview_pass engine=parakeet ms=210 samples=240000 chars=265
2026-09-05T01:04:44.161Z dictation_preview_pass engine=parakeet ms=230 samples=240000 chars=272
2026-09-05T01:04:45.256Z dictation_preview_pass engine=parakeet ms=219 samples=240000 chars=252
2026-09-05T01:04:46.358Z dictation_preview_pass engine=parakeet ms=220 samples=240000 chars=266
2026-09-05T01:04:47.455Z dictation_preview_pass engine=parakeet ms=214 samples=240000 chars=216
2026-09-05T01:04:48.030Z dictation_capture_heartbeat input_buffers=9148 input_frames=40342680 isRunning=true default_input=present default_input_transport=built-in
2026-09-05T01:04:48.568Z dictation_preview_pass engine=parakeet ms=236 samples=240000 chars=286
2026-09-05T01:04:49.664Z dictation_preview_pass engine=parakeet ms=228 samples=240000 chars=308
2026-09-05T01:04:50.761Z dictation_preview_pass engine=parakeet ms=221 samples=240000 chars=299
2026-09-05T01:04:51.861Z dictation_preview_pass engine=parakeet ms=232 samples=240000 chars=311
2026-09-05T01:04:52.878Z dictation_preview_pass engine=parakeet ms=239 samples=240000 chars=323
2026-09-05T01:04:53.036Z dictation_capture_heartbeat input_buffers=9199 input_frames=40567590 isRunning=true default_input=present default_input_transport=built-in
2026-09-05T01:04:53.962Z dictation_preview_pass engine=parakeet ms=231 samples=240000 chars=293
2026-09-05T01:04:55.067Z dictation_preview_pass engine=parakeet ms=233 samples=240000 chars=294
2026-09-05T01:04:56.170Z dictation_preview_pass engine=parakeet ms=233 samples=240000 chars=288
2026-09-05T01:04:57.167Z dictation_preview_pass engine=parakeet ms=229 samples=240000 chars=269
2026-09-05T01:04:58.048Z dictation_capture_heartbeat input_buffers=9249 input_frames=40788090 isRunning=true default_input=present default_input_transport=built-in
2026-09-05T01:04:58.236Z dictation_preview_pass engine=parakeet ms=198 samples=240000 chars=227
2026-09-05T01:04:59.241Z dictation_preview_pass engine=parakeet ms=197 samples=240000 chars=249
2026-09-05T01:05:00.365Z dictation_preview_pass engine=parakeet ms=226 samples=240000 chars=259
2026-09-05T01:05:01.427Z dictation_preview_pass engine=parakeet ms=196 samples=240000 chars=227
2026-09-05T01:05:02.550Z dictation_preview_pass engine=parakeet ms=216 samples=240000 chars=212
2026-09-05T01:05:03.097Z dictation_capture_heartbeat input_buffers=9299 input_frames=41008590 isRunning=true default_input=present default_input_transport=built-in
2026-09-05T01:05:03.653Z dictation_preview_pass engine=parakeet ms=215 samples=240000 chars=239
2026-09-05T01:05:04.754Z dictation_preview_pass engine=parakeet ms=215 samples=240000 chars=230
2026-09-05T01:05:05.840Z dictation_preview_pass engine=parakeet ms=210 samples=240000 chars=224
2026-09-05T01:05:06.950Z dictation_preview_pass engine=parakeet ms=216 samples=240000 chars=237
2026-09-05T01:05:08.048Z dictation_preview_pass engine=parakeet ms=210 samples=240000 chars=255
2026-09-05T01:05:08.123Z dictation_capture_heartbeat input_buffers=9349 input_frames=41229090 isRunning=true default_input=present default_input_transport=built-in
2026-09-05T01:05:09.158Z dictation_preview_pass engine=parakeet ms=219 samples=240000 chars=230
2026-09-05T01:05:10.255Z dictation_preview_pass engine=parakeet ms=224 samples=240000 chars=252
2026-09-05T01:05:11.356Z dictation_preview_pass engine=parakeet ms=222 samples=240000 chars=278
2026-09-05T01:05:12.477Z dictation_preview_pass engine=parakeet ms=238 samples=240000 chars=302
2026-09-05T01:05:13.138Z dictation_capture_heartbeat input_buffers=9400 input_frames=41454000 isRunning=true default_input=present default_input_transport=built-in
2026-09-05T01:05:13.575Z dictation_preview_pass engine=parakeet ms=235 samples=240000 chars=273
2026-09-05T01:05:14.661Z dictation_preview_pass engine=parakeet ms=229 samples=240000 chars=297
2026-09-05T01:05:15.762Z dictation_preview_pass engine=parakeet ms=228 samples=240000 chars=277
2026-09-05T01:05:16.858Z dictation_preview_pass engine=parakeet ms=221 samples=240000 chars=255
2026-09-05T01:05:17.968Z dictation_preview_pass engine=parakeet ms=228 samples=240000 chars=250
2026-09-05T01:05:18.142Z dictation_capture_heartbeat input_buffers=9450 input_frames=41674500 isRunning=true default_input=present default_input_transport=built-in
2026-09-05T01:05:19.062Z dictation_preview_pass engine=parakeet ms=232 samples=240000 chars=270
2026-09-05T01:05:20.175Z dictation_preview_pass engine=parakeet ms=241 samples=240000 chars=292
2026-09-05T01:05:21.286Z dictation_preview_pass engine=parakeet ms=249 samples=240000 chars=311
2026-09-05T01:05:22.369Z dictation_preview_pass engine=parakeet ms=229 samples=240000 chars=246
2026-09-05T01:05:23.163Z dictation_capture_heartbeat input_buffers=9500 input_frames=41895000 isRunning=true default_input=present default_input_transport=built-in
2026-09-05T01:05:23.470Z dictation_preview_pass engine=parakeet ms=238 samples=240000 chars=272
2026-09-05T01:05:24.554Z dictation_preview_pass engine=parakeet ms=219 samples=240000 chars=240
2026-09-05T01:05:25.657Z dictation_preview_pass engine=parakeet ms=220 samples=240000 chars=243
2026-09-05T01:05:26.754Z dictation_preview_pass engine=parakeet ms=214 samples=240000 chars=241
2026-09-05T01:05:27.828Z dictation_preview_pass engine=parakeet ms=196 samples=240000 chars=218
2026-09-05T01:05:28.172Z dictation_capture_heartbeat input_buffers=9550 input_frames=42115500 isRunning=true default_input=present default_input_transport=built-in
2026-09-05T01:05:28.930Z dictation_preview_pass engine=parakeet ms=194 samples=240000 chars=200
2026-09-05T01:05:30.046Z dictation_preview_pass engine=parakeet ms=208 samples=240000 chars=219
2026-09-05T01:05:31.150Z dictation_preview_pass engine=parakeet ms=209 samples=240000 chars=214
2026-09-05T01:05:32.238Z dictation_preview_pass engine=parakeet ms=206 samples=240000 chars=190
2026-09-05T01:05:33.187Z dictation_capture_heartbeat input_buffers=9600 input_frames=42336000 isRunning=true default_input=present default_input_transport=built-in
2026-09-05T01:05:33.337Z dictation_preview_pass engine=parakeet ms=198 samples=240000 chars=202
2026-09-05T01:05:34.436Z dictation_preview_pass engine=parakeet ms=198 samples=240000 chars=186
2026-09-05T01:05:35.522Z dictation_preview_pass engine=parakeet ms=193 samples=240000 chars=194
2026-09-05T01:05:36.529Z dictation_preview_pass engine=parakeet ms=190 samples=240000 chars=182
2026-09-05T01:05:37.624Z dictation_preview_pass engine=parakeet ms=194 samples=240000 chars=182
2026-09-05T01:05:38.240Z dictation_capture_heartbeat input_buffers=9651 input_frames=42560910 isRunning=true default_input=present default_input_transport=built-in
2026-09-05T01:05:38.629Z dictation_preview_pass engine=parakeet ms=187 samples=240000 chars=211
2026-09-05T01:05:39.739Z dictation_preview_pass engine=parakeet ms=207 samples=240000 chars=222
2026-09-05T01:05:40.831Z dictation_preview_pass engine=parakeet ms=196 samples=240000 chars=219
2026-09-05T01:05:41.928Z dictation_preview_pass engine=parakeet ms=191 samples=240000 chars=167
2026-09-05T01:05:43.031Z dictation_preview_pass engine=parakeet ms=201 samples=240000 chars=223
2026-09-05T01:05:43.266Z dictation_capture_heartbeat input_buffers=9701 input_frames=42781410 isRunning=true default_input=present default_input_transport=built-in
2026-09-05T01:05:44.045Z dictation_preview_pass engine=parakeet ms=207 samples=240000 chars=230
2026-09-05T01:05:45.134Z dictation_preview_pass engine=parakeet ms=203 samples=240000 chars=217
2026-09-05T01:05:46.143Z dictation_preview_pass engine=parakeet ms=213 samples=240000 chars=248
2026-09-05T01:05:47.158Z dictation_preview_pass engine=parakeet ms=220 samples=240000 chars=258
2026-09-05T01:05:48.249Z dictation_preview_pass engine=parakeet ms=218 samples=240000 chars=252
2026-09-05T01:05:48.306Z dictation_capture_heartbeat input_buffers=9751 input_frames=43001910 isRunning=true default_input=present default_input_transport=built-in
2026-09-05T01:05:49.264Z dictation_preview_pass engine=parakeet ms=223 samples=240000 chars=275
2026-09-05T01:05:50.343Z dictation_preview_pass engine=parakeet ms=211 samples=240000 chars=246
2026-09-05T01:05:51.465Z dictation_preview_pass engine=parakeet ms=230 samples=240000 chars=285
2026-09-05T01:05:52.561Z dictation_preview_pass engine=parakeet ms=224 samples=240000 chars=268
2026-09-05T01:05:53.333Z dictation_capture_heartbeat input_buffers=9801 input_frames=43222410 isRunning=true default_input=present default_input_transport=built-in
2026-09-05T01:05:53.653Z dictation_preview_pass engine=parakeet ms=225 samples=240000 chars=296
2026-09-05T01:05:54.680Z dictation_preview_pass engine=parakeet ms=240 samples=240000 chars=301
2026-09-05T01:05:55.756Z dictation_preview_pass engine=parakeet ms=225 samples=240000 chars=286
2026-09-05T01:05:56.779Z dictation_preview_pass engine=parakeet ms=238 samples=240000 chars=292
2026-09-05T01:05:57.878Z dictation_preview_pass engine=parakeet ms=246 samples=240000 chars=283
2026-09-05T01:05:58.341Z dictation_capture_heartbeat input_buffers=9851 input_frames=43442910 isRunning=true default_input=present default_input_transport=built-in
2026-09-05T01:05:58.978Z dictation_preview_pass engine=parakeet ms=242 samples=240000 chars=294
2026-09-05T01:06:00.074Z dictation_preview_pass engine=parakeet ms=236 samples=240000 chars=306
2026-09-05T01:06:01.174Z dictation_preview_pass engine=parakeet ms=244 samples=240000 chars=312
2026-09-05T01:06:02.185Z dictation_preview_pass engine=parakeet ms=247 samples=240000 chars=304
2026-09-05T01:06:03.264Z dictation_preview_pass engine=parakeet ms=234 samples=240000 chars=301
2026-09-05T01:06:03.348Z dictation_capture_heartbeat input_buffers=9902 input_frames=43667820 isRunning=true default_input=present default_input_transport=built-in
2026-09-05T01:06:04.281Z dictation_preview_pass engine=parakeet ms=240 samples=240000 chars=309
2026-09-05T01:06:05.365Z dictation_preview_pass engine=parakeet ms=234 samples=240000 chars=283
2026-09-05T01:06:06.465Z dictation_preview_pass engine=parakeet ms=230 samples=240000 chars=265
2026-09-05T01:06:07.567Z dictation_preview_pass engine=parakeet ms=230 samples=240000 chars=272
2026-09-05T01:06:08.382Z dictation_capture_heartbeat input_buffers=9952 input_frames=43888320 isRunning=true default_input=present default_input_transport=built-in
2026-09-05T01:06:08.648Z dictation_preview_pass engine=parakeet ms=220 samples=240000 chars=241
2026-09-05T01:06:09.650Z dictation_preview_pass engine=parakeet ms=211 samples=240000 chars=216
2026-09-05T01:06:10.739Z dictation_preview_pass engine=parakeet ms=207 samples=240000 chars=194
2026-09-05T01:06:11.838Z dictation_preview_pass engine=parakeet ms=205 samples=240000 chars=196
2026-09-05T01:06:12.928Z dictation_preview_pass engine=parakeet ms=192 samples=240000 chars=170
2026-09-05T01:06:13.400Z dictation_capture_heartbeat input_buffers=10002 input_frames=44108820 isRunning=true default_input=present default_input_transport=built-in
2026-09-05T01:06:14.030Z dictation_preview_pass engine=parakeet ms=192 samples=240000 chars=141
2026-09-05T01:06:15.126Z dictation_preview_pass engine=parakeet ms=193 samples=240000 chars=149
2026-09-05T01:06:16.222Z dictation_preview_pass engine=parakeet ms=189 samples=240000 chars=127
2026-09-05T01:06:17.319Z dictation_preview_pass engine=parakeet ms=183 samples=240000 chars=137
2026-09-05T01:06:18.422Z dictation_capture_heartbeat input_buffers=10052 input_frames=44329320 isRunning=true default_input=present default_input_transport=built-in
2026-09-05T01:06:18.424Z dictation_preview_pass engine=parakeet ms=186 samples=240000 chars=134
2026-09-05T01:06:19.511Z dictation_preview_pass engine=parakeet ms=181 samples=240000 chars=111
2026-09-05T01:06:20.597Z dictation_preview_pass engine=parakeet ms=164 samples=240000 chars=91
2026-09-05T01:06:21.716Z dictation_preview_pass engine=parakeet ms=180 samples=240000 chars=93
2026-09-05T01:06:22.817Z dictation_preview_pass engine=parakeet ms=178 samples=240000 chars=91
2026-09-05T01:06:23.461Z dictation_capture_heartbeat input_buffers=10103 input_frames=44554230 isRunning=true default_input=present default_input_transport=built-in
2026-09-05T01:06:23.896Z dictation_preview_pass engine=parakeet ms=166 samples=240000 chars=110
2026-09-05T01:06:25.006Z dictation_preview_pass engine=parakeet ms=172 samples=240000 chars=124
2026-09-05T01:06:26.122Z dictation_preview_pass engine=parakeet ms=185 samples=240000 chars=124
2026-09-05T01:06:27.218Z dictation_preview_pass engine=parakeet ms=178 samples=240000 chars=125
2026-09-05T01:06:28.319Z dictation_preview_pass engine=parakeet ms=188 samples=240000 chars=129
2026-09-05T01:06:28.494Z dictation_capture_heartbeat input_buffers=10153 input_frames=44774730 isRunning=true default_input=present default_input_transport=built-in
2026-09-05T01:06:29.419Z dictation_preview_pass engine=parakeet ms=186 samples=240000 chars=138
2026-09-05T01:06:30.526Z dictation_preview_pass engine=parakeet ms=189 samples=240000 chars=150
2026-09-05T01:06:31.614Z dictation_preview_pass engine=parakeet ms=174 samples=240000 chars=138
2026-09-05T01:06:32.714Z dictation_preview_pass engine=parakeet ms=183 samples=240000 chars=114
2026-09-05T01:06:33.530Z dictation_capture_heartbeat input_buffers=10203 input_frames=44995230 isRunning=true default_input=present default_input_transport=built-in
2026-09-05T01:06:33.805Z dictation_preview_pass engine=parakeet ms=170 samples=240000 chars=87
2026-09-05T01:06:34.909Z dictation_preview_pass engine=parakeet ms=172 samples=240000 chars=109
2026-09-05T01:06:36.019Z dictation_preview_pass engine=parakeet ms=180 samples=240000 chars=111
2026-09-05T01:06:37.127Z dictation_preview_pass engine=parakeet ms=194 samples=240000 chars=140
2026-09-05T01:06:38.214Z dictation_preview_pass engine=parakeet ms=179 samples=240000 chars=153
2026-09-05T01:06:38.546Z dictation_capture_heartbeat input_buffers=10254 input_frames=45220140 isRunning=true default_input=present default_input_transport=built-in
2026-09-05T01:06:39.329Z dictation_preview_pass engine=parakeet ms=192 samples=240000 chars=169
2026-09-05T01:06:40.423Z dictation_preview_pass engine=parakeet ms=184 samples=240000 chars=151
2026-09-05T01:06:41.524Z dictation_preview_pass engine=parakeet ms=192 samples=240000 chars=158
2026-09-05T01:06:42.639Z dictation_preview_pass engine=parakeet ms=204 samples=240000 chars=180
2026-09-05T01:06:43.549Z dictation_capture_heartbeat input_buffers=10304 input_frames=45440640 isRunning=true default_input=present default_input_transport=built-in
2026-09-05T01:06:43.755Z dictation_preview_pass engine=parakeet ms=218 samples=240000 chars=210
2026-09-05T01:06:44.859Z dictation_preview_pass engine=parakeet ms=230 samples=240000 chars=227
2026-09-05T01:06:45.872Z dictation_preview_pass engine=parakeet ms=234 samples=240000 chars=252
2026-09-05T01:06:46.964Z dictation_preview_pass engine=parakeet ms=233 samples=240000 chars=249
2026-09-05T01:06:47.972Z dictation_preview_pass engine=parakeet ms=231 samples=240000 chars=257
2026-09-05T01:06:48.586Z dictation_capture_heartbeat input_buffers=10354 input_frames=45661140 isRunning=true default_input=present default_input_transport=built-in
2026-09-05T01:06:49.067Z dictation_preview_pass engine=parakeet ms=236 samples=240000 chars=253
2026-09-05T01:06:50.136Z dictation_preview_pass engine=parakeet ms=201 samples=240000 chars=215
2026-09-05T01:06:51.247Z dictation_preview_pass engine=parakeet ms=210 samples=240000 chars=189
2026-09-05T01:06:52.341Z dictation_preview_pass engine=parakeet ms=213 samples=240000 chars=205
2026-09-05T01:06:53.343Z dictation_preview_pass engine=parakeet ms=204 samples=240000 chars=213
2026-09-05T01:06:53.602Z dictation_capture_heartbeat input_buffers=10404 input_frames=45881640 isRunning=true default_input=present default_input_transport=built-in
2026-09-05T01:06:54.450Z dictation_preview_pass engine=parakeet ms=219 samples=240000 chars=239
2026-09-05T01:06:55.472Z dictation_preview_pass engine=parakeet ms=231 samples=240000 chars=259
2026-09-05T01:06:56.560Z dictation_preview_pass engine=parakeet ms=228 samples=240000 chars=251
2026-09-05T01:06:57.665Z dictation_preview_pass engine=parakeet ms=230 samples=240000 chars=260
2026-09-05T01:06:58.613Z dictation_capture_heartbeat input_buffers=10454 input_frames=46102140 isRunning=true default_input=present default_input_transport=built-in
2026-09-05T01:06:58.748Z dictation_preview_pass engine=parakeet ms=211 samples=240000 chars=236
2026-09-05T01:06:59.841Z dictation_preview_pass engine=parakeet ms=213 samples=240000 chars=227
2026-09-05T01:07:00.839Z dictation_preview_pass engine=parakeet ms=200 samples=240000 chars=222
2026-09-05T01:07:01.952Z dictation_preview_pass engine=parakeet ms=218 samples=240000 chars=250
2026-09-05T01:07:03.063Z dictation_preview_pass engine=parakeet ms=230 samples=240000 chars=262
2026-09-05T01:07:03.629Z dictation_capture_heartbeat input_buffers=10504 input_frames=46322640 isRunning=true default_input=present default_input_transport=built-in
2026-09-05T01:07:04.174Z dictation_preview_pass engine=parakeet ms=238 samples=240000 chars=266
2026-09-05T01:07:05.280Z dictation_preview_pass engine=parakeet ms=241 samples=240000 chars=302
2026-09-05T01:07:06.379Z dictation_preview_pass engine=parakeet ms=249 samples=240000 chars=296
2026-09-05T01:07:07.466Z dictation_preview_pass engine=parakeet ms=233 samples=240000 chars=271
2026-09-05T01:07:08.569Z dictation_preview_pass engine=parakeet ms=233 samples=240000 chars=258
2026-09-05T01:07:08.654Z dictation_capture_heartbeat input_buffers=10555 input_frames=46547550 isRunning=true default_input=present default_input_transport=built-in
2026-09-05T01:07:09.664Z dictation_preview_pass engine=parakeet ms=225 samples=240000 chars=276
2026-09-05T01:07:10.753Z dictation_preview_pass engine=parakeet ms=222 samples=240000 chars=262
2026-09-05T01:07:11.871Z dictation_preview_pass engine=parakeet ms=237 samples=240000 chars=287
2026-09-05T01:07:12.965Z dictation_preview_pass engine=parakeet ms=227 samples=240000 chars=267
2026-09-05T01:07:13.679Z dictation_capture_heartbeat input_buffers=10605 input_frames=46768050 isRunning=true default_input=present default_input_transport=built-in
2026-09-05T01:07:14.074Z dictation_preview_pass engine=parakeet ms=235 samples=240000 chars=290
2026-09-05T01:07:15.159Z dictation_preview_pass engine=parakeet ms=229 samples=240000 chars=266
2026-09-05T01:07:16.263Z dictation_preview_pass engine=parakeet ms=229 samples=240000 chars=268
2026-09-05T01:07:17.343Z dictation_preview_pass engine=parakeet ms=207 samples=240000 chars=237
2026-09-05T01:07:18.466Z dictation_preview_pass engine=parakeet ms=227 samples=240000 chars=239
2026-09-05T01:07:18.732Z dictation_capture_heartbeat input_buffers=10655 input_frames=46988550 isRunning=true default_input=present default_input_transport=built-in
2026-09-05T01:07:19.548Z dictation_preview_pass engine=parakeet ms=217 samples=240000 chars=234
2026-09-05T01:07:20.658Z dictation_preview_pass engine=parakeet ms=224 samples=240000 chars=258
2026-09-05T01:07:21.758Z dictation_preview_pass engine=parakeet ms=222 samples=240000 chars=255
2026-09-05T01:07:22.871Z dictation_preview_pass engine=parakeet ms=231 samples=240000 chars=275
2026-09-05T01:07:23.737Z dictation_capture_heartbeat input_buffers=10706 input_frames=47213460 isRunning=true default_input=present default_input_transport=built-in
2026-09-05T01:07:23.938Z dictation_preview_pass engine=parakeet ms=208 samples=240000 chars=228
2026-09-05T01:07:25.067Z dictation_preview_pass engine=parakeet ms=233 samples=240000 chars=292
2026-09-05T01:07:26.147Z dictation_preview_pass engine=parakeet ms=211 samples=240000 chars=273
2026-09-05T01:07:27.265Z dictation_preview_pass engine=parakeet ms=225 samples=240000 chars=258
2026-09-05T01:07:28.347Z dictation_preview_pass engine=parakeet ms=216 samples=240000 chars=222
2026-09-05T01:07:28.758Z dictation_capture_heartbeat input_buffers=10756 input_frames=47433960 isRunning=true default_input=present default_input_transport=built-in
2026-09-05T01:07:29.454Z dictation_preview_pass engine=parakeet ms=218 samples=240000 chars=232
2026-09-05T01:07:30.539Z dictation_preview_pass engine=parakeet ms=202 samples=240000 chars=232
2026-09-05T01:07:31.656Z dictation_preview_pass engine=parakeet ms=217 samples=240000 chars=269
2026-09-05T01:07:32.763Z dictation_preview_pass engine=parakeet ms=232 samples=240000 chars=320
2026-09-05T01:07:33.789Z dictation_capture_heartbeat input_buffers=10806 input_frames=47654460 isRunning=true default_input=present default_input_transport=built-in
2026-09-05T01:07:33.882Z dictation_preview_pass engine=parakeet ms=248 samples=240000 chars=341
2026-09-05T01:07:34.870Z dictation_preview_pass engine=parakeet ms=236 samples=240000 chars=310
2026-09-05T01:07:35.967Z dictation_preview_pass engine=parakeet ms=232 samples=240000 chars=295
2026-09-05T01:07:37.075Z dictation_preview_pass engine=parakeet ms=236 samples=240000 chars=297
2026-09-05T01:07:38.165Z dictation_preview_pass engine=parakeet ms=235 samples=240000 chars=283
2026-09-05T01:07:38.813Z dictation_capture_heartbeat input_buffers=10856 input_frames=47874960 isRunning=true default_input=present default_input_transport=built-in
2026-09-05T01:07:39.187Z dictation_preview_pass engine=parakeet ms=248 samples=240000 chars=307
2026-09-05T01:07:40.268Z dictation_preview_pass engine=parakeet ms=237 samples=240000 chars=307
2026-09-05T01:07:41.398Z dictation_preview_pass engine=parakeet ms=264 samples=240000 chars=344
2026-09-05T01:07:42.473Z dictation_preview_pass engine=parakeet ms=237 samples=240000 chars=310
2026-09-05T01:07:43.578Z dictation_preview_pass engine=parakeet ms=250 samples=240000 chars=323
2026-09-05T01:07:43.822Z dictation_capture_heartbeat input_buffers=10906 input_frames=48095460 isRunning=true default_input=present default_input_transport=built-in
2026-09-05T01:07:44.590Z dictation_preview_pass engine=parakeet ms=251 samples=240000 chars=315
2026-09-05T01:07:45.682Z dictation_preview_pass engine=parakeet ms=252 samples=240000 chars=313
2026-09-05T01:07:46.659Z dictation_preview_pass engine=parakeet ms=220 samples=240000 chars=272
2026-09-05T01:07:47.757Z dictation_preview_pass engine=parakeet ms=226 samples=240000 chars=222
2026-09-05T01:07:48.863Z dictation_preview_pass engine=parakeet ms=229 samples=240000 chars=203
2026-09-05T01:07:48.866Z dictation_capture_heartbeat input_buffers=10957 input_frames=48320370 isRunning=true default_input=present default_input_transport=built-in
2026-09-05T01:07:49.971Z dictation_preview_pass engine=parakeet ms=234 samples=240000 chars=238
2026-09-05T01:07:51.058Z dictation_preview_pass engine=parakeet ms=229 samples=240000 chars=251
2026-09-05T01:07:52.047Z dictation_preview_pass engine=parakeet ms=209 samples=240000 chars=219
2026-09-05T01:07:53.134Z dictation_preview_pass engine=parakeet ms=204 samples=240000 chars=187
2026-09-05T01:07:53.898Z dictation_capture_heartbeat input_buffers=11007 input_frames=48540870 isRunning=true default_input=present default_input_transport=built-in
2026-09-05T01:07:54.239Z dictation_preview_pass engine=parakeet ms=204 samples=240000 chars=190
2026-09-05T01:07:55.338Z dictation_preview_pass engine=parakeet ms=203 samples=240000 chars=186
2026-09-05T01:07:56.434Z dictation_preview_pass engine=parakeet ms=195 samples=240000 chars=153
2026-09-05T01:07:57.520Z dictation_preview_pass engine=parakeet ms=190 samples=240000 chars=150
2026-09-05T01:07:58.637Z dictation_preview_pass engine=parakeet ms=204 samples=240000 chars=173
2026-09-05T01:07:58.958Z dictation_capture_heartbeat input_buffers=11058 input_frames=48765780 isRunning=true default_input=present default_input_transport=built-in
2026-09-05T01:07:59.752Z dictation_preview_pass engine=parakeet ms=216 samples=240000 chars=200
2026-09-05T01:08:00.832Z dictation_preview_pass engine=parakeet ms=193 samples=240000 chars=178
2026-09-05T01:08:01.933Z dictation_preview_pass engine=parakeet ms=202 samples=240000 chars=180
2026-09-05T01:08:03.035Z dictation_preview_pass engine=parakeet ms=202 samples=240000 chars=184
2026-09-05T01:08:03.972Z dictation_capture_heartbeat input_buffers=11108 input_frames=48986280 isRunning=true default_input=present default_input_transport=built-in
2026-09-05T01:08:04.132Z dictation_preview_pass engine=parakeet ms=197 samples=240000 chars=167
2026-09-05T01:08:05.232Z dictation_preview_pass engine=parakeet ms=193 samples=240000 chars=173
2026-09-05T01:08:06.340Z dictation_preview_pass engine=parakeet ms=210 samples=240000 chars=200
2026-09-05T01:08:07.441Z dictation_preview_pass engine=parakeet ms=207 samples=240000 chars=203
2026-09-05T01:08:08.540Z dictation_preview_pass engine=parakeet ms=204 samples=240000 chars=203
2026-09-05T01:08:08.995Z dictation_capture_heartbeat input_buffers=11158 input_frames=49206780 isRunning=true default_input=present default_input_transport=built-in
2026-09-05T01:08:09.656Z dictation_preview_pass engine=parakeet ms=217 samples=240000 chars=208
2026-09-05T01:08:10.744Z dictation_preview_pass engine=parakeet ms=214 samples=240000 chars=205
2026-09-05T01:08:11.854Z dictation_preview_pass engine=parakeet ms=221 samples=240000 chars=231
2026-09-05T01:08:12.951Z dictation_preview_pass engine=parakeet ms=215 samples=240000 chars=251
2026-09-05T01:08:14.011Z dictation_capture_heartbeat input_buffers=11208 input_frames=49427280 isRunning=true default_input=present default_input_transport=built-in
2026-09-05T01:08:14.076Z dictation_preview_pass engine=parakeet ms=237 samples=240000 chars=266
2026-09-05T01:08:15.144Z dictation_preview_pass engine=parakeet ms=213 samples=240000 chars=263
2026-09-05T01:08:16.263Z dictation_preview_pass engine=parakeet ms=226 samples=240000 chars=251
2026-09-05T01:08:17.361Z dictation_preview_pass engine=parakeet ms=226 samples=240000 chars=265
2026-09-05T01:08:18.472Z dictation_preview_pass engine=parakeet ms=233 samples=240000 chars=274
2026-09-05T01:08:19.057Z dictation_capture_heartbeat input_buffers=11259 input_frames=49652190 isRunning=true default_input=present default_input_transport=built-in
2026-09-05T01:08:19.565Z dictation_preview_pass engine=parakeet ms=235 samples=240000 chars=285
2026-09-05T01:08:20.667Z dictation_preview_pass engine=parakeet ms=233 samples=240000 chars=266
2026-09-05T01:08:21.779Z dictation_preview_pass engine=parakeet ms=243 samples=240000 chars=283
2026-09-05T01:08:22.873Z dictation_preview_pass engine=parakeet ms=233 samples=240000 chars=307
2026-09-05T01:08:23.955Z dictation_preview_pass engine=parakeet ms=224 samples=240000 chars=282
2026-09-05T01:08:24.114Z dictation_capture_heartbeat input_buffers=11309 input_frames=49872690 isRunning=true default_input=present default_input_transport=built-in
2026-09-05T01:08:25.054Z dictation_preview_pass engine=parakeet ms=220 samples=240000 chars=141
2026-09-05T01:08:26.177Z dictation_preview_pass engine=parakeet ms=241 samples=240000 chars=291
2026-09-05T01:08:27.248Z dictation_preview_pass engine=parakeet ms=219 samples=240000 chars=265
2026-09-05T01:08:28.268Z dictation_preview_pass engine=parakeet ms=230 samples=240000 chars=250
2026-09-05T01:08:29.141Z dictation_capture_heartbeat input_buffers=11360 input_frames=50097600 isRunning=true default_input=present default_input_transport=built-in
2026-09-05T01:08:29.343Z dictation_preview_pass engine=parakeet ms=211 samples=240000 chars=216
2026-09-05T01:08:30.361Z dictation_preview_pass engine=parakeet ms=222 samples=240000 chars=233
2026-09-05T01:08:31.456Z dictation_preview_pass engine=parakeet ms=225 samples=240000 chars=233
2026-09-05T01:08:32.547Z dictation_preview_pass engine=parakeet ms=213 samples=240000 chars=229
2026-09-05T01:08:33.651Z dictation_preview_pass engine=parakeet ms=214 samples=240000 chars=224
2026-09-05T01:08:34.171Z dictation_capture_heartbeat input_buffers=11410 input_frames=50318100 isRunning=true default_input=present default_input_transport=built-in
2026-09-05T01:08:34.738Z dictation_preview_pass engine=parakeet ms=211 samples=240000 chars=215
2026-09-05T01:08:35.741Z dictation_preview_pass engine=parakeet ms=203 samples=240000 chars=216
2026-09-05T01:08:36.844Z dictation_preview_pass engine=parakeet ms=215 samples=240000 chars=208
2026-09-05T01:08:37.844Z dictation_preview_pass engine=parakeet ms=205 samples=240000 chars=216
2026-09-05T01:08:38.949Z dictation_preview_pass engine=parakeet ms=218 samples=240000 chars=216
2026-09-05T01:08:39.180Z dictation_capture_heartbeat input_buffers=11460 input_frames=50538600 isRunning=true default_input=present default_input_transport=built-in
2026-09-05T01:08:40.046Z dictation_preview_pass engine=parakeet ms=213 samples=240000 chars=201
2026-09-05T01:08:41.148Z dictation_preview_pass engine=parakeet ms=211 samples=240000 chars=214
2026-09-05T01:08:42.238Z dictation_preview_pass engine=parakeet ms=211 samples=240000 chars=210
2026-09-05T01:08:43.248Z dictation_preview_pass engine=parakeet ms=211 samples=240000 chars=219
2026-09-05T01:08:44.201Z dictation_capture_heartbeat input_buffers=11510 input_frames=50759100 isRunning=true default_input=present default_input_transport=built-in
2026-09-05T01:08:44.348Z dictation_preview_pass engine=parakeet ms=219 samples=240000 chars=219
2026-09-05T01:08:45.442Z dictation_preview_pass engine=parakeet ms=209 samples=240000 chars=205
2026-09-05T01:08:46.543Z dictation_preview_pass engine=parakeet ms=207 samples=240000 chars=208
2026-09-05T01:08:47.652Z dictation_preview_pass engine=parakeet ms=214 samples=240000 chars=208
2026-09-05T01:08:48.717Z dictation_preview_pass engine=parakeet ms=187 samples=240000 chars=180
2026-09-05T01:08:49.258Z dictation_capture_heartbeat input_buffers=11561 input_frames=50984010 isRunning=true default_input=present default_input_transport=built-in
2026-09-05T01:08:49.839Z dictation_preview_pass engine=parakeet ms=207 samples=240000 chars=180
2026-09-05T01:08:50.920Z dictation_preview_pass engine=parakeet ms=184 samples=240000 chars=163
2026-09-05T01:08:52.030Z dictation_preview_pass engine=parakeet ms=193 samples=240000 chars=133
2026-09-05T01:08:53.115Z dictation_preview_pass engine=parakeet ms=185 samples=240000 chars=105
2026-09-05T01:08:54.226Z dictation_preview_pass engine=parakeet ms=193 samples=240000 chars=122
2026-09-05T01:08:54.264Z dictation_capture_heartbeat input_buffers=11611 input_frames=51204510 isRunning=true default_input=present default_input_transport=built-in
2026-09-05T01:08:55.313Z dictation_preview_pass engine=parakeet ms=177 samples=240000 chars=103
2026-09-05T01:08:56.417Z dictation_preview_pass engine=parakeet ms=178 samples=240000 chars=99
2026-09-05T01:08:57.509Z dictation_preview_pass engine=parakeet ms=179 samples=240000 chars=94
2026-09-05T01:08:58.588Z dictation_preview_pass engine=parakeet ms=156 samples=240000 chars=106
2026-09-05T01:08:59.307Z dictation_capture_heartbeat input_buffers=11661 input_frames=51425010 isRunning=true default_input=present default_input_transport=built-in
2026-09-05T01:08:59.721Z dictation_preview_pass engine=parakeet ms=185 samples=240000 chars=119
2026-09-05T01:09:00.706Z dictation_preview_pass engine=parakeet ms=169 samples=240000 chars=108
2026-09-05T01:09:01.816Z dictation_preview_pass engine=parakeet ms=180 samples=240000 chars=123
2026-09-05T01:09:02.903Z dictation_preview_pass engine=parakeet ms=174 samples=240000 chars=139
2026-09-05T01:09:03.909Z dictation_preview_pass engine=parakeet ms=171 samples=240000 chars=139
2026-09-05T01:09:04.368Z dictation_capture_heartbeat input_buffers=11712 input_frames=51649920 isRunning=true default_input=present default_input_transport=built-in
2026-09-05T01:09:05.020Z dictation_preview_pass engine=parakeet ms=189 samples=240000 chars=190
2026-09-05T01:09:06.140Z dictation_preview_pass engine=parakeet ms=208 samples=240000 chars=199
2026-09-05T01:09:07.258Z dictation_preview_pass engine=parakeet ms=222 samples=240000 chars=234
2026-09-05T01:09:08.358Z dictation_preview_pass engine=parakeet ms=219 samples=240000 chars=230
2026-09-05T01:09:09.378Z dictation_capture_heartbeat input_buffers=11762 input_frames=51870420 isRunning=true default_input=present default_input_transport=built-in
2026-09-05T01:09:09.436Z dictation_preview_pass engine=parakeet ms=206 samples=240000 chars=216
2026-09-05T01:09:10.530Z dictation_preview_pass engine=parakeet ms=197 samples=240000 chars=208
2026-09-05T01:09:11.650Z dictation_preview_pass engine=parakeet ms=215 samples=240000 chars=211
2026-09-05T01:09:12.748Z dictation_preview_pass engine=parakeet ms=210 samples=240000 chars=210
2026-09-05T01:09:13.842Z dictation_preview_pass engine=parakeet ms=213 samples=240000 chars=209
2026-09-05T01:09:14.388Z dictation_capture_heartbeat input_buffers=11812 input_frames=52090920 isRunning=true default_input=present default_input_transport=built-in
2026-09-05T01:09:14.940Z dictation_preview_pass engine=parakeet ms=207 samples=240000 chars=200
2026-09-05T01:09:16.055Z dictation_preview_pass engine=parakeet ms=218 samples=240000 chars=218
2026-09-05T01:09:17.141Z dictation_preview_pass engine=parakeet ms=203 samples=240000 chars=202
2026-09-05T01:09:18.238Z dictation_preview_pass engine=parakeet ms=205 samples=240000 chars=222
2026-09-05T01:09:19.346Z dictation_preview_pass engine=parakeet ms=212 samples=240000 chars=202
2026-09-05T01:09:19.413Z dictation_capture_heartbeat input_buffers=11862 input_frames=52311420 isRunning=true default_input=present default_input_transport=built-in
2026-09-05T01:09:20.450Z dictation_preview_pass engine=parakeet ms=214 samples=240000 chars=201
2026-09-05T01:09:21.555Z dictation_preview_pass engine=parakeet ms=216 samples=240000 chars=226
2026-09-05T01:09:22.641Z dictation_preview_pass engine=parakeet ms=210 samples=240000 chars=189
2026-09-05T01:09:23.744Z dictation_preview_pass engine=parakeet ms=210 samples=240000 chars=162
2026-09-05T01:09:24.425Z dictation_capture_heartbeat input_buffers=11912 input_frames=52531920 isRunning=true default_input=present default_input_transport=built-in
2026-09-05T01:09:24.854Z dictation_preview_pass engine=parakeet ms=216 samples=240000 chars=232
2026-09-05T01:09:25.939Z dictation_preview_pass engine=parakeet ms=212 samples=240000 chars=237
2026-09-05T01:09:26.963Z dictation_preview_pass engine=parakeet ms=224 samples=240000 chars=247
2026-09-05T01:09:28.035Z dictation_preview_pass engine=parakeet ms=206 samples=240000 chars=246
2026-09-05T01:09:29.054Z dictation_preview_pass engine=parakeet ms=214 samples=240000 chars=253
2026-09-05T01:09:29.456Z dictation_capture_heartbeat input_buffers=11963 input_frames=52756830 isRunning=true default_input=present default_input_transport=built-in
2026-09-05T01:09:30.154Z dictation_preview_pass engine=parakeet ms=224 samples=240000 chars=270
2026-09-05T01:09:31.257Z dictation_preview_pass engine=parakeet ms=223 samples=240000 chars=269
2026-09-05T01:09:32.351Z dictation_preview_pass engine=parakeet ms=215 samples=240000 chars=271
2026-09-05T01:09:33.454Z dictation_preview_pass engine=parakeet ms=226 samples=240000 chars=278
2026-09-05T01:09:34.461Z dictation_preview_pass engine=parakeet ms=224 samples=240000 chars=278
2026-09-05T01:09:34.473Z dictation_capture_heartbeat input_buffers=12013 input_frames=52977330 isRunning=true default_input=present default_input_transport=built-in
2026-09-05T01:09:35.559Z dictation_preview_pass engine=parakeet ms=230 samples=240000 chars=284
2026-09-05T01:09:36.644Z dictation_preview_pass engine=parakeet ms=212 samples=240000 chars=272
2026-09-05T01:09:37.755Z dictation_preview_pass engine=parakeet ms=219 samples=240000 chars=297
2026-09-05T01:09:38.865Z dictation_preview_pass engine=parakeet ms=228 samples=240000 chars=274
2026-09-05T01:09:39.498Z dictation_capture_heartbeat input_buffers=12063 input_frames=53197830 isRunning=true default_input=present default_input_transport=built-in
2026-09-05T01:09:39.957Z dictation_preview_pass engine=parakeet ms=226 samples=240000 chars=325
2026-09-05T01:09:41.060Z dictation_preview_pass engine=parakeet ms=227 samples=240000 chars=319
2026-09-05T01:09:42.168Z dictation_preview_pass engine=parakeet ms=233 samples=240000 chars=299
2026-09-05T01:09:43.288Z dictation_preview_pass engine=parakeet ms=251 samples=240000 chars=327
2026-09-05T01:09:44.374Z dictation_preview_pass engine=parakeet ms=245 samples=240000 chars=324
2026-09-05T01:09:44.551Z dictation_capture_heartbeat input_buffers=12114 input_frames=53422740 isRunning=true default_input=present default_input_transport=built-in
2026-09-05T01:09:45.455Z dictation_preview_pass engine=parakeet ms=222 samples=240000 chars=299
2026-09-05T01:09:46.555Z dictation_preview_pass engine=parakeet ms=220 samples=240000 chars=278
2026-09-05T01:09:47.661Z dictation_preview_pass engine=parakeet ms=223 samples=240000 chars=303
2026-09-05T01:09:48.759Z dictation_preview_pass engine=parakeet ms=229 samples=240000 chars=278
2026-09-05T01:09:49.572Z dictation_capture_heartbeat input_buffers=12164 input_frames=53643240 isRunning=true default_input=present default_input_transport=built-in
2026-09-05T01:09:49.861Z dictation_preview_pass engine=parakeet ms=229 samples=240000 chars=281
2026-09-05T01:09:50.965Z dictation_preview_pass engine=parakeet ms=229 samples=240000 chars=274
2026-09-05T01:09:52.067Z dictation_preview_pass engine=parakeet ms=229 samples=240000 chars=272
2026-09-05T01:09:53.157Z dictation_preview_pass engine=parakeet ms=227 samples=240000 chars=262
2026-09-05T01:09:54.250Z dictation_preview_pass engine=parakeet ms=218 samples=240000 chars=242
2026-09-05T01:09:54.604Z dictation_capture_heartbeat input_buffers=12214 input_frames=53863740 isRunning=true default_input=present default_input_transport=built-in
2026-09-05T01:09:55.347Z dictation_preview_pass engine=parakeet ms=211 samples=240000 chars=248
2026-09-05T01:09:56.450Z dictation_preview_pass engine=parakeet ms=212 samples=240000 chars=248
2026-09-05T01:09:57.563Z dictation_preview_pass engine=parakeet ms=232 samples=240000 chars=273
2026-09-05T01:09:58.643Z dictation_preview_pass engine=parakeet ms=210 samples=240000 chars=234
2026-09-05T01:09:59.624Z dictation_capture_heartbeat input_buffers=12264 input_frames=54084240 isRunning=true default_input=present default_input_transport=built-in
2026-09-05T01:09:59.740Z dictation_preview_pass engine=parakeet ms=204 samples=240000 chars=231
2026-09-05T01:10:00.839Z dictation_preview_pass engine=parakeet ms=200 samples=240000 chars=245
2026-09-05T01:10:01.948Z dictation_preview_pass engine=parakeet ms=217 samples=240000 chars=244
2026-09-05T01:10:03.040Z dictation_preview_pass engine=parakeet ms=207 samples=240000 chars=238
2026-09-05T01:10:04.157Z dictation_preview_pass engine=parakeet ms=222 samples=240000 chars=246
2026-09-05T01:10:04.664Z dictation_capture_heartbeat input_buffers=12315 input_frames=54309150 isRunning=true default_input=present default_input_transport=built-in
2026-09-05T01:10:05.252Z dictation_preview_pass engine=parakeet ms=213 samples=240000 chars=246
2026-09-05T01:10:06.343Z dictation_preview_pass engine=parakeet ms=212 samples=240000 chars=230
2026-09-05T01:10:07.441Z dictation_preview_pass engine=parakeet ms=208 samples=240000 chars=215
2026-09-05T01:10:08.544Z dictation_preview_pass engine=parakeet ms=209 samples=240000 chars=217
2026-09-05T01:10:09.647Z dictation_preview_pass engine=parakeet ms=220 samples=240000 chars=224
2026-09-05T01:10:09.685Z dictation_capture_heartbeat input_buffers=12365 input_frames=54529650 isRunning=true default_input=present default_input_transport=built-in
2026-09-05T01:10:10.638Z dictation_preview_pass engine=parakeet ms=201 samples=240000 chars=211
2026-09-05T01:10:11.728Z dictation_preview_pass engine=parakeet ms=199 samples=240000 chars=192
2026-09-05T01:10:12.742Z dictation_preview_pass engine=parakeet ms=203 samples=240000 chars=190
2026-09-05T01:10:13.837Z dictation_preview_pass engine=parakeet ms=208 samples=240000 chars=211
2026-09-05T01:10:14.689Z dictation_capture_heartbeat input_buffers=12415 input_frames=54750150 isRunning=true default_input=present default_input_transport=built-in
2026-09-05T01:10:14.938Z dictation_preview_pass engine=parakeet ms=205 samples=240000 chars=218
2026-09-05T01:10:16.059Z dictation_preview_pass engine=parakeet ms=223 samples=240000 chars=212
2026-09-05T01:10:17.137Z dictation_preview_pass engine=parakeet ms=211 samples=240000 chars=212
2026-09-05T01:10:18.154Z dictation_preview_pass engine=parakeet ms=217 samples=240000 chars=233
2026-09-05T01:10:19.233Z dictation_preview_pass engine=parakeet ms=204 samples=240000 chars=209
2026-09-05T01:10:19.715Z dictation_capture_heartbeat input_buffers=12465 input_frames=54970650 isRunning=true default_input=present default_input_transport=built-in
2026-09-05T01:10:20.246Z dictation_preview_pass engine=parakeet ms=207 samples=240000 chars=203
2026-09-05T01:10:21.339Z dictation_preview_pass engine=parakeet ms=209 samples=240000 chars=231
2026-09-05T01:10:22.450Z dictation_preview_pass engine=parakeet ms=217 samples=240000 chars=237
2026-09-05T01:10:23.539Z dictation_preview_pass engine=parakeet ms=203 samples=240000 chars=240
2026-09-05T01:10:24.636Z dictation_preview_pass engine=parakeet ms=209 samples=240000 chars=227
2026-09-05T01:10:24.733Z dictation_capture_heartbeat input_buffers=12516 input_frames=55195560 isRunning=true default_input=present default_input_transport=built-in
2026-09-05T01:10:25.654Z dictation_preview_pass engine=parakeet ms=217 samples=240000 chars=244
2026-09-05T01:10:26.734Z dictation_preview_pass engine=parakeet ms=205 samples=240000 chars=248
2026-09-05T01:10:27.843Z dictation_preview_pass engine=parakeet ms=211 samples=240000 chars=263
2026-09-05T01:10:28.919Z dictation_preview_pass engine=parakeet ms=185 samples=240000 chars=237
2026-09-05T01:10:29.751Z dictation_capture_heartbeat input_buffers=12566 input_frames=55416060 isRunning=true default_input=present default_input_transport=built-in
2026-09-05T01:10:30.034Z dictation_preview_pass engine=parakeet ms=197 samples=240000 chars=230
2026-09-05T01:10:31.135Z dictation_preview_pass engine=parakeet ms=206 samples=240000 chars=238
2026-09-05T01:10:32.239Z dictation_preview_pass engine=parakeet ms=207 samples=240000 chars=249
2026-09-05T01:10:33.340Z dictation_preview_pass engine=parakeet ms=205 samples=240000 chars=238
2026-09-05T01:10:34.445Z dictation_preview_pass engine=parakeet ms=208 samples=240000 chars=254
2026-09-05T01:10:34.778Z dictation_capture_heartbeat input_buffers=12616 input_frames=55636560 isRunning=true default_input=present default_input_transport=built-in
2026-09-05T01:10:35.542Z dictation_preview_pass engine=parakeet ms=213 samples=240000 chars=245
2026-09-05T01:10:36.650Z dictation_preview_pass engine=parakeet ms=217 samples=240000 chars=257
2026-09-05T01:10:37.749Z dictation_preview_pass engine=parakeet ms=214 samples=240000 chars=222
2026-09-05T01:10:38.852Z dictation_preview_pass engine=parakeet ms=213 samples=240000 chars=232
2026-09-05T01:10:39.794Z dictation_capture_heartbeat input_buffers=12666 input_frames=55857060 isRunning=true default_input=present default_input_transport=built-in
2026-09-05T01:10:39.932Z dictation_preview_pass engine=parakeet ms=203 samples=240000 chars=222
2026-09-05T01:10:41.040Z dictation_preview_pass engine=parakeet ms=208 samples=240000 chars=227
2026-09-05T01:10:42.034Z dictation_preview_pass engine=parakeet ms=202 samples=240000 chars=224
2026-09-05T01:10:43.141Z dictation_preview_pass engine=parakeet ms=206 samples=240000 chars=212
2026-09-05T01:10:44.231Z dictation_preview_pass engine=parakeet ms=195 samples=240000 chars=179
2026-09-05T01:10:44.845Z dictation_capture_heartbeat input_buffers=12717 input_frames=56081970 isRunning=true default_input=present default_input_transport=built-in
2026-09-05T01:10:45.329Z dictation_preview_pass engine=parakeet ms=202 samples=240000 chars=237
2026-09-05T01:10:46.350Z dictation_preview_pass engine=parakeet ms=212 samples=240000 chars=252
2026-09-05T01:10:47.440Z dictation_preview_pass engine=parakeet ms=211 samples=240000 chars=230
2026-09-05T01:10:48.551Z dictation_preview_pass engine=parakeet ms=219 samples=240000 chars=261
2026-09-05T01:10:49.647Z dictation_preview_pass engine=parakeet ms=212 samples=240000 chars=242
2026-09-05T01:10:49.850Z dictation_capture_heartbeat input_buffers=12767 input_frames=56302470 isRunning=true default_input=present default_input_transport=built-in
2026-09-05T01:10:50.756Z dictation_preview_pass engine=parakeet ms=218 samples=240000 chars=252
2026-09-05T01:10:51.835Z dictation_preview_pass engine=parakeet ms=206 samples=240000 chars=230
2026-09-05T01:10:52.949Z dictation_preview_pass engine=parakeet ms=217 samples=240000 chars=245
2026-09-05T01:10:54.051Z dictation_preview_pass engine=parakeet ms=215 samples=240000 chars=257
2026-09-05T01:10:54.899Z dictation_capture_heartbeat input_buffers=12817 input_frames=56522970 isRunning=true default_input=present default_input_transport=built-in
2026-09-05T01:10:55.160Z dictation_preview_pass engine=parakeet ms=222 samples=240000 chars=280
2026-09-05T01:10:56.262Z dictation_preview_pass engine=parakeet ms=232 samples=240000 chars=281
2026-09-05T01:10:57.370Z dictation_preview_pass engine=parakeet ms=237 samples=240000 chars=281
2026-09-05T01:10:58.460Z dictation_preview_pass engine=parakeet ms=225 samples=240000 chars=286
2026-09-05T01:10:59.579Z dictation_preview_pass engine=parakeet ms=241 samples=240000 chars=295
2026-09-05T01:10:59.938Z dictation_capture_heartbeat input_buffers=12868 input_frames=56747880 isRunning=true default_input=present default_input_transport=built-in
2026-09-05T01:11:00.641Z dictation_preview_pass engine=parakeet ms=211 samples=240000 chars=177
2026-09-05T01:11:01.749Z dictation_preview_pass engine=parakeet ms=217 samples=240000 chars=263
2026-09-05T01:11:02.731Z dictation_preview_pass engine=parakeet ms=198 samples=240000 chars=251
2026-09-05T01:11:03.868Z dictation_preview_pass engine=parakeet ms=234 samples=240000 chars=275
2026-09-05T01:11:04.943Z dictation_capture_heartbeat input_buffers=12918 input_frames=56968380 isRunning=true default_input=present default_input_transport=built-in
2026-09-05T01:11:04.975Z dictation_preview_pass engine=parakeet ms=237 samples=240000 chars=282
2026-09-05T01:11:06.040Z dictation_preview_pass engine=parakeet ms=211 samples=240000 chars=267
2026-09-05T01:11:07.063Z dictation_preview_pass engine=parakeet ms=225 samples=240000 chars=249
2026-09-05T01:11:08.143Z dictation_preview_pass engine=parakeet ms=213 samples=240000 chars=257
2026-09-05T01:11:09.251Z dictation_preview_pass engine=parakeet ms=219 samples=240000 chars=238
2026-09-05T01:11:09.955Z dictation_capture_heartbeat input_buffers=12968 input_frames=57188880 isRunning=true default_input=present default_input_transport=built-in
2026-09-05T01:11:10.352Z dictation_preview_pass engine=parakeet ms=216 samples=240000 chars=213
2026-09-05T01:11:11.449Z dictation_preview_pass engine=parakeet ms=211 samples=240000 chars=196
2026-09-05T01:11:12.535Z dictation_preview_pass engine=parakeet ms=205 samples=240000 chars=194
2026-09-05T01:11:13.638Z dictation_preview_pass engine=parakeet ms=205 samples=240000 chars=195
2026-09-05T01:11:14.739Z dictation_preview_pass engine=parakeet ms=203 samples=240000 chars=225
2026-09-05T01:11:14.961Z dictation_capture_heartbeat input_buffers=13018 input_frames=57409380 isRunning=true default_input=present default_input_transport=built-in
2026-09-05T01:11:15.839Z dictation_preview_pass engine=parakeet ms=212 samples=240000 chars=214
2026-09-05T01:11:16.850Z dictation_preview_pass engine=parakeet ms=212 samples=240000 chars=225
2026-09-05T01:11:17.937Z dictation_preview_pass engine=parakeet ms=208 samples=240000 chars=230
2026-09-05T01:11:19.040Z dictation_preview_pass engine=parakeet ms=209 samples=240000 chars=200
2026-09-05T01:11:20.000Z dictation_capture_heartbeat input_buffers=13068 input_frames=57629880 isRunning=true default_input=present default_input_transport=built-in
2026-09-05T01:11:20.141Z dictation_preview_pass engine=parakeet ms=207 samples=240000 chars=196
2026-09-05T01:11:21.253Z dictation_preview_pass engine=parakeet ms=215 samples=240000 chars=213
2026-09-05T01:11:22.350Z dictation_preview_pass engine=parakeet ms=222 samples=240000 chars=226
2026-09-05T01:11:23.458Z dictation_preview_pass engine=parakeet ms=227 samples=240000 chars=242
2026-09-05T01:11:24.568Z dictation_preview_pass engine=parakeet ms=234 samples=240000 chars=263
2026-09-05T01:11:25.056Z dictation_capture_heartbeat input_buffers=13119 input_frames=57854790 isRunning=true default_input=present default_input_transport=built-in
2026-09-05T01:11:25.666Z dictation_preview_pass engine=parakeet ms=228 samples=240000 chars=257
2026-09-05T01:11:26.761Z dictation_preview_pass engine=parakeet ms=233 samples=240000 chars=254
2026-09-05T01:11:27.870Z dictation_preview_pass engine=parakeet ms=239 samples=240000 chars=247
2026-09-05T01:11:28.948Z dictation_preview_pass engine=parakeet ms=211 samples=240000 chars=242
2026-09-05T01:11:30.062Z dictation_preview_pass engine=parakeet ms=225 samples=240000 chars=200
2026-09-05T01:11:30.111Z dictation_capture_heartbeat input_buffers=13169 input_frames=58075290 isRunning=true default_input=present default_input_transport=built-in
2026-09-05T01:11:31.150Z dictation_preview_pass engine=parakeet ms=221 samples=240000 chars=220
2026-09-05T01:11:32.233Z dictation_preview_pass engine=parakeet ms=202 samples=240000 chars=189
2026-09-05T01:11:33.352Z dictation_preview_pass engine=parakeet ms=218 samples=240000 chars=207
2026-09-05T01:11:34.456Z dictation_preview_pass engine=parakeet ms=218 samples=240000 chars=203
2026-09-05T01:11:35.123Z dictation_capture_heartbeat input_buffers=13219 input_frames=58295790 isRunning=true default_input=present default_input_transport=built-in
2026-09-05T01:11:35.550Z dictation_preview_pass engine=parakeet ms=221 samples=240000 chars=205
2026-09-05T01:11:36.626Z dictation_preview_pass engine=parakeet ms=195 samples=240000 chars=183
2026-09-05T01:11:37.741Z dictation_preview_pass engine=parakeet ms=207 samples=240000 chars=170
2026-09-05T01:11:38.843Z dictation_preview_pass engine=parakeet ms=204 samples=240000 chars=167
2026-09-05T01:11:39.937Z dictation_preview_pass engine=parakeet ms=208 samples=240000 chars=161
2026-09-05T01:11:40.179Z dictation_capture_heartbeat input_buffers=13270 input_frames=58520700 isRunning=true default_input=present default_input_transport=built-in
2026-09-05T01:11:41.049Z dictation_preview_pass engine=parakeet ms=218 samples=240000 chars=198
2026-09-05T01:11:42.140Z dictation_preview_pass engine=parakeet ms=205 samples=240000 chars=149
2026-09-05T01:11:43.241Z dictation_preview_pass engine=parakeet ms=203 samples=240000 chars=154
2026-09-05T01:11:44.345Z dictation_preview_pass engine=parakeet ms=217 samples=240000 chars=208
2026-09-05T01:11:45.210Z dictation_capture_heartbeat input_buffers=13320 input_frames=58741200 isRunning=true default_input=present default_input_transport=built-in
2026-09-05T01:11:45.446Z dictation_preview_pass engine=parakeet ms=214 samples=240000 chars=188
2026-09-05T01:11:46.535Z dictation_preview_pass engine=parakeet ms=200 samples=240000 chars=196
2026-09-05T01:11:47.643Z dictation_preview_pass engine=parakeet ms=205 samples=240000 chars=189
2026-09-05T01:11:48.740Z dictation_preview_pass engine=parakeet ms=210 samples=240000 chars=205
2026-09-05T01:11:49.838Z dictation_preview_pass engine=parakeet ms=206 samples=240000 chars=207
2026-09-05T01:11:50.239Z dictation_capture_heartbeat input_buffers=13371 input_frames=58966110 isRunning=true default_input=present default_input_transport=built-in
2026-09-05T01:11:50.939Z dictation_preview_pass engine=parakeet ms=204 samples=240000 chars=228
2026-09-05T01:11:52.046Z dictation_preview_pass engine=parakeet ms=218 samples=240000 chars=244
2026-09-05T01:11:53.058Z dictation_preview_pass engine=parakeet ms=221 samples=240000 chars=242
2026-09-05T01:11:54.143Z dictation_preview_pass engine=parakeet ms=214 samples=240000 chars=259
2026-09-05T01:11:55.157Z dictation_preview_pass engine=parakeet ms=219 samples=240000 chars=232
2026-09-05T01:11:55.245Z dictation_capture_heartbeat input_buffers=13421 input_frames=59186610 isRunning=true default_input=present default_input_transport=built-in
2026-09-05T01:11:56.231Z dictation_preview_pass engine=parakeet ms=202 samples=240000 chars=225
2026-09-05T01:11:57.358Z dictation_preview_pass engine=parakeet ms=226 samples=240000 chars=267
2026-09-05T01:11:58.452Z dictation_preview_pass engine=parakeet ms=218 samples=240000 chars=255
2026-09-05T01:11:59.541Z dictation_preview_pass engine=parakeet ms=215 samples=240000 chars=272
2026-09-05T01:12:00.248Z dictation_capture_heartbeat input_buffers=13471 input_frames=59407110 isRunning=true default_input=present default_input_transport=built-in
2026-09-05T01:12:00.571Z dictation_preview_pass engine=parakeet ms=234 samples=240000 chars=297
2026-09-05T01:12:01.639Z dictation_preview_pass engine=parakeet ms=211 samples=240000 chars=280
2026-09-05T01:12:02.649Z dictation_preview_pass engine=parakeet ms=211 samples=240000 chars=279
2026-09-05T01:12:03.750Z dictation_preview_pass engine=parakeet ms=221 samples=240000 chars=262
2026-09-05T01:12:04.848Z dictation_preview_pass engine=parakeet ms=216 samples=240000 chars=211
2026-09-05T01:12:05.262Z dictation_capture_heartbeat input_buffers=13521 input_frames=59627610 isRunning=true default_input=present default_input_transport=built-in
2026-09-05T01:12:05.943Z dictation_preview_pass engine=parakeet ms=208 samples=240000 chars=226
2026-09-05T01:12:07.033Z dictation_preview_pass engine=parakeet ms=206 samples=240000 chars=232
2026-09-05T01:12:08.029Z dictation_preview_pass engine=parakeet ms=192 samples=240000 chars=203
2026-09-05T01:12:09.136Z dictation_preview_pass engine=parakeet ms=206 samples=240000 chars=222
2026-09-05T01:12:10.223Z dictation_preview_pass engine=parakeet ms=192 samples=240000 chars=196
2026-09-05T01:12:10.308Z dictation_capture_heartbeat input_buffers=13571 input_frames=59848110 isRunning=true default_input=present default_input_transport=built-in
2026-09-05T01:12:11.327Z dictation_preview_pass engine=parakeet ms=193 samples=240000 chars=203
2026-09-05T01:12:12.431Z dictation_preview_pass engine=parakeet ms=195 samples=240000 chars=209
2026-09-05T01:12:13.518Z dictation_preview_pass engine=parakeet ms=190 samples=240000 chars=201
2026-09-05T01:12:14.639Z dictation_preview_pass engine=parakeet ms=208 samples=240000 chars=222
2026-09-05T01:12:15.317Z dictation_capture_heartbeat input_buffers=13621 input_frames=60068610 isRunning=true default_input=present default_input_transport=built-in
2026-09-05T01:12:15.749Z dictation_preview_pass engine=parakeet ms=215 samples=240000 chars=225
2026-09-05T01:12:16.839Z dictation_preview_pass engine=parakeet ms=201 samples=240000 chars=194
2026-09-05T01:12:17.930Z dictation_preview_pass engine=parakeet ms=202 samples=240000 chars=206
2026-09-05T01:12:19.034Z dictation_preview_pass engine=parakeet ms=202 samples=240000 chars=212
2026-09-05T01:12:20.150Z dictation_preview_pass engine=parakeet ms=216 samples=240000 chars=226
2026-09-05T01:12:20.323Z dictation_capture_heartbeat input_buffers=13671 input_frames=60289110 isRunning=true default_input=present default_input_transport=built-in
2026-09-05T01:12:21.240Z dictation_preview_pass engine=parakeet ms=203 samples=240000 chars=261
2026-09-05T01:12:22.342Z dictation_preview_pass engine=parakeet ms=214 samples=240000 chars=243
2026-09-05T01:12:23.438Z dictation_preview_pass engine=parakeet ms=206 samples=240000 chars=232
2026-09-05T01:12:24.551Z dictation_preview_pass engine=parakeet ms=216 samples=240000 chars=249
2026-09-05T01:12:25.375Z dictation_capture_heartbeat input_buffers=13722 input_frames=60514020 isRunning=true default_input=present default_input_transport=built-in
2026-09-05T01:12:25.655Z dictation_preview_pass engine=parakeet ms=217 samples=240000 chars=262
2026-09-05T01:12:26.739Z dictation_preview_pass engine=parakeet ms=212 samples=240000 chars=264
2026-09-05T01:12:27.856Z dictation_preview_pass engine=parakeet ms=225 samples=240000 chars=261
2026-09-05T01:12:28.958Z dictation_preview_pass engine=parakeet ms=222 samples=240000 chars=281
2026-09-05T01:12:30.048Z dictation_preview_pass engine=parakeet ms=211 samples=240000 chars=273
2026-09-05T01:12:30.401Z dictation_capture_heartbeat input_buffers=13772 input_frames=60734520 isRunning=true default_input=present default_input_transport=built-in
2026-09-05T01:12:31.157Z dictation_preview_pass engine=parakeet ms=229 samples=240000 chars=282
2026-09-05T01:12:32.264Z dictation_preview_pass engine=parakeet ms=232 samples=240000 chars=278
2026-09-05T01:12:33.344Z dictation_preview_pass engine=parakeet ms=210 samples=240000 chars=260
2026-09-05T01:12:34.459Z dictation_preview_pass engine=parakeet ms=221 samples=240000 chars=275
2026-09-05T01:12:35.419Z dictation_capture_heartbeat input_buffers=13822 input_frames=60955020 isRunning=true default_input=present default_input_transport=built-in
2026-09-05T01:12:35.553Z dictation_preview_pass engine=parakeet ms=224 samples=240000 chars=265
2026-09-05T01:12:36.646Z dictation_preview_pass engine=parakeet ms=214 samples=240000 chars=241
2026-09-05T01:12:37.741Z dictation_preview_pass engine=parakeet ms=207 samples=240000 chars=251
2026-09-05T01:12:38.851Z dictation_preview_pass engine=parakeet ms=214 samples=240000 chars=252
2026-09-05T01:12:39.850Z dictation_preview_pass engine=parakeet ms=212 samples=240000 chars=254
2026-09-05T01:12:40.440Z dictation_capture_heartbeat input_buffers=13873 input_frames=61179930 isRunning=true default_input=present default_input_transport=built-in
2026-09-05T01:12:40.949Z dictation_preview_pass engine=parakeet ms=222 samples=240000 chars=242
2026-09-05T01:12:41.946Z dictation_preview_pass engine=parakeet ms=207 samples=240000 chars=226
2026-09-05T01:12:43.045Z dictation_preview_pass engine=parakeet ms=216 samples=240000 chars=230
2026-09-05T01:12:44.146Z dictation_preview_pass engine=parakeet ms=214 samples=240000 chars=252
2026-09-05T01:12:45.241Z dictation_preview_pass engine=parakeet ms=206 samples=240000 chars=250
2026-09-05T01:12:45.490Z dictation_capture_heartbeat input_buffers=13923 input_frames=61400430 isRunning=true default_input=present default_input_transport=built-in
2026-09-05T01:12:46.352Z dictation_preview_pass engine=parakeet ms=215 samples=240000 chars=231
2026-09-05T01:12:47.451Z dictation_preview_pass engine=parakeet ms=221 samples=240000 chars=233
2026-09-05T01:12:48.547Z dictation_preview_pass engine=parakeet ms=216 samples=240000 chars=228
2026-09-05T01:12:49.645Z dictation_preview_pass engine=parakeet ms=210 samples=240000 chars=214
2026-09-05T01:12:50.498Z dictation_capture_heartbeat input_buffers=13973 input_frames=61620930 isRunning=true default_input=present default_input_transport=built-in
2026-09-05T01:12:50.640Z dictation_preview_pass engine=parakeet ms=205 samples=240000 chars=210
2026-09-05T01:12:51.738Z dictation_preview_pass engine=parakeet ms=202 samples=240000 chars=201
2026-09-05T01:12:52.737Z dictation_preview_pass engine=parakeet ms=201 samples=240000 chars=232
2026-09-05T01:12:53.857Z dictation_preview_pass engine=parakeet ms=219 samples=240000 chars=247
2026-09-05T01:12:54.949Z dictation_preview_pass engine=parakeet ms=220 samples=240000 chars=263
2026-09-05T01:12:55.548Z dictation_capture_heartbeat input_buffers=14024 input_frames=61845840 isRunning=true default_input=present default_input_transport=built-in
2026-09-05T01:12:56.043Z dictation_preview_pass engine=parakeet ms=206 samples=240000 chars=283
2026-09-05T01:12:57.153Z dictation_preview_pass engine=parakeet ms=219 samples=240000 chars=270
2026-09-05T01:12:58.153Z dictation_preview_pass engine=parakeet ms=216 samples=240000 chars=274
2026-09-05T01:12:59.238Z dictation_preview_pass engine=parakeet ms=202 samples=240000 chars=201
2026-09-05T01:13:00.345Z dictation_preview_pass engine=parakeet ms=218 samples=240000 chars=260
2026-09-05T01:13:00.597Z dictation_capture_heartbeat input_buffers=14074 input_frames=62066340 isRunning=true default_input=present default_input_transport=built-in
2026-09-05T01:13:01.419Z dictation_preview_pass engine=parakeet ms=189 samples=240000 chars=173
2026-09-05T01:13:02.526Z dictation_preview_pass engine=parakeet ms=193 samples=240000 chars=143
2026-09-05T01:13:03.646Z dictation_preview_pass engine=parakeet ms=210 samples=240000 chars=209
2026-09-05T01:13:04.760Z dictation_preview_pass engine=parakeet ms=232 samples=240000 chars=298
2026-09-05T01:13:05.636Z dictation_capture_heartbeat input_buffers=14125 input_frames=62291250 isRunning=true default_input=present default_input_transport=built-in
2026-09-05T01:13:05.850Z dictation_preview_pass engine=parakeet ms=220 samples=240000 chars=288
2026-09-05T01:13:06.949Z dictation_preview_pass engine=parakeet ms=214 samples=240000 chars=282
2026-09-05T01:13:08.046Z dictation_preview_pass engine=parakeet ms=210 samples=240000 chars=225
2026-09-05T01:13:09.147Z dictation_preview_pass engine=parakeet ms=220 samples=240000 chars=267
2026-09-05T01:13:10.249Z dictation_preview_pass engine=parakeet ms=217 samples=240000 chars=256
2026-09-05T01:13:10.643Z dictation_capture_heartbeat input_buffers=14175 input_frames=62511750 isRunning=true default_input=present default_input_transport=built-in
2026-09-05T01:13:11.335Z dictation_preview_pass engine=parakeet ms=200 samples=240000 chars=225
2026-09-05T01:13:12.446Z dictation_preview_pass engine=parakeet ms=210 samples=240000 chars=227
2026-09-05T01:13:13.444Z dictation_preview_pass engine=parakeet ms=207 samples=240000 chars=240
2026-09-05T01:13:14.515Z dictation_preview_pass engine=parakeet ms=190 samples=240000 chars=224
2026-09-05T01:13:15.559Z dictation_preview_pass engine=parakeet ms=222 samples=240000 chars=254
2026-09-05T01:13:15.662Z dictation_capture_heartbeat input_buffers=14225 input_frames=62732250 isRunning=true default_input=present default_input_transport=built-in
2026-09-05T01:13:16.660Z dictation_preview_pass engine=parakeet ms=231 samples=240000 chars=274
2026-09-05T01:13:17.646Z dictation_preview_pass engine=parakeet ms=216 samples=240000 chars=276
2026-09-05T01:13:18.670Z dictation_preview_pass engine=parakeet ms=233 samples=240000 chars=281
2026-09-05T01:13:19.759Z dictation_preview_pass engine=parakeet ms=232 samples=240000 chars=264
2026-09-05T01:13:20.691Z dictation_capture_heartbeat input_buffers=14275 input_frames=62952750 isRunning=true default_input=present default_input_transport=built-in
2026-09-05T01:13:20.860Z dictation_preview_pass engine=parakeet ms=228 samples=240000 chars=280
2026-09-05T01:13:21.961Z dictation_preview_pass engine=parakeet ms=228 samples=240000 chars=273
2026-09-05T01:13:23.079Z dictation_preview_pass engine=parakeet ms=243 samples=240000 chars=292
2026-09-05T01:13:24.168Z dictation_preview_pass engine=parakeet ms=240 samples=240000 chars=290
2026-09-05T01:13:25.260Z dictation_preview_pass engine=parakeet ms=229 samples=240000 chars=306
2026-09-05T01:13:25.730Z dictation_capture_heartbeat input_buffers=14326 input_frames=63177660 isRunning=true default_input=present default_input_transport=built-in
2026-09-05T01:13:26.383Z dictation_preview_pass engine=parakeet ms=250 samples=240000 chars=318
2026-09-05T01:13:27.490Z dictation_preview_pass engine=parakeet ms=253 samples=240000 chars=299
2026-09-05T01:13:28.572Z dictation_preview_pass engine=parakeet ms=245 samples=240000 chars=324
2026-09-05T01:13:29.691Z dictation_preview_pass engine=parakeet ms=259 samples=240000 chars=330
2026-09-05T01:13:30.737Z dictation_capture_heartbeat input_buffers=14376 input_frames=63398160 isRunning=true default_input=present default_input_transport=built-in
2026-09-05T01:13:30.774Z dictation_preview_pass engine=parakeet ms=240 samples=240000 chars=308
2026-09-05T01:13:31.886Z dictation_preview_pass engine=parakeet ms=250 samples=240000 chars=308
2026-09-05T01:13:32.989Z dictation_preview_pass engine=parakeet ms=261 samples=240000 chars=336
2026-09-05T01:13:34.085Z dictation_preview_pass engine=parakeet ms=253 samples=240000 chars=321
2026-09-05T01:13:35.190Z dictation_preview_pass engine=parakeet ms=256 samples=240000 chars=314
2026-09-05T01:13:35.759Z dictation_capture_heartbeat input_buffers=14426 input_frames=63618660 isRunning=true default_input=present default_input_transport=built-in
2026-09-05T01:13:36.288Z dictation_preview_pass engine=parakeet ms=251 samples=240000 chars=312
2026-09-05T01:13:37.348Z dictation_preview_pass engine=parakeet ms=219 samples=240000 chars=257
2026-09-05T01:13:38.457Z dictation_preview_pass engine=parakeet ms=226 samples=240000 chars=254
2026-09-05T01:13:39.567Z dictation_preview_pass engine=parakeet ms=232 samples=240000 chars=265
2026-09-05T01:13:40.665Z dictation_preview_pass engine=parakeet ms=228 samples=240000 chars=279
2026-09-05T01:13:40.762Z dictation_capture_heartbeat input_buffers=14476 input_frames=63839160 isRunning=true default_input=present default_input_transport=built-in
2026-09-05T01:13:41.772Z dictation_preview_pass engine=parakeet ms=243 samples=240000 chars=310
2026-09-05T01:13:42.860Z dictation_preview_pass engine=parakeet ms=229 samples=240000 chars=304
2026-09-05T01:13:43.983Z dictation_preview_pass engine=parakeet ms=249 samples=240000 chars=299
2026-09-05T01:13:45.066Z dictation_preview_pass engine=parakeet ms=228 samples=240000 chars=279
2026-09-05T01:13:45.795Z dictation_capture_heartbeat input_buffers=14526 input_frames=64059660 isRunning=true default_input=present default_input_transport=built-in
2026-09-05T01:13:46.179Z dictation_preview_pass engine=parakeet ms=250 samples=240000 chars=323
2026-09-05T01:13:47.250Z dictation_preview_pass engine=parakeet ms=219 samples=240000 chars=293
2026-09-05T01:13:48.359Z dictation_preview_pass engine=parakeet ms=224 samples=240000 chars=276
2026-09-05T01:13:49.443Z dictation_preview_pass engine=parakeet ms=217 samples=240000 chars=252
2026-09-05T01:13:50.453Z dictation_preview_pass engine=parakeet ms=217 samples=240000 chars=237
2026-09-05T01:13:50.831Z dictation_capture_heartbeat input_buffers=14577 input_frames=64284570 isRunning=true default_input=present default_input_transport=built-in
2026-09-05T01:13:51.553Z dictation_preview_pass engine=parakeet ms=226 samples=240000 chars=272
2026-09-05T01:13:52.662Z dictation_preview_pass engine=parakeet ms=230 samples=240000 chars=300
2026-09-05T01:13:53.766Z dictation_preview_pass engine=parakeet ms=232 samples=240000 chars=292
2026-09-05T01:13:54.879Z dictation_preview_pass engine=parakeet ms=243 samples=240000 chars=298
2026-09-05T01:13:55.875Z dictation_capture_heartbeat input_buffers=14627 input_frames=64505070 isRunning=true default_input=present default_input_transport=built-in
2026-09-05T01:13:55.971Z dictation_preview_pass engine=parakeet ms=243 samples=240000 chars=298
2026-09-05T01:13:57.054Z dictation_preview_pass engine=parakeet ms=225 samples=240000 chars=270
2026-09-05T01:13:58.163Z dictation_preview_pass engine=parakeet ms=229 samples=240000 chars=244
2026-09-05T01:13:59.254Z dictation_preview_pass engine=parakeet ms=212 samples=240000 chars=276
2026-09-05T01:14:00.368Z dictation_preview_pass engine=parakeet ms=240 samples=240000 chars=262
2026-09-05T01:14:00.898Z dictation_capture_heartbeat input_buffers=14677 input_frames=64725570 isRunning=true default_input=present default_input_transport=built-in
2026-09-05T01:14:01.418Z dictation_preview_pass engine=parakeet ms=189 samples=240000 chars=213
2026-09-05T01:14:02.555Z dictation_preview_pass engine=parakeet ms=221 samples=240000 chars=255
2026-09-05T01:14:03.667Z dictation_preview_pass engine=parakeet ms=230 samples=240000 chars=252
2026-09-05T01:14:04.767Z dictation_preview_pass engine=parakeet ms=239 samples=240000 chars=272
2026-09-05T01:14:05.866Z dictation_preview_pass engine=parakeet ms=236 samples=240000 chars=245
2026-09-05T01:14:05.936Z dictation_capture_heartbeat input_buffers=14728 input_frames=64950480 isRunning=true default_input=present default_input_transport=built-in
2026-09-05T01:14:06.969Z dictation_preview_pass engine=parakeet ms=236 samples=240000 chars=238
2026-09-05T01:14:08.061Z dictation_preview_pass engine=parakeet ms=225 samples=240000 chars=231
2026-09-05T01:14:09.138Z dictation_preview_pass engine=parakeet ms=211 samples=240000 chars=196
2026-09-05T01:14:10.126Z dictation_preview_pass engine=parakeet ms=197 samples=240000 chars=173
2026-09-05T01:14:10.943Z dictation_capture_heartbeat input_buffers=14778 input_frames=65170980 isRunning=true default_input=present default_input_transport=built-in
2026-09-05T01:14:11.135Z dictation_preview_pass engine=parakeet ms=199 samples=240000 chars=161
2026-09-05T01:14:12.225Z dictation_preview_pass engine=parakeet ms=198 samples=240000 chars=152
2026-09-05T01:14:13.299Z dictation_preview_pass engine=parakeet ms=169 samples=240000 chars=100
2026-09-05T01:14:14.420Z dictation_preview_pass engine=parakeet ms=187 samples=240000 chars=104
2026-09-05T01:14:15.529Z dictation_preview_pass engine=parakeet ms=192 samples=240000 chars=120
2026-09-05T01:14:15.949Z dictation_capture_heartbeat input_buffers=14828 input_frames=65391480 isRunning=true default_input=present default_input_transport=built-in
2026-09-05T01:14:16.612Z dictation_preview_pass engine=parakeet ms=184 samples=240000 chars=113
2026-09-05T01:14:17.694Z dictation_preview_pass engine=parakeet ms=163 samples=240000 chars=21
2026-09-05T01:14:18.795Z dictation_preview_pass engine=parakeet ms=161 samples=240000 chars=23
2026-09-05T01:14:19.917Z dictation_preview_pass engine=parakeet ms=181 samples=240000 chars=63
2026-09-05T01:14:20.969Z dictation_capture_heartbeat input_buffers=14878 input_frames=65611980 isRunning=true default_input=present default_input_transport=built-in
2026-09-05T01:14:20.998Z dictation_preview_pass engine=parakeet ms=170 samples=240000 chars=49
2026-09-05T01:14:22.122Z dictation_preview_pass engine=parakeet ms=191 samples=240000 chars=99
2026-09-05T01:14:23.231Z dictation_preview_pass engine=parakeet ms=197 samples=240000 chars=126
2026-09-05T01:14:24.333Z dictation_preview_pass engine=parakeet ms=196 samples=240000 chars=124
2026-09-05T01:14:25.419Z dictation_preview_pass engine=parakeet ms=191 samples=240000 chars=129
2026-09-05T01:14:26.011Z dictation_capture_heartbeat input_buffers=14928 input_frames=65832480 isRunning=true default_input=present default_input_transport=built-in
2026-09-05T01:14:26.523Z dictation_preview_pass engine=parakeet ms=192 samples=240000 chars=148
2026-09-05T01:14:27.635Z dictation_preview_pass engine=parakeet ms=201 samples=240000 chars=149
2026-09-05T01:14:28.738Z dictation_preview_pass engine=parakeet ms=201 samples=240000 chars=168
2026-09-05T01:14:29.840Z dictation_preview_pass engine=parakeet ms=212 samples=240000 chars=192
2026-09-05T01:14:30.962Z dictation_preview_pass engine=parakeet ms=231 samples=240000 chars=214
2026-09-05T01:14:31.038Z dictation_capture_heartbeat input_buffers=14979 input_frames=66057390 isRunning=true default_input=present default_input_transport=built-in
2026-09-05T01:14:32.072Z dictation_preview_pass engine=parakeet ms=238 samples=240000 chars=228
2026-09-05T01:14:33.175Z dictation_preview_pass engine=parakeet ms=250 samples=240000 chars=267
2026-09-05T01:14:34.191Z dictation_preview_pass engine=parakeet ms=256 samples=240000 chars=277
2026-09-05T01:14:35.275Z dictation_preview_pass engine=parakeet ms=248 samples=240000 chars=269
2026-09-05T01:14:36.046Z dictation_capture_heartbeat input_buffers=15029 input_frames=66277890 isRunning=true default_input=present default_input_transport=built-in
2026-09-05T01:14:36.271Z dictation_preview_pass engine=parakeet ms=235 samples=240000 chars=281
2026-09-05T01:14:37.364Z dictation_preview_pass engine=parakeet ms=236 samples=240000 chars=245
2026-09-05T01:14:38.461Z dictation_preview_pass engine=parakeet ms=228 samples=240000 chars=239
2026-09-05T01:14:39.575Z dictation_preview_pass engine=parakeet ms=241 samples=240000 chars=256
2026-09-05T01:14:40.673Z dictation_preview_pass engine=parakeet ms=245 samples=240000 chars=288
2026-09-05T01:14:41.103Z dictation_capture_heartbeat input_buffers=15079 input_frames=66498390 isRunning=true default_input=present default_input_transport=built-in
2026-09-05T01:14:41.666Z dictation_preview_pass engine=parakeet ms=230 samples=240000 chars=266
2026-09-05T01:14:42.778Z dictation_preview_pass engine=parakeet ms=252 samples=240000 chars=271
2026-09-05T01:14:43.865Z dictation_preview_pass engine=parakeet ms=236 samples=240000 chars=253
2026-09-05T01:14:44.969Z dictation_preview_pass engine=parakeet ms=236 samples=240000 chars=300
2026-09-05T01:14:46.074Z dictation_preview_pass engine=parakeet ms=237 samples=240000 chars=296
2026-09-05T01:14:46.118Z dictation_capture_heartbeat input_buffers=15129 input_frames=66718890 isRunning=true default_input=present default_input_transport=built-in
2026-09-05T01:14:47.168Z dictation_preview_pass engine=parakeet ms=242 samples=240000 chars=291
2026-09-05T01:14:48.269Z dictation_preview_pass engine=parakeet ms=238 samples=240000 chars=287
2026-09-05T01:14:49.360Z dictation_preview_pass engine=parakeet ms=228 samples=240000 chars=255
2026-09-05T01:14:50.471Z dictation_preview_pass engine=parakeet ms=235 samples=240000 chars=285
2026-09-05T01:14:51.160Z dictation_capture_heartbeat input_buffers=15180 input_frames=66943800 isRunning=true default_input=present default_input_transport=built-in
2026-09-05T01:14:51.551Z dictation_preview_pass engine=parakeet ms=224 samples=240000 chars=279
2026-09-05T01:14:52.682Z dictation_preview_pass engine=parakeet ms=252 samples=240000 chars=304
2026-09-05T01:14:53.784Z dictation_preview_pass engine=parakeet ms=249 samples=240000 chars=316
2026-09-05T01:14:54.874Z dictation_preview_pass engine=parakeet ms=239 samples=240000 chars=307
2026-09-05T01:14:55.954Z dictation_preview_pass engine=parakeet ms=227 samples=240000 chars=300
2026-09-05T01:14:56.217Z dictation_capture_heartbeat input_buffers=15230 input_frames=67164300 isRunning=true default_input=present default_input_transport=built-in
2026-09-05T01:14:57.075Z dictation_preview_pass engine=parakeet ms=244 samples=240000 chars=292
2026-09-05T01:14:58.160Z dictation_preview_pass engine=parakeet ms=227 samples=240000 chars=273
2026-09-05T01:14:59.274Z dictation_preview_pass engine=parakeet ms=236 samples=240000 chars=288
2026-09-05T01:15:00.357Z dictation_preview_pass engine=parakeet ms=230 samples=240000 chars=270
2026-09-05T01:15:01.241Z dictation_capture_heartbeat input_buffers=15281 input_frames=67389210 isRunning=true default_input=present default_input_transport=built-in
2026-09-05T01:15:01.458Z dictation_preview_pass engine=parakeet ms=228 samples=240000 chars=293
2026-09-05T01:15:02.552Z dictation_preview_pass engine=parakeet ms=219 samples=240000 chars=261
2026-09-05T01:15:03.513Z dictation_preview_pass engine=parakeet ms=180 samples=240000 chars=81
2026-09-05T01:15:04.671Z dictation_preview_pass engine=parakeet ms=236 samples=240000 chars=293
2026-09-05T01:15:05.743Z dictation_preview_pass engine=parakeet ms=216 samples=240000 chars=274
2026-09-05T01:15:06.291Z dictation_capture_heartbeat input_buffers=15331 input_frames=67609710 isRunning=true default_input=present default_input_transport=built-in
2026-09-05T01:15:06.739Z dictation_preview_pass engine=parakeet ms=202 samples=240000 chars=234
2026-09-05T01:15:07.848Z dictation_preview_pass engine=parakeet ms=221 samples=240000 chars=285
2026-09-05T01:15:08.952Z dictation_preview_pass engine=parakeet ms=223 samples=240000 chars=269
2026-09-05T01:15:10.039Z dictation_preview_pass engine=parakeet ms=206 samples=240000 chars=241
2026-09-05T01:15:11.147Z dictation_preview_pass engine=parakeet ms=211 samples=240000 chars=221
2026-09-05T01:15:11.348Z dictation_capture_heartbeat input_buffers=15382 input_frames=67834620 isRunning=true default_input=present default_input_transport=built-in
2026-09-05T01:15:12.240Z dictation_preview_pass engine=parakeet ms=213 samples=240000 chars=225
2026-09-05T01:15:13.330Z dictation_preview_pass engine=parakeet ms=198 samples=240000 chars=236
2026-09-05T01:15:14.442Z dictation_preview_pass engine=parakeet ms=209 samples=240000 chars=206
2026-09-05T01:15:15.544Z dictation_preview_pass engine=parakeet ms=208 samples=240000 chars=197
2026-09-05T01:15:16.374Z dictation_capture_heartbeat input_buffers=15432 input_frames=68055120 isRunning=true default_input=present default_input_transport=built-in
2026-09-05T01:15:16.623Z dictation_preview_pass engine=parakeet ms=195 samples=240000 chars=170
2026-09-05T01:15:17.739Z dictation_preview_pass engine=parakeet ms=208 samples=240000 chars=218
2026-09-05T01:15:18.838Z dictation_preview_pass engine=parakeet ms=204 samples=240000 chars=187
2026-09-05T01:15:19.922Z dictation_preview_pass engine=parakeet ms=185 samples=240000 chars=167
2026-09-05T01:15:21.014Z dictation_preview_pass engine=parakeet ms=186 samples=240000 chars=144
2026-09-05T01:15:21.382Z dictation_capture_heartbeat input_buffers=15482 input_frames=68275620 isRunning=true default_input=present default_input_transport=built-in
2026-09-05T01:15:22.114Z dictation_preview_pass engine=parakeet ms=183 samples=240000 chars=113
2026-09-05T01:15:23.217Z dictation_preview_pass engine=parakeet ms=182 samples=240000 chars=145
2026-09-05T01:15:24.314Z dictation_preview_pass engine=parakeet ms=189 samples=240000 chars=177
2026-09-05T01:15:25.339Z dictation_preview_pass engine=parakeet ms=204 samples=240000 chars=202
2026-09-05T01:15:26.396Z dictation_capture_heartbeat input_buffers=15532 input_frames=68496120 isRunning=true default_input=present default_input_transport=built-in
2026-09-05T01:15:26.441Z dictation_preview_pass engine=parakeet ms=215 samples=240000 chars=223
2026-09-05T01:15:27.461Z dictation_preview_pass engine=parakeet ms=224 samples=240000 chars=263
2026-09-05T01:15:28.547Z dictation_preview_pass engine=parakeet ms=219 samples=240000 chars=259
2026-09-05T01:15:29.654Z dictation_preview_pass engine=parakeet ms=222 samples=240000 chars=288
2026-09-05T01:15:30.767Z dictation_preview_pass engine=parakeet ms=233 samples=240000 chars=291
2026-09-05T01:15:31.441Z dictation_capture_heartbeat input_buffers=15583 input_frames=68721030 isRunning=true default_input=present default_input_transport=built-in
2026-09-05T01:15:31.869Z dictation_preview_pass engine=parakeet ms=244 samples=240000 chars=303
2026-09-05T01:15:32.872Z dictation_preview_pass engine=parakeet ms=235 samples=240000 chars=289
2026-09-05T01:15:33.955Z dictation_preview_pass engine=parakeet ms=229 samples=240000 chars=285
2026-09-05T01:15:35.074Z dictation_preview_pass engine=parakeet ms=245 samples=240000 chars=297
2026-09-05T01:15:36.177Z dictation_preview_pass engine=parakeet ms=245 samples=240000 chars=323
2026-09-05T01:15:36.490Z dictation_capture_heartbeat input_buffers=15633 input_frames=68941530 isRunning=true default_input=present default_input_transport=built-in
2026-09-05T01:15:37.281Z dictation_preview_pass engine=parakeet ms=246 samples=240000 chars=346
2026-09-05T01:15:38.365Z dictation_preview_pass engine=parakeet ms=239 samples=240000 chars=332
2026-09-05T01:15:39.464Z dictation_preview_pass engine=parakeet ms=235 samples=240000 chars=343
2026-09-05T01:15:40.554Z dictation_preview_pass engine=parakeet ms=220 samples=240000 chars=314
2026-09-05T01:15:41.505Z dictation_capture_heartbeat input_buffers=15683 input_frames=69162030 isRunning=true default_input=present default_input_transport=built-in
2026-09-05T01:15:41.658Z dictation_preview_pass engine=parakeet ms=223 samples=240000 chars=282
2026-09-05T01:15:42.765Z dictation_preview_pass engine=parakeet ms=239 samples=240000 chars=303
2026-09-05T01:15:43.859Z dictation_preview_pass engine=parakeet ms=230 samples=240000 chars=300
2026-09-05T01:15:44.962Z dictation_preview_pass engine=parakeet ms=229 samples=240000 chars=306
2026-09-05T01:15:46.083Z dictation_preview_pass engine=parakeet ms=247 samples=240000 chars=333
2026-09-05T01:15:46.527Z dictation_capture_heartbeat input_buffers=15733 input_frames=69382530 isRunning=true default_input=present default_input_transport=built-in
2026-09-05T01:15:47.157Z dictation_preview_pass engine=parakeet ms=230 samples=240000 chars=293
2026-09-05T01:15:48.252Z dictation_preview_pass engine=parakeet ms=222 samples=240000 chars=278
2026-09-05T01:15:49.360Z dictation_preview_pass engine=parakeet ms=227 samples=240000 chars=291
2026-09-05T01:15:50.472Z dictation_preview_pass engine=parakeet ms=237 samples=240000 chars=310
2026-09-05T01:15:51.542Z dictation_capture_heartbeat input_buffers=15784 input_frames=69607440 isRunning=true default_input=present default_input_transport=built-in
2026-09-05T01:15:51.556Z dictation_preview_pass engine=parakeet ms=229 samples=240000 chars=292
2026-09-05T01:15:52.672Z dictation_preview_pass engine=parakeet ms=242 samples=240000 chars=300
2026-09-05T01:15:53.756Z dictation_preview_pass engine=parakeet ms=223 samples=240000 chars=283
2026-09-05T01:15:54.870Z dictation_preview_pass engine=parakeet ms=234 samples=240000 chars=266
2026-09-05T01:15:55.965Z dictation_preview_pass engine=parakeet ms=236 samples=240000 chars=270
2026-09-05T01:15:56.569Z dictation_capture_heartbeat input_buffers=15834 input_frames=69827940 isRunning=true default_input=present default_input_transport=built-in
2026-09-05T01:15:57.059Z dictation_preview_pass engine=parakeet ms=229 samples=240000 chars=259
2026-09-05T01:15:58.151Z dictation_preview_pass engine=parakeet ms=218 samples=240000 chars=237
2026-09-05T01:15:59.152Z dictation_preview_pass engine=parakeet ms=219 samples=240000 chars=233
2026-09-05T01:16:00.238Z dictation_preview_pass engine=parakeet ms=203 samples=240000 chars=201
2026-09-05T01:16:01.320Z dictation_preview_pass engine=parakeet ms=194 samples=240000 chars=186
2026-09-05T01:16:01.590Z dictation_capture_heartbeat input_buffers=15884 input_frames=70048440 isRunning=true default_input=present default_input_transport=built-in
2026-09-05T01:16:02.336Z dictation_preview_pass engine=parakeet ms=200 samples=240000 chars=177
2026-09-05T01:16:03.427Z dictation_preview_pass engine=parakeet ms=200 samples=240000 chars=202
2026-09-05T01:16:04.535Z dictation_preview_pass engine=parakeet ms=206 samples=240000 chars=217
2026-09-05T01:16:05.636Z dictation_preview_pass engine=parakeet ms=203 samples=240000 chars=189
2026-09-05T01:16:06.602Z dictation_capture_heartbeat input_buffers=15934 input_frames=70268940 isRunning=true default_input=present default_input_transport=built-in
2026-09-05T01:16:06.748Z dictation_preview_pass engine=parakeet ms=212 samples=240000 chars=195
2026-09-05T01:16:07.826Z dictation_preview_pass engine=parakeet ms=199 samples=240000 chars=174
2026-09-05T01:16:08.924Z dictation_preview_pass engine=parakeet ms=194 samples=240000 chars=166
2026-09-05T01:16:10.036Z dictation_preview_pass engine=parakeet ms=202 samples=240000 chars=173
2026-09-05T01:16:11.134Z dictation_preview_pass engine=parakeet ms=198 samples=240000 chars=179
2026-09-05T01:16:11.616Z dictation_capture_heartbeat input_buffers=15984 input_frames=70489440 isRunning=true default_input=present default_input_transport=built-in
2026-09-05T01:16:12.232Z dictation_preview_pass engine=parakeet ms=205 samples=240000 chars=178
2026-09-05T01:16:13.332Z dictation_preview_pass engine=parakeet ms=202 samples=240000 chars=168
2026-09-05T01:16:14.431Z dictation_preview_pass engine=parakeet ms=198 samples=240000 chars=159
2026-09-05T01:16:15.524Z dictation_preview_pass engine=parakeet ms=199 samples=240000 chars=160
2026-09-05T01:16:16.541Z dictation_preview_pass engine=parakeet ms=207 samples=240000 chars=198
2026-09-05T01:16:16.647Z dictation_capture_heartbeat input_buffers=16035 input_frames=70714350 isRunning=true default_input=present default_input_transport=built-in
2026-09-05T01:16:17.538Z dictation_preview_pass engine=parakeet ms=202 samples=240000 chars=215
2026-09-05T01:16:18.641Z dictation_preview_pass engine=parakeet ms=205 samples=240000 chars=191
2026-09-05T01:16:19.646Z dictation_preview_pass engine=parakeet ms=209 samples=240000 chars=221
2026-09-05T01:16:20.726Z dictation_preview_pass engine=parakeet ms=200 samples=240000 chars=200
2026-09-05T01:16:21.691Z dictation_capture_heartbeat input_buffers=16085 input_frames=70934850 isRunning=true default_input=present default_input_transport=built-in
2026-09-05T01:16:21.737Z dictation_preview_pass engine=parakeet ms=202 samples=240000 chars=200
2026-09-05T01:16:22.837Z dictation_preview_pass engine=parakeet ms=210 samples=240000 chars=206
2026-09-05T01:16:23.939Z dictation_preview_pass engine=parakeet ms=208 samples=240000 chars=210
2026-09-05T01:16:25.027Z dictation_preview_pass engine=parakeet ms=194 samples=240000 chars=205
2026-09-05T01:16:26.120Z dictation_preview_pass engine=parakeet ms=197 samples=240000 chars=214
2026-09-05T01:16:26.721Z dictation_capture_heartbeat input_buffers=16135 input_frames=71155350 isRunning=true default_input=present default_input_transport=built-in
2026-09-05T01:16:27.137Z dictation_preview_pass engine=parakeet ms=202 samples=240000 chars=197
2026-09-05T01:16:28.236Z dictation_preview_pass engine=parakeet ms=209 samples=240000 chars=207
2026-09-05T01:16:29.226Z dictation_preview_pass engine=parakeet ms=189 samples=240000 chars=215
2026-09-05T01:16:30.345Z dictation_preview_pass engine=parakeet ms=218 samples=240000 chars=243
2026-09-05T01:16:31.449Z dictation_preview_pass engine=parakeet ms=219 samples=240000 chars=225
2026-09-05T01:16:31.772Z dictation_capture_heartbeat input_buffers=16186 input_frames=71380260 isRunning=true default_input=present default_input_transport=built-in
2026-09-05T01:16:32.552Z dictation_preview_pass engine=parakeet ms=218 samples=240000 chars=215
2026-09-05T01:16:33.634Z dictation_preview_pass engine=parakeet ms=209 samples=240000 chars=209
2026-09-05T01:16:34.620Z dictation_preview_pass engine=parakeet ms=185 samples=240000 chars=188
2026-09-05T01:16:35.733Z dictation_preview_pass engine=parakeet ms=207 samples=240000 chars=195
2026-09-05T01:16:36.730Z dictation_preview_pass engine=parakeet ms=194 samples=240000 chars=191
2026-09-05T01:16:36.788Z dictation_capture_heartbeat input_buffers=16236 input_frames=71600760 isRunning=true default_input=present default_input_transport=built-in
2026-09-05T01:16:37.826Z dictation_preview_pass engine=parakeet ms=199 samples=240000 chars=195
2026-09-05T01:16:38.946Z dictation_preview_pass engine=parakeet ms=216 samples=240000 chars=199
2026-09-05T01:16:40.059Z dictation_preview_pass engine=parakeet ms=225 samples=240000 chars=238
2026-09-05T01:16:41.145Z dictation_preview_pass engine=parakeet ms=220 samples=240000 chars=252
2026-09-05T01:16:41.794Z dictation_capture_heartbeat input_buffers=16286 input_frames=71821260 isRunning=true default_input=present default_input_transport=built-in
2026-09-05T01:16:42.175Z dictation_preview_pass engine=parakeet ms=238 samples=240000 chars=279
2026-09-05T01:16:43.245Z dictation_preview_pass engine=parakeet ms=219 samples=240000 chars=287
2026-09-05T01:16:44.268Z dictation_preview_pass engine=parakeet ms=233 samples=240000 chars=295
2026-09-05T01:16:45.373Z dictation_preview_pass engine=parakeet ms=246 samples=240000 chars=292
2026-09-05T01:16:46.483Z dictation_preview_pass engine=parakeet ms=253 samples=240000 chars=289
2026-09-05T01:16:46.805Z dictation_capture_heartbeat input_buffers=16336 input_frames=72041760 isRunning=true default_input=present default_input_transport=built-in
2026-09-05T01:16:47.564Z dictation_preview_pass engine=parakeet ms=231 samples=240000 chars=292
2026-09-05T01:16:48.658Z dictation_preview_pass engine=parakeet ms=234 samples=240000 chars=279
2026-09-05T01:16:49.668Z dictation_preview_pass engine=parakeet ms=233 samples=240000 chars=270
2026-09-05T01:16:50.757Z dictation_preview_pass engine=parakeet ms=232 samples=240000 chars=268
2026-09-05T01:16:51.851Z dictation_capture_heartbeat input_buffers=16387 input_frames=72266670 isRunning=true default_input=present default_input_transport=built-in
2026-09-05T01:16:51.867Z dictation_preview_pass engine=parakeet ms=239 samples=240000 chars=277
2026-09-05T01:16:52.960Z dictation_preview_pass engine=parakeet ms=229 samples=240000 chars=239
2026-09-05T01:16:54.062Z dictation_preview_pass engine=parakeet ms=228 samples=240000 chars=233
2026-09-05T01:16:55.138Z dictation_preview_pass engine=parakeet ms=212 samples=240000 chars=229
2026-09-05T01:16:56.239Z dictation_preview_pass engine=parakeet ms=210 samples=240000 chars=206
2026-09-05T01:16:56.879Z dictation_capture_heartbeat input_buffers=16437 input_frames=72487170 isRunning=true default_input=present default_input_transport=built-in
2026-09-05T01:16:57.343Z dictation_preview_pass engine=parakeet ms=210 samples=240000 chars=209
2026-09-05T01:16:58.443Z dictation_preview_pass engine=parakeet ms=208 samples=240000 chars=231
2026-09-05T01:16:59.522Z dictation_preview_pass engine=parakeet ms=195 samples=240000 chars=212
2026-09-05T01:17:00.631Z dictation_preview_pass engine=parakeet ms=202 samples=240000 chars=194
2026-09-05T01:17:01.726Z dictation_preview_pass engine=parakeet ms=187 samples=240000 chars=179
2026-09-05T01:17:01.915Z dictation_capture_heartbeat input_buffers=16487 input_frames=72707670 isRunning=true default_input=present default_input_transport=built-in
2026-09-05T01:17:02.849Z dictation_preview_pass engine=parakeet ms=214 samples=240000 chars=200
2026-09-05T01:17:03.940Z dictation_preview_pass engine=parakeet ms=214 samples=240000 chars=221
2026-09-05T01:17:05.060Z dictation_preview_pass engine=parakeet ms=231 samples=240000 chars=254
2026-09-05T01:17:06.157Z dictation_preview_pass engine=parakeet ms=225 samples=240000 chars=248
2026-09-05T01:17:06.936Z dictation_capture_heartbeat input_buffers=16538 input_frames=72932580 isRunning=true default_input=present default_input_transport=built-in
2026-09-05T01:17:07.264Z dictation_preview_pass engine=parakeet ms=229 samples=240000 chars=269
2026-09-05T01:17:08.367Z dictation_preview_pass engine=parakeet ms=240 samples=240000 chars=284
2026-09-05T01:17:09.472Z dictation_preview_pass engine=parakeet ms=243 samples=240000 chars=305
2026-09-05T01:17:10.576Z dictation_preview_pass engine=parakeet ms=244 samples=240000 chars=299
2026-09-05T01:17:11.669Z dictation_preview_pass engine=parakeet ms=233 samples=240000 chars=278
2026-09-05T01:17:11.946Z dictation_capture_heartbeat input_buffers=16588 input_frames=73153080 isRunning=true default_input=present default_input_transport=built-in
2026-09-05T01:17:12.756Z dictation_preview_pass engine=parakeet ms=227 samples=240000 chars=254
2026-09-05T01:17:13.852Z dictation_preview_pass engine=parakeet ms=223 samples=240000 chars=252
2026-09-05T01:17:14.958Z dictation_preview_pass engine=parakeet ms=226 samples=240000 chars=279
2026-09-05T01:17:16.078Z dictation_preview_pass engine=parakeet ms=243 samples=240000 chars=288
2026-09-05T01:17:16.965Z dictation_capture_heartbeat input_buffers=16638 input_frames=73373580 isRunning=true default_input=present default_input_transport=built-in
2026-09-05T01:17:17.178Z dictation_preview_pass engine=parakeet ms=252 samples=240000 chars=317
2026-09-05T01:17:18.267Z dictation_preview_pass engine=parakeet ms=236 samples=240000 chars=322
2026-09-05T01:17:19.372Z dictation_preview_pass engine=parakeet ms=240 samples=240000 chars=295
2026-09-05T01:17:20.478Z dictation_preview_pass engine=parakeet ms=242 samples=240000 chars=292
2026-09-05T01:17:21.562Z dictation_preview_pass engine=parakeet ms=235 samples=240000 chars=281
2026-09-05T01:17:22.016Z dictation_capture_heartbeat input_buffers=16688 input_frames=73594080 isRunning=true default_input=present default_input_transport=built-in
2026-09-05T01:17:22.660Z dictation_preview_pass engine=parakeet ms=230 samples=240000 chars=271
2026-09-05T01:17:23.772Z dictation_preview_pass engine=parakeet ms=239 samples=240000 chars=305
2026-09-05T01:17:24.859Z dictation_preview_pass engine=parakeet ms=235 samples=240000 chars=283
2026-09-05T01:17:25.862Z dictation_preview_pass engine=parakeet ms=227 samples=240000 chars=272
2026-09-05T01:17:26.937Z dictation_preview_pass engine=parakeet ms=212 samples=240000 chars=158
2026-09-05T01:17:27.028Z dictation_capture_heartbeat input_buffers=16739 input_frames=73818990 isRunning=true default_input=present default_input_transport=built-in
2026-09-05T01:17:27.969Z dictation_preview_pass engine=parakeet ms=233 samples=240000 chars=302
2026-09-05T01:17:29.048Z dictation_preview_pass engine=parakeet ms=219 samples=240000 chars=287
2026-09-05T01:17:30.153Z dictation_preview_pass engine=parakeet ms=224 samples=240000 chars=254
2026-09-05T01:17:31.255Z dictation_preview_pass engine=parakeet ms=222 samples=240000 chars=240
2026-09-05T01:17:32.051Z dictation_capture_heartbeat input_buffers=16789 input_frames=74039490 isRunning=true default_input=present default_input_transport=built-in
2026-09-05T01:17:32.342Z dictation_preview_pass engine=parakeet ms=219 samples=240000 chars=222
2026-09-05T01:17:33.350Z dictation_preview_pass engine=parakeet ms=215 samples=240000 chars=217
2026-09-05T01:17:34.423Z dictation_preview_pass engine=parakeet ms=198 samples=240000 chars=210
2026-09-05T01:17:35.448Z dictation_preview_pass engine=parakeet ms=212 samples=240000 chars=201
2026-09-05T01:17:36.532Z dictation_preview_pass engine=parakeet ms=205 samples=240000 chars=191
2026-09-05T01:17:37.061Z dictation_capture_heartbeat input_buffers=16839 input_frames=74259990 isRunning=true default_input=present default_input_transport=built-in
2026-09-05T01:17:37.630Z dictation_preview_pass engine=parakeet ms=201 samples=240000 chars=200
2026-09-05T01:17:38.728Z dictation_preview_pass engine=parakeet ms=195 samples=240000 chars=158
2026-09-05T01:17:39.817Z dictation_preview_pass engine=parakeet ms=192 samples=240000 chars=176
2026-09-05T01:17:40.834Z dictation_preview_pass engine=parakeet ms=200 samples=240000 chars=165
2026-09-05T01:17:41.936Z dictation_preview_pass engine=parakeet ms=210 samples=240000 chars=194
2026-09-05T01:17:42.064Z dictation_capture_heartbeat input_buffers=16889 input_frames=74480490 isRunning=true default_input=present default_input_transport=built-in
2026-09-05T01:17:43.040Z dictation_preview_pass engine=parakeet ms=211 samples=240000 chars=195
2026-09-05T01:17:44.130Z dictation_preview_pass engine=parakeet ms=200 samples=240000 chars=185
2026-09-05T01:17:45.236Z dictation_preview_pass engine=parakeet ms=201 samples=240000 chars=222
2026-09-05T01:17:46.353Z dictation_preview_pass engine=parakeet ms=227 samples=240000 chars=255
2026-09-05T01:17:47.070Z dictation_capture_heartbeat input_buffers=16939 input_frames=74700990 isRunning=true default_input=present default_input_transport=built-in
2026-09-05T01:17:47.448Z dictation_preview_pass engine=parakeet ms=220 samples=240000 chars=256
2026-09-05T01:17:48.554Z dictation_preview_pass engine=parakeet ms=223 samples=240000 chars=242
2026-09-05T01:17:49.671Z dictation_preview_pass engine=parakeet ms=236 samples=240000 chars=282
2026-09-05T01:17:50.774Z dictation_preview_pass engine=parakeet ms=248 samples=240000 chars=311
2026-09-05T01:17:51.863Z dictation_preview_pass engine=parakeet ms=234 samples=240000 chars=317
2026-09-05T01:17:52.122Z dictation_capture_heartbeat input_buffers=16989 input_frames=74921490 isRunning=true default_input=present default_input_transport=built-in
2026-09-05T01:17:52.980Z dictation_preview_pass engine=parakeet ms=246 samples=240000 chars=322
2026-09-05T01:17:54.079Z dictation_preview_pass engine=parakeet ms=245 samples=240000 chars=310
2026-09-05T01:17:55.178Z dictation_preview_pass engine=parakeet ms=252 samples=240000 chars=319
2026-09-05T01:17:56.271Z dictation_preview_pass engine=parakeet ms=242 samples=240000 chars=317
2026-09-05T01:17:57.140Z dictation_capture_heartbeat input_buffers=17040 input_frames=75146400 isRunning=true default_input=present default_input_transport=built-in
2026-09-05T01:17:57.356Z dictation_preview_pass engine=parakeet ms=225 samples=240000 chars=285
2026-09-05T01:17:58.469Z dictation_preview_pass engine=parakeet ms=234 samples=240000 chars=290
2026-09-05T01:17:59.556Z dictation_preview_pass engine=parakeet ms=230 samples=240000 chars=263
2026-09-05T01:18:00.657Z dictation_preview_pass engine=parakeet ms=229 samples=240000 chars=247
2026-09-05T01:18:01.626Z dictation_preview_pass engine=parakeet ms=194 samples=240000 chars=238
2026-09-05T01:18:02.173Z dictation_capture_heartbeat input_buffers=17090 input_frames=75366900 isRunning=true default_input=present default_input_transport=built-in
2026-09-05T01:18:02.742Z dictation_preview_pass engine=parakeet ms=212 samples=240000 chars=219
2026-09-05T01:18:03.847Z dictation_preview_pass engine=parakeet ms=213 samples=240000 chars=236
2026-09-05T01:18:04.933Z dictation_preview_pass engine=parakeet ms=209 samples=240000 chars=255
2026-09-05T01:18:05.949Z dictation_preview_pass engine=parakeet ms=214 samples=240000 chars=242
2026-09-05T01:18:07.034Z dictation_preview_pass engine=parakeet ms=208 samples=240000 chars=229
2026-09-05T01:18:07.193Z dictation_capture_heartbeat input_buffers=17140 input_frames=75587400 isRunning=true default_input=present default_input_transport=built-in
2026-09-05T01:18:08.132Z dictation_preview_pass engine=parakeet ms=203 samples=240000 chars=207
2026-09-05T01:18:09.224Z dictation_preview_pass engine=parakeet ms=193 samples=240000 chars=203
2026-09-05T01:18:10.334Z dictation_preview_pass engine=parakeet ms=200 samples=240000 chars=207
2026-09-05T01:18:11.413Z dictation_preview_pass engine=parakeet ms=186 samples=240000 chars=204
2026-09-05T01:18:12.239Z dictation_capture_heartbeat input_buffers=17191 input_frames=75812310 isRunning=true default_input=present default_input_transport=built-in
2026-09-05T01:18:12.524Z dictation_preview_pass engine=parakeet ms=195 samples=240000 chars=195
2026-09-05T01:18:13.636Z dictation_preview_pass engine=parakeet ms=204 samples=240000 chars=214
2026-09-05T01:18:14.738Z dictation_preview_pass engine=parakeet ms=202 samples=240000 chars=226
2026-09-05T01:18:15.844Z dictation_preview_pass engine=parakeet ms=218 samples=240000 chars=258
2026-09-05T01:18:16.948Z dictation_preview_pass engine=parakeet ms=218 samples=240000 chars=276
2026-09-05T01:18:17.253Z dictation_capture_heartbeat input_buffers=17241 input_frames=76032810 isRunning=true default_input=present default_input_transport=built-in
2026-09-05T01:18:18.058Z dictation_preview_pass engine=parakeet ms=226 samples=240000 chars=279
2026-09-05T01:18:19.143Z dictation_preview_pass engine=parakeet ms=208 samples=240000 chars=233
2026-09-05T01:18:20.214Z dictation_preview_pass engine=parakeet ms=187 samples=240000 chars=179
2026-09-05T01:18:21.330Z dictation_preview_pass engine=parakeet ms=201 samples=240000 chars=179
2026-09-05T01:18:22.264Z dictation_capture_heartbeat input_buffers=17291 input_frames=76253310 isRunning=true default_input=present default_input_transport=built-in
2026-09-05T01:18:22.444Z dictation_preview_pass engine=parakeet ms=212 samples=240000 chars=222
2026-09-05T01:18:23.529Z dictation_preview_pass engine=parakeet ms=206 samples=240000 chars=213
2026-09-05T01:18:24.532Z dictation_preview_pass engine=parakeet ms=198 samples=240000 chars=195
2026-09-05T01:18:25.625Z dictation_preview_pass engine=parakeet ms=199 samples=240000 chars=184
2026-09-05T01:18:26.623Z dictation_preview_pass engine=parakeet ms=188 samples=240000 chars=155
2026-09-05T01:18:27.314Z dictation_capture_heartbeat input_buffers=17341 input_frames=76473810 isRunning=true default_input=present default_input_transport=built-in
2026-09-05T01:18:27.637Z dictation_preview_pass engine=parakeet ms=201 samples=240000 chars=208
2026-09-05T01:18:28.719Z dictation_preview_pass engine=parakeet ms=194 samples=240000 chars=199
2026-09-05T01:18:29.709Z dictation_preview_pass engine=parakeet ms=174 samples=240000 chars=178
2026-09-05T01:18:30.825Z dictation_preview_pass engine=parakeet ms=199 samples=240000 chars=178
2026-09-05T01:18:31.916Z dictation_preview_pass engine=parakeet ms=187 samples=240000 chars=147
2026-09-05T01:18:32.320Z dictation_capture_heartbeat input_buffers=17391 input_frames=76694310 isRunning=true default_input=present default_input_transport=built-in
2026-09-05T01:18:32.921Z dictation_preview_pass engine=parakeet ms=191 samples=240000 chars=148
2026-09-05T01:18:34.041Z dictation_preview_pass engine=parakeet ms=210 samples=240000 chars=175
2026-09-05T01:18:35.119Z dictation_preview_pass engine=parakeet ms=186 samples=240000 chars=184
2026-09-05T01:18:36.227Z dictation_preview_pass engine=parakeet ms=202 samples=240000 chars=183
2026-09-05T01:18:37.233Z dictation_preview_pass engine=parakeet ms=199 samples=240000 chars=182
2026-09-05T01:18:37.332Z dictation_capture_heartbeat input_buffers=17442 input_frames=76919220 isRunning=true default_input=present default_input_transport=built-in
2026-09-05T01:18:38.238Z dictation_preview_pass engine=parakeet ms=204 samples=240000 chars=203
2026-09-05T01:18:39.332Z dictation_preview_pass engine=parakeet ms=207 samples=240000 chars=216
2026-09-05T01:18:40.340Z dictation_preview_pass engine=parakeet ms=206 samples=240000 chars=229
2026-09-05T01:18:41.436Z dictation_preview_pass engine=parakeet ms=209 samples=240000 chars=218
2026-09-05T01:18:42.341Z dictation_capture_heartbeat input_buffers=17492 input_frames=77139720 isRunning=true default_input=present default_input_transport=built-in
2026-09-05T01:18:42.535Z dictation_preview_pass engine=parakeet ms=205 samples=240000 chars=191
2026-09-05T01:18:43.648Z dictation_preview_pass engine=parakeet ms=215 samples=240000 chars=198
2026-09-05T01:18:44.734Z dictation_preview_pass engine=parakeet ms=199 samples=240000 chars=203
2026-09-05T01:18:45.837Z dictation_preview_pass engine=parakeet ms=210 samples=240000 chars=188
2026-09-05T01:18:46.953Z dictation_preview_pass engine=parakeet ms=223 samples=240000 chars=215
2026-09-05T01:18:47.351Z dictation_capture_heartbeat input_buffers=17542 input_frames=77360220 isRunning=true default_input=present default_input_transport=built-in
2026-09-05T01:18:48.055Z dictation_preview_pass engine=parakeet ms=223 samples=240000 chars=244
2026-09-05T01:18:49.155Z dictation_preview_pass engine=parakeet ms=232 samples=240000 chars=244
2026-09-05T01:18:50.160Z dictation_preview_pass engine=parakeet ms=226 samples=240000 chars=235
2026-09-05T01:18:51.270Z dictation_preview_pass engine=parakeet ms=245 samples=240000 chars=285
2026-09-05T01:18:52.275Z dictation_preview_pass engine=parakeet ms=240 samples=240000 chars=301
2026-09-05T01:18:52.359Z dictation_capture_heartbeat input_buffers=17592 input_frames=77580720 isRunning=true default_input=present default_input_transport=built-in
2026-09-05T01:18:53.347Z dictation_preview_pass engine=parakeet ms=221 samples=240000 chars=265
2026-09-05T01:18:54.448Z dictation_preview_pass engine=parakeet ms=219 samples=240000 chars=244
2026-09-05T01:18:55.569Z dictation_preview_pass engine=parakeet ms=237 samples=240000 chars=275
2026-09-05T01:18:56.662Z dictation_preview_pass engine=parakeet ms=239 samples=240000 chars=303
2026-09-05T01:18:57.397Z dictation_capture_heartbeat input_buffers=17642 input_frames=77801220 isRunning=true default_input=present default_input_transport=built-in
2026-09-05T01:18:57.677Z dictation_preview_pass engine=parakeet ms=241 samples=240000 chars=304
2026-09-05T01:18:58.737Z dictation_preview_pass engine=parakeet ms=212 samples=240000 chars=282
2026-09-05T01:18:59.874Z dictation_preview_pass engine=parakeet ms=246 samples=240000 chars=325
2026-09-05T01:19:00.992Z dictation_preview_pass engine=parakeet ms=261 samples=240000 chars=344
2026-09-05T01:19:01.959Z dictation_preview_pass engine=parakeet ms=226 samples=240000 chars=315
2026-09-05T01:19:02.429Z dictation_capture_heartbeat input_buffers=17693 input_frames=78026130 isRunning=true default_input=present default_input_transport=built-in
2026-09-05T01:19:03.073Z dictation_preview_pass engine=parakeet ms=241 samples=240000 chars=309
2026-09-05T01:19:04.176Z dictation_preview_pass engine=parakeet ms=251 samples=240000 chars=336
2026-09-05T01:19:05.174Z dictation_preview_pass engine=parakeet ms=241 samples=240000 chars=332
2026-09-05T01:19:06.268Z dictation_preview_pass engine=parakeet ms=242 samples=240000 chars=329
2026-09-05T01:19:07.373Z dictation_preview_pass engine=parakeet ms=246 samples=240000 chars=291
2026-09-05T01:19:07.434Z dictation_capture_heartbeat input_buffers=17743 input_frames=78246630 isRunning=true default_input=present default_input_transport=built-in
2026-09-05T01:19:08.475Z dictation_preview_pass engine=parakeet ms=244 samples=240000 chars=281
2026-09-05T01:19:09.578Z dictation_preview_pass engine=parakeet ms=244 samples=240000 chars=274
2026-09-05T01:19:10.642Z dictation_preview_pass engine=parakeet ms=215 samples=240000 chars=271
2026-09-05T01:19:11.765Z dictation_preview_pass engine=parakeet ms=237 samples=240000 chars=271
2026-09-05T01:19:12.460Z dictation_capture_heartbeat input_buffers=17793 input_frames=78467130 isRunning=true default_input=present default_input_transport=built-in
2026-09-05T01:19:12.856Z dictation_preview_pass engine=parakeet ms=226 samples=240000 chars=279
2026-09-05T01:19:13.974Z dictation_preview_pass engine=parakeet ms=241 samples=240000 chars=277
2026-09-05T01:19:15.053Z dictation_preview_pass engine=parakeet ms=227 samples=240000 chars=251
2026-09-05T01:19:16.155Z dictation_preview_pass engine=parakeet ms=225 samples=240000 chars=259
2026-09-05T01:19:17.245Z dictation_preview_pass engine=parakeet ms=214 samples=240000 chars=246
2026-09-05T01:19:17.466Z dictation_capture_heartbeat input_buffers=17843 input_frames=78687630 isRunning=true default_input=present default_input_transport=built-in
2026-09-05T01:19:18.351Z dictation_preview_pass engine=parakeet ms=217 samples=240000 chars=224
2026-09-05T01:19:19.444Z dictation_preview_pass engine=parakeet ms=218 samples=240000 chars=207
2026-09-05T01:19:20.528Z dictation_preview_pass engine=parakeet ms=199 samples=240000 chars=169
2026-09-05T01:19:21.653Z dictation_preview_pass engine=parakeet ms=220 samples=240000 chars=208
2026-09-05T01:19:22.487Z dictation_capture_heartbeat input_buffers=17893 input_frames=78908130 isRunning=true default_input=present default_input_transport=built-in
2026-09-05T01:19:22.746Z dictation_preview_pass engine=parakeet ms=211 samples=240000 chars=205
2026-09-05T01:19:23.844Z dictation_preview_pass engine=parakeet ms=217 samples=240000 chars=212
2026-09-05T01:19:24.933Z dictation_preview_pass engine=parakeet ms=205 samples=240000 chars=193
2026-09-05T01:19:26.039Z dictation_preview_pass engine=parakeet ms=208 samples=240000 chars=169
2026-09-05T01:19:27.134Z dictation_preview_pass engine=parakeet ms=200 samples=240000 chars=148
2026-09-05T01:19:27.498Z dictation_capture_heartbeat input_buffers=17943 input_frames=79128630 isRunning=true default_input=present default_input_transport=built-in
2026-09-05T01:19:28.231Z dictation_preview_pass engine=parakeet ms=205 samples=240000 chars=171
2026-09-05T01:19:29.339Z dictation_preview_pass engine=parakeet ms=209 samples=240000 chars=169
2026-09-05T01:19:30.422Z dictation_preview_pass engine=parakeet ms=190 samples=240000 chars=144
2026-09-05T01:19:31.524Z dictation_preview_pass engine=parakeet ms=190 samples=240000 chars=126
2026-09-05T01:19:32.527Z dictation_capture_heartbeat input_buffers=17993 input_frames=79349130 isRunning=true default_input=present default_input_transport=built-in
2026-09-05T01:19:32.616Z dictation_preview_pass engine=parakeet ms=191 samples=240000 chars=128
2026-09-05T01:19:33.745Z dictation_preview_pass engine=parakeet ms=217 samples=240000 chars=111
2026-09-05T01:19:34.720Z dictation_preview_pass engine=parakeet ms=191 samples=240000 chars=143
2026-09-05T01:19:35.813Z dictation_preview_pass engine=parakeet ms=183 samples=240000 chars=125
2026-09-05T01:19:36.892Z dictation_preview_pass engine=parakeet ms=161 samples=240000 chars=105
2026-09-05T01:19:37.533Z dictation_capture_heartbeat input_buffers=18043 input_frames=79569630 isRunning=true default_input=present default_input_transport=built-in
2026-09-05T01:19:37.998Z dictation_preview_pass engine=parakeet ms=174 samples=240000 chars=104
2026-09-05T01:19:39.010Z dictation_preview_pass engine=parakeet ms=174 samples=240000 chars=119
2026-09-05T01:19:40.099Z dictation_preview_pass engine=parakeet ms=172 samples=240000 chars=112
2026-09-05T01:19:41.208Z dictation_preview_pass engine=parakeet ms=180 samples=240000 chars=119
2026-09-05T01:19:42.293Z dictation_preview_pass engine=parakeet ms=161 samples=240000 chars=93
2026-09-05T01:19:42.564Z dictation_capture_heartbeat input_buffers=18094 input_frames=79794540 isRunning=true default_input=present default_input_transport=built-in
2026-09-05T01:19:43.395Z dictation_preview_pass engine=parakeet ms=160 samples=240000 chars=73
2026-09-05T01:19:44.483Z dictation_preview_pass engine=parakeet ms=155 samples=240000 chars=91
2026-09-05T01:19:45.581Z dictation_preview_pass engine=parakeet ms=152 samples=240000 chars=102
2026-09-05T01:19:46.697Z dictation_preview_pass engine=parakeet ms=165 samples=240000 chars=113
2026-09-05T01:19:47.579Z dictation_capture_heartbeat input_buffers=18144 input_frames=80015040 isRunning=true default_input=present default_input_transport=built-in
2026-09-05T01:19:47.783Z dictation_preview_pass engine=parakeet ms=161 samples=240000 chars=113
2026-09-05T01:19:48.785Z dictation_preview_pass engine=parakeet ms=152 samples=240000 chars=107
2026-09-05T01:19:49.893Z dictation_preview_pass engine=parakeet ms=167 samples=240000 chars=116
2026-09-05T01:19:51.006Z dictation_preview_pass engine=parakeet ms=178 samples=240000 chars=139
2026-09-05T01:19:52.107Z dictation_preview_pass engine=parakeet ms=177 samples=240000 chars=157
2026-09-05T01:19:52.603Z dictation_capture_heartbeat input_buffers=18194 input_frames=80235540 isRunning=true default_input=present default_input_transport=built-in
2026-09-05T01:19:53.210Z dictation_preview_pass engine=parakeet ms=177 samples=240000 chars=158
2026-09-05T01:19:54.330Z dictation_preview_pass engine=parakeet ms=204 samples=240000 chars=196
2026-09-05T01:19:55.435Z dictation_preview_pass engine=parakeet ms=206 samples=240000 chars=180
2026-09-05T01:19:56.545Z dictation_preview_pass engine=parakeet ms=215 samples=240000 chars=204
2026-09-05T01:19:57.627Z dictation_preview_pass engine=parakeet ms=193 samples=240000 chars=177
2026-09-05T01:19:57.648Z dictation_capture_heartbeat input_buffers=18245 input_frames=80460450 isRunning=true default_input=present default_input_transport=built-in
2026-09-05T01:19:58.641Z dictation_preview_pass engine=parakeet ms=207 samples=240000 chars=217
2026-09-05T01:19:59.731Z dictation_preview_pass engine=parakeet ms=207 samples=240000 chars=224
2026-09-05T01:20:00.741Z dictation_preview_pass engine=parakeet ms=207 samples=240000 chars=172
2026-09-05T01:20:01.849Z dictation_preview_pass engine=parakeet ms=224 samples=240000 chars=219
2026-09-05T01:20:02.692Z dictation_capture_heartbeat input_buffers=18295 input_frames=80680950 isRunning=true default_input=present default_input_transport=built-in
2026-09-05T01:20:02.952Z dictation_preview_pass engine=parakeet ms=224 samples=240000 chars=231
2026-09-05T01:20:04.031Z dictation_preview_pass engine=parakeet ms=200 samples=240000 chars=194
2026-09-05T01:20:05.159Z dictation_preview_pass engine=parakeet ms=225 samples=240000 chars=211
2026-09-05T01:20:06.243Z dictation_preview_pass engine=parakeet ms=219 samples=240000 chars=227
2026-09-05T01:20:07.348Z dictation_preview_pass engine=parakeet ms=219 samples=240000 chars=248
2026-09-05T01:20:07.706Z dictation_capture_heartbeat input_buffers=18345 input_frames=80901450 isRunning=true default_input=present default_input_transport=built-in
2026-09-05T01:20:08.427Z dictation_preview_pass engine=parakeet ms=196 samples=240000 chars=200
2026-09-05T01:20:09.541Z dictation_preview_pass engine=parakeet ms=208 samples=240000 chars=212
2026-09-05T01:20:10.623Z dictation_preview_pass engine=parakeet ms=198 samples=240000 chars=214
2026-09-05T01:20:11.731Z dictation_preview_pass engine=parakeet ms=203 samples=240000 chars=203
2026-09-05T01:20:12.728Z dictation_capture_heartbeat input_buffers=18396 input_frames=81126360 isRunning=true default_input=present default_input_transport=built-in
2026-09-05T01:20:12.828Z dictation_preview_pass engine=parakeet ms=197 samples=240000 chars=201
2026-09-05T01:20:13.930Z dictation_preview_pass engine=parakeet ms=196 samples=240000 chars=183
2026-09-05T01:20:15.036Z dictation_preview_pass engine=parakeet ms=211 samples=240000 chars=201
2026-09-05T01:20:16.129Z dictation_preview_pass engine=parakeet ms=200 samples=240000 chars=198
2026-09-05T01:20:17.241Z dictation_preview_pass engine=parakeet ms=210 samples=240000 chars=220
2026-09-05T01:20:17.746Z dictation_capture_heartbeat input_buffers=18446 input_frames=81346860 isRunning=true default_input=present default_input_transport=built-in
2026-09-05T01:20:18.341Z dictation_preview_pass engine=parakeet ms=206 samples=240000 chars=205
2026-09-05T01:20:19.440Z dictation_preview_pass engine=parakeet ms=214 samples=240000 chars=216
2026-09-05T01:20:20.525Z dictation_preview_pass engine=parakeet ms=197 samples=240000 chars=205
2026-09-05T01:20:21.649Z dictation_preview_pass engine=parakeet ms=217 samples=240000 chars=236
2026-09-05T01:20:22.744Z dictation_preview_pass engine=parakeet ms=210 samples=240000 chars=214
2026-09-05T01:20:22.784Z dictation_capture_heartbeat input_buffers=18496 input_frames=81567360 isRunning=true default_input=present default_input_transport=built-in
2026-09-05T01:20:23.842Z dictation_preview_pass engine=parakeet ms=215 samples=240000 chars=231
2026-09-05T01:20:24.935Z dictation_preview_pass engine=parakeet ms=207 samples=240000 chars=214
2026-09-05T01:20:26.028Z dictation_preview_pass engine=parakeet ms=196 samples=240000 chars=200
2026-09-05T01:20:27.142Z dictation_preview_pass engine=parakeet ms=208 samples=240000 chars=202
2026-09-05T01:20:27.814Z dictation_capture_heartbeat input_buffers=18546 input_frames=81787860 isRunning=true default_input=present default_input_transport=built-in
2026-09-05T01:20:28.229Z dictation_preview_pass engine=parakeet ms=204 samples=240000 chars=207
2026-09-05T01:20:29.220Z dictation_preview_pass engine=parakeet ms=194 samples=240000 chars=215
2026-09-05T01:20:30.237Z dictation_preview_pass engine=parakeet ms=203 samples=240000 chars=213
2026-09-05T01:20:31.322Z dictation_preview_pass engine=parakeet ms=196 samples=240000 chars=193
2026-09-05T01:20:32.440Z dictation_preview_pass engine=parakeet ms=212 samples=240000 chars=223
2026-09-05T01:20:32.839Z dictation_capture_heartbeat input_buffers=18597 input_frames=82012770 isRunning=true default_input=present default_input_transport=built-in
2026-09-05T01:20:33.422Z dictation_preview_pass engine=parakeet ms=194 samples=240000 chars=221
2026-09-05T01:20:34.514Z dictation_preview_pass engine=parakeet ms=185 samples=240000 chars=205
2026-09-05T01:20:35.643Z dictation_preview_pass engine=parakeet ms=211 samples=240000 chars=233
2026-09-05T01:20:36.741Z dictation_preview_pass engine=parakeet ms=217 samples=240000 chars=242
2026-09-05T01:20:37.730Z dictation_preview_pass engine=parakeet ms=196 samples=240000 chars=209
2026-09-05T01:20:37.889Z dictation_capture_heartbeat input_buffers=18647 input_frames=82233270 isRunning=true default_input=present default_input_transport=built-in
2026-09-05T01:20:38.840Z dictation_preview_pass engine=parakeet ms=214 samples=240000 chars=234
2026-09-05T01:20:39.925Z dictation_preview_pass engine=parakeet ms=196 samples=240000 chars=236
2026-09-05T01:20:41.049Z dictation_preview_pass engine=parakeet ms=218 samples=240000 chars=243
2026-09-05T01:20:42.145Z dictation_preview_pass engine=parakeet ms=222 samples=240000 chars=256
2026-09-05T01:20:42.912Z dictation_capture_heartbeat input_buffers=18697 input_frames=82453770 isRunning=true default_input=present default_input_transport=built-in
2026-09-05T01:20:43.160Z dictation_preview_pass engine=parakeet ms=227 samples=240000 chars=257
2026-09-05T01:20:44.248Z dictation_preview_pass engine=parakeet ms=223 samples=240000 chars=261
2026-09-05T01:20:45.258Z dictation_preview_pass engine=parakeet ms=224 samples=240000 chars=251
2026-09-05T01:20:46.343Z dictation_preview_pass engine=parakeet ms=218 samples=240000 chars=233
2026-09-05T01:20:47.450Z dictation_preview_pass engine=parakeet ms=222 samples=240000 chars=250
2026-09-05T01:20:47.963Z dictation_capture_heartbeat input_buffers=18748 input_frames=82678680 isRunning=true default_input=present default_input_transport=built-in
2026-09-05T01:20:48.431Z dictation_preview_pass engine=parakeet ms=202 samples=240000 chars=236
2026-09-05T01:20:49.548Z dictation_preview_pass engine=parakeet ms=218 samples=240000 chars=263
2026-09-05T01:20:50.554Z dictation_preview_pass engine=parakeet ms=224 samples=240000 chars=263
2026-09-05T01:20:51.642Z dictation_preview_pass engine=parakeet ms=210 samples=240000 chars=247
2026-09-05T01:20:52.739Z dictation_preview_pass engine=parakeet ms=202 samples=240000 chars=232
2026-09-05T01:20:53.021Z dictation_capture_heartbeat input_buffers=18798 input_frames=82899180 isRunning=true default_input=present default_input_transport=built-in
2026-09-05T01:20:53.828Z dictation_preview_pass engine=parakeet ms=202 samples=240000 chars=240
2026-09-05T01:20:54.951Z dictation_preview_pass engine=parakeet ms=223 samples=240000 chars=263
2026-09-05T01:20:56.042Z dictation_preview_pass engine=parakeet ms=210 samples=240000 chars=243
2026-09-05T01:20:57.130Z dictation_preview_pass engine=parakeet ms=208 samples=240000 chars=234
2026-09-05T01:20:58.076Z dictation_capture_heartbeat input_buffers=18849 input_frames=83124090 isRunning=true default_input=present default_input_transport=built-in
2026-09-05T01:20:58.129Z dictation_preview_pass engine=parakeet ms=196 samples=240000 chars=223
2026-09-05T01:20:59.235Z dictation_preview_pass engine=parakeet ms=211 samples=240000 chars=239
2026-09-05T01:21:00.253Z dictation_preview_pass engine=parakeet ms=218 samples=240000 chars=239
2026-09-05T01:21:01.337Z dictation_preview_pass engine=parakeet ms=212 samples=240000 chars=240
2026-09-05T01:21:02.447Z dictation_preview_pass engine=parakeet ms=218 samples=240000 chars=230
2026-09-05T01:21:03.100Z dictation_capture_heartbeat input_buffers=18899 input_frames=83344590 isRunning=true default_input=present default_input_transport=built-in
2026-09-05T01:21:03.422Z dictation_preview_pass engine=parakeet ms=194 samples=240000 chars=196
2026-09-05T01:21:04.538Z dictation_preview_pass engine=parakeet ms=208 samples=240000 chars=195
2026-09-05T01:21:05.637Z dictation_preview_pass engine=parakeet ms=204 samples=240000 chars=181
2026-09-05T01:21:06.733Z dictation_preview_pass engine=parakeet ms=210 samples=240000 chars=193
2026-09-05T01:21:07.837Z dictation_preview_pass engine=parakeet ms=210 samples=240000 chars=191
2026-09-05T01:21:08.151Z dictation_capture_heartbeat input_buffers=18950 input_frames=83569500 isRunning=true default_input=present default_input_transport=built-in
2026-09-05T01:21:08.940Z dictation_preview_pass engine=parakeet ms=210 samples=240000 chars=206
2026-09-05T01:21:10.053Z dictation_preview_pass engine=parakeet ms=221 samples=240000 chars=242
2026-09-05T01:21:11.139Z dictation_preview_pass engine=parakeet ms=215 samples=240000 chars=248
2026-09-05T01:21:12.238Z dictation_preview_pass engine=parakeet ms=212 samples=240000 chars=255
2026-09-05T01:21:13.195Z dictation_capture_heartbeat input_buffers=19000 input_frames=83790000 isRunning=true default_input=present default_input_transport=built-in
2026-09-05T01:21:13.358Z dictation_preview_pass engine=parakeet ms=227 samples=240000 chars=249
2026-09-05T01:21:14.463Z dictation_preview_pass engine=parakeet ms=229 samples=240000 chars=219
2026-09-05T01:21:15.545Z dictation_preview_pass engine=parakeet ms=222 samples=240000 chars=235
2026-09-05T01:21:16.658Z dictation_preview_pass engine=parakeet ms=231 samples=240000 chars=262
2026-09-05T01:21:17.754Z dictation_preview_pass engine=parakeet ms=223 samples=240000 chars=260
2026-09-05T01:21:18.227Z dictation_capture_heartbeat input_buffers=19050 input_frames=84010500 isRunning=true default_input=present default_input_transport=built-in
2026-09-05T01:21:18.863Z dictation_preview_pass engine=parakeet ms=231 samples=240000 chars=266
2026-09-05T01:21:19.941Z dictation_preview_pass engine=parakeet ms=217 samples=240000 chars=281
2026-09-05T01:21:21.073Z dictation_preview_pass engine=parakeet ms=246 samples=240000 chars=287
2026-09-05T01:21:22.155Z dictation_preview_pass engine=parakeet ms=224 samples=240000 chars=247
2026-09-05T01:21:23.249Z dictation_capture_heartbeat input_buffers=19101 input_frames=84235410 isRunning=true default_input=present default_input_transport=built-in
2026-09-05T01:21:23.250Z dictation_preview_pass engine=parakeet ms=217 samples=240000 chars=254
2026-09-05T01:21:24.347Z dictation_preview_pass engine=parakeet ms=222 samples=240000 chars=235
2026-09-05T01:21:25.446Z dictation_preview_pass engine=parakeet ms=218 samples=240000 chars=243
2026-09-05T01:21:26.537Z dictation_preview_pass engine=parakeet ms=207 samples=240000 chars=199
2026-09-05T01:21:27.620Z dictation_preview_pass engine=parakeet ms=187 samples=240000 chars=199
2026-09-05T01:21:28.263Z dictation_capture_heartbeat input_buffers=19151 input_frames=84455910 isRunning=true default_input=present default_input_transport=built-in
2026-09-05T01:21:28.720Z dictation_preview_pass engine=parakeet ms=194 samples=240000 chars=243
2026-09-05T01:21:29.842Z dictation_preview_pass engine=parakeet ms=214 samples=240000 chars=238
2026-09-05T01:21:30.951Z dictation_preview_pass engine=parakeet ms=221 samples=240000 chars=268
2026-09-05T01:21:32.053Z dictation_preview_pass engine=parakeet ms=220 samples=240000 chars=260
2026-09-05T01:21:33.139Z dictation_preview_pass engine=parakeet ms=214 samples=240000 chars=261
2026-09-05T01:21:33.269Z dictation_capture_heartbeat input_buffers=19201 input_frames=84676410 isRunning=true default_input=present default_input_transport=built-in
2026-09-05T01:21:34.248Z dictation_preview_pass engine=parakeet ms=220 samples=240000 chars=263
2026-09-05T01:21:35.358Z dictation_preview_pass engine=parakeet ms=227 samples=240000 chars=299
2026-09-05T01:21:36.466Z dictation_preview_pass engine=parakeet ms=232 samples=240000 chars=251
2026-09-05T01:21:37.557Z dictation_preview_pass engine=parakeet ms=231 samples=240000 chars=253
2026-09-05T01:21:38.278Z dictation_capture_heartbeat input_buffers=19251 input_frames=84896910 isRunning=true default_input=present default_input_transport=built-in
2026-09-05T01:21:38.661Z dictation_preview_pass engine=parakeet ms=233 samples=240000 chars=261
2026-09-05T01:21:39.769Z dictation_preview_pass engine=parakeet ms=238 samples=240000 chars=274
2026-09-05T01:21:40.862Z dictation_preview_pass engine=parakeet ms=240 samples=240000 chars=274
2026-09-05T01:21:41.852Z dictation_preview_pass engine=parakeet ms=219 samples=240000 chars=263
2026-09-05T01:21:42.966Z dictation_preview_pass engine=parakeet ms=242 samples=240000 chars=280
2026-09-05T01:21:43.313Z dictation_capture_heartbeat input_buffers=19301 input_frames=85117410 isRunning=true default_input=present default_input_transport=built-in
2026-09-05T01:21:43.966Z dictation_preview_pass engine=parakeet ms=231 samples=240000 chars=250
2026-09-05T01:21:45.038Z dictation_preview_pass engine=parakeet ms=212 samples=240000 chars=223
2026-09-05T01:21:46.145Z dictation_preview_pass engine=parakeet ms=217 samples=240000 chars=207
2026-09-05T01:21:47.235Z dictation_preview_pass engine=parakeet ms=204 samples=240000 chars=204
2026-09-05T01:21:48.337Z dictation_preview_pass engine=parakeet ms=215 samples=240000 chars=190
2026-09-05T01:21:48.357Z dictation_capture_heartbeat input_buffers=19352 input_frames=85342320 isRunning=true default_input=present default_input_transport=built-in
2026-09-05T01:21:49.334Z dictation_preview_pass engine=parakeet ms=201 samples=240000 chars=188
2026-09-05T01:21:50.416Z dictation_preview_pass engine=parakeet ms=191 samples=240000 chars=203
2026-09-05T01:21:51.431Z dictation_preview_pass engine=parakeet ms=197 samples=240000 chars=188
2026-09-05T01:21:52.535Z dictation_preview_pass engine=parakeet ms=210 samples=240000 chars=212
2026-09-05T01:21:53.364Z dictation_capture_heartbeat input_buffers=19402 input_frames=85562820 isRunning=true default_input=present default_input_transport=built-in
2026-09-05T01:21:53.636Z dictation_preview_pass engine=parakeet ms=207 samples=240000 chars=212
2026-09-05T01:21:54.739Z dictation_preview_pass engine=parakeet ms=208 samples=240000 chars=201
2026-09-05T01:21:55.831Z dictation_preview_pass engine=parakeet ms=209 samples=240000 chars=213
2026-09-05T01:21:56.841Z dictation_preview_pass engine=parakeet ms=209 samples=240000 chars=213
2026-09-05T01:21:57.918Z dictation_preview_pass engine=parakeet ms=194 samples=240000 chars=187
2026-09-05T01:21:58.387Z dictation_capture_heartbeat input_buffers=19452 input_frames=85783320 isRunning=true default_input=present default_input_transport=built-in
2026-09-05T01:21:59.009Z dictation_preview_pass engine=parakeet ms=180 samples=240000 chars=207
2026-09-05T01:22:00.135Z dictation_preview_pass engine=parakeet ms=206 samples=240000 chars=208
2026-09-05T01:22:01.228Z dictation_preview_pass engine=parakeet ms=196 samples=240000 chars=237
2026-09-05T01:22:02.332Z dictation_preview_pass engine=parakeet ms=208 samples=240000 chars=233
2026-09-05T01:22:03.424Z dictation_capture_heartbeat input_buffers=19503 input_frames=86008230 isRunning=true default_input=present default_input_transport=built-in
2026-09-05T01:22:03.434Z dictation_preview_pass engine=parakeet ms=207 samples=240000 chars=210
2026-09-05T01:22:04.529Z dictation_preview_pass engine=parakeet ms=200 samples=240000 chars=193
2026-09-05T01:22:05.633Z dictation_preview_pass engine=parakeet ms=200 samples=240000 chars=186
2026-09-05T01:22:06.729Z dictation_preview_pass engine=parakeet ms=206 samples=240000 chars=173
2026-09-05T01:22:07.823Z dictation_preview_pass engine=parakeet ms=197 samples=240000 chars=196
2026-09-05T01:22:08.446Z dictation_capture_heartbeat input_buffers=19553 input_frames=86228730 isRunning=true default_input=present default_input_transport=built-in
2026-09-05T01:22:08.825Z dictation_preview_pass engine=parakeet ms=198 samples=240000 chars=190
2026-09-05T01:22:09.916Z dictation_preview_pass engine=parakeet ms=187 samples=240000 chars=188
2026-09-05T01:22:11.021Z dictation_preview_pass engine=parakeet ms=190 samples=240000 chars=183
2026-09-05T01:22:12.126Z dictation_preview_pass engine=parakeet ms=203 samples=240000 chars=205
2026-09-05T01:22:13.119Z dictation_preview_pass engine=parakeet ms=186 samples=240000 chars=190
2026-09-05T01:22:13.458Z dictation_capture_heartbeat input_buffers=19603 input_frames=86449230 isRunning=true default_input=present default_input_transport=built-in
2026-09-05T01:22:14.232Z dictation_preview_pass engine=parakeet ms=208 samples=240000 chars=228
2026-09-05T01:22:15.343Z dictation_preview_pass engine=parakeet ms=217 samples=240000 chars=232
2026-09-05T01:22:16.428Z dictation_preview_pass engine=parakeet ms=199 samples=240000 chars=211
2026-09-05T01:22:17.454Z dictation_preview_pass engine=parakeet ms=223 samples=240000 chars=244
2026-09-05T01:22:18.503Z dictation_capture_heartbeat input_buffers=19653 input_frames=86669730 isRunning=true default_input=present default_input_transport=built-in
2026-09-05T01:22:18.533Z dictation_preview_pass engine=parakeet ms=201 samples=240000 chars=234
2026-09-05T01:22:19.644Z dictation_preview_pass engine=parakeet ms=221 samples=240000 chars=232
2026-09-05T01:22:20.649Z dictation_preview_pass engine=parakeet ms=217 samples=240000 chars=266
2026-09-05T01:22:21.733Z dictation_preview_pass engine=parakeet ms=210 samples=240000 chars=251
2026-09-05T01:22:22.852Z dictation_preview_pass engine=parakeet ms=224 samples=240000 chars=242
2026-09-05T01:22:23.508Z dictation_capture_heartbeat input_buffers=19703 input_frames=86890230 isRunning=true default_input=present default_input_transport=built-in
2026-09-05T01:22:23.944Z dictation_preview_pass engine=parakeet ms=215 samples=240000 chars=252
2026-09-05T01:22:24.967Z dictation_preview_pass engine=parakeet ms=237 samples=240000 chars=271
2026-09-05T01:22:26.062Z dictation_preview_pass engine=parakeet ms=231 samples=240000 chars=264
2026-09-05T01:22:27.142Z dictation_preview_pass engine=parakeet ms=219 samples=240000 chars=228
2026-09-05T01:22:28.159Z dictation_preview_pass engine=parakeet ms=226 samples=240000 chars=208
2026-09-05T01:22:28.530Z dictation_capture_heartbeat input_buffers=19754 input_frames=87115140 isRunning=true default_input=present default_input_transport=built-in
2026-09-05T01:22:29.235Z dictation_preview_pass engine=parakeet ms=212 samples=240000 chars=229
2026-09-05T01:22:30.341Z dictation_preview_pass engine=parakeet ms=214 samples=240000 chars=215
2026-09-05T01:22:31.451Z dictation_preview_pass engine=parakeet ms=222 samples=240000 chars=226
2026-09-05T01:22:32.545Z dictation_preview_pass engine=parakeet ms=212 samples=240000 chars=205
2026-09-05T01:22:33.581Z dictation_capture_heartbeat input_buffers=19804 input_frames=87335640 isRunning=true default_input=present default_input_transport=built-in
2026-09-05T01:22:33.635Z dictation_preview_pass engine=parakeet ms=211 samples=240000 chars=206
2026-09-05T01:22:34.752Z dictation_preview_pass engine=parakeet ms=225 samples=240000 chars=218
2026-09-05T01:22:35.855Z dictation_preview_pass engine=parakeet ms=226 samples=240000 chars=227
2026-09-05T01:22:36.960Z dictation_preview_pass engine=parakeet ms=227 samples=240000 chars=219
2026-09-05T01:22:38.043Z dictation_preview_pass engine=parakeet ms=219 samples=240000 chars=193
2026-09-05T01:22:38.629Z dictation_capture_heartbeat input_buffers=19855 input_frames=87560550 isRunning=true default_input=present default_input_transport=built-in
2026-09-05T01:22:39.154Z dictation_preview_pass engine=parakeet ms=227 samples=240000 chars=224
2026-09-05T01:22:40.250Z dictation_preview_pass engine=parakeet ms=220 samples=240000 chars=241
2026-09-05T01:22:41.344Z dictation_preview_pass engine=parakeet ms=211 samples=240000 chars=228
2026-09-05T01:22:42.452Z dictation_preview_pass engine=parakeet ms=227 samples=240000 chars=239
2026-09-05T01:22:43.554Z dictation_preview_pass engine=parakeet ms=226 samples=240000 chars=238
2026-09-05T01:22:43.642Z dictation_capture_heartbeat input_buffers=19905 input_frames=87781050 isRunning=true default_input=present default_input_transport=built-in
2026-09-05T01:22:44.656Z dictation_preview_pass engine=parakeet ms=225 samples=240000 chars=232
2026-09-05T01:22:45.757Z dictation_preview_pass engine=parakeet ms=224 samples=240000 chars=235
2026-09-05T01:22:46.852Z dictation_preview_pass engine=parakeet ms=227 samples=240000 chars=254
2026-09-05T01:22:47.938Z dictation_preview_pass engine=parakeet ms=210 samples=240000 chars=249
2026-09-05T01:22:48.691Z dictation_capture_heartbeat input_buffers=19955 input_frames=88001550 isRunning=true default_input=present default_input_transport=built-in
2026-09-05T01:22:49.058Z dictation_preview_pass engine=parakeet ms=227 samples=240000 chars=254
2026-09-05T01:22:50.151Z dictation_preview_pass engine=parakeet ms=230 samples=240000 chars=271
2026-09-05T01:22:51.158Z dictation_preview_pass engine=parakeet ms=226 samples=240000 chars=271
2026-09-05T01:22:52.253Z dictation_preview_pass engine=parakeet ms=228 samples=240000 chars=263
2026-09-05T01:22:53.262Z dictation_preview_pass engine=parakeet ms=230 samples=240000 chars=286
2026-09-05T01:22:53.735Z dictation_capture_heartbeat input_buffers=20006 input_frames=88226460 isRunning=true default_input=present default_input_transport=built-in
2026-09-05T01:22:54.358Z dictation_preview_pass engine=parakeet ms=234 samples=240000 chars=281
2026-09-05T01:22:55.454Z dictation_preview_pass engine=parakeet ms=227 samples=240000 chars=282
2026-09-05T01:22:56.568Z dictation_preview_pass engine=parakeet ms=238 samples=240000 chars=287
2026-09-05T01:22:57.655Z dictation_preview_pass engine=parakeet ms=233 samples=240000 chars=294
2026-09-05T01:22:58.668Z dictation_preview_pass engine=parakeet ms=236 samples=240000 chars=302
2026-09-05T01:22:58.761Z dictation_capture_heartbeat input_buffers=20056 input_frames=88446960 isRunning=true default_input=present default_input_transport=built-in
2026-09-05T01:22:59.778Z dictation_preview_pass engine=parakeet ms=255 samples=240000 chars=317
2026-09-05T01:23:00.765Z dictation_preview_pass engine=parakeet ms=232 samples=240000 chars=296
2026-09-05T01:23:01.860Z dictation_preview_pass engine=parakeet ms=235 samples=240000 chars=292
2026-09-05T01:23:02.975Z dictation_preview_pass engine=parakeet ms=247 samples=240000 chars=284
2026-09-05T01:23:03.769Z dictation_capture_heartbeat input_buffers=20106 input_frames=88667460 isRunning=true default_input=present default_input_transport=built-in
2026-09-05T01:23:04.097Z dictation_preview_pass engine=parakeet ms=266 samples=240000 chars=319
2026-09-05T01:23:05.158Z dictation_preview_pass engine=parakeet ms=237 samples=240000 chars=289
2026-09-05T01:23:06.185Z dictation_preview_pass engine=parakeet ms=254 samples=240000 chars=310
2026-09-05T01:23:07.285Z dictation_preview_pass engine=parakeet ms=262 samples=240000 chars=313
2026-09-05T01:23:08.281Z dictation_preview_pass engine=parakeet ms=248 samples=240000 chars=269
2026-09-05T01:23:08.805Z dictation_capture_heartbeat input_buffers=20156 input_frames=88887960 isRunning=true default_input=present default_input_transport=built-in
2026-09-05T01:23:09.374Z dictation_preview_pass engine=parakeet ms=249 samples=240000 chars=275
2026-09-05T01:23:10.477Z dictation_preview_pass engine=parakeet ms=250 samples=240000 chars=271
2026-09-05T01:23:11.586Z dictation_preview_pass engine=parakeet ms=256 samples=240000 chars=247
2026-09-05T01:23:12.632Z dictation_preview_pass engine=parakeet ms=210 samples=240000 chars=178
2026-09-05T01:23:13.664Z dictation_preview_pass engine=parakeet ms=232 samples=240000 chars=216
2026-09-05T01:23:13.860Z dictation_capture_heartbeat input_buffers=20207 input_frames=89112870 isRunning=true default_input=present default_input_transport=built-in
2026-09-05T01:23:14.752Z dictation_preview_pass engine=parakeet ms=229 samples=240000 chars=212
2026-09-05T01:23:15.843Z dictation_preview_pass engine=parakeet ms=216 samples=240000 chars=216
2026-09-05T01:23:16.955Z dictation_preview_pass engine=parakeet ms=226 samples=240000 chars=216
2026-09-05T01:23:18.071Z dictation_preview_pass engine=parakeet ms=238 samples=240000 chars=243
2026-09-05T01:23:18.885Z dictation_capture_heartbeat input_buffers=20257 input_frames=89333370 isRunning=true default_input=present default_input_transport=built-in
2026-09-05T01:23:19.147Z dictation_preview_pass engine=parakeet ms=223 samples=240000 chars=214
2026-09-05T01:23:20.264Z dictation_preview_pass engine=parakeet ms=237 samples=240000 chars=231
2026-09-05T01:23:21.349Z dictation_preview_pass engine=parakeet ms=220 samples=240000 chars=215
2026-09-05T01:23:22.456Z dictation_preview_pass engine=parakeet ms=224 samples=240000 chars=183
2026-09-05T01:23:23.552Z dictation_preview_pass engine=parakeet ms=228 samples=240000 chars=198
2026-09-05T01:23:23.928Z dictation_capture_heartbeat input_buffers=20308 input_frames=89558280 isRunning=true default_input=present default_input_transport=built-in
2026-09-05T01:23:24.624Z dictation_preview_pass engine=parakeet ms=197 samples=240000 chars=152
2026-09-05T01:23:25.752Z dictation_preview_pass engine=parakeet ms=222 samples=240000 chars=181
2026-09-05T01:23:26.851Z dictation_preview_pass engine=parakeet ms=219 samples=240000 chars=176
2026-09-05T01:23:27.930Z dictation_preview_pass engine=parakeet ms=207 samples=240000 chars=178
2026-09-05T01:23:28.917Z dictation_preview_pass engine=parakeet ms=190 samples=240000 chars=164
2026-09-05T01:23:28.939Z dictation_capture_heartbeat input_buffers=20358 input_frames=89778780 isRunning=true default_input=present default_input_transport=built-in
2026-09-05T01:23:29.955Z dictation_preview_pass engine=parakeet ms=224 samples=240000 chars=138
2026-09-05T01:23:31.020Z dictation_preview_pass engine=parakeet ms=197 samples=240000 chars=117
2026-09-05T01:23:32.005Z dictation_preview_pass engine=parakeet ms=182 samples=240000 chars=108
2026-09-05T01:23:33.027Z dictation_preview_pass engine=parakeet ms=196 samples=240000 chars=108
2026-09-05T01:23:33.981Z dictation_capture_heartbeat input_buffers=20408 input_frames=89999280 isRunning=true default_input=present default_input_transport=built-in
2026-09-05T01:23:34.086Z dictation_preview_pass engine=parakeet ms=161 samples=240000 chars=58
2026-09-05T01:23:35.207Z dictation_preview_pass engine=parakeet ms=181 samples=240000 chars=88
2026-09-05T01:23:36.295Z dictation_preview_pass engine=parakeet ms=166 samples=240000 chars=96
2026-09-05T01:23:37.411Z dictation_preview_pass engine=parakeet ms=180 samples=240000 chars=95
2026-09-05T01:23:38.488Z dictation_preview_pass engine=parakeet ms=165 samples=240000 chars=101
2026-09-05T01:23:38.999Z dictation_capture_heartbeat input_buffers=20458 input_frames=90219780 isRunning=true default_input=present default_input_transport=built-in
2026-09-05T01:23:39.607Z dictation_preview_pass engine=parakeet ms=180 samples=240000 chars=98
2026-09-05T01:23:40.689Z dictation_preview_pass engine=parakeet ms=160 samples=240000 chars=67
2026-09-05T01:23:41.798Z dictation_preview_pass engine=parakeet ms=166 samples=240000 chars=65
2026-09-05T01:23:42.907Z dictation_preview_pass engine=parakeet ms=184 samples=240000 chars=94
2026-09-05T01:23:44.018Z dictation_preview_pass engine=parakeet ms=191 samples=240000 chars=116
2026-09-05T01:23:44.024Z dictation_capture_heartbeat input_buffers=20509 input_frames=90444690 isRunning=true default_input=present default_input_transport=built-in
2026-09-05T01:23:45.126Z dictation_preview_pass engine=parakeet ms=196 samples=240000 chars=125
2026-09-05T01:23:46.225Z dictation_preview_pass engine=parakeet ms=193 samples=240000 chars=133
2026-09-05T01:23:47.323Z dictation_preview_pass engine=parakeet ms=199 samples=240000 chars=140
2026-09-05T01:23:48.328Z dictation_preview_pass engine=parakeet ms=204 samples=240000 chars=152
2026-09-05T01:23:49.052Z dictation_capture_heartbeat input_buffers=20559 input_frames=90665190 isRunning=true default_input=present default_input_transport=built-in
2026-09-05T01:23:49.335Z dictation_preview_pass engine=parakeet ms=203 samples=240000 chars=149
2026-09-05T01:23:50.402Z dictation_preview_pass engine=parakeet ms=179 samples=240000 chars=152
2026-09-05T01:23:51.419Z dictation_preview_pass engine=parakeet ms=194 samples=240000 chars=182
2026-09-05T01:23:52.453Z dictation_preview_pass engine=parakeet ms=221 samples=240000 chars=194
2026-09-05T01:23:53.547Z dictation_preview_pass engine=parakeet ms=224 samples=240000 chars=207
2026-09-05T01:23:54.104Z dictation_capture_heartbeat input_buffers=20609 input_frames=90885690 isRunning=true default_input=present default_input_transport=built-in
2026-09-05T01:23:54.644Z dictation_preview_pass engine=parakeet ms=218 samples=240000 chars=219
2026-09-05T01:23:55.772Z dictation_preview_pass engine=parakeet ms=242 samples=240000 chars=261
2026-09-05T01:23:56.881Z dictation_preview_pass engine=parakeet ms=248 samples=240000 chars=285
2026-09-05T01:23:57.979Z dictation_preview_pass engine=parakeet ms=255 samples=240000 chars=285
2026-09-05T01:23:58.966Z dictation_preview_pass engine=parakeet ms=241 samples=240000 chars=287
2026-09-05T01:23:59.139Z dictation_capture_heartbeat input_buffers=20660 input_frames=91110600 isRunning=true default_input=present default_input_transport=built-in
2026-09-05T01:23:59.959Z dictation_preview_pass engine=parakeet ms=226 samples=240000 chars=274
2026-09-05T01:24:01.065Z dictation_preview_pass engine=parakeet ms=242 samples=240000 chars=276
2026-09-05T01:24:02.153Z dictation_preview_pass engine=parakeet ms=226 samples=240000 chars=298
2026-09-05T01:24:03.277Z dictation_preview_pass engine=parakeet ms=247 samples=240000 chars=297
2026-09-05T01:24:04.144Z dictation_capture_heartbeat input_buffers=20710 input_frames=91331100 isRunning=true default_input=present default_input_transport=built-in
2026-09-05T01:24:04.390Z dictation_preview_pass engine=parakeet ms=258 samples=240000 chars=319
2026-09-05T01:24:05.469Z dictation_preview_pass engine=parakeet ms=246 samples=240000 chars=304
2026-09-05T01:24:06.573Z dictation_preview_pass engine=parakeet ms=246 samples=240000 chars=297
2026-09-05T01:24:07.682Z dictation_preview_pass engine=parakeet ms=252 samples=240000 chars=309
2026-09-05T01:24:08.766Z dictation_preview_pass engine=parakeet ms=234 samples=240000 chars=299
2026-09-05T01:24:09.173Z dictation_capture_heartbeat input_buffers=20760 input_frames=91551600 isRunning=true default_input=present default_input_transport=built-in
2026-09-05T01:24:09.870Z dictation_preview_pass engine=parakeet ms=246 samples=240000 chars=320
2026-09-05T01:24:10.964Z dictation_preview_pass engine=parakeet ms=237 samples=240000 chars=263
2026-09-05T01:24:12.045Z dictation_preview_pass engine=parakeet ms=216 samples=240000 chars=240
2026-09-05T01:24:13.158Z dictation_preview_pass engine=parakeet ms=225 samples=240000 chars=234
2026-09-05T01:24:14.214Z dictation_capture_heartbeat input_buffers=20810 input_frames=91772100 isRunning=true default_input=present default_input_transport=built-in
2026-09-05T01:24:14.254Z dictation_preview_pass engine=parakeet ms=231 samples=240000 chars=245
2026-09-05T01:24:15.376Z dictation_preview_pass engine=parakeet ms=250 samples=240000 chars=298
2026-09-05T01:24:16.472Z dictation_preview_pass engine=parakeet ms=242 samples=240000 chars=276
2026-09-05T01:24:17.573Z dictation_preview_pass engine=parakeet ms=240 samples=240000 chars=276
2026-09-05T01:24:18.653Z dictation_preview_pass engine=parakeet ms=227 samples=240000 chars=259
2026-09-05T01:24:19.233Z dictation_capture_heartbeat input_buffers=20861 input_frames=91997010 isRunning=true default_input=present default_input_transport=built-in
2026-09-05T01:24:19.760Z dictation_preview_pass engine=parakeet ms=233 samples=240000 chars=266
2026-09-05T01:24:20.848Z dictation_preview_pass engine=parakeet ms=219 samples=240000 chars=257
2026-09-05T01:24:21.872Z dictation_preview_pass engine=parakeet ms=243 samples=240000 chars=263
2026-09-05T01:24:22.963Z dictation_preview_pass engine=parakeet ms=232 samples=240000 chars=251
2026-09-05T01:24:24.062Z dictation_preview_pass engine=parakeet ms=239 samples=240000 chars=263
2026-09-05T01:24:24.259Z dictation_capture_heartbeat input_buffers=20911 input_frames=92217510 isRunning=true default_input=present default_input_transport=built-in
2026-09-05T01:24:25.082Z dictation_preview_pass engine=parakeet ms=250 samples=240000 chars=300
2026-09-05T01:24:26.157Z dictation_preview_pass engine=parakeet ms=233 samples=240000 chars=300
2026-09-05T01:24:27.294Z dictation_preview_pass engine=parakeet ms=266 samples=240000 chars=354
2026-09-05T01:24:28.379Z dictation_preview_pass engine=parakeet ms=248 samples=240000 chars=328
2026-09-05T01:24:29.287Z dictation_capture_heartbeat input_buffers=20961 input_frames=92438010 isRunning=true default_input=present default_input_transport=built-in
2026-09-05T01:24:29.475Z dictation_preview_pass engine=parakeet ms=254 samples=240000 chars=339
2026-09-05T01:24:30.484Z dictation_preview_pass engine=parakeet ms=253 samples=240000 chars=313
2026-09-05T01:24:31.558Z dictation_preview_pass engine=parakeet ms=237 samples=240000 chars=287
2026-09-05T01:24:32.567Z dictation_preview_pass engine=parakeet ms=244 samples=240000 chars=311
2026-09-05T01:24:33.587Z dictation_preview_pass engine=parakeet ms=257 samples=240000 chars=327
2026-09-05T01:24:34.308Z dictation_capture_heartbeat input_buffers=21011 input_frames=92658510 isRunning=true default_input=present default_input_transport=built-in
2026-09-05T01:24:34.684Z dictation_preview_pass engine=parakeet ms=262 samples=240000 chars=334
2026-09-05T01:24:35.683Z dictation_preview_pass engine=parakeet ms=251 samples=240000 chars=301
2026-09-05T01:24:36.768Z dictation_preview_pass engine=parakeet ms=245 samples=240000 chars=296
2026-09-05T01:24:37.867Z dictation_preview_pass engine=parakeet ms=239 samples=240000 chars=310
2026-09-05T01:24:38.971Z dictation_preview_pass engine=parakeet ms=241 samples=240000 chars=307
2026-09-05T01:24:39.349Z dictation_capture_heartbeat input_buffers=21062 input_frames=92883420 isRunning=true default_input=present default_input_transport=built-in
2026-09-05T01:24:40.055Z dictation_preview_pass engine=parakeet ms=234 samples=240000 chars=292
2026-09-05T01:24:41.059Z dictation_preview_pass engine=parakeet ms=228 samples=240000 chars=271
2026-09-05T01:24:42.144Z dictation_preview_pass engine=parakeet ms=221 samples=240000 chars=248
2026-09-05T01:24:43.156Z dictation_preview_pass engine=parakeet ms=223 samples=240000 chars=264
2026-09-05T01:24:44.251Z dictation_preview_pass engine=parakeet ms=227 samples=240000 chars=256
2026-09-05T01:24:44.381Z dictation_capture_heartbeat input_buffers=21112 input_frames=93103920 isRunning=true default_input=present default_input_transport=built-in
2026-09-05T01:24:45.358Z dictation_preview_pass engine=parakeet ms=231 samples=240000 chars=286
2026-09-05T01:24:46.457Z dictation_preview_pass engine=parakeet ms=228 samples=240000 chars=262
2026-09-05T01:24:47.543Z dictation_preview_pass engine=parakeet ms=222 samples=240000 chars=257
2026-09-05T01:24:48.545Z dictation_preview_pass engine=parakeet ms=214 samples=240000 chars=231
2026-09-05T01:24:49.401Z dictation_capture_heartbeat input_buffers=21162 input_frames=93324420 isRunning=true default_input=present default_input_transport=built-in
2026-09-05T01:24:49.629Z dictation_preview_pass engine=parakeet ms=206 samples=240000 chars=205
2026-09-05T01:24:50.641Z dictation_preview_pass engine=parakeet ms=208 samples=240000 chars=211
2026-09-05T01:24:51.722Z dictation_preview_pass engine=parakeet ms=197 samples=240000 chars=165
2026-09-05T01:24:52.818Z dictation_preview_pass engine=parakeet ms=192 samples=240000 chars=158
2026-09-05T01:24:53.919Z dictation_preview_pass engine=parakeet ms=190 samples=240000 chars=136
2026-09-05T01:24:54.409Z dictation_capture_heartbeat input_buffers=21212 input_frames=93544920 isRunning=true default_input=present default_input_transport=built-in
2026-09-05T01:24:55.020Z dictation_preview_pass engine=parakeet ms=199 samples=240000 chars=167
2026-09-05T01:24:56.030Z dictation_preview_pass engine=parakeet ms=199 samples=240000 chars=172
2026-09-05T01:24:57.125Z dictation_preview_pass engine=parakeet ms=203 samples=240000 chars=189
2026-09-05T01:24:58.222Z dictation_preview_pass engine=parakeet ms=195 samples=240000 chars=159
2026-09-05T01:24:59.341Z dictation_preview_pass engine=parakeet ms=212 samples=240000 chars=187
2026-09-05T01:24:59.431Z dictation_capture_heartbeat input_buffers=21263 input_frames=93769830 isRunning=true default_input=present default_input_transport=built-in
2026-09-05T01:25:00.438Z dictation_preview_pass engine=parakeet ms=207 samples=240000 chars=200
2026-09-05T01:25:01.542Z dictation_preview_pass engine=parakeet ms=219 samples=240000 chars=215
2026-09-05T01:25:02.623Z dictation_preview_pass engine=parakeet ms=197 samples=240000 chars=196
2026-09-05T01:25:03.753Z dictation_preview_pass engine=parakeet ms=225 samples=240000 chars=227
2026-09-05T01:25:04.478Z dictation_capture_heartbeat input_buffers=21313 input_frames=93990330 isRunning=true default_input=present default_input_transport=built-in
2026-09-05T01:25:04.867Z dictation_preview_pass engine=parakeet ms=235 samples=240000 chars=259
2026-09-05T01:25:05.971Z dictation_preview_pass engine=parakeet ms=248 samples=240000 chars=285
2026-09-05T01:25:07.063Z dictation_preview_pass engine=parakeet ms=238 samples=240000 chars=285
2026-09-05T01:25:08.184Z dictation_preview_pass engine=parakeet ms=255 samples=240000 chars=328
2026-09-05T01:25:09.266Z dictation_preview_pass engine=parakeet ms=236 samples=240000 chars=299
2026-09-05T01:25:09.494Z dictation_capture_heartbeat input_buffers=21363 input_frames=94210830 isRunning=true default_input=present default_input_transport=built-in
2026-09-05T01:25:10.370Z dictation_preview_pass engine=parakeet ms=247 samples=240000 chars=300
2026-09-05T01:25:11.479Z dictation_preview_pass engine=parakeet ms=253 samples=240000 chars=310
2026-09-05T01:25:12.560Z dictation_preview_pass engine=parakeet ms=231 samples=240000 chars=279
2026-09-05T01:25:13.665Z dictation_preview_pass engine=parakeet ms=233 samples=240000 chars=243
2026-09-05T01:25:14.509Z dictation_capture_heartbeat input_buffers=21413 input_frames=94431330 isRunning=true default_input=present default_input_transport=built-in
2026-09-05T01:25:14.750Z dictation_preview_pass engine=parakeet ms=227 samples=240000 chars=247
2026-09-05T01:25:15.839Z dictation_preview_pass engine=parakeet ms=214 samples=240000 chars=232
2026-09-05T01:25:16.945Z dictation_preview_pass engine=parakeet ms=216 samples=240000 chars=210
2026-09-05T01:25:18.040Z dictation_preview_pass engine=parakeet ms=208 samples=240000 chars=206
2026-09-05T01:25:19.129Z dictation_preview_pass engine=parakeet ms=206 samples=240000 chars=211
2026-09-05T01:25:19.521Z dictation_capture_heartbeat input_buffers=21463 input_frames=94651830 isRunning=true default_input=present default_input_transport=built-in
2026-09-05T01:25:20.227Z dictation_preview_pass engine=parakeet ms=201 samples=240000 chars=191
2026-09-05T01:25:21.335Z dictation_preview_pass engine=parakeet ms=206 samples=240000 chars=196
2026-09-05T01:25:22.428Z dictation_preview_pass engine=parakeet ms=196 samples=240000 chars=183
2026-09-05T01:25:23.512Z dictation_preview_pass engine=parakeet ms=188 samples=240000 chars=189
2026-09-05T01:25:24.568Z dictation_capture_heartbeat input_buffers=21514 input_frames=94876740 isRunning=true default_input=present default_input_transport=built-in
2026-09-05T01:25:24.640Z dictation_preview_pass engine=parakeet ms=214 samples=240000 chars=234
2026-09-05T01:25:25.741Z dictation_preview_pass engine=parakeet ms=212 samples=240000 chars=234
2026-09-05T01:25:26.853Z dictation_preview_pass engine=parakeet ms=220 samples=240000 chars=245
2026-09-05T01:25:27.947Z dictation_preview_pass engine=parakeet ms=223 samples=240000 chars=277
2026-09-05T01:25:29.050Z dictation_preview_pass engine=parakeet ms=221 samples=240000 chars=304
2026-09-05T01:25:29.591Z dictation_capture_heartbeat input_buffers=21564 input_frames=95097240 isRunning=true default_input=present default_input_transport=built-in
2026-09-05T01:25:30.163Z dictation_preview_pass engine=parakeet ms=233 samples=240000 chars=271
2026-09-05T01:25:31.274Z dictation_preview_pass engine=parakeet ms=251 samples=240000 chars=309
2026-09-05T01:25:32.289Z dictation_preview_pass engine=parakeet ms=254 samples=240000 chars=344
2026-09-05T01:25:33.390Z dictation_preview_pass engine=parakeet ms=261 samples=240000 chars=360
2026-09-05T01:25:34.393Z dictation_preview_pass engine=parakeet ms=254 samples=240000 chars=371
2026-09-05T01:25:34.647Z dictation_capture_heartbeat input_buffers=21615 input_frames=95322150 isRunning=true default_input=present default_input_transport=built-in
2026-09-05T01:25:35.487Z dictation_preview_pass engine=parakeet ms=251 samples=240000 chars=363
2026-09-05T01:25:36.607Z dictation_preview_pass engine=parakeet ms=270 samples=240000 chars=384
2026-09-05T01:25:37.711Z dictation_preview_pass engine=parakeet ms=269 samples=240000 chars=383
2026-09-05T01:25:38.800Z dictation_preview_pass engine=parakeet ms=265 samples=240000 chars=389
2026-09-05T01:25:39.660Z dictation_capture_heartbeat input_buffers=21665 input_frames=95542650 isRunning=true default_input=present default_input_transport=built-in
2026-09-05T01:25:39.802Z dictation_preview_pass engine=parakeet ms=255 samples=240000 chars=339
2026-09-05T01:25:40.895Z dictation_preview_pass engine=parakeet ms=257 samples=240000 chars=347
2026-09-05T01:25:41.886Z dictation_preview_pass engine=parakeet ms=238 samples=240000 chars=329
2026-09-05T01:25:42.986Z dictation_preview_pass engine=parakeet ms=245 samples=240000 chars=299
2026-09-05T01:25:44.072Z dictation_preview_pass engine=parakeet ms=227 samples=240000 chars=275
2026-09-05T01:25:44.686Z dictation_capture_heartbeat input_buffers=21715 input_frames=95763150 isRunning=true default_input=present default_input_transport=built-in
2026-09-05T01:25:45.173Z dictation_preview_pass engine=parakeet ms=225 samples=240000 chars=288
2026-09-05T01:25:46.273Z dictation_preview_pass engine=parakeet ms=233 samples=240000 chars=272
2026-09-05T01:25:47.284Z dictation_preview_pass engine=parakeet ms=231 samples=240000 chars=243
2026-09-05T01:25:48.373Z dictation_preview_pass engine=parakeet ms=230 samples=240000 chars=241
2026-09-05T01:25:49.475Z dictation_preview_pass engine=parakeet ms=229 samples=240000 chars=239
2026-09-05T01:25:49.706Z dictation_capture_heartbeat input_buffers=21765 input_frames=95983650 isRunning=true default_input=present default_input_transport=built-in
2026-09-05T01:25:50.574Z dictation_preview_pass engine=parakeet ms=224 samples=240000 chars=235
2026-09-05T01:25:51.668Z dictation_preview_pass engine=parakeet ms=214 samples=240000 chars=199
2026-09-05T01:25:52.761Z dictation_preview_pass engine=parakeet ms=215 samples=240000 chars=218
2026-09-05T01:25:53.855Z dictation_preview_pass engine=parakeet ms=206 samples=240000 chars=191
2026-09-05T01:25:54.758Z dictation_capture_heartbeat input_buffers=21816 input_frames=96208560 isRunning=true default_input=present default_input_transport=built-in
2026-09-05T01:25:54.965Z dictation_preview_pass engine=parakeet ms=212 samples=240000 chars=205
2026-09-05T01:25:56.071Z dictation_preview_pass engine=parakeet ms=216 samples=240000 chars=192
2026-09-05T01:25:57.163Z dictation_preview_pass engine=parakeet ms=216 samples=240000 chars=228
2026-09-05T01:25:58.272Z dictation_preview_pass engine=parakeet ms=221 samples=240000 chars=230
2026-09-05T01:25:59.387Z dictation_preview_pass engine=parakeet ms=231 samples=240000 chars=254
2026-09-05T01:25:59.810Z dictation_capture_heartbeat input_buffers=21866 input_frames=96429060 isRunning=true default_input=present default_input_transport=built-in
2026-09-05T01:26:00.489Z dictation_preview_pass engine=parakeet ms=232 samples=240000 chars=267
2026-09-05T01:26:01.591Z dictation_preview_pass engine=parakeet ms=243 samples=240000 chars=310
2026-09-05T01:26:02.678Z dictation_preview_pass engine=parakeet ms=226 samples=240000 chars=275
2026-09-05T01:26:03.792Z dictation_preview_pass engine=parakeet ms=236 samples=240000 chars=292
2026-09-05T01:26:04.814Z dictation_capture_heartbeat input_buffers=21916 input_frames=96649560 isRunning=true default_input=present default_input_transport=built-in
2026-09-05T01:26:04.889Z dictation_preview_pass engine=parakeet ms=231 samples=240000 chars=278
2026-09-05T01:26:05.994Z dictation_preview_pass engine=parakeet ms=244 samples=240000 chars=307
2026-09-05T01:26:07.103Z dictation_preview_pass engine=parakeet ms=250 samples=240000 chars=336
2026-09-05T01:26:08.191Z dictation_preview_pass engine=parakeet ms=235 samples=240000 chars=311
2026-09-05T01:26:09.293Z dictation_preview_pass engine=parakeet ms=233 samples=240000 chars=293
2026-09-05T01:26:09.820Z dictation_capture_heartbeat input_buffers=21966 input_frames=96870060 isRunning=true default_input=present default_input_transport=built-in
2026-09-05T01:26:10.378Z dictation_preview_pass engine=parakeet ms=227 samples=240000 chars=274
2026-09-05T01:26:11.497Z dictation_preview_pass engine=parakeet ms=243 samples=240000 chars=287
2026-09-05T01:26:12.600Z dictation_preview_pass engine=parakeet ms=242 samples=240000 chars=290
2026-09-05T01:26:13.697Z dictation_preview_pass engine=parakeet ms=237 samples=240000 chars=283
2026-09-05T01:26:14.793Z dictation_preview_pass engine=parakeet ms=241 samples=240000 chars=282
2026-09-05T01:26:14.827Z dictation_capture_heartbeat input_buffers=22016 input_frames=97090560 isRunning=true default_input=present default_input_transport=built-in
2026-09-05T01:26:15.883Z dictation_preview_pass engine=parakeet ms=228 samples=240000 chars=252
2026-09-05T01:26:16.984Z dictation_preview_pass engine=parakeet ms=226 samples=240000 chars=269
2026-09-05T01:26:18.090Z dictation_preview_pass engine=parakeet ms=229 samples=240000 chars=277
2026-09-05T01:26:19.168Z dictation_preview_pass engine=parakeet ms=215 samples=240000 chars=231
2026-09-05T01:26:19.832Z dictation_capture_heartbeat input_buffers=22066 input_frames=97311060 isRunning=true default_input=present default_input_transport=built-in
2026-09-05T01:26:20.260Z dictation_preview_pass engine=parakeet ms=205 samples=240000 chars=224
2026-09-05T01:26:21.363Z dictation_preview_pass engine=parakeet ms=205 samples=240000 chars=193
2026-09-05T01:26:22.457Z dictation_preview_pass engine=parakeet ms=207 samples=240000 chars=212
2026-09-05T01:26:23.473Z dictation_preview_pass engine=parakeet ms=213 samples=240000 chars=212
2026-09-05T01:26:24.574Z dictation_preview_pass engine=parakeet ms=223 samples=240000 chars=252
2026-09-05T01:26:24.844Z dictation_capture_heartbeat input_buffers=22116 input_frames=97531560 isRunning=true default_input=present default_input_transport=built-in
2026-09-05T01:26:25.595Z dictation_preview_pass engine=parakeet ms=233 samples=240000 chars=278
2026-09-05T01:26:26.660Z dictation_preview_pass engine=parakeet ms=207 samples=240000 chars=248
2026-09-05T01:26:27.790Z dictation_preview_pass engine=parakeet ms=234 samples=240000 chars=264
2026-09-05T01:26:28.902Z dictation_preview_pass engine=parakeet ms=242 samples=240000 chars=278
2026-09-05T01:26:29.860Z dictation_capture_heartbeat input_buffers=22167 input_frames=97756470 isRunning=true default_input=present default_input_transport=built-in
2026-09-05T01:26:29.975Z dictation_preview_pass engine=parakeet ms=221 samples=240000 chars=251
2026-09-05T01:26:31.008Z dictation_preview_pass engine=parakeet ms=247 samples=240000 chars=279
2026-09-05T01:26:32.089Z dictation_preview_pass engine=parakeet ms=238 samples=240000 chars=251
2026-09-05T01:26:33.096Z dictation_preview_pass engine=parakeet ms=234 samples=240000 chars=234
2026-09-05T01:26:34.193Z dictation_preview_pass engine=parakeet ms=240 samples=240000 chars=268
2026-09-05T01:26:34.913Z dictation_capture_heartbeat input_buffers=22217 input_frames=97976970 isRunning=true default_input=present default_input_transport=built-in
2026-09-05T01:26:35.305Z dictation_preview_pass engine=parakeet ms=248 samples=240000 chars=281
2026-09-05T01:26:36.398Z dictation_preview_pass engine=parakeet ms=238 samples=240000 chars=261
2026-09-05T01:26:37.476Z dictation_preview_pass engine=parakeet ms=226 samples=240000 chars=247
2026-09-05T01:26:38.493Z dictation_preview_pass engine=parakeet ms=232 samples=240000 chars=246
2026-09-05T01:26:39.561Z dictation_preview_pass engine=parakeet ms=208 samples=240000 chars=213
2026-09-05T01:26:39.928Z dictation_capture_heartbeat input_buffers=22267 input_frames=98197470 isRunning=true default_input=present default_input_transport=built-in
2026-09-05T01:26:40.673Z dictation_preview_pass engine=parakeet ms=218 samples=240000 chars=207
2026-09-05T01:26:41.772Z dictation_preview_pass engine=parakeet ms=214 samples=240000 chars=206
2026-09-05T01:26:42.856Z dictation_preview_pass engine=parakeet ms=195 samples=240000 chars=165
2026-09-05T01:26:43.961Z dictation_preview_pass engine=parakeet ms=209 samples=240000 chars=174
2026-09-05T01:26:44.923Z dictation_preview_pass engine=parakeet ms=171 samples=240000 chars=118
2026-09-05T01:26:44.937Z dictation_capture_heartbeat input_buffers=22317 input_frames=98417970 isRunning=true default_input=present default_input_transport=built-in
2026-09-05T01:26:45.965Z dictation_preview_pass engine=parakeet ms=204 samples=240000 chars=192
2026-09-05T01:26:47.053Z dictation_preview_pass engine=parakeet ms=201 samples=240000 chars=190
2026-09-05T01:26:48.168Z dictation_preview_pass engine=parakeet ms=213 samples=240000 chars=237
2026-09-05T01:26:49.270Z dictation_preview_pass engine=parakeet ms=212 samples=240000 chars=250
2026-09-05T01:26:49.949Z dictation_capture_heartbeat input_buffers=22367 input_frames=98638470 isRunning=true default_input=present default_input_transport=built-in
2026-09-05T01:26:50.358Z dictation_preview_pass engine=parakeet ms=198 samples=240000 chars=207
2026-09-05T01:26:51.475Z dictation_preview_pass engine=parakeet ms=222 samples=240000 chars=248
2026-09-05T01:26:52.587Z dictation_preview_pass engine=parakeet ms=231 samples=240000 chars=274
2026-09-05T01:26:53.670Z dictation_preview_pass engine=parakeet ms=212 samples=240000 chars=277
2026-09-05T01:26:54.776Z dictation_preview_pass engine=parakeet ms=215 samples=240000 chars=232
2026-09-05T01:26:55.008Z dictation_capture_heartbeat input_buffers=22418 input_frames=98863380 isRunning=true default_input=present default_input_transport=built-in
2026-09-05T01:26:55.867Z dictation_preview_pass engine=parakeet ms=215 samples=240000 chars=280
2026-09-05T01:26:56.997Z dictation_preview_pass engine=parakeet ms=241 samples=240000 chars=284
2026-09-05T01:26:58.098Z dictation_preview_pass engine=parakeet ms=240 samples=240000 chars=292
2026-09-05T01:26:59.062Z dictation_preview_pass engine=parakeet ms=203 samples=240000 chars=253
2026-09-05T01:27:00.025Z dictation_capture_heartbeat input_buffers=22468 input_frames=99083880 isRunning=true default_input=present default_input_transport=built-in
2026-09-05T01:27:00.165Z dictation_preview_pass engine=parakeet ms=204 samples=240000 chars=220
2026-09-05T01:27:01.250Z dictation_preview_pass engine=parakeet ms=200 samples=240000 chars=225
2026-09-05T01:27:02.280Z dictation_preview_pass engine=parakeet ms=219 samples=240000 chars=232
2026-09-05T01:27:03.382Z dictation_preview_pass engine=parakeet ms=229 samples=240000 chars=245
2026-09-05T01:27:04.487Z dictation_preview_pass engine=parakeet ms=231 samples=240000 chars=259
2026-09-05T01:27:05.041Z dictation_capture_heartbeat input_buffers=22518 input_frames=99304380 isRunning=true default_input=present default_input_transport=built-in
2026-09-05T01:27:05.589Z dictation_preview_pass engine=parakeet ms=231 samples=240000 chars=252
2026-09-05T01:27:06.698Z dictation_preview_pass engine=parakeet ms=237 samples=240000 chars=266
2026-09-05T01:27:07.787Z dictation_preview_pass engine=parakeet ms=234 samples=240000 chars=264
2026-09-05T01:27:08.888Z dictation_preview_pass engine=parakeet ms=231 samples=240000 chars=262
2026-09-05T01:27:09.987Z dictation_preview_pass engine=parakeet ms=228 samples=240000 chars=249
2026-09-05T01:27:10.054Z dictation_capture_heartbeat input_buffers=22568 input_frames=99524880 isRunning=true default_input=present default_input_transport=built-in
2026-09-05T01:27:11.068Z dictation_preview_pass engine=parakeet ms=206 samples=240000 chars=210
2026-09-05T01:27:12.158Z dictation_preview_pass engine=parakeet ms=205 samples=240000 chars=182
2026-09-05T01:27:13.261Z dictation_preview_pass engine=parakeet ms=205 samples=240000 chars=239
2026-09-05T01:27:14.388Z dictation_preview_pass engine=parakeet ms=229 samples=240000 chars=256
2026-09-05T01:27:15.072Z dictation_capture_heartbeat input_buffers=22619 input_frames=99749790 isRunning=true default_input=present default_input_transport=built-in
2026-09-05T01:27:15.488Z dictation_preview_pass engine=parakeet ms=226 samples=240000 chars=256
2026-09-05T01:27:16.571Z dictation_preview_pass engine=parakeet ms=217 samples=240000 chars=220
2026-09-05T01:27:17.663Z dictation_preview_pass engine=parakeet ms=206 samples=240000 chars=190
2026-09-05T01:27:18.757Z dictation_preview_pass engine=parakeet ms=197 samples=240000 chars=160
2026-09-05T01:27:19.846Z dictation_preview_pass engine=parakeet ms=182 samples=240000 chars=124
2026-09-05T01:27:20.077Z dictation_capture_heartbeat input_buffers=22669 input_frames=99970290 isRunning=true default_input=present default_input_transport=built-in
2026-09-05T01:27:20.944Z dictation_preview_pass engine=parakeet ms=191 samples=240000 chars=132
2026-09-05T01:27:22.035Z dictation_preview_pass engine=parakeet ms=178 samples=240000 chars=80
2026-09-05T01:27:23.132Z dictation_preview_pass engine=parakeet ms=173 samples=240000 chars=80
2026-09-05T01:27:24.235Z dictation_preview_pass engine=parakeet ms=172 samples=240000 chars=84
2026-09-05T01:27:25.089Z dictation_capture_heartbeat input_buffers=22719 input_frames=100190790 isRunning=true default_input=present default_input_transport=built-in
2026-09-05T01:27:25.327Z dictation_preview_pass engine=parakeet ms=173 samples=240000 chars=84
2026-09-05T01:27:26.434Z dictation_preview_pass engine=parakeet ms=177 samples=240000 chars=84
2026-09-05T01:27:27.537Z dictation_preview_pass engine=parakeet ms=177 samples=240000 chars=85
2026-09-05T01:27:28.624Z dictation_preview_pass engine=parakeet ms=173 samples=240000 chars=78
2026-09-05T01:27:29.643Z dictation_preview_pass engine=parakeet ms=182 samples=240000 chars=111
2026-09-05T01:27:30.147Z dictation_capture_heartbeat input_buffers=22769 input_frames=100411290 isRunning=true default_input=present default_input_transport=built-in
2026-09-05T01:27:30.733Z dictation_preview_pass engine=parakeet ms=180 samples=240000 chars=121
2026-09-05T01:27:31.839Z dictation_preview_pass engine=parakeet ms=184 samples=240000 chars=128
2026-09-05T01:27:32.944Z dictation_preview_pass engine=parakeet ms=186 samples=240000 chars=134
2026-09-05T01:27:34.057Z dictation_preview_pass engine=parakeet ms=196 samples=240000 chars=177
2026-09-05T01:27:35.162Z dictation_preview_pass engine=parakeet ms=209 samples=240000 chars=175
2026-09-05T01:27:35.194Z dictation_capture_heartbeat input_buffers=22820 input_frames=100636200 isRunning=true default_input=present default_input_transport=built-in
2026-09-05T01:27:36.248Z dictation_preview_pass engine=parakeet ms=192 samples=240000 chars=162
2026-09-05T01:27:37.357Z dictation_preview_pass engine=parakeet ms=198 samples=240000 chars=179
2026-09-05T01:27:38.470Z dictation_preview_pass engine=parakeet ms=208 samples=240000 chars=182
2026-09-05T01:27:39.561Z dictation_preview_pass engine=parakeet ms=209 samples=240000 chars=207
2026-09-05T01:27:40.209Z dictation_capture_heartbeat input_buffers=22870 input_frames=100856700 isRunning=true default_input=present default_input_transport=built-in
2026-09-05T01:27:40.677Z dictation_preview_pass engine=parakeet ms=221 samples=240000 chars=234
2026-09-05T01:27:41.769Z dictation_preview_pass engine=parakeet ms=211 samples=240000 chars=217
2026-09-05T01:27:42.877Z dictation_preview_pass engine=parakeet ms=215 samples=240000 chars=216
2026-09-05T01:27:43.943Z dictation_preview_pass engine=parakeet ms=190 samples=240000 chars=177
2026-09-05T01:27:45.056Z dictation_preview_pass engine=parakeet ms=200 samples=240000 chars=161
2026-09-05T01:27:45.258Z dictation_capture_heartbeat input_buffers=22920 input_frames=101077200 isRunning=true default_input=present default_input_transport=built-in
2026-09-05T01:27:46.170Z dictation_preview_pass engine=parakeet ms=211 samples=240000 chars=189
2026-09-05T01:27:47.266Z dictation_preview_pass engine=parakeet ms=203 samples=240000 chars=219
2026-09-05T01:27:48.369Z dictation_preview_pass engine=parakeet ms=216 samples=240000 chars=211
2026-09-05T01:27:49.469Z dictation_preview_pass engine=parakeet ms=212 samples=240000 chars=216
2026-09-05T01:27:50.264Z dictation_capture_heartbeat input_buffers=22971 input_frames=101302110 isRunning=true default_input=present default_input_transport=built-in
2026-09-05T01:27:50.596Z dictation_preview_pass engine=parakeet ms=236 samples=240000 chars=271
2026-09-05T01:27:51.701Z dictation_preview_pass engine=parakeet ms=240 samples=240000 chars=292
2026-09-05T01:27:52.803Z dictation_preview_pass engine=parakeet ms=250 samples=240000 chars=312
2026-09-05T01:27:53.916Z dictation_preview_pass engine=parakeet ms=260 samples=240000 chars=344
2026-09-05T01:27:55.001Z dictation_preview_pass engine=parakeet ms=242 samples=240000 chars=308
2026-09-05T01:27:55.300Z dictation_capture_heartbeat input_buffers=23021 input_frames=101522610 isRunning=true default_input=present default_input_transport=built-in
2026-09-05T01:27:56.098Z dictation_preview_pass engine=parakeet ms=236 samples=240000 chars=282
2026-09-05T01:27:57.200Z dictation_preview_pass engine=parakeet ms=246 samples=240000 chars=285
2026-09-05T01:27:58.300Z dictation_preview_pass engine=parakeet ms=243 samples=240000 chars=319
2026-09-05T01:27:59.408Z dictation_preview_pass engine=parakeet ms=250 samples=240000 chars=308
2026-09-05T01:28:00.335Z dictation_capture_heartbeat input_buffers=23071 input_frames=101743110 isRunning=true default_input=present default_input_transport=built-in
2026-09-05T01:28:00.532Z dictation_preview_pass engine=parakeet ms=270 samples=240000 chars=361
2026-09-05T01:28:01.581Z dictation_preview_pass engine=parakeet ms=228 samples=240000 chars=282
2026-09-05T01:28:02.711Z dictation_preview_pass engine=parakeet ms=254 samples=240000 chars=292
2026-09-05T01:28:03.802Z dictation_preview_pass engine=parakeet ms=243 samples=240000 chars=263
2026-09-05T01:28:04.898Z dictation_preview_pass engine=parakeet ms=247 samples=240000 chars=277
2026-09-05T01:28:05.351Z dictation_capture_heartbeat input_buffers=23121 input_frames=101963610 isRunning=true default_input=present default_input_transport=built-in
2026-09-05T01:28:05.883Z dictation_preview_pass engine=parakeet ms=222 samples=240000 chars=205
2026-09-05T01:28:06.952Z dictation_preview_pass engine=parakeet ms=200 samples=240000 chars=169
2026-09-05T01:28:07.963Z dictation_preview_pass engine=parakeet ms=201 samples=240000 chars=177
2026-09-05T01:28:09.033Z dictation_preview_pass engine=parakeet ms=179 samples=240000 chars=132
2026-09-05T01:28:10.136Z dictation_preview_pass engine=parakeet ms=179 samples=240000 chars=138
2026-09-05T01:28:10.408Z dictation_capture_heartbeat input_buffers=23172 input_frames=102188520 isRunning=true default_input=present default_input_transport=built-in
2026-09-05T01:28:11.254Z dictation_preview_pass engine=parakeet ms=195 samples=240000 chars=168
2026-09-05T01:28:12.351Z dictation_preview_pass engine=parakeet ms=200 samples=240000 chars=193
2026-09-05T01:28:13.351Z dictation_preview_pass engine=parakeet ms=190 samples=240000 chars=143
2026-09-05T01:28:14.437Z dictation_preview_pass engine=parakeet ms=184 samples=240000 chars=115
2026-09-05T01:28:15.421Z dictation_preview_pass engine=parakeet ms=159 samples=240000 chars=99
2026-09-05T01:28:15.422Z dictation_capture_heartbeat input_buffers=23222 input_frames=102409020 isRunning=true default_input=present default_input_transport=built-in
2026-09-05T01:28:16.520Z dictation_preview_pass engine=parakeet ms=167 samples=240000 chars=95
2026-09-05T01:28:17.619Z dictation_preview_pass engine=parakeet ms=162 samples=240000 chars=72
2026-09-05T01:28:18.634Z dictation_preview_pass engine=parakeet ms=175 samples=240000 chars=81
2026-09-05T01:28:19.729Z dictation_preview_pass engine=parakeet ms=171 samples=240000 chars=103
2026-09-05T01:28:20.441Z dictation_capture_heartbeat input_buffers=23272 input_frames=102629520 isRunning=true default_input=present default_input_transport=built-in
2026-09-05T01:28:20.851Z dictation_preview_pass engine=parakeet ms=190 samples=240000 chars=118
2026-09-05T01:28:21.939Z dictation_preview_pass engine=parakeet ms=186 samples=240000 chars=123
2026-09-05T01:28:23.047Z dictation_preview_pass engine=parakeet ms=191 samples=240000 chars=147
2026-09-05T01:28:24.144Z dictation_preview_pass engine=parakeet ms=185 samples=240000 chars=153
2026-09-05T01:28:25.258Z dictation_preview_pass engine=parakeet ms=197 samples=240000 chars=152
2026-09-05T01:28:25.495Z dictation_capture_heartbeat input_buffers=23323 input_frames=102854430 isRunning=true default_input=present default_input_transport=built-in
2026-09-05T01:28:26.360Z dictation_preview_pass engine=parakeet ms=207 samples=240000 chars=188
2026-09-05T01:28:27.446Z dictation_preview_pass engine=parakeet ms=191 samples=240000 chars=169
2026-09-05T01:28:28.562Z dictation_preview_pass engine=parakeet ms=203 samples=240000 chars=193
2026-09-05T01:28:29.675Z dictation_preview_pass engine=parakeet ms=212 samples=240000 chars=221
2026-09-05T01:28:30.522Z dictation_capture_heartbeat input_buffers=23373 input_frames=103074930 isRunning=true default_input=present default_input_transport=built-in
2026-09-05T01:28:30.792Z dictation_preview_pass engine=parakeet ms=239 samples=240000 chars=259
2026-09-05T01:28:31.873Z dictation_preview_pass engine=parakeet ms=217 samples=240000 chars=279
2026-09-05T01:28:32.974Z dictation_preview_pass engine=parakeet ms=215 samples=240000 chars=270
2026-09-05T01:28:34.093Z dictation_preview_pass engine=parakeet ms=231 samples=240000 chars=250
2026-09-05T01:28:35.186Z dictation_preview_pass engine=parakeet ms=233 samples=240000 chars=237
2026-09-05T01:28:35.549Z dictation_capture_heartbeat input_buffers=23423 input_frames=103295430 isRunning=true default_input=present default_input_transport=built-in
2026-09-05T01:28:36.306Z dictation_preview_pass engine=parakeet ms=250 samples=240000 chars=270
2026-09-05T01:28:37.400Z dictation_preview_pass engine=parakeet ms=242 samples=240000 chars=271
2026-09-05T01:28:38.507Z dictation_preview_pass engine=parakeet ms=246 samples=240000 chars=281
2026-09-05T01:28:39.592Z dictation_preview_pass engine=parakeet ms=238 samples=240000 chars=283
2026-09-05T01:28:40.557Z dictation_capture_heartbeat input_buffers=23473 input_frames=103515930 isRunning=true default_input=present default_input_transport=built-in
2026-09-05T01:28:40.694Z dictation_preview_pass engine=parakeet ms=237 samples=240000 chars=308
2026-09-05T01:28:41.797Z dictation_preview_pass engine=parakeet ms=238 samples=240000 chars=291
2026-09-05T01:28:42.892Z dictation_preview_pass engine=parakeet ms=230 samples=240000 chars=269
2026-09-05T01:28:43.976Z dictation_preview_pass engine=parakeet ms=223 samples=240000 chars=262
2026-09-05T01:28:45.077Z dictation_preview_pass engine=parakeet ms=221 samples=240000 chars=238
2026-09-05T01:28:45.572Z dictation_capture_heartbeat input_buffers=23524 input_frames=103740840 isRunning=true default_input=present default_input_transport=built-in
2026-09-05T01:28:46.181Z dictation_preview_pass engine=parakeet ms=222 samples=240000 chars=250
2026-09-05T01:28:47.280Z dictation_preview_pass engine=parakeet ms=218 samples=240000 chars=243
2026-09-05T01:28:48.369Z dictation_preview_pass engine=parakeet ms=215 samples=240000 chars=244
2026-09-05T01:28:49.468Z dictation_preview_pass engine=parakeet ms=211 samples=240000 chars=255
2026-09-05T01:28:50.577Z dictation_preview_pass engine=parakeet ms=218 samples=240000 chars=257
2026-09-05T01:28:50.577Z dictation_capture_heartbeat input_buffers=23574 input_frames=103961340 isRunning=true default_input=present default_input_transport=built-in
2026-09-05T01:28:51.693Z dictation_preview_pass engine=parakeet ms=231 samples=240000 chars=267
2026-09-05T01:28:52.776Z dictation_preview_pass engine=parakeet ms=222 samples=240000 chars=233
2026-09-05T01:28:53.888Z dictation_preview_pass engine=parakeet ms=232 samples=240000 chars=249
2026-09-05T01:28:54.998Z dictation_preview_pass engine=parakeet ms=238 samples=240000 chars=280
2026-09-05T01:28:55.593Z dictation_capture_heartbeat input_buffers=23624 input_frames=104181840 isRunning=true default_input=present default_input_transport=built-in
2026-09-05T01:28:56.095Z dictation_preview_pass engine=parakeet ms=244 samples=240000 chars=279
2026-09-05T01:28:57.110Z dictation_preview_pass engine=parakeet ms=248 samples=240000 chars=271
2026-09-05T01:28:58.193Z dictation_preview_pass engine=parakeet ms=241 samples=240000 chars=281
2026-09-05T01:28:59.201Z dictation_preview_pass engine=parakeet ms=239 samples=240000 chars=287
2026-09-05T01:29:00.197Z dictation_preview_pass engine=parakeet ms=235 samples=240000 chars=293
2026-09-05T01:29:00.613Z dictation_capture_heartbeat input_buffers=23674 input_frames=104402340 isRunning=true default_input=present default_input_transport=built-in
2026-09-05T01:29:01.292Z dictation_preview_pass engine=parakeet ms=240 samples=240000 chars=299
2026-09-05T01:29:02.310Z dictation_preview_pass engine=parakeet ms=248 samples=240000 chars=293
2026-09-05T01:29:03.408Z dictation_preview_pass engine=parakeet ms=252 samples=240000 chars=321
2026-09-05T01:29:04.505Z dictation_preview_pass engine=parakeet ms=248 samples=240000 chars=290
2026-09-05T01:29:05.619Z dictation_capture_heartbeat input_buffers=23724 input_frames=104622840 isRunning=true default_input=present default_input_transport=built-in
2026-09-05T01:29:05.620Z dictation_preview_pass engine=parakeet ms=260 samples=240000 chars=305
2026-09-05T01:29:06.703Z dictation_preview_pass engine=parakeet ms=240 samples=240000 chars=271
2026-09-05T01:29:07.794Z dictation_preview_pass engine=parakeet ms=240 samples=240000 chars=272
2026-09-05T01:29:08.920Z dictation_preview_pass engine=parakeet ms=263 samples=240000 chars=301
2026-09-05T01:29:09.983Z dictation_preview_pass engine=parakeet ms=223 samples=240000 chars=247
2026-09-05T01:29:10.639Z dictation_capture_heartbeat input_buffers=23774 input_frames=104843340 isRunning=true default_input=present default_input_transport=built-in
2026-09-05T01:29:11.079Z dictation_preview_pass engine=parakeet ms=228 samples=240000 chars=240
2026-09-05T01:29:12.102Z dictation_preview_pass engine=parakeet ms=241 samples=240000 chars=245
2026-09-05T01:29:13.167Z dictation_preview_pass engine=parakeet ms=214 samples=240000 chars=213
2026-09-05T01:29:14.283Z dictation_preview_pass engine=parakeet ms=227 samples=240000 chars=205
2026-09-05T01:29:15.398Z dictation_preview_pass engine=parakeet ms=239 samples=240000 chars=223
2026-09-05T01:29:15.650Z dictation_capture_heartbeat input_buffers=23824 input_frames=105063840 isRunning=true default_input=present default_input_transport=built-in
2026-09-05T01:29:16.479Z dictation_preview_pass engine=parakeet ms=217 samples=240000 chars=188
2026-09-05T01:29:17.559Z dictation_preview_pass engine=parakeet ms=205 samples=240000 chars=166
2026-09-05T01:29:18.662Z dictation_preview_pass engine=parakeet ms=206 samples=240000 chars=154
2026-09-05T01:29:19.756Z dictation_preview_pass engine=parakeet ms=197 samples=240000 chars=129
2026-09-05T01:29:20.668Z dictation_capture_heartbeat input_buffers=23875 input_frames=105288750 isRunning=true default_input=present default_input_transport=built-in
2026-09-05T01:29:20.867Z dictation_preview_pass engine=parakeet ms=205 samples=240000 chars=168
2026-09-05T01:29:21.975Z dictation_preview_pass engine=parakeet ms=222 samples=240000 chars=208
2026-09-05T01:29:23.053Z dictation_preview_pass engine=parakeet ms=199 samples=240000 chars=198
2026-09-05T01:29:24.170Z dictation_preview_pass engine=parakeet ms=211 samples=240000 chars=218
2026-09-05T01:29:25.273Z dictation_preview_pass engine=parakeet ms=212 samples=240000 chars=252
2026-09-05T01:29:25.685Z dictation_capture_heartbeat input_buffers=23925 input_frames=105509250 isRunning=true default_input=present default_input_transport=built-in
2026-09-05T01:29:26.364Z dictation_preview_pass engine=parakeet ms=211 samples=240000 chars=239
2026-09-05T01:29:27.481Z dictation_preview_pass engine=parakeet ms=224 samples=240000 chars=258
2026-09-05T01:29:28.591Z dictation_preview_pass engine=parakeet ms=232 samples=240000 chars=272
2026-09-05T01:29:29.681Z dictation_preview_pass engine=parakeet ms=219 samples=240000 chars=248
2026-09-05T01:29:30.705Z dictation_capture_heartbeat input_buffers=23975 input_frames=105729750 isRunning=true default_input=present default_input_transport=built-in
2026-09-05T01:29:30.768Z dictation_preview_pass engine=parakeet ms=214 samples=240000 chars=230
2026-09-05T01:29:31.877Z dictation_preview_pass engine=parakeet ms=220 samples=240000 chars=242
2026-09-05T01:29:32.976Z dictation_preview_pass engine=parakeet ms=217 samples=240000 chars=242
2026-09-05T01:29:34.093Z dictation_preview_pass engine=parakeet ms=232 samples=240000 chars=275
2026-09-05T01:29:35.175Z dictation_preview_pass engine=parakeet ms=221 samples=240000 chars=251
2026-09-05T01:29:35.726Z dictation_capture_heartbeat input_buffers=24025 input_frames=105950250 isRunning=true default_input=present default_input_transport=built-in
2026-09-05T01:29:36.276Z dictation_preview_pass engine=parakeet ms=219 samples=240000 chars=236
2026-09-05T01:29:37.372Z dictation_preview_pass engine=parakeet ms=213 samples=240000 chars=228
2026-09-05T01:29:38.463Z dictation_preview_pass engine=parakeet ms=201 samples=240000 chars=191
2026-09-05T01:29:39.563Z dictation_preview_pass engine=parakeet ms=210 samples=240000 chars=183
2026-09-05T01:29:40.551Z dictation_preview_pass engine=parakeet ms=196 samples=240000 chars=173
2026-09-05T01:29:40.733Z dictation_capture_heartbeat input_buffers=24075 input_frames=106170750 isRunning=true default_input=present default_input_transport=built-in
2026-09-05T01:29:41.562Z dictation_preview_pass engine=parakeet ms=200 samples=240000 chars=157
2026-09-05T01:29:42.648Z dictation_preview_pass engine=parakeet ms=194 samples=240000 chars=145
2026-09-05T01:29:43.750Z dictation_preview_pass engine=parakeet ms=193 samples=240000 chars=152
2026-09-05T01:29:44.855Z dictation_preview_pass engine=parakeet ms=196 samples=240000 chars=152
2026-09-05T01:29:45.773Z dictation_capture_heartbeat input_buffers=24126 input_frames=106395660 isRunning=true default_input=present default_input_transport=built-in
2026-09-05T01:29:45.952Z dictation_preview_pass engine=parakeet ms=188 samples=240000 chars=134
2026-09-05T01:29:47.065Z dictation_preview_pass engine=parakeet ms=211 samples=240000 chars=167
2026-09-05T01:29:48.156Z dictation_preview_pass engine=parakeet ms=199 samples=240000 chars=146
2026-09-05T01:29:49.253Z dictation_preview_pass engine=parakeet ms=193 samples=240000 chars=143
2026-09-05T01:29:50.361Z dictation_preview_pass engine=parakeet ms=198 samples=240000 chars=143
2026-09-05T01:29:50.796Z dictation_capture_heartbeat input_buffers=24176 input_frames=106616160 isRunning=true default_input=present default_input_transport=built-in
2026-09-05T01:29:51.444Z dictation_preview_pass engine=parakeet ms=191 samples=240000 chars=121
2026-09-05T01:29:52.536Z dictation_preview_pass engine=parakeet ms=179 samples=240000 chars=98
2026-09-05T01:29:53.640Z dictation_preview_pass engine=parakeet ms=180 samples=240000 chars=98
2026-09-05T01:29:54.714Z dictation_preview_pass engine=parakeet ms=163 samples=240000 chars=83
2026-09-05T01:29:55.735Z dictation_preview_pass engine=parakeet ms=174 samples=240000 chars=83
2026-09-05T01:29:55.804Z dictation_capture_heartbeat input_buffers=24226 input_frames=106836660 isRunning=true default_input=present default_input_transport=built-in
2026-09-05T01:29:56.844Z dictation_preview_pass engine=parakeet ms=191 samples=240000 chars=111
2026-09-05T01:29:57.851Z dictation_preview_pass engine=parakeet ms=189 samples=240000 chars=116
2026-09-05T01:29:58.933Z dictation_preview_pass engine=parakeet ms=177 samples=240000 chars=94
2026-09-05T01:30:00.043Z dictation_preview_pass engine=parakeet ms=186 samples=240000 chars=128
2026-09-05T01:30:00.850Z dictation_capture_heartbeat input_buffers=24276 input_frames=107057160 isRunning=true default_input=present default_input_transport=built-in
2026-09-05T01:30:01.128Z dictation_preview_pass engine=parakeet ms=168 samples=240000 chars=93
2026-09-05T01:30:02.239Z dictation_preview_pass engine=parakeet ms=188 samples=240000 chars=113
2026-09-05T01:30:03.242Z dictation_preview_pass engine=parakeet ms=181 samples=240000 chars=119
2026-09-05T01:30:04.329Z dictation_preview_pass engine=parakeet ms=177 samples=240000 chars=84
2026-09-05T01:30:05.421Z dictation_preview_pass engine=parakeet ms=165 samples=240000 chars=77
2026-09-05T01:30:05.901Z dictation_capture_heartbeat input_buffers=24327 input_frames=107282070 isRunning=true default_input=present default_input_transport=built-in
2026-09-05T01:30:06.537Z dictation_preview_pass engine=parakeet ms=179 samples=240000 chars=104
2026-09-05T01:30:07.647Z dictation_preview_pass engine=parakeet ms=185 samples=240000 chars=123
2026-09-05T01:30:08.753Z dictation_preview_pass engine=parakeet ms=200 samples=240000 chars=152
2026-09-05T01:30:09.861Z dictation_preview_pass engine=parakeet ms=205 samples=240000 chars=177
2026-09-05T01:30:10.910Z dictation_capture_heartbeat input_buffers=24377 input_frames=107502570 isRunning=true default_input=present default_input_transport=built-in
2026-09-05T01:30:10.960Z dictation_preview_pass engine=parakeet ms=201 samples=240000 chars=172
2026-09-05T01:30:12.064Z dictation_preview_pass engine=parakeet ms=202 samples=240000 chars=184
2026-09-05T01:30:13.141Z dictation_preview_pass engine=parakeet ms=187 samples=240000 chars=204
2026-09-05T01:30:14.246Z dictation_preview_pass engine=parakeet ms=190 samples=240000 chars=206
2026-09-05T01:30:15.365Z dictation_preview_pass engine=parakeet ms=206 samples=240000 chars=202
2026-09-05T01:30:15.932Z dictation_capture_heartbeat input_buffers=24427 input_frames=107723070 isRunning=true default_input=present default_input_transport=built-in
2026-09-05T01:30:16.447Z dictation_preview_pass engine=parakeet ms=184 samples=240000 chars=185
2026-09-05T01:30:17.550Z dictation_preview_pass engine=parakeet ms=196 samples=240000 chars=201
2026-09-05T01:30:18.641Z dictation_preview_pass engine=parakeet ms=186 samples=240000 chars=182
2026-09-05T01:30:19.767Z dictation_preview_pass engine=parakeet ms=208 samples=240000 chars=233
2026-09-05T01:30:20.850Z dictation_preview_pass engine=parakeet ms=189 samples=240000 chars=170
2026-09-05T01:30:20.946Z dictation_capture_heartbeat input_buffers=24477 input_frames=107943570 isRunning=true default_input=present default_input_transport=built-in
2026-09-05T01:30:21.967Z dictation_preview_pass engine=parakeet ms=214 samples=240000 chars=252
2026-09-05T01:30:23.078Z dictation_preview_pass engine=parakeet ms=222 samples=240000 chars=269
2026-09-05T01:30:24.187Z dictation_preview_pass engine=parakeet ms=228 samples=240000 chars=253
2026-09-05T01:30:25.263Z dictation_preview_pass engine=parakeet ms=201 samples=240000 chars=195
2026-09-05T01:30:25.972Z dictation_capture_heartbeat input_buffers=24528 input_frames=108168480 isRunning=true default_input=present default_input_transport=built-in
2026-09-05T01:30:26.368Z dictation_preview_pass engine=parakeet ms=215 samples=240000 chars=238
2026-09-05T01:30:27.476Z dictation_preview_pass engine=parakeet ms=219 samples=240000 chars=256
2026-09-05T01:30:28.575Z dictation_preview_pass engine=parakeet ms=216 samples=240000 chars=267
2026-09-05T01:30:29.691Z dictation_preview_pass engine=parakeet ms=229 samples=240000 chars=242
2026-09-05T01:30:30.795Z dictation_preview_pass engine=parakeet ms=241 samples=240000 chars=292
2026-09-05T01:30:30.986Z dictation_capture_heartbeat input_buffers=24578 input_frames=108388980 isRunning=true default_input=present default_input_transport=built-in
2026-09-05T01:30:31.886Z dictation_preview_pass engine=parakeet ms=229 samples=240000 chars=257
2026-09-05T01:30:32.986Z dictation_preview_pass engine=parakeet ms=226 samples=240000 chars=271
2026-09-05T01:30:34.086Z dictation_preview_pass engine=parakeet ms=224 samples=240000 chars=241
2026-09-05T01:30:35.176Z dictation_preview_pass engine=parakeet ms=222 samples=240000 chars=234
2026-09-05T01:30:36.013Z dictation_capture_heartbeat input_buffers=24628 input_frames=108609480 isRunning=true default_input=present default_input_transport=built-in
2026-09-05T01:30:36.276Z dictation_preview_pass engine=parakeet ms=220 samples=240000 chars=226
2026-09-05T01:30:37.386Z dictation_preview_pass engine=parakeet ms=226 samples=240000 chars=243
2026-09-05T01:30:38.465Z dictation_preview_pass engine=parakeet ms=213 samples=240000 chars=247
2026-09-05T01:30:39.476Z dictation_preview_pass engine=parakeet ms=215 samples=240000 chars=228
2026-09-05T01:30:40.564Z dictation_preview_pass engine=parakeet ms=211 samples=240000 chars=207
2026-09-05T01:30:41.067Z dictation_capture_heartbeat input_buffers=24679 input_frames=108834390 isRunning=true default_input=present default_input_transport=built-in
2026-09-05T01:30:41.577Z dictation_preview_pass engine=parakeet ms=214 samples=240000 chars=206
2026-09-05T01:30:42.641Z dictation_preview_pass engine=parakeet ms=187 samples=240000 chars=200
2026-09-05T01:30:43.765Z dictation_preview_pass engine=parakeet ms=208 samples=240000 chars=180
2026-09-05T01:30:44.856Z dictation_preview_pass engine=parakeet ms=196 samples=240000 chars=176
2026-09-05T01:30:45.952Z dictation_preview_pass engine=parakeet ms=201 samples=240000 chars=166
2026-09-05T01:30:46.091Z dictation_capture_heartbeat input_buffers=24729 input_frames=109054890 isRunning=true default_input=present default_input_transport=built-in
2026-09-05T01:30:46.954Z dictation_preview_pass engine=parakeet ms=193 samples=240000 chars=166
2026-09-05T01:30:48.047Z dictation_preview_pass engine=parakeet ms=194 samples=240000 chars=183
2026-09-05T01:30:49.068Z dictation_preview_pass engine=parakeet ms=205 samples=240000 chars=181
2026-09-05T01:30:50.149Z dictation_preview_pass engine=parakeet ms=194 samples=240000 chars=146
2026-09-05T01:30:51.116Z dictation_capture_heartbeat input_buffers=24779 input_frames=109275390 isRunning=true default_input=present default_input_transport=built-in
2026-09-05T01:30:51.251Z dictation_preview_pass engine=parakeet ms=194 samples=240000 chars=150
2026-09-05T01:30:52.353Z dictation_preview_pass engine=parakeet ms=193 samples=240000 chars=162
2026-09-05T01:30:53.424Z dictation_preview_pass engine=parakeet ms=173 samples=240000 chars=135
2026-09-05T01:30:54.465Z dictation_preview_pass engine=parakeet ms=204 samples=240000 chars=171
2026-09-05T01:30:55.554Z dictation_preview_pass engine=parakeet ms=201 samples=240000 chars=148
2026-09-05T01:30:56.129Z dictation_capture_heartbeat input_buffers=24829 input_frames=109495890 isRunning=true default_input=present default_input_transport=built-in
2026-09-05T01:30:56.653Z dictation_preview_pass engine=parakeet ms=197 samples=240000 chars=170
2026-09-05T01:30:57.747Z dictation_preview_pass engine=parakeet ms=189 samples=240000 chars=178
2026-09-05T01:30:58.859Z dictation_preview_pass engine=parakeet ms=195 samples=240000 chars=163
2026-09-05T01:30:59.944Z dictation_preview_pass engine=parakeet ms=190 samples=240000 chars=132
2026-09-05T01:31:01.046Z dictation_preview_pass engine=parakeet ms=191 samples=240000 chars=135
2026-09-05T01:31:01.185Z dictation_capture_heartbeat input_buffers=24880 input_frames=109720800 isRunning=true default_input=present default_input_transport=built-in
2026-09-05T01:31:02.134Z dictation_preview_pass engine=parakeet ms=175 samples=240000 chars=113
2026-09-05T01:31:03.250Z dictation_preview_pass engine=parakeet ms=188 samples=240000 chars=105
2026-09-05T01:31:04.339Z dictation_preview_pass engine=parakeet ms=186 samples=240000 chars=143
2026-09-05T01:31:05.436Z dictation_preview_pass engine=parakeet ms=181 samples=240000 chars=122
2026-09-05T01:31:06.206Z dictation_capture_heartbeat input_buffers=24930 input_frames=109941300 isRunning=true default_input=present default_input_transport=built-in
2026-09-05T01:31:06.529Z dictation_preview_pass engine=parakeet ms=171 samples=240000 chars=129
2026-09-05T01:31:07.654Z dictation_preview_pass engine=parakeet ms=191 samples=240000 chars=139
2026-09-05T01:31:08.738Z dictation_preview_pass engine=parakeet ms=186 samples=240000 chars=145
2026-09-05T01:31:09.833Z dictation_preview_pass engine=parakeet ms=177 samples=240000 chars=116
2026-09-05T01:31:10.927Z dictation_preview_pass engine=parakeet ms=168 samples=240000 chars=85
2026-09-05T01:31:11.219Z dictation_capture_heartbeat input_buffers=24980 input_frames=110161800 isRunning=true default_input=present default_input_transport=built-in
2026-09-05T01:31:12.031Z dictation_preview_pass engine=parakeet ms=169 samples=240000 chars=99
2026-09-05T01:31:13.132Z dictation_preview_pass engine=parakeet ms=178 samples=240000 chars=121
2026-09-05T01:31:14.224Z dictation_preview_pass engine=parakeet ms=168 samples=240000 chars=119
2026-09-05T01:31:15.333Z dictation_preview_pass engine=parakeet ms=174 samples=240000 chars=126
2026-09-05T01:31:16.252Z dictation_capture_heartbeat input_buffers=25030 input_frames=110382300 isRunning=true default_input=present default_input_transport=built-in
2026-09-05T01:31:16.439Z dictation_preview_pass engine=parakeet ms=178 samples=240000 chars=140
2026-09-05T01:31:17.536Z dictation_preview_pass engine=parakeet ms=182 samples=240000 chars=140
2026-09-05T01:31:18.639Z dictation_preview_pass engine=parakeet ms=182 samples=240000 chars=132
2026-09-05T01:31:19.746Z dictation_preview_pass engine=parakeet ms=186 samples=240000 chars=148
2026-09-05T01:31:20.851Z dictation_preview_pass engine=parakeet ms=188 samples=240000 chars=155
2026-09-05T01:31:21.258Z dictation_capture_heartbeat input_buffers=25081 input_frames=110607210 isRunning=true default_input=present default_input_transport=built-in
2026-09-05T01:31:21.941Z dictation_preview_pass engine=parakeet ms=187 samples=240000 chars=138
2026-09-05T01:31:23.055Z dictation_preview_pass engine=parakeet ms=198 samples=240000 chars=145
2026-09-05T01:31:24.156Z dictation_preview_pass engine=parakeet ms=195 samples=240000 chars=171
2026-09-05T01:31:25.268Z dictation_preview_pass engine=parakeet ms=205 samples=240000 chars=174
2026-09-05T01:31:26.298Z dictation_capture_heartbeat input_buffers=25131 input_frames=110827710 isRunning=true default_input=present default_input_transport=built-in
2026-09-05T01:31:26.346Z dictation_preview_pass engine=parakeet ms=192 samples=240000 chars=176
2026-09-05T01:31:27.378Z dictation_preview_pass engine=parakeet ms=222 samples=240000 chars=215
2026-09-05T01:31:28.374Z dictation_preview_pass engine=parakeet ms=210 samples=240000 chars=184
2026-09-05T01:31:29.361Z dictation_preview_pass engine=parakeet ms=194 samples=240000 chars=195
2026-09-05T01:31:30.470Z dictation_preview_pass engine=parakeet ms=217 samples=240000 chars=196
2026-09-05T01:31:31.329Z dictation_capture_heartbeat input_buffers=25181 input_frames=111048210 isRunning=true default_input=present default_input_transport=built-in
2026-09-05T01:31:31.485Z dictation_preview_pass engine=parakeet ms=223 samples=240000 chars=218
2026-09-05T01:31:32.546Z dictation_preview_pass engine=parakeet ms=192 samples=240000 chars=178
2026-09-05T01:31:33.672Z dictation_preview_pass engine=parakeet ms=216 samples=240000 chars=195
2026-09-05T01:31:34.776Z dictation_preview_pass engine=parakeet ms=218 samples=240000 chars=209
2026-09-05T01:31:35.886Z dictation_preview_pass engine=parakeet ms=224 samples=240000 chars=220
2026-09-05T01:31:36.362Z dictation_capture_heartbeat input_buffers=25232 input_frames=111273120 isRunning=true default_input=present default_input_transport=built-in
2026-09-05T01:31:36.974Z dictation_preview_pass engine=parakeet ms=221 samples=240000 chars=215
2026-09-05T01:31:37.982Z dictation_preview_pass engine=parakeet ms=228 samples=240000 chars=255
2026-09-05T01:31:38.965Z dictation_preview_pass engine=parakeet ms=201 samples=240000 chars=225
2026-09-05T01:31:40.084Z dictation_preview_pass engine=parakeet ms=230 samples=240000 chars=250
2026-09-05T01:31:41.176Z dictation_preview_pass engine=parakeet ms=220 samples=240000 chars=267
2026-09-05T01:31:41.380Z dictation_capture_heartbeat input_buffers=25282 input_frames=111493620 isRunning=true default_input=present default_input_transport=built-in
2026-09-05T01:31:42.275Z dictation_preview_pass engine=parakeet ms=215 samples=240000 chars=211
2026-09-05T01:31:43.394Z dictation_preview_pass engine=parakeet ms=231 samples=240000 chars=234
2026-09-05T01:31:44.489Z dictation_preview_pass engine=parakeet ms=236 samples=240000 chars=251
2026-09-05T01:31:45.592Z dictation_preview_pass engine=parakeet ms=234 samples=240000 chars=279
2026-09-05T01:31:46.420Z dictation_capture_heartbeat input_buffers=25332 input_frames=111714120 isRunning=true default_input=present default_input_transport=built-in
2026-09-05T01:31:46.696Z dictation_preview_pass engine=parakeet ms=237 samples=240000 chars=310
2026-09-05T01:31:47.799Z dictation_preview_pass engine=parakeet ms=247 samples=240000 chars=317
2026-09-05T01:31:48.789Z dictation_preview_pass engine=parakeet ms=228 samples=240000 chars=293
2026-09-05T01:31:49.896Z dictation_preview_pass engine=parakeet ms=244 samples=240000 chars=303
2026-09-05T01:31:50.896Z dictation_preview_pass engine=parakeet ms=232 samples=240000 chars=280
2026-09-05T01:31:51.446Z dictation_capture_heartbeat input_buffers=25382 input_frames=111934620 isRunning=true default_input=present default_input_transport=built-in
2026-09-05T01:31:51.986Z dictation_preview_pass engine=parakeet ms=232 samples=240000 chars=278
2026-09-05T01:31:53.088Z dictation_preview_pass engine=parakeet ms=231 samples=240000 chars=276
2026-09-05T01:31:54.188Z dictation_preview_pass engine=parakeet ms=228 samples=240000 chars=275
2026-09-05T01:31:55.280Z dictation_preview_pass engine=parakeet ms=229 samples=240000 chars=257
2026-09-05T01:31:56.281Z dictation_preview_pass engine=parakeet ms=219 samples=240000 chars=239
2026-09-05T01:31:56.467Z dictation_capture_heartbeat input_buffers=25433 input_frames=112159530 isRunning=true default_input=present default_input_transport=built-in
2026-09-05T01:31:57.376Z dictation_preview_pass engine=parakeet ms=223 samples=240000 chars=250
2026-09-05T01:31:58.363Z dictation_preview_pass engine=parakeet ms=200 samples=240000 chars=227
2026-09-05T01:31:59.455Z dictation_preview_pass engine=parakeet ms=202 samples=240000 chars=229
2026-09-05T01:32:00.571Z dictation_preview_pass engine=parakeet ms=214 samples=240000 chars=229
2026-09-05T01:32:01.471Z dictation_capture_heartbeat input_buffers=25483 input_frames=112380030 isRunning=true default_input=present default_input_transport=built-in
2026-09-05T01:32:01.657Z dictation_preview_pass engine=parakeet ms=196 samples=240000 chars=210
2026-09-05T01:32:02.756Z dictation_preview_pass engine=parakeet ms=205 samples=240000 chars=208
2026-09-05T01:32:03.775Z dictation_preview_pass engine=parakeet ms=213 samples=240000 chars=205
2026-09-05T01:32:04.864Z dictation_preview_pass engine=parakeet ms=211 samples=240000 chars=226
2026-09-05T01:32:05.871Z dictation_preview_pass engine=parakeet ms=208 samples=240000 chars=224
2026-09-05T01:32:06.509Z dictation_capture_heartbeat input_buffers=25533 input_frames=112600530 isRunning=true default_input=present default_input_transport=built-in
2026-09-05T01:32:06.971Z dictation_preview_pass engine=parakeet ms=217 samples=240000 chars=226
2026-09-05T01:32:08.063Z dictation_preview_pass engine=parakeet ms=206 samples=240000 chars=207
2026-09-05T01:32:09.180Z dictation_preview_pass engine=parakeet ms=218 samples=240000 chars=232
2026-09-05T01:32:10.254Z dictation_preview_pass engine=parakeet ms=203 samples=240000 chars=191
2026-09-05T01:32:11.252Z dictation_preview_pass engine=parakeet ms=191 samples=240000 chars=177
2026-09-05T01:32:11.557Z dictation_capture_heartbeat input_buffers=25583 input_frames=112821030 isRunning=true default_input=present default_input_transport=built-in
2026-09-05T01:32:12.361Z dictation_preview_pass engine=parakeet ms=208 samples=240000 chars=174
2026-09-05T01:32:13.462Z dictation_preview_pass engine=parakeet ms=206 samples=240000 chars=208
2026-09-05T01:32:14.556Z dictation_preview_pass engine=parakeet ms=197 samples=240000 chars=185
2026-09-05T01:32:15.662Z dictation_preview_pass engine=parakeet ms=199 samples=240000 chars=173
2026-09-05T01:32:16.563Z dictation_capture_heartbeat input_buffers=25634 input_frames=113045940 isRunning=true default_input=present default_input_transport=built-in
2026-09-05T01:32:16.765Z dictation_preview_pass engine=parakeet ms=212 samples=240000 chars=206
2026-09-05T01:32:17.874Z dictation_preview_pass engine=parakeet ms=219 samples=240000 chars=200
2026-09-05T01:32:18.957Z dictation_preview_pass engine=parakeet ms=197 samples=240000 chars=175
2026-09-05T01:32:20.067Z dictation_preview_pass engine=parakeet ms=205 samples=240000 chars=160
2026-09-05T01:32:21.154Z dictation_preview_pass engine=parakeet ms=201 samples=240000 chars=211
2026-09-05T01:32:21.596Z dictation_capture_heartbeat input_buffers=25684 input_frames=113266440 isRunning=true default_input=present default_input_transport=built-in
2026-09-05T01:32:22.273Z dictation_preview_pass engine=parakeet ms=217 samples=240000 chars=209
2026-09-05T01:32:23.363Z dictation_preview_pass engine=parakeet ms=204 samples=240000 chars=197
2026-09-05T01:32:24.470Z dictation_preview_pass engine=parakeet ms=208 samples=240000 chars=200
2026-09-05T01:32:25.562Z dictation_preview_pass engine=parakeet ms=209 samples=240000 chars=221
2026-09-05T01:32:26.623Z dictation_capture_heartbeat input_buffers=25734 input_frames=113486940 isRunning=true default_input=present default_input_transport=built-in
2026-09-05T01:32:26.655Z dictation_preview_pass engine=parakeet ms=199 samples=240000 chars=231
2026-09-05T01:32:27.773Z dictation_preview_pass engine=parakeet ms=214 samples=240000 chars=243
2026-09-05T01:32:28.885Z dictation_preview_pass engine=parakeet ms=221 samples=240000 chars=247
2026-09-05T01:32:29.968Z dictation_preview_pass engine=parakeet ms=215 samples=240000 chars=219
2026-09-05T01:32:31.058Z dictation_preview_pass engine=parakeet ms=201 samples=240000 chars=170
2026-09-05T01:32:31.641Z dictation_capture_heartbeat input_buffers=25784 input_frames=113707440 isRunning=true default_input=present default_input_transport=built-in
2026-09-05T01:32:32.159Z dictation_preview_pass engine=parakeet ms=198 samples=240000 chars=224
2026-09-05T01:32:33.272Z dictation_preview_pass engine=parakeet ms=210 samples=240000 chars=234
2026-09-05T01:32:34.360Z dictation_preview_pass engine=parakeet ms=207 samples=240000 chars=256
2026-09-05T01:32:35.454Z dictation_preview_pass engine=parakeet ms=197 samples=240000 chars=228
2026-09-05T01:32:36.556Z dictation_preview_pass engine=parakeet ms=197 samples=240000 chars=197
2026-09-05T01:32:36.666Z dictation_capture_heartbeat input_buffers=25835 input_frames=113932350 isRunning=true default_input=present default_input_transport=built-in
2026-09-05T01:32:37.657Z dictation_preview_pass engine=parakeet ms=195 samples=240000 chars=224
2026-09-05T01:32:38.762Z dictation_preview_pass engine=parakeet ms=208 samples=240000 chars=217
2026-09-05T01:32:39.858Z dictation_preview_pass engine=parakeet ms=202 samples=240000 chars=219
2026-09-05T01:32:40.963Z dictation_preview_pass engine=parakeet ms=204 samples=240000 chars=192
2026-09-05T01:32:41.713Z dictation_capture_heartbeat input_buffers=25885 input_frames=114152850 isRunning=true default_input=present default_input_transport=built-in
2026-09-05T01:32:42.069Z dictation_preview_pass engine=parakeet ms=205 samples=240000 chars=210
2026-09-05T01:32:43.150Z dictation_preview_pass engine=parakeet ms=195 samples=240000 chars=184
2026-09-05T01:32:44.253Z dictation_preview_pass engine=parakeet ms=196 samples=240000 chars=171
2026-09-05T01:32:45.350Z dictation_preview_pass engine=parakeet ms=191 samples=240000 chars=182
2026-09-05T01:32:46.458Z dictation_preview_pass engine=parakeet ms=207 samples=240000 chars=169
2026-09-05T01:32:46.735Z dictation_capture_heartbeat input_buffers=25935 input_frames=114373350 isRunning=true default_input=present default_input_transport=built-in
2026-09-05T01:32:47.462Z dictation_preview_pass engine=parakeet ms=201 samples=240000 chars=194
2026-09-05T01:32:48.549Z dictation_preview_pass engine=parakeet ms=196 samples=240000 chars=161
2026-09-05T01:32:49.555Z dictation_preview_pass engine=parakeet ms=192 samples=240000 chars=108
2026-09-05T01:32:50.664Z dictation_preview_pass engine=parakeet ms=210 samples=240000 chars=160
2026-09-05T01:32:51.756Z dictation_capture_heartbeat input_buffers=25986 input_frames=114598260 isRunning=true default_input=present default_input_transport=built-in
2026-09-05T01:32:51.760Z dictation_preview_pass engine=parakeet ms=202 samples=240000 chars=150
2026-09-05T01:32:52.881Z dictation_preview_pass engine=parakeet ms=221 samples=240000 chars=180
2026-09-05T01:32:53.951Z dictation_preview_pass engine=parakeet ms=200 samples=240000 chars=143
2026-09-05T01:32:54.989Z dictation_preview_pass engine=parakeet ms=228 samples=240000 chars=198
2026-09-05T01:32:56.059Z dictation_preview_pass engine=parakeet ms=206 samples=240000 chars=180
2026-09-05T01:32:56.773Z dictation_capture_heartbeat input_buffers=26036 input_frames=114818760 isRunning=true default_input=present default_input_transport=built-in
2026-09-05T01:32:57.074Z dictation_preview_pass engine=parakeet ms=211 samples=240000 chars=162
2026-09-05T01:32:58.172Z dictation_preview_pass engine=parakeet ms=219 samples=240000 chars=186
2026-09-05T01:32:59.264Z dictation_preview_pass engine=parakeet ms=206 samples=240000 chars=165
2026-09-05T01:33:00.367Z dictation_preview_pass engine=parakeet ms=207 samples=240000 chars=178
2026-09-05T01:33:01.464Z dictation_preview_pass engine=parakeet ms=212 samples=240000 chars=183
2026-09-05T01:33:01.805Z dictation_capture_heartbeat input_buffers=26086 input_frames=115039260 isRunning=true default_input=present default_input_transport=built-in
2026-09-05T01:33:02.462Z dictation_preview_pass engine=parakeet ms=200 samples=240000 chars=176
2026-09-05T01:33:03.541Z dictation_preview_pass engine=parakeet ms=188 samples=240000 chars=161
2026-09-05T01:33:04.646Z dictation_preview_pass engine=parakeet ms=190 samples=240000 chars=141
2026-09-05T01:33:05.767Z dictation_preview_pass engine=parakeet ms=209 samples=240000 chars=182
2026-09-05T01:33:06.814Z dictation_capture_heartbeat input_buffers=26136 input_frames=115259760 isRunning=true default_input=present default_input_transport=built-in
2026-09-05T01:33:06.851Z dictation_preview_pass engine=parakeet ms=187 samples=240000 chars=159
2026-09-05T01:33:07.955Z dictation_preview_pass engine=parakeet ms=201 samples=240000 chars=141
2026-09-05T01:33:09.063Z dictation_preview_pass engine=parakeet ms=206 samples=240000 chars=167
2026-09-05T01:33:10.165Z dictation_preview_pass engine=parakeet ms=206 samples=240000 chars=188
2026-09-05T01:33:11.253Z dictation_preview_pass engine=parakeet ms=192 samples=240000 chars=143
2026-09-05T01:33:11.829Z dictation_capture_heartbeat input_buffers=26186 input_frames=115480260 isRunning=true default_input=present default_input_transport=built-in
2026-09-05T01:33:12.373Z dictation_preview_pass engine=parakeet ms=220 samples=240000 chars=193
2026-09-05T01:33:13.453Z dictation_preview_pass engine=parakeet ms=198 samples=240000 chars=165
2026-09-05T01:33:14.555Z dictation_preview_pass engine=parakeet ms=197 samples=240000 chars=198
2026-09-05T01:33:15.679Z dictation_preview_pass engine=parakeet ms=217 samples=240000 chars=221
2026-09-05T01:33:16.780Z dictation_preview_pass engine=parakeet ms=226 samples=240000 chars=184
2026-09-05T01:33:16.847Z dictation_capture_heartbeat input_buffers=26236 input_frames=115700760 isRunning=true default_input=present default_input_transport=built-in
2026-09-05T01:33:17.890Z dictation_preview_pass engine=parakeet ms=233 samples=240000 chars=249
2026-09-05T01:33:18.991Z dictation_preview_pass engine=parakeet ms=231 samples=240000 chars=230
2026-09-05T01:33:20.099Z dictation_preview_pass engine=parakeet ms=237 samples=240000 chars=231
2026-09-05T01:33:21.174Z dictation_preview_pass engine=parakeet ms=221 samples=240000 chars=222
2026-09-05T01:33:21.884Z dictation_capture_heartbeat input_buffers=26287 input_frames=115925670 isRunning=true default_input=present default_input_transport=built-in
2026-09-05T01:33:22.294Z dictation_preview_pass engine=parakeet ms=238 samples=240000 chars=253
2026-09-05T01:33:23.408Z dictation_preview_pass engine=parakeet ms=249 samples=240000 chars=275
2026-09-05T01:33:24.499Z dictation_preview_pass engine=parakeet ms=237 samples=240000 chars=249
2026-09-05T01:33:25.591Z dictation_preview_pass engine=parakeet ms=237 samples=240000 chars=261
2026-09-05T01:33:26.690Z dictation_preview_pass engine=parakeet ms=233 samples=240000 chars=279
2026-09-05T01:33:26.889Z dictation_capture_heartbeat input_buffers=26337 input_frames=116146170 isRunning=true default_input=present default_input_transport=built-in
2026-09-05T01:33:27.793Z dictation_preview_pass engine=parakeet ms=234 samples=240000 chars=284
2026-09-05T01:33:28.891Z dictation_preview_pass engine=parakeet ms=227 samples=240000 chars=251
2026-09-05T01:33:29.982Z dictation_preview_pass engine=parakeet ms=228 samples=240000 chars=234
2026-09-05T01:33:31.081Z dictation_preview_pass engine=parakeet ms=224 samples=240000 chars=291
2026-09-05T01:33:31.916Z dictation_capture_heartbeat input_buffers=26387 input_frames=116366670 isRunning=true default_input=present default_input_transport=built-in
2026-09-05T01:33:32.207Z dictation_preview_pass engine=parakeet ms=247 samples=240000 chars=297
2026-09-05T01:33:33.302Z dictation_preview_pass engine=parakeet ms=239 samples=240000 chars=296
2026-09-05T01:33:34.397Z dictation_preview_pass engine=parakeet ms=243 samples=240000 chars=292
2026-09-05T01:33:35.480Z dictation_preview_pass engine=parakeet ms=222 samples=240000 chars=288
2026-09-05T01:33:36.601Z dictation_preview_pass engine=parakeet ms=240 samples=240000 chars=293
2026-09-05T01:33:36.933Z dictation_capture_heartbeat input_buffers=26437 input_frames=116587170 isRunning=true default_input=present default_input_transport=built-in
2026-09-05T01:33:37.697Z dictation_preview_pass engine=parakeet ms=245 samples=240000 chars=293
2026-09-05T01:33:38.704Z dictation_preview_pass engine=parakeet ms=243 samples=240000 chars=233
2026-09-05T01:33:39.813Z dictation_preview_pass engine=parakeet ms=261 samples=240000 chars=297
2026-09-05T01:33:40.804Z dictation_preview_pass engine=parakeet ms=239 samples=240000 chars=259
2026-09-05T01:33:41.898Z dictation_preview_pass engine=parakeet ms=244 samples=240000 chars=252
2026-09-05T01:33:41.982Z dictation_capture_heartbeat input_buffers=26488 input_frames=116812080 isRunning=true default_input=present default_input_transport=built-in
2026-09-05T01:33:43.008Z dictation_preview_pass engine=parakeet ms=250 samples=240000 chars=299
2026-09-05T01:33:44.094Z dictation_preview_pass engine=parakeet ms=234 samples=240000 chars=264
2026-09-05T01:33:45.202Z dictation_preview_pass engine=parakeet ms=251 samples=240000 chars=315
2026-09-05T01:33:46.202Z dictation_preview_pass engine=parakeet ms=241 samples=240000 chars=291
2026-09-05T01:33:46.986Z dictation_capture_heartbeat input_buffers=26538 input_frames=117032580 isRunning=true default_input=present default_input_transport=built-in
2026-09-05T01:33:47.285Z dictation_preview_pass engine=parakeet ms=232 samples=240000 chars=257
2026-09-05T01:33:48.292Z dictation_preview_pass engine=parakeet ms=229 samples=240000 chars=248
2026-09-05T01:33:49.382Z dictation_preview_pass engine=parakeet ms=228 samples=240000 chars=249
2026-09-05T01:33:50.486Z dictation_preview_pass engine=parakeet ms=228 samples=240000 chars=249
2026-09-05T01:33:51.574Z dictation_preview_pass engine=parakeet ms=214 samples=240000 chars=257
2026-09-05T01:33:51.996Z dictation_capture_heartbeat input_buffers=26588 input_frames=117253080 isRunning=true default_input=present default_input_transport=built-in
2026-09-05T01:33:52.671Z dictation_preview_pass engine=parakeet ms=219 samples=240000 chars=263
2026-09-05T01:33:53.690Z dictation_preview_pass engine=parakeet ms=229 samples=240000 chars=280
2026-09-05T01:33:54.761Z dictation_preview_pass engine=parakeet ms=210 samples=240000 chars=245
2026-09-05T01:33:55.879Z dictation_preview_pass engine=parakeet ms=222 samples=240000 chars=257
2026-09-05T01:33:56.982Z dictation_preview_pass engine=parakeet ms=223 samples=240000 chars=263
2026-09-05T01:33:57.024Z dictation_capture_heartbeat input_buffers=26638 input_frames=117473580 isRunning=true default_input=present default_input_transport=built-in
2026-09-05T01:33:58.080Z dictation_preview_pass engine=parakeet ms=218 samples=240000 chars=272
2026-09-05T01:33:59.181Z dictation_preview_pass engine=parakeet ms=229 samples=240000 chars=260
2026-09-05T01:34:00.284Z dictation_preview_pass engine=parakeet ms=228 samples=240000 chars=259
2026-09-05T01:34:01.376Z dictation_preview_pass engine=parakeet ms=217 samples=240000 chars=258
2026-09-05T01:34:02.077Z dictation_capture_heartbeat input_buffers=26689 input_frames=117698490 isRunning=true default_input=present default_input_transport=built-in
2026-09-05T01:34:02.500Z dictation_preview_pass engine=parakeet ms=238 samples=240000 chars=305
2026-09-05T01:34:03.581Z dictation_preview_pass engine=parakeet ms=227 samples=240000 chars=277
2026-09-05T01:34:04.678Z dictation_preview_pass engine=parakeet ms=221 samples=240000 chars=287
2026-09-05T01:34:05.769Z dictation_preview_pass engine=parakeet ms=209 samples=240000 chars=269
2026-09-05T01:34:06.875Z dictation_preview_pass engine=parakeet ms=213 samples=240000 chars=193
2026-09-05T01:34:07.081Z dictation_capture_heartbeat input_buffers=26739 input_frames=117918990 isRunning=true default_input=present default_input_transport=built-in
2026-09-05T01:34:07.967Z dictation_preview_pass engine=parakeet ms=214 samples=240000 chars=239
2026-09-05T01:34:09.092Z dictation_preview_pass engine=parakeet ms=236 samples=240000 chars=264
2026-09-05T01:34:10.183Z dictation_preview_pass engine=parakeet ms=224 samples=240000 chars=267
2026-09-05T01:34:11.297Z dictation_preview_pass engine=parakeet ms=234 samples=240000 chars=244
2026-09-05T01:34:12.129Z dictation_capture_heartbeat input_buffers=26789 input_frames=118139490 isRunning=true default_input=present default_input_transport=built-in
2026-09-05T01:34:12.379Z dictation_preview_pass engine=parakeet ms=225 samples=240000 chars=252
2026-09-05T01:34:13.501Z dictation_preview_pass engine=parakeet ms=243 samples=240000 chars=279
2026-09-05T01:34:14.596Z dictation_preview_pass engine=parakeet ms=237 samples=240000 chars=262
2026-09-05T01:34:15.699Z dictation_preview_pass engine=parakeet ms=237 samples=240000 chars=285
2026-09-05T01:34:16.692Z dictation_preview_pass engine=parakeet ms=229 samples=240000 chars=256
2026-09-05T01:34:17.162Z dictation_capture_heartbeat input_buffers=26840 input_frames=118364400 isRunning=true default_input=present default_input_transport=built-in
2026-09-05T01:34:17.784Z dictation_preview_pass engine=parakeet ms=231 samples=240000 chars=224
2026-09-05T01:34:18.801Z dictation_preview_pass engine=parakeet ms=239 samples=240000 chars=219
2026-09-05T01:34:19.911Z dictation_preview_pass engine=parakeet ms=257 samples=240000 chars=299
2026-09-05T01:34:21.003Z dictation_preview_pass engine=parakeet ms=246 samples=240000 chars=261
2026-09-05T01:34:22.110Z dictation_preview_pass engine=parakeet ms=250 samples=240000 chars=282
2026-09-05T01:34:22.170Z dictation_capture_heartbeat input_buffers=26890 input_frames=118584900 isRunning=true default_input=present default_input_transport=built-in
2026-09-05T01:34:23.185Z dictation_preview_pass engine=parakeet ms=223 samples=240000 chars=213
2026-09-05T01:34:24.290Z dictation_preview_pass engine=parakeet ms=235 samples=240000 chars=236
2026-09-05T01:34:25.377Z dictation_preview_pass engine=parakeet ms=220 samples=240000 chars=238
2026-09-05T01:34:26.486Z dictation_preview_pass engine=parakeet ms=226 samples=240000 chars=224
2026-09-05T01:34:27.193Z dictation_capture_heartbeat input_buffers=26940 input_frames=118805400 isRunning=true default_input=present default_input_transport=built-in
2026-09-05T01:34:27.598Z dictation_preview_pass engine=parakeet ms=236 samples=240000 chars=258
2026-09-05T01:34:28.674Z dictation_preview_pass engine=parakeet ms=221 samples=240000 chars=252
2026-09-05T01:34:29.777Z dictation_preview_pass engine=parakeet ms=220 samples=240000 chars=238
2026-09-05T01:34:30.868Z dictation_preview_pass engine=parakeet ms=207 samples=240000 chars=233
2026-09-05T01:34:31.996Z dictation_preview_pass engine=parakeet ms=233 samples=240000 chars=265
2026-09-05T01:34:32.227Z dictation_capture_heartbeat input_buffers=26990 input_frames=119025900 isRunning=true default_input=present default_input_transport=built-in
2026-09-05T01:34:33.067Z dictation_preview_pass engine=parakeet ms=213 samples=240000 chars=247
2026-09-05T01:34:34.183Z dictation_preview_pass engine=parakeet ms=226 samples=240000 chars=229
2026-09-05T01:34:35.275Z dictation_preview_pass engine=parakeet ms=215 samples=240000 chars=235
2026-09-05T01:34:36.367Z dictation_preview_pass engine=parakeet ms=216 samples=240000 chars=257
2026-09-05T01:34:37.235Z dictation_capture_heartbeat input_buffers=27040 input_frames=119246400 isRunning=true default_input=present default_input_transport=built-in
2026-09-05T01:34:37.363Z dictation_preview_pass engine=parakeet ms=202 samples=240000 chars=230
2026-09-05T01:34:38.470Z dictation_preview_pass engine=parakeet ms=217 samples=240000 chars=244
2026-09-05T01:34:39.485Z dictation_preview_pass engine=parakeet ms=222 samples=240000 chars=247
2026-09-05T01:34:40.568Z dictation_preview_pass engine=parakeet ms=214 samples=240000 chars=239
2026-09-05T01:34:41.677Z dictation_preview_pass engine=parakeet ms=220 samples=240000 chars=235
2026-09-05T01:34:42.242Z dictation_capture_heartbeat input_buffers=27090 input_frames=119466900 isRunning=true default_input=present default_input_transport=built-in
2026-09-05T01:34:42.777Z dictation_preview_pass engine=parakeet ms=216 samples=240000 chars=247
2026-09-05T01:34:43.874Z dictation_preview_pass engine=parakeet ms=222 samples=240000 chars=237
2026-09-05T01:34:44.872Z dictation_preview_pass engine=parakeet ms=211 samples=240000 chars=235
2026-09-05T01:34:45.959Z dictation_preview_pass engine=parakeet ms=205 samples=240000 chars=215
2026-09-05T01:34:47.053Z dictation_preview_pass engine=parakeet ms=198 samples=240000 chars=229
2026-09-05T01:34:47.276Z dictation_capture_heartbeat input_buffers=27141 input_frames=119691810 isRunning=true default_input=present default_input_transport=built-in
2026-09-05T01:34:48.171Z dictation_preview_pass engine=parakeet ms=212 samples=240000 chars=220
2026-09-05T01:34:49.282Z dictation_preview_pass engine=parakeet ms=220 samples=240000 chars=242
2026-09-05T01:34:50.359Z dictation_preview_pass engine=parakeet ms=205 samples=240000 chars=220
2026-09-05T01:34:51.471Z dictation_preview_pass engine=parakeet ms=215 samples=240000 chars=218
2026-09-05T01:34:52.296Z dictation_capture_heartbeat input_buffers=27191 input_frames=119912310 isRunning=true default_input=present default_input_transport=built-in
2026-09-05T01:34:52.585Z dictation_preview_pass engine=parakeet ms=226 samples=240000 chars=247
2026-09-05T01:34:53.694Z dictation_preview_pass engine=parakeet ms=233 samples=240000 chars=260
2026-09-05T01:34:54.784Z dictation_preview_pass engine=parakeet ms=231 samples=240000 chars=241
2026-09-05T01:34:55.866Z dictation_preview_pass engine=parakeet ms=210 samples=240000 chars=233
2026-09-05T01:34:56.994Z dictation_preview_pass engine=parakeet ms=234 samples=240000 chars=242
2026-09-05T01:34:57.317Z dictation_capture_heartbeat input_buffers=27241 input_frames=120132810 isRunning=true default_input=present default_input_transport=built-in
2026-09-05T01:34:58.103Z dictation_preview_pass engine=parakeet ms=240 samples=240000 chars=235
2026-09-05T01:34:59.193Z dictation_preview_pass engine=parakeet ms=238 samples=240000 chars=267
2026-09-05T01:35:00.274Z dictation_preview_pass engine=parakeet ms=216 samples=240000 chars=233
2026-09-05T01:35:01.395Z dictation_preview_pass engine=parakeet ms=236 samples=240000 chars=229
2026-09-05T01:35:02.328Z dictation_capture_heartbeat input_buffers=27291 input_frames=120353310 isRunning=true default_input=present default_input_transport=built-in
2026-09-05T01:35:02.493Z dictation_preview_pass engine=parakeet ms=231 samples=240000 chars=222
2026-09-05T01:35:03.585Z dictation_preview_pass engine=parakeet ms=231 samples=240000 chars=246
2026-09-05T01:35:04.672Z dictation_preview_pass engine=parakeet ms=215 samples=240000 chars=237
2026-09-05T01:35:05.781Z dictation_preview_pass engine=parakeet ms=221 samples=240000 chars=197
2026-09-05T01:35:06.875Z dictation_preview_pass engine=parakeet ms=213 samples=240000 chars=178
2026-09-05T01:35:07.388Z dictation_capture_heartbeat input_buffers=27342 input_frames=120578220 isRunning=true default_input=present default_input_transport=built-in
2026-09-05T01:35:07.973Z dictation_preview_pass engine=parakeet ms=219 samples=240000 chars=194
2026-09-05T01:35:09.065Z dictation_preview_pass engine=parakeet ms=208 samples=240000 chars=155
2026-09-05T01:35:10.193Z dictation_preview_pass engine=parakeet ms=233 samples=240000 chars=239
2026-09-05T01:35:11.287Z dictation_preview_pass engine=parakeet ms=225 samples=240000 chars=216
2026-09-05T01:35:12.378Z dictation_preview_pass engine=parakeet ms=224 samples=240000 chars=221
2026-09-05T01:35:12.407Z dictation_capture_heartbeat input_buffers=27392 input_frames=120798720 isRunning=true default_input=present default_input_transport=built-in
2026-09-05T01:35:13.487Z dictation_preview_pass engine=parakeet ms=230 samples=240000 chars=240
2026-09-05T01:35:14.584Z dictation_preview_pass engine=parakeet ms=225 samples=240000 chars=231
2026-09-05T01:35:15.684Z dictation_preview_pass engine=parakeet ms=221 samples=240000 chars=211
2026-09-05T01:35:16.773Z dictation_preview_pass engine=parakeet ms=219 samples=240000 chars=248
2026-09-05T01:35:17.458Z dictation_capture_heartbeat input_buffers=27442 input_frames=121019220 isRunning=true default_input=present default_input_transport=built-in
2026-09-05T01:35:17.887Z dictation_preview_pass engine=parakeet ms=227 samples=240000 chars=248
2026-09-05T01:35:18.986Z dictation_preview_pass engine=parakeet ms=225 samples=240000 chars=242
2026-09-05T01:35:20.071Z dictation_preview_pass engine=parakeet ms=221 samples=240000 chars=271
2026-09-05T01:35:21.084Z dictation_preview_pass engine=parakeet ms=223 samples=240000 chars=258
2026-09-05T01:35:22.184Z dictation_preview_pass engine=parakeet ms=231 samples=240000 chars=262
2026-09-05T01:35:22.494Z dictation_capture_heartbeat input_buffers=27493 input_frames=121244130 isRunning=true default_input=present default_input_transport=built-in
2026-09-05T01:35:23.193Z dictation_preview_pass engine=parakeet ms=230 samples=240000 chars=247
2026-09-05T01:35:24.284Z dictation_preview_pass engine=parakeet ms=230 samples=240000 chars=256
2026-09-05T01:35:25.387Z dictation_preview_pass engine=parakeet ms=229 samples=240000 chars=236
2026-09-05T01:35:26.490Z dictation_preview_pass engine=parakeet ms=230 samples=240000 chars=220
2026-09-05T01:35:27.545Z dictation_capture_heartbeat input_buffers=27543 input_frames=121464630 isRunning=true default_input=present default_input_transport=built-in
2026-09-05T01:35:27.560Z dictation_preview_pass engine=parakeet ms=208 samples=240000 chars=196
2026-09-05T01:35:28.575Z dictation_preview_pass engine=parakeet ms=213 samples=240000 chars=208
2026-09-05T01:35:29.681Z dictation_preview_pass engine=parakeet ms=228 samples=240000 chars=231
2026-09-05T01:35:30.683Z dictation_preview_pass engine=parakeet ms=220 samples=240000 chars=245
2026-09-05T01:35:31.760Z dictation_preview_pass engine=parakeet ms=206 samples=240000 chars=173
2026-09-05T01:35:32.556Z dictation_capture_heartbeat input_buffers=27594 input_frames=121689540 isRunning=true default_input=present default_input_transport=built-in
2026-09-05T01:35:32.872Z dictation_preview_pass engine=parakeet ms=214 samples=240000 chars=195
2026-09-05T01:35:33.969Z dictation_preview_pass engine=parakeet ms=208 samples=240000 chars=193
2026-09-05T01:35:35.053Z dictation_preview_pass engine=parakeet ms=202 samples=240000 chars=194
2026-09-05T01:35:36.051Z dictation_preview_pass engine=parakeet ms=189 samples=240000 chars=146
2026-09-05T01:35:37.162Z dictation_preview_pass engine=parakeet ms=209 samples=240000 chars=168
2026-09-05T01:35:37.578Z dictation_capture_heartbeat input_buffers=27644 input_frames=121910040 isRunning=true default_input=present default_input_transport=built-in
2026-09-05T01:35:38.253Z dictation_preview_pass engine=parakeet ms=197 samples=240000 chars=130
2026-09-05T01:35:39.364Z dictation_preview_pass engine=parakeet ms=206 samples=240000 chars=123
2026-09-05T01:35:40.452Z dictation_preview_pass engine=parakeet ms=190 samples=240000 chars=97
2026-09-05T01:35:41.557Z dictation_preview_pass engine=parakeet ms=204 samples=240000 chars=159
2026-09-05T01:35:42.611Z dictation_capture_heartbeat input_buffers=27694 input_frames=122130540 isRunning=true default_input=present default_input_transport=built-in
2026-09-05T01:35:42.668Z dictation_preview_pass engine=parakeet ms=212 samples=240000 chars=162
2026-09-05T01:35:43.776Z dictation_preview_pass engine=parakeet ms=217 samples=240000 chars=167
2026-09-05T01:35:44.872Z dictation_preview_pass engine=parakeet ms=211 samples=240000 chars=160
2026-09-05T01:35:45.964Z dictation_preview_pass engine=parakeet ms=209 samples=240000 chars=158
2026-09-05T01:35:47.073Z dictation_preview_pass engine=parakeet ms=217 samples=240000 chars=150
2026-09-05T01:35:47.628Z dictation_capture_heartbeat input_buffers=27744 input_frames=122351040 isRunning=true default_input=present default_input_transport=built-in
2026-09-05T01:35:48.166Z dictation_preview_pass engine=parakeet ms=207 samples=240000 chars=179
2026-09-05T01:35:49.254Z dictation_preview_pass engine=parakeet ms=193 samples=240000 chars=151
2026-09-05T01:35:50.353Z dictation_preview_pass engine=parakeet ms=200 samples=240000 chars=195
2026-09-05T01:35:51.459Z dictation_preview_pass engine=parakeet ms=203 samples=240000 chars=202
2026-09-05T01:35:52.583Z dictation_preview_pass engine=parakeet ms=223 samples=240000 chars=239
2026-09-05T01:35:52.646Z dictation_capture_heartbeat input_buffers=27794 input_frames=122571540 isRunning=true default_input=present default_input_transport=built-in
2026-09-05T01:35:53.674Z dictation_preview_pass engine=parakeet ms=212 samples=240000 chars=232
2026-09-05T01:35:54.780Z dictation_preview_pass engine=parakeet ms=227 samples=240000 chars=247
2026-09-05T01:35:55.885Z dictation_preview_pass engine=parakeet ms=228 samples=240000 chars=242
2026-09-05T01:35:56.974Z dictation_preview_pass engine=parakeet ms=214 samples=240000 chars=238
2026-09-05T01:35:57.658Z dictation_capture_heartbeat input_buffers=27845 input_frames=122796450 isRunning=true default_input=present default_input_transport=built-in
2026-09-05T01:35:57.976Z dictation_preview_pass engine=parakeet ms=216 samples=240000 chars=256
2026-09-05T01:35:59.076Z dictation_preview_pass engine=parakeet ms=214 samples=240000 chars=235
2026-09-05T01:36:00.179Z dictation_preview_pass engine=parakeet ms=228 samples=240000 chars=252
2026-09-05T01:36:01.189Z dictation_preview_pass engine=parakeet ms=226 samples=240000 chars=252
2026-09-05T01:36:02.287Z dictation_preview_pass engine=parakeet ms=233 samples=240000 chars=257
2026-09-05T01:36:02.675Z dictation_capture_heartbeat input_buffers=27895 input_frames=123016950 isRunning=true default_input=present default_input_transport=built-in
2026-09-05T01:36:03.380Z dictation_preview_pass engine=parakeet ms=223 samples=240000 chars=257
2026-09-05T01:36:04.480Z dictation_preview_pass engine=parakeet ms=220 samples=240000 chars=246
2026-09-05T01:36:05.586Z dictation_preview_pass engine=parakeet ms=223 samples=240000 chars=250
2026-09-05T01:36:06.689Z dictation_preview_pass engine=parakeet ms=235 samples=240000 chars=255
2026-09-05T01:36:07.693Z dictation_capture_heartbeat input_buffers=27945 input_frames=123237450 isRunning=true default_input=present default_input_transport=built-in
2026-09-05T01:36:07.797Z dictation_preview_pass engine=parakeet ms=240 samples=240000 chars=260
2026-09-05T01:36:08.902Z dictation_preview_pass engine=parakeet ms=242 samples=240000 chars=258
2026-09-05T01:36:09.999Z dictation_preview_pass engine=parakeet ms=237 samples=240000 chars=294
2026-09-05T01:36:11.087Z dictation_preview_pass engine=parakeet ms=233 samples=240000 chars=285
2026-09-05T01:36:12.197Z dictation_preview_pass engine=parakeet ms=238 samples=240000 chars=261
2026-09-05T01:36:12.711Z dictation_capture_heartbeat input_buffers=27995 input_frames=123457950 isRunning=true default_input=present default_input_transport=built-in
2026-09-05T01:36:13.298Z dictation_preview_pass engine=parakeet ms=238 samples=240000 chars=295
2026-09-05T01:36:14.398Z dictation_preview_pass engine=parakeet ms=236 samples=240000 chars=301
2026-09-05T01:36:15.398Z dictation_preview_pass engine=parakeet ms=236 samples=240000 chars=276
2026-09-05T01:36:16.495Z dictation_preview_pass engine=parakeet ms=242 samples=240000 chars=266
2026-09-05T01:36:17.487Z dictation_preview_pass engine=parakeet ms=224 samples=240000 chars=229
2026-09-05T01:36:17.720Z dictation_capture_heartbeat input_buffers=28045 input_frames=123678450 isRunning=true default_input=present default_input_transport=built-in
2026-09-05T01:36:18.582Z dictation_preview_pass engine=parakeet ms=228 samples=240000 chars=237
2026-09-05T01:36:19.670Z dictation_preview_pass engine=parakeet ms=212 samples=240000 chars=211
2026-09-05T01:36:20.752Z dictation_preview_pass engine=parakeet ms=191 samples=240000 chars=165
2026-09-05T01:36:21.881Z dictation_preview_pass engine=parakeet ms=218 samples=240000 chars=209
2026-09-05T01:36:22.760Z dictation_capture_heartbeat input_buffers=28096 input_frames=123903360 isRunning=true default_input=present default_input_transport=built-in
2026-09-05T01:36:22.973Z dictation_preview_pass engine=parakeet ms=219 samples=240000 chars=207
2026-09-05T01:36:24.074Z dictation_preview_pass engine=parakeet ms=217 samples=240000 chars=220
2026-09-05T01:36:25.158Z dictation_preview_pass engine=parakeet ms=199 samples=240000 chars=172
2026-09-05T01:36:26.165Z dictation_preview_pass engine=parakeet ms=204 samples=240000 chars=177
2026-09-05T01:36:27.264Z dictation_preview_pass engine=parakeet ms=203 samples=240000 chars=177
2026-09-05T01:36:27.810Z dictation_capture_heartbeat input_buffers=28146 input_frames=124123860 isRunning=true default_input=present default_input_transport=built-in
2026-09-05T01:36:28.367Z dictation_preview_pass engine=parakeet ms=214 samples=240000 chars=189
2026-09-05T01:36:29.464Z dictation_preview_pass engine=parakeet ms=208 samples=240000 chars=172
2026-09-05T01:36:30.567Z dictation_preview_pass engine=parakeet ms=208 samples=240000 chars=192
2026-09-05T01:36:31.679Z dictation_preview_pass engine=parakeet ms=217 samples=240000 chars=207
2026-09-05T01:36:32.773Z dictation_preview_pass engine=parakeet ms=220 samples=240000 chars=224
2026-09-05T01:36:32.854Z dictation_capture_heartbeat input_buffers=28197 input_frames=124348770 isRunning=true default_input=present default_input_transport=built-in
2026-09-05T01:36:33.867Z dictation_preview_pass engine=parakeet ms=209 samples=240000 chars=204
2026-09-05T01:36:34.988Z dictation_preview_pass engine=parakeet ms=229 samples=240000 chars=205
2026-09-05T01:36:36.088Z dictation_preview_pass engine=parakeet ms=227 samples=240000 chars=227
2026-09-05T01:36:37.176Z dictation_preview_pass engine=parakeet ms=222 samples=240000 chars=257
2026-09-05T01:36:37.906Z dictation_capture_heartbeat input_buffers=28247 input_frames=124569270 isRunning=true default_input=present default_input_transport=built-in
2026-09-05T01:36:38.276Z dictation_preview_pass engine=parakeet ms=220 samples=240000 chars=227
2026-09-05T01:36:39.375Z dictation_preview_pass engine=parakeet ms=215 samples=240000 chars=187
2026-09-05T01:36:40.484Z dictation_preview_pass engine=parakeet ms=222 samples=240000 chars=213
2026-09-05T01:36:41.589Z dictation_preview_pass engine=parakeet ms=235 samples=240000 chars=227
2026-09-05T01:36:42.686Z dictation_preview_pass engine=parakeet ms=229 samples=240000 chars=224
2026-09-05T01:36:42.961Z dictation_capture_heartbeat input_buffers=28298 input_frames=124794180 isRunning=true default_input=present default_input_transport=built-in
2026-09-05T01:36:43.787Z dictation_preview_pass engine=parakeet ms=225 samples=240000 chars=218
2026-09-05T01:36:44.873Z dictation_preview_pass engine=parakeet ms=211 samples=240000 chars=176
2026-09-05T01:36:45.981Z dictation_preview_pass engine=parakeet ms=227 samples=240000 chars=207
2026-09-05T01:36:47.059Z dictation_preview_pass engine=parakeet ms=202 samples=240000 chars=211
2026-09-05T01:36:47.970Z dictation_capture_heartbeat input_buffers=28348 input_frames=125014680 isRunning=true default_input=present default_input_transport=built-in
2026-09-05T01:36:48.180Z dictation_preview_pass engine=parakeet ms=220 samples=240000 chars=218
2026-09-05T01:36:49.291Z dictation_preview_pass engine=parakeet ms=228 samples=240000 chars=260
2026-09-05T01:36:50.386Z dictation_preview_pass engine=parakeet ms=232 samples=240000 chars=259
2026-09-05T01:36:51.478Z dictation_preview_pass engine=parakeet ms=221 samples=240000 chars=250
2026-09-05T01:36:52.594Z dictation_preview_pass engine=parakeet ms=235 samples=240000 chars=243
2026-09-05T01:36:53.001Z dictation_capture_heartbeat input_buffers=28398 input_frames=125235180 isRunning=true default_input=present default_input_transport=built-in
2026-09-05T01:36:53.696Z dictation_preview_pass engine=parakeet ms=233 samples=240000 chars=224
2026-09-05T01:36:54.785Z dictation_preview_pass engine=parakeet ms=230 samples=240000 chars=214
2026-09-05T01:36:55.854Z dictation_preview_pass engine=parakeet ms=197 samples=240000 chars=169
2026-09-05T01:36:56.963Z dictation_preview_pass engine=parakeet ms=204 samples=240000 chars=179
2026-09-05T01:36:58.052Z dictation_capture_heartbeat input_buffers=28448 input_frames=125455680 isRunning=true default_input=present default_input_transport=built-in
2026-09-05T01:36:58.058Z dictation_preview_pass engine=parakeet ms=195 samples=240000 chars=163
2026-09-05T01:36:59.065Z dictation_preview_pass engine=parakeet ms=199 samples=240000 chars=169
2026-09-05T01:37:00.166Z dictation_preview_pass engine=parakeet ms=214 samples=240000 chars=182
2026-09-05T01:37:01.175Z dictation_preview_pass engine=parakeet ms=210 samples=240000 chars=153
2026-09-05T01:37:02.251Z dictation_preview_pass engine=parakeet ms=198 samples=240000 chars=160
2026-09-05T01:37:03.058Z dictation_capture_heartbeat input_buffers=28499 input_frames=125680590 isRunning=true default_input=present default_input_transport=built-in
2026-09-05T01:37:03.375Z dictation_preview_pass engine=parakeet ms=218 samples=240000 chars=184
2026-09-05T01:37:04.468Z dictation_preview_pass engine=parakeet ms=208 samples=240000 chars=148
2026-09-05T01:37:05.542Z dictation_preview_pass engine=parakeet ms=179 samples=240000 chars=107
2026-09-05T01:37:06.659Z dictation_preview_pass engine=parakeet ms=205 samples=240000 chars=159
2026-09-05T01:37:07.713Z dictation_preview_pass engine=parakeet ms=154 samples=240000 chars=72
2026-09-05T01:37:08.113Z dictation_capture_heartbeat input_buffers=28549 input_frames=125901090 isRunning=true default_input=present default_input_transport=built-in
2026-09-05T01:37:08.864Z dictation_preview_pass engine=parakeet ms=203 samples=240000 chars=144
2026-09-05T01:37:09.942Z dictation_preview_pass engine=parakeet ms=191 samples=240000 chars=101
2026-09-05T01:37:10.950Z dictation_preview_pass engine=parakeet ms=187 samples=240000 chars=99
2026-09-05T01:37:12.074Z dictation_preview_pass engine=parakeet ms=221 samples=240000 chars=186
2026-09-05T01:37:13.077Z dictation_preview_pass engine=parakeet ms=213 samples=240000 chars=179
2026-09-05T01:37:13.164Z dictation_capture_heartbeat input_buffers=28600 input_frames=126126000 isRunning=true default_input=present default_input_transport=built-in
2026-09-05T01:37:14.138Z dictation_preview_pass engine=parakeet ms=183 samples=240000 chars=132
2026-09-05T01:37:15.270Z dictation_preview_pass engine=parakeet ms=212 samples=240000 chars=179
2026-09-05T01:37:16.371Z dictation_preview_pass engine=parakeet ms=211 samples=240000 chars=196
2026-09-05T01:37:17.450Z dictation_preview_pass engine=parakeet ms=198 samples=240000 chars=134
2026-09-05T01:37:18.185Z dictation_capture_heartbeat input_buffers=28650 input_frames=126346500 isRunning=true default_input=present default_input_transport=built-in
2026-09-05T01:37:18.451Z dictation_preview_pass engine=parakeet ms=189 samples=240000 chars=134
2026-09-05T01:37:19.534Z dictation_preview_pass engine=parakeet ms=181 samples=240000 chars=155
2026-09-05T01:37:20.644Z dictation_preview_pass engine=parakeet ms=188 samples=240000 chars=166
2026-09-05T01:37:21.747Z dictation_preview_pass engine=parakeet ms=187 samples=240000 chars=168
2026-09-05T01:37:22.869Z dictation_preview_pass engine=parakeet ms=207 samples=240000 chars=199
2026-09-05T01:37:23.220Z dictation_capture_heartbeat input_buffers=28700 input_frames=126567000 isRunning=true default_input=present default_input_transport=built-in
2026-09-05T01:37:23.968Z dictation_preview_pass engine=parakeet ms=215 samples=240000 chars=210
2026-09-05T01:37:25.077Z dictation_preview_pass engine=parakeet ms=220 samples=240000 chars=224
2026-09-05T01:37:26.176Z dictation_preview_pass engine=parakeet ms=217 samples=240000 chars=241
2026-09-05T01:37:27.270Z dictation_preview_pass engine=parakeet ms=208 samples=240000 chars=210
2026-09-05T01:37:28.269Z dictation_capture_heartbeat input_buffers=28751 input_frames=126791910 isRunning=true default_input=present default_input_transport=built-in
2026-09-05T01:37:28.369Z dictation_preview_pass engine=parakeet ms=215 samples=240000 chars=204
2026-09-05T01:37:29.460Z dictation_preview_pass engine=parakeet ms=204 samples=240000 chars=199
2026-09-05T01:37:30.455Z dictation_preview_pass engine=parakeet ms=198 samples=240000 chars=187
2026-09-05T01:37:31.565Z dictation_preview_pass engine=parakeet ms=204 samples=240000 chars=183
2026-09-05T01:37:32.663Z dictation_preview_pass engine=parakeet ms=203 samples=240000 chars=179
2026-09-05T01:37:33.321Z dictation_capture_heartbeat input_buffers=28801 input_frames=127012410 isRunning=true default_input=present default_input_transport=built-in
2026-09-05T01:37:33.744Z dictation_preview_pass engine=parakeet ms=192 samples=240000 chars=193
2026-09-05T01:37:34.769Z dictation_preview_pass engine=parakeet ms=207 samples=240000 chars=172
2026-09-05T01:37:35.837Z dictation_preview_pass engine=parakeet ms=184 samples=240000 chars=163
2026-09-05T01:37:36.947Z dictation_preview_pass engine=parakeet ms=190 samples=240000 chars=149
2026-09-05T01:37:38.040Z dictation_preview_pass engine=parakeet ms=181 samples=240000 chars=116
2026-09-05T01:37:38.370Z dictation_capture_heartbeat input_buffers=28852 input_frames=127237320 isRunning=true default_input=present default_input_transport=built-in
2026-09-05T01:37:39.138Z dictation_preview_pass engine=parakeet ms=176 samples=240000 chars=117
2026-09-05T01:37:40.224Z dictation_preview_pass engine=parakeet ms=171 samples=240000 chars=123
2026-09-05T01:37:41.343Z dictation_preview_pass engine=parakeet ms=188 samples=240000 chars=145
2026-09-05T01:37:42.443Z dictation_preview_pass engine=parakeet ms=180 samples=240000 chars=165
2026-09-05T01:37:43.376Z dictation_capture_heartbeat input_buffers=28902 input_frames=127457820 isRunning=true default_input=present default_input_transport=built-in
2026-09-05T01:37:43.569Z dictation_preview_pass engine=parakeet ms=206 samples=240000 chars=196
2026-09-05T01:37:44.670Z dictation_preview_pass engine=parakeet ms=216 samples=240000 chars=210
2026-09-05T01:37:45.779Z dictation_preview_pass engine=parakeet ms=222 samples=240000 chars=210
2026-09-05T01:37:46.881Z dictation_preview_pass engine=parakeet ms=221 samples=240000 chars=238
2026-09-05T01:37:47.999Z dictation_preview_pass engine=parakeet ms=236 samples=240000 chars=271
2026-09-05T01:37:48.393Z dictation_capture_heartbeat input_buffers=28952 input_frames=127678320 isRunning=true default_input=present default_input_transport=built-in
2026-09-05T01:37:49.099Z dictation_preview_pass engine=parakeet ms=244 samples=240000 chars=285
2026-09-05T01:37:50.185Z dictation_preview_pass engine=parakeet ms=228 samples=240000 chars=270
2026-09-05T01:37:51.292Z dictation_preview_pass engine=parakeet ms=232 samples=240000 chars=270
2026-09-05T01:37:52.419Z dictation_preview_pass engine=parakeet ms=256 samples=240000 chars=313
2026-09-05T01:37:53.448Z dictation_capture_heartbeat input_buffers=29002 input_frames=127898820 isRunning=true default_input=present default_input_transport=built-in
2026-09-05T01:37:53.505Z dictation_preview_pass engine=parakeet ms=250 samples=240000 chars=318
2026-09-05T01:37:54.607Z dictation_preview_pass engine=parakeet ms=249 samples=240000 chars=337
2026-09-05T01:37:55.707Z dictation_preview_pass engine=parakeet ms=246 samples=240000 chars=342
2026-09-05T01:37:56.806Z dictation_preview_pass engine=parakeet ms=242 samples=240000 chars=311
2026-09-05T01:37:57.893Z dictation_preview_pass engine=parakeet ms=238 samples=240000 chars=297
2026-09-05T01:37:58.475Z dictation_capture_heartbeat input_buffers=29053 input_frames=128123730 isRunning=true default_input=present default_input_transport=built-in
2026-09-05T01:37:58.957Z dictation_preview_pass engine=parakeet ms=197 samples=240000 chars=268
2026-09-05T01:38:00.089Z dictation_preview_pass engine=parakeet ms=228 samples=240000 chars=260
2026-09-05T01:38:01.149Z dictation_preview_pass engine=parakeet ms=197 samples=240000 chars=204
2026-09-05T01:38:02.185Z dictation_preview_pass engine=parakeet ms=223 samples=240000 chars=242
2026-09-05T01:38:03.273Z dictation_preview_pass engine=parakeet ms=219 samples=240000 chars=231
2026-09-05T01:38:03.499Z dictation_capture_heartbeat input_buffers=29103 input_frames=128344230 isRunning=true default_input=present default_input_transport=built-in
2026-09-05T01:38:04.254Z dictation_preview_pass engine=parakeet ms=191 samples=240000 chars=178
2026-09-05T01:38:05.361Z dictation_preview_pass engine=parakeet ms=207 samples=240000 chars=197
2026-09-05T01:38:06.479Z dictation_preview_pass engine=parakeet ms=222 samples=240000 chars=230
2026-09-05T01:38:07.550Z dictation_preview_pass engine=parakeet ms=190 samples=240000 chars=206
2026-09-05T01:38:08.519Z dictation_capture_heartbeat input_buffers=29153 input_frames=128564730 isRunning=true default_input=present default_input_transport=built-in
2026-09-05T01:38:08.661Z dictation_preview_pass engine=parakeet ms=209 samples=240000 chars=212
2026-09-05T01:38:09.669Z dictation_preview_pass engine=parakeet ms=207 samples=240000 chars=212
2026-09-05T01:38:10.761Z dictation_preview_pass engine=parakeet ms=207 samples=240000 chars=194
2026-09-05T01:38:11.853Z dictation_preview_pass engine=parakeet ms=197 samples=240000 chars=197
2026-09-05T01:38:12.977Z dictation_preview_pass engine=parakeet ms=217 samples=240000 chars=226
2026-09-05T01:38:13.575Z dictation_capture_heartbeat input_buffers=29204 input_frames=128789640 isRunning=true default_input=present default_input_transport=built-in
2026-09-05T01:38:14.075Z dictation_preview_pass engine=parakeet ms=213 samples=240000 chars=222
2026-09-05T01:38:15.172Z dictation_preview_pass engine=parakeet ms=218 samples=240000 chars=252
2026-09-05T01:38:16.292Z dictation_preview_pass engine=parakeet ms=235 samples=240000 chars=268
2026-09-05T01:38:17.382Z dictation_preview_pass engine=parakeet ms=223 samples=240000 chars=224
2026-09-05T01:38:18.491Z dictation_preview_pass engine=parakeet ms=229 samples=240000 chars=255
2026-09-05T01:38:18.591Z dictation_capture_heartbeat input_buffers=29254 input_frames=129010140 isRunning=true default_input=present default_input_transport=built-in
2026-09-05T01:38:19.596Z dictation_preview_pass engine=parakeet ms=242 samples=240000 chars=287
2026-09-05T01:38:20.682Z dictation_preview_pass engine=parakeet ms=225 samples=240000 chars=269
2026-09-05T01:38:21.802Z dictation_preview_pass engine=parakeet ms=242 samples=240000 chars=281
2026-09-05T01:38:22.902Z dictation_preview_pass engine=parakeet ms=240 samples=240000 chars=259
2026-09-05T01:38:23.628Z dictation_capture_heartbeat input_buffers=29304 input_frames=129230640 isRunning=true default_input=present default_input_transport=built-in
2026-09-05T01:38:23.990Z dictation_preview_pass engine=parakeet ms=237 samples=240000 chars=274
2026-09-05T01:38:25.088Z dictation_preview_pass engine=parakeet ms=231 samples=240000 chars=248
2026-09-05T01:38:26.205Z dictation_preview_pass engine=parakeet ms=246 samples=240000 chars=287
2026-09-05T01:38:27.303Z dictation_preview_pass engine=parakeet ms=239 samples=240000 chars=269
2026-09-05T01:38:28.372Z dictation_preview_pass engine=parakeet ms=218 samples=240000 chars=250
2026-09-05T01:38:28.668Z dictation_capture_heartbeat input_buffers=29355 input_frames=129455550 isRunning=true default_input=present default_input_transport=built-in
2026-09-05T01:38:29.479Z dictation_preview_pass engine=parakeet ms=222 samples=240000 chars=269
2026-09-05T01:38:30.581Z dictation_preview_pass engine=parakeet ms=221 samples=240000 chars=241
2026-09-05T01:38:31.672Z dictation_preview_pass engine=parakeet ms=209 samples=240000 chars=241
2026-09-05T01:38:32.684Z dictation_preview_pass engine=parakeet ms=220 samples=240000 chars=224
2026-09-05T01:38:33.713Z dictation_capture_heartbeat input_buffers=29405 input_frames=129676050 isRunning=true default_input=present default_input_transport=built-in
2026-09-05T01:38:33.766Z dictation_preview_pass engine=parakeet ms=213 samples=240000 chars=217
2026-09-05T01:38:34.780Z dictation_preview_pass engine=parakeet ms=216 samples=240000 chars=217
2026-09-05T01:38:35.863Z dictation_preview_pass engine=parakeet ms=210 samples=240000 chars=206
2026-09-05T01:38:36.963Z dictation_preview_pass engine=parakeet ms=206 samples=240000 chars=214
2026-09-05T01:38:38.054Z dictation_preview_pass engine=parakeet ms=194 samples=240000 chars=231
2026-09-05T01:38:38.742Z dictation_capture_heartbeat input_buffers=29455 input_frames=129896550 isRunning=true default_input=present default_input_transport=built-in
2026-09-05T01:38:39.168Z dictation_preview_pass engine=parakeet ms=205 samples=240000 chars=244
2026-09-05T01:38:40.255Z dictation_preview_pass engine=parakeet ms=201 samples=240000 chars=241
2026-09-05T01:38:41.355Z dictation_preview_pass engine=parakeet ms=197 samples=240000 chars=221
2026-09-05T01:38:42.475Z dictation_preview_pass engine=parakeet ms=216 samples=240000 chars=256
2026-09-05T01:38:43.488Z dictation_preview_pass engine=parakeet ms=228 samples=240000 chars=259
2026-09-05T01:38:43.760Z dictation_capture_heartbeat input_buffers=29506 input_frames=130121460 isRunning=true default_input=present default_input_transport=built-in
2026-09-05T01:38:44.592Z dictation_preview_pass engine=parakeet ms=231 samples=240000 chars=292
2026-09-05T01:38:45.704Z dictation_preview_pass engine=parakeet ms=251 samples=240000 chars=307
2026-09-05T01:38:46.723Z dictation_preview_pass engine=parakeet ms=259 samples=240000 chars=346
2026-09-05T01:38:47.800Z dictation_preview_pass engine=parakeet ms=246 samples=240000 chars=357
2026-09-05T01:38:48.775Z dictation_capture_heartbeat input_buffers=29556 input_frames=130341960 isRunning=true default_input=present default_input_transport=built-in
2026-09-05T01:38:48.918Z dictation_preview_pass engine=parakeet ms=260 samples=240000 chars=350
2026-09-05T01:38:50.005Z dictation_preview_pass engine=parakeet ms=245 samples=240000 chars=324
2026-09-05T01:38:51.112Z dictation_preview_pass engine=parakeet ms=249 samples=240000 chars=322
2026-09-05T01:38:52.211Z dictation_preview_pass engine=parakeet ms=257 samples=240000 chars=314
2026-09-05T01:38:53.287Z dictation_preview_pass engine=parakeet ms=230 samples=240000 chars=278
2026-09-05T01:38:53.807Z dictation_capture_heartbeat input_buffers=29606 input_frames=130562460 isRunning=true default_input=present default_input_transport=built-in
2026-09-05T01:38:54.410Z dictation_preview_pass engine=parakeet ms=249 samples=240000 chars=275
2026-09-05T01:38:55.499Z dictation_preview_pass engine=parakeet ms=236 samples=240000 chars=282
2026-09-05T01:38:56.597Z dictation_preview_pass engine=parakeet ms=243 samples=240000 chars=261
2026-09-05T01:38:57.685Z dictation_preview_pass engine=parakeet ms=227 samples=240000 chars=235
2026-09-05T01:38:58.770Z dictation_preview_pass engine=parakeet ms=209 samples=240000 chars=232
2026-09-05T01:38:58.825Z dictation_capture_heartbeat input_buffers=29656 input_frames=130782960 isRunning=true default_input=present default_input_transport=built-in
2026-09-05T01:38:59.861Z dictation_preview_pass engine=parakeet ms=209 samples=240000 chars=204
2026-09-05T01:39:00.860Z dictation_preview_pass engine=parakeet ms=198 samples=240000 chars=179
2026-09-05T01:39:01.957Z dictation_preview_pass engine=parakeet ms=203 samples=240000 chars=187
2026-09-05T01:39:03.066Z dictation_preview_pass engine=parakeet ms=210 samples=240000 chars=214
2026-09-05T01:39:03.850Z dictation_capture_heartbeat input_buffers=29706 input_frames=131003460 isRunning=true default_input=present default_input_transport=built-in
2026-09-05T01:39:04.153Z dictation_preview_pass engine=parakeet ms=194 samples=240000 chars=213
2026-09-05T01:39:05.257Z dictation_preview_pass engine=parakeet ms=195 samples=240000 chars=197
2026-09-05T01:39:06.357Z dictation_preview_pass engine=parakeet ms=204 samples=240000 chars=187
2026-09-05T01:39:07.451Z dictation_preview_pass engine=parakeet ms=194 samples=240000 chars=214
2026-09-05T01:39:08.574Z dictation_preview_pass engine=parakeet ms=215 samples=240000 chars=224
2026-09-05T01:39:08.855Z dictation_capture_heartbeat input_buffers=29756 input_frames=131223960 isRunning=true default_input=present default_input_transport=built-in
2026-09-05T01:39:09.658Z dictation_preview_pass engine=parakeet ms=196 samples=240000 chars=223
2026-09-05T01:39:10.754Z dictation_preview_pass engine=parakeet ms=200 samples=240000 chars=192
2026-09-05T01:39:11.863Z dictation_preview_pass engine=parakeet ms=206 samples=240000 chars=236
2026-09-05T01:39:12.978Z dictation_preview_pass engine=parakeet ms=219 samples=240000 chars=234
2026-09-05T01:39:13.872Z dictation_capture_heartbeat input_buffers=29807 input_frames=131448870 isRunning=true default_input=present default_input_transport=built-in
2026-09-05T01:39:14.076Z dictation_preview_pass engine=parakeet ms=213 samples=240000 chars=217
2026-09-05T01:39:15.162Z dictation_preview_pass engine=parakeet ms=208 samples=240000 chars=200
2026-09-05T01:39:16.260Z dictation_preview_pass engine=parakeet ms=204 samples=240000 chars=185
2026-09-05T01:39:17.349Z dictation_preview_pass engine=parakeet ms=189 samples=240000 chars=165
2026-09-05T01:39:18.470Z dictation_preview_pass engine=parakeet ms=207 samples=240000 chars=174
2026-09-05T01:39:18.924Z dictation_capture_heartbeat input_buffers=29857 input_frames=131669370 isRunning=true default_input=present default_input_transport=built-in
2026-09-05T01:39:19.562Z dictation_preview_pass engine=parakeet ms=208 samples=240000 chars=198
2026-09-05T01:39:20.667Z dictation_preview_pass engine=parakeet ms=210 samples=240000 chars=215
2026-09-05T01:39:21.760Z dictation_preview_pass engine=parakeet ms=200 samples=240000 chars=214
2026-09-05T01:39:22.881Z dictation_preview_pass engine=parakeet ms=219 samples=240000 chars=235
2026-09-05T01:39:23.978Z dictation_capture_heartbeat input_buffers=29908 input_frames=131894280 isRunning=true default_input=present default_input_transport=built-in
2026-09-05T01:39:23.981Z dictation_preview_pass engine=parakeet ms=226 samples=240000 chars=236
2026-09-05T01:39:25.089Z dictation_preview_pass engine=parakeet ms=232 samples=240000 chars=252
2026-09-05T01:39:26.195Z dictation_preview_pass engine=parakeet ms=235 samples=240000 chars=267
2026-09-05T01:39:27.283Z dictation_preview_pass engine=parakeet ms=220 samples=240000 chars=244
2026-09-05T01:39:28.378Z dictation_preview_pass engine=parakeet ms=223 samples=240000 chars=242
2026-09-05T01:39:29.032Z dictation_capture_heartbeat input_buffers=29958 input_frames=132114780 isRunning=true default_input=present default_input_transport=built-in
2026-09-05T01:39:29.392Z dictation_preview_pass engine=parakeet ms=237 samples=240000 chars=279
2026-09-05T01:39:30.389Z dictation_preview_pass engine=parakeet ms=227 samples=240000 chars=283
2026-09-05T01:39:31.489Z dictation_preview_pass engine=parakeet ms=234 samples=240000 chars=311
2026-09-05T01:39:32.600Z dictation_preview_pass engine=parakeet ms=243 samples=240000 chars=303
2026-09-05T01:39:33.714Z dictation_preview_pass engine=parakeet ms=254 samples=240000 chars=327
2026-09-05T01:39:34.076Z dictation_capture_heartbeat input_buffers=30009 input_frames=132339690 isRunning=true default_input=present default_input_transport=built-in
2026-09-05T01:39:34.812Z dictation_preview_pass engine=parakeet ms=249 samples=240000 chars=306
2026-09-05T01:39:35.887Z dictation_preview_pass engine=parakeet ms=232 samples=240000 chars=286
2026-09-05T01:39:36.988Z dictation_preview_pass engine=parakeet ms=231 samples=240000 chars=283
2026-09-05T01:39:38.082Z dictation_preview_pass engine=parakeet ms=221 samples=240000 chars=263
2026-09-05T01:39:39.085Z dictation_capture_heartbeat input_buffers=30059 input_frames=132560190 isRunning=true default_input=present default_input_transport=built-in
2026-09-05T01:39:39.179Z dictation_preview_pass engine=parakeet ms=216 samples=240000 chars=236
2026-09-05T01:39:40.269Z dictation_preview_pass engine=parakeet ms=215 samples=240000 chars=224
2026-09-05T01:39:41.362Z dictation_preview_pass engine=parakeet ms=204 samples=240000 chars=223
2026-09-05T01:39:42.465Z dictation_preview_pass engine=parakeet ms=204 samples=240000 chars=215
2026-09-05T01:39:43.556Z dictation_preview_pass engine=parakeet ms=205 samples=240000 chars=193
2026-09-05T01:39:44.106Z dictation_capture_heartbeat input_buffers=30109 input_frames=132780690 isRunning=true default_input=present default_input_transport=built-in
2026-09-05T01:39:44.573Z dictation_preview_pass engine=parakeet ms=212 samples=240000 chars=221
2026-09-05T01:39:45.671Z dictation_preview_pass engine=parakeet ms=218 samples=240000 chars=236
2026-09-05T01:39:46.670Z dictation_preview_pass engine=parakeet ms=207 samples=240000 chars=223
2026-09-05T01:39:47.772Z dictation_preview_pass engine=parakeet ms=218 samples=240000 chars=229
2026-09-05T01:39:48.863Z dictation_preview_pass engine=parakeet ms=205 samples=240000 chars=226
2026-09-05T01:39:49.125Z dictation_capture_heartbeat input_buffers=30159 input_frames=133001190 isRunning=true default_input=present default_input_transport=built-in
2026-09-05T01:39:49.971Z dictation_preview_pass engine=parakeet ms=212 samples=240000 chars=207
2026-09-05T01:39:51.060Z dictation_preview_pass engine=parakeet ms=209 samples=240000 chars=213
2026-09-05T01:39:52.061Z dictation_preview_pass engine=parakeet ms=199 samples=240000 chars=202
2026-09-05T01:39:53.161Z dictation_preview_pass engine=parakeet ms=208 samples=240000 chars=204
2026-09-05T01:39:54.146Z dictation_capture_heartbeat input_buffers=30209 input_frames=133221690 isRunning=true default_input=present default_input_transport=built-in
2026-09-05T01:39:54.273Z dictation_preview_pass engine=parakeet ms=217 samples=240000 chars=226
2026-09-05T01:39:55.367Z dictation_preview_pass engine=parakeet ms=208 samples=240000 chars=232
2026-09-05T01:39:56.469Z dictation_preview_pass engine=parakeet ms=207 samples=240000 chars=199
2026-09-05T01:39:57.566Z dictation_preview_pass engine=parakeet ms=212 samples=240000 chars=213
2026-09-05T01:39:58.675Z dictation_preview_pass engine=parakeet ms=218 samples=240000 chars=222
2026-09-05T01:39:59.167Z dictation_capture_heartbeat input_buffers=30260 input_frames=133446600 isRunning=true default_input=present default_input_transport=built-in
2026-09-05T01:39:59.761Z dictation_preview_pass engine=parakeet ms=202 samples=240000 chars=204
2026-09-05T01:40:00.861Z dictation_preview_pass engine=parakeet ms=198 samples=240000 chars=177
2026-09-05T01:40:01.962Z dictation_preview_pass engine=parakeet ms=207 samples=240000 chars=174
2026-09-05T01:40:03.076Z dictation_preview_pass engine=parakeet ms=219 samples=240000 chars=218
2026-09-05T01:40:04.185Z dictation_preview_pass engine=parakeet ms=225 samples=240000 chars=239
2026-09-05T01:40:04.211Z dictation_capture_heartbeat input_buffers=30310 input_frames=133667100 isRunning=true default_input=present default_input_transport=built-in
2026-09-05T01:40:05.273Z dictation_preview_pass engine=parakeet ms=211 samples=240000 chars=221
2026-09-05T01:40:06.386Z dictation_preview_pass engine=parakeet ms=231 samples=240000 chars=242
2026-09-05T01:40:07.500Z dictation_preview_pass engine=parakeet ms=243 samples=240000 chars=285
2026-09-05T01:40:08.584Z dictation_preview_pass engine=parakeet ms=225 samples=240000 chars=249
2026-09-05T01:40:09.240Z dictation_capture_heartbeat input_buffers=30360 input_frames=133887600 isRunning=true default_input=present default_input_transport=built-in
2026-09-05T01:40:09.696Z dictation_preview_pass engine=parakeet ms=233 samples=240000 chars=262
2026-09-05T01:40:10.789Z dictation_preview_pass engine=parakeet ms=235 samples=240000 chars=275
2026-09-05T01:40:11.874Z dictation_preview_pass engine=parakeet ms=216 samples=240000 chars=247
2026-09-05T01:40:12.993Z dictation_preview_pass engine=parakeet ms=233 samples=240000 chars=284
2026-09-05T01:40:14.084Z dictation_preview_pass engine=parakeet ms=221 samples=240000 chars=271
2026-09-05T01:40:14.255Z dictation_capture_heartbeat input_buffers=30410 input_frames=134108100 isRunning=true default_input=present default_input_transport=built-in
2026-09-05T01:40:15.172Z dictation_preview_pass engine=parakeet ms=218 samples=240000 chars=271
2026-09-05T01:40:16.278Z dictation_preview_pass engine=parakeet ms=220 samples=240000 chars=276
2026-09-05T01:40:17.400Z dictation_preview_pass engine=parakeet ms=240 samples=240000 chars=296
2026-09-05T01:40:18.494Z dictation_preview_pass engine=parakeet ms=231 samples=240000 chars=279
2026-09-05T01:40:19.280Z dictation_capture_heartbeat input_buffers=30461 input_frames=134333010 isRunning=true default_input=present default_input_transport=built-in
2026-09-05T01:40:19.575Z dictation_preview_pass engine=parakeet ms=221 samples=240000 chars=254
2026-09-05T01:40:20.675Z dictation_preview_pass engine=parakeet ms=217 samples=240000 chars=255
2026-09-05T01:40:21.780Z dictation_preview_pass engine=parakeet ms=218 samples=240000 chars=243
2026-09-05T01:40:22.872Z dictation_preview_pass engine=parakeet ms=209 samples=240000 chars=237
2026-09-05T01:40:23.978Z dictation_preview_pass engine=parakeet ms=223 samples=240000 chars=263
2026-09-05T01:40:24.300Z dictation_capture_heartbeat input_buffers=30511 input_frames=134553510 isRunning=true default_input=present default_input_transport=built-in
2026-09-05T01:40:25.081Z dictation_preview_pass engine=parakeet ms=223 samples=240000 chars=252
2026-09-05T01:40:26.178Z dictation_preview_pass engine=parakeet ms=218 samples=240000 chars=269
2026-09-05T01:40:27.273Z dictation_preview_pass engine=parakeet ms=221 samples=240000 chars=243
2026-09-05T01:40:28.276Z dictation_preview_pass engine=parakeet ms=215 samples=240000 chars=253
2026-09-05T01:40:29.342Z dictation_capture_heartbeat input_buffers=30561 input_frames=134774010 isRunning=true default_input=present default_input_transport=built-in
2026-09-05T01:40:29.382Z dictation_preview_pass engine=parakeet ms=228 samples=240000 chars=260
2026-09-05T01:40:30.383Z dictation_preview_pass engine=parakeet ms=219 samples=240000 chars=267
2026-09-05T01:40:31.457Z dictation_preview_pass engine=parakeet ms=203 samples=240000 chars=250
2026-09-05T01:40:32.581Z dictation_preview_pass engine=parakeet ms=222 samples=240000 chars=245
2026-09-05T01:40:33.674Z dictation_preview_pass engine=parakeet ms=214 samples=240000 chars=236
2026-09-05T01:40:34.371Z dictation_capture_heartbeat input_buffers=30612 input_frames=134998920 isRunning=true default_input=present default_input_transport=built-in
2026-09-05T01:40:34.795Z dictation_preview_pass engine=parakeet ms=243 samples=240000 chars=280
2026-09-05T01:40:35.805Z dictation_preview_pass engine=parakeet ms=244 samples=240000 chars=278
2026-09-05T01:40:36.878Z dictation_preview_pass engine=parakeet ms=225 samples=240000 chars=224
2026-09-05T01:40:37.902Z dictation_preview_pass engine=parakeet ms=238 samples=240000 chars=272
2026-09-05T01:40:38.983Z dictation_preview_pass engine=parakeet ms=228 samples=240000 chars=216
2026-09-05T01:40:39.430Z dictation_capture_heartbeat input_buffers=30662 input_frames=135219420 isRunning=true default_input=present default_input_transport=built-in
2026-09-05T01:40:40.084Z dictation_preview_pass engine=parakeet ms=226 samples=240000 chars=212
2026-09-05T01:40:41.185Z dictation_preview_pass engine=parakeet ms=224 samples=240000 chars=230
2026-09-05T01:40:42.265Z dictation_preview_pass engine=parakeet ms=212 samples=240000 chars=193
2026-09-05T01:40:43.279Z dictation_preview_pass engine=parakeet ms=216 samples=240000 chars=254
2026-09-05T01:40:44.410Z dictation_preview_pass engine=parakeet ms=256 samples=240000 chars=300
2026-09-05T01:40:44.434Z dictation_capture_heartbeat input_buffers=30712 input_frames=135439920 isRunning=true default_input=present default_input_transport=built-in
2026-09-05T01:40:45.493Z dictation_preview_pass engine=parakeet ms=236 samples=240000 chars=264
2026-09-05T01:40:46.591Z dictation_preview_pass engine=parakeet ms=231 samples=240000 chars=250
2026-09-05T01:40:47.683Z dictation_preview_pass engine=parakeet ms=221 samples=240000 chars=233
2026-09-05T01:40:48.769Z dictation_preview_pass engine=parakeet ms=215 samples=240000 chars=223
2026-09-05T01:40:49.451Z dictation_capture_heartbeat input_buffers=30762 input_frames=135660420 isRunning=true default_input=present default_input_transport=built-in
2026-09-05T01:40:49.868Z dictation_preview_pass engine=parakeet ms=212 samples=240000 chars=204
2026-09-05T01:40:50.974Z dictation_preview_pass engine=parakeet ms=215 samples=240000 chars=215
2026-09-05T01:40:52.089Z dictation_preview_pass engine=parakeet ms=227 samples=240000 chars=238
2026-09-05T01:40:53.148Z dictation_preview_pass engine=parakeet ms=191 samples=240000 chars=202
2026-09-05T01:40:54.274Z dictation_preview_pass engine=parakeet ms=217 samples=240000 chars=212
2026-09-05T01:40:54.511Z dictation_capture_heartbeat input_buffers=30813 input_frames=135885330 isRunning=true default_input=present default_input_transport=built-in
2026-09-05T01:40:55.377Z dictation_preview_pass engine=parakeet ms=217 samples=240000 chars=239
2026-09-05T01:40:56.476Z dictation_preview_pass engine=parakeet ms=213 samples=240000 chars=224
2026-09-05T01:40:57.557Z dictation_preview_pass engine=parakeet ms=203 samples=240000 chars=222
2026-09-05T01:40:58.670Z dictation_preview_pass engine=parakeet ms=214 samples=240000 chars=226
2026-09-05T01:40:59.534Z dictation_capture_heartbeat input_buffers=30863 input_frames=136105830 isRunning=true default_input=present default_input_transport=built-in
2026-09-05T01:40:59.784Z dictation_preview_pass engine=parakeet ms=224 samples=240000 chars=255
2026-09-05T01:41:00.887Z dictation_preview_pass engine=parakeet ms=224 samples=240000 chars=253
2026-09-05T01:41:01.988Z dictation_preview_pass engine=parakeet ms=233 samples=240000 chars=289
2026-09-05T01:41:03.083Z dictation_preview_pass engine=parakeet ms=226 samples=240000 chars=288
2026-09-05T01:41:04.178Z dictation_preview_pass engine=parakeet ms=217 samples=240000 chars=271
2026-09-05T01:41:04.552Z dictation_capture_heartbeat input_buffers=30913 input_frames=136326330 isRunning=true default_input=present default_input_transport=built-in
2026-09-05T01:41:05.291Z dictation_preview_pass engine=parakeet ms=229 samples=240000 chars=256
2026-09-05T01:41:06.382Z dictation_preview_pass engine=parakeet ms=228 samples=240000 chars=232
2026-09-05T01:41:07.495Z dictation_preview_pass engine=parakeet ms=238 samples=240000 chars=214
2026-09-05T01:41:08.573Z dictation_preview_pass engine=parakeet ms=212 samples=240000 chars=266
2026-09-05T01:41:09.600Z dictation_capture_heartbeat input_buffers=30964 input_frames=136551240 isRunning=true default_input=present default_input_transport=built-in
2026-09-05T01:41:09.692Z dictation_preview_pass engine=parakeet ms=229 samples=240000 chars=288
2026-09-05T01:41:10.792Z dictation_preview_pass engine=parakeet ms=238 samples=240000 chars=281
2026-09-05T01:41:11.893Z dictation_preview_pass engine=parakeet ms=236 samples=240000 chars=259
2026-09-05T01:41:12.997Z dictation_preview_pass engine=parakeet ms=236 samples=240000 chars=271
2026-09-05T01:41:14.087Z dictation_preview_pass engine=parakeet ms=224 samples=240000 chars=257
2026-09-05T01:41:14.621Z dictation_capture_heartbeat input_buffers=31014 input_frames=136771740 isRunning=true default_input=present default_input_transport=built-in
2026-09-05T01:41:15.193Z dictation_preview_pass engine=parakeet ms=238 samples=240000 chars=278
2026-09-05T01:41:16.264Z dictation_preview_pass engine=parakeet ms=206 samples=240000 chars=236
2026-09-05T01:41:17.406Z dictation_preview_pass engine=parakeet ms=246 samples=240000 chars=303
2026-09-05T01:41:18.498Z dictation_preview_pass engine=parakeet ms=246 samples=240000 chars=312
2026-09-05T01:41:19.504Z dictation_preview_pass engine=parakeet ms=242 samples=240000 chars=295
2026-09-05T01:41:19.676Z dictation_capture_heartbeat input_buffers=31065 input_frames=136996650 isRunning=true default_input=present default_input_transport=built-in
2026-09-05T01:41:20.616Z dictation_preview_pass engine=parakeet ms=262 samples=240000 chars=341
2026-09-05T01:41:21.601Z dictation_preview_pass engine=parakeet ms=238 samples=240000 chars=315
2026-09-05T01:41:22.686Z dictation_preview_pass engine=parakeet ms=232 samples=240000 chars=295
2026-09-05T01:41:23.686Z dictation_preview_pass engine=parakeet ms=231 samples=240000 chars=297
2026-09-05T01:41:24.698Z dictation_preview_pass engine=parakeet ms=235 samples=240000 chars=295
2026-09-05T01:41:24.724Z dictation_capture_heartbeat input_buffers=31115 input_frames=137217150 isRunning=true default_input=present default_input_transport=built-in
2026-09-05T01:41:25.785Z dictation_preview_pass engine=parakeet ms=231 samples=240000 chars=286
2026-09-05T01:41:26.788Z dictation_preview_pass engine=parakeet ms=233 samples=240000 chars=270
2026-09-05T01:41:27.794Z dictation_preview_pass engine=parakeet ms=232 samples=240000 chars=274
2026-09-05T01:41:28.881Z dictation_preview_pass engine=parakeet ms=227 samples=240000 chars=267
2026-09-05T01:41:29.749Z dictation_capture_heartbeat input_buffers=31165 input_frames=137437650 isRunning=true default_input=present default_input_transport=built-in
2026-09-05T01:41:29.966Z dictation_preview_pass engine=parakeet ms=209 samples=240000 chars=258
2026-09-05T01:41:31.074Z dictation_preview_pass engine=parakeet ms=214 samples=240000 chars=218
2026-09-05T01:41:32.170Z dictation_preview_pass engine=parakeet ms=207 samples=240000 chars=186
2026-09-05T01:41:33.253Z dictation_preview_pass engine=parakeet ms=198 samples=240000 chars=162
2026-09-05T01:41:34.195Z dictation_hotkey_stop mode=persistent tail_ms=0
2026-09-05T01:41:34.202Z dictation_stop_requested mode=persistent session=1
2026-09-05T01:41:34.256Z shared_mic_engine_stopped
2026-09-05T01:41:34.257Z shared_mic_diagnostics transition=unsubscribe wants_vpio=n/a blocks_vpio_promotion=n/a subscribers=0 vpio_subs=0 passive_subs=0 engine_running=false vpio_engaged=false vpio_deferred=false vpio_deferral_count=0
2026-09-05T01:41:34.258Z dictation_capture_stop sample_count=49934400 effective_sample_count=49934400 duration_s=3120.900 wall_duration_s=3121.103 file_bytes=199741696 input_buffers=31210 output_buffers=31209 input_frames=137636100 max_rms=0.148577 max_level=0.743 non_silent_buffers=31209 missing_float_buffers=0 invalid_format_buffers=0 no_buffer_timeout=false
2026-09-05T01:41:34.289Z dictation_transcribe_begin file_bytes=199741696
2026-09-05T01:41:34.361Z shared_mic_engine_prepare_timing vpio=false buffer_size=4096 set_vpio_ms=0.006 output_format_ms=0.012 install_tap_ms=0.005 total_ms=100.777
2026-09-05T01:41:34.361Z shared_mic_engine_input_device_prepared source=system_default device=present transport=built-in vpio=false set_device_ms=0.000 prepare_engine_ms=101.566
2026-09-05T01:41:48.400Z dictation_transcribe_complete chars=47251 words=8064 engine=parakeet variant=v3
2026-09-05T01:42:07.455Z speech_engine_switch_start from=parakeet to=whisper variant=large-v3-v20240930_turbo_632MB
2026-09-05T01:42:07.458Z whisper_model_prepare_start model=large-v3-v20240930_turbo_632MB folder=openai_whisper-large-v3-v20240930_turbo_632MB
2026-09-05T01:42:22.849Z whisper_model_prepare_still_loading elapsed_s=15 model=large-v3-v20240930_turbo_632MB folder=openai_whisper-large-v3-v20240930_turbo_632MB
2026-09-05T01:43:08.928Z whisper_model_prepare_still_loading elapsed_s=60 model=large-v3-v20240930_turbo_632MB folder=openai_whisper-large-v3-v20240930_turbo_632MB
2026-09-05T01:45:10.811Z whisper_model_prepare_still_loading elapsed_s=180 model=large-v3-v20240930_turbo_632MB folder=openai_whisper-large-v3-v20240930_turbo_632MB
2026-09-05T01:47:11.184Z whisper_model_prepare_still_loading elapsed_s=300 model=large-v3-v20240930_turbo_632MB folder=openai_whisper-large-v3-v20240930_turbo_632MB
2026-09-05T02:52:17.149Z whisper_model_prepare_complete model=large-v3-v20240930_turbo_632MB duration_s=4209.692
2026-09-05T02:52:17.158Z speech_engine_switch_complete from=parakeet to=whisper duration_s=4209.703
2026-09-05T02:56:02.986Z dictation_diagnostics_session_start pid=24280 version=0.7.3 build=20260717011712 source=dist-xcodebuild-release commit=d6321f87dcce
2026-09-05T02:56:03.914Z shared_mic_engine_prepare_timing vpio=false buffer_size=4096 set_vpio_ms=0.006 output_format_ms=0.011 install_tap_ms=0.006 total_ms=144.771
2026-09-05T02:56:03.915Z shared_mic_engine_input_device_prepared source=system_default device=present transport=built-in vpio=false set_device_ms=0.000 prepare_engine_ms=145.654
2026-09-05T02:56:05.280Z whisper_model_prepare_start model=large-v3-v20240930_turbo_632MB folder=openai_whisper-large-v3-v20240930_turbo_632MB
2026-09-05T02:56:07.531Z whisper_model_prepare_complete model=large-v3-v20240930_turbo_632MB duration_s=2.251
2026-09-05T02:56:16.984Z dictation_capture_start permission_status=3
2026-09-05T02:56:16.991Z dictation_capture_starting
2026-09-05T02:56:16.991Z dictation_capture_start_cancelled_during_subscribe
2026-09-05T02:56:17.006Z dictation_capture_start permission_status=3
2026-09-05T02:56:17.007Z dictation_capture_starting
2026-09-05T02:56:17.044Z shared_mic_engine_started_from_prepared audio_engine_start_ms=50.301
2026-09-05T02:56:17.044Z shared_mic_diagnostics transition=subscribe wants_vpio=false blocks_vpio_promotion=true subscribers=1 vpio_subs=0 passive_subs=0 engine_running=true vpio_engaged=false vpio_deferred=false vpio_deferral_count=0
2026-09-05T02:56:17.045Z shared_mic_diagnostics transition=subscribe wants_vpio=false blocks_vpio_promotion=true subscribers=2 vpio_subs=0 passive_subs=0 engine_running=true vpio_engaged=false vpio_deferred=false vpio_deferral_count=0
2026-09-05T02:56:17.045Z dictation_capture_start_aborted reason="interrupted_during_subscribe"
2026-09-05T02:56:17.045Z shared_mic_diagnostics transition=unsubscribe wants_vpio=n/a blocks_vpio_promotion=n/a subscribers=1 vpio_subs=0 passive_subs=0 engine_running=true vpio_engaged=false vpio_deferred=false vpio_deferral_count=0
2026-09-05T02:56:17.046Z dictation_capture_engine_started file_created=true default_input=present default_input_transport=built-in sr=44100.0 ch=1
2026-09-05T02:56:17.147Z dictation_capture_first_buffer sr=44100.0 ch=1 original_ch=1 common_format=1 interleaved=false frames=4410 has_float_data=true
2026-09-05T02:56:21.831Z dictation_hotkey_stop mode=persistent tail_ms=0
2026-09-05T02:56:21.840Z dictation_stop_requested mode=persistent session=2
2026-09-05T02:56:21.895Z shared_mic_engine_stopped
2026-09-05T02:56:21.896Z shared_mic_diagnostics transition=unsubscribe wants_vpio=n/a blocks_vpio_promotion=n/a subscribers=0 vpio_subs=0 passive_subs=0 engine_running=false vpio_engaged=false vpio_deferred=false vpio_deferral_count=0
2026-09-05T02:56:21.896Z dictation_capture_stop sample_count=73600 effective_sample_count=73600 duration_s=4.600 wall_duration_s=4.851 file_bytes=298496 input_buffers=47 output_buffers=46 input_frames=207270 max_rms=0.015753 max_level=0.079 non_silent_buffers=24 missing_float_buffers=0 invalid_format_buffers=0 no_buffer_timeout=false
2026-09-05T02:56:21.897Z dictation_transcribe_begin file_bytes=298496
2026-09-05T02:56:22.004Z shared_mic_engine_prepare_timing vpio=false buffer_size=4096 set_vpio_ms=0.006 output_format_ms=0.009 install_tap_ms=0.005 total_ms=105.897
2026-09-05T02:56:22.004Z shared_mic_engine_input_device_prepared source=system_default device=present transport=built-in vpio=false set_device_ms=0.000 prepare_engine_ms=106.572
2026-09-05T02:56:23.525Z dictation_transcribe_complete chars=50 words=11 engine=whisper variant=large-v3-v20240930_turbo_632MB
