2026-09-11T20:43:08.924Z dictation_diagnostics_session_start pid=97035 version=0.8.0 build=20260909173236 source=dist-xcodebuild-release commit=1cc48e726ad4 process_id=97035 process_session=16a57b64-b3d6-4424-ade9-5cc35691868b uptime_ns=151593559738500
2026-09-11T20:44:04.182Z shared_mic_engine_prepare_timing vpio=false buffer_size=4096 set_vpio_ms=0.171 output_format_ms=0.023 install_tap_ms=0.122 total_ms=163.165 process_id=97035 process_session=16a57b64-b3d6-4424-ade9-5cc35691868b uptime_ns=151648817327250
2026-09-11T20:44:04.183Z shared_mic_engine_input_device_prepared source=system_default device=present transport=built-in vpio=false set_device_ms=0.000 prepare_engine_ms=164.605 process_id=97035 process_session=16a57b64-b3d6-4424-ade9-5cc35691868b uptime_ns=151648819124125
2026-09-11T20:45:21.366Z meeting_mic_capture_starting requested_mode=raw default_input=present default_input_transport=built-in process_id=97035 process_session=16a57b64-b3d6-4424-ade9-5cc35691868b uptime_ns=151726001257208
2026-09-11T20:45:21.689Z shared_mic_engine_started_from_prepared audio_engine_start_ms=315.687 process_id=97035 process_session=16a57b64-b3d6-4424-ade9-5cc35691868b uptime_ns=151726324733375
2026-09-11T20:45:21.690Z shared_mic_diagnostics transition=subscribe wants_vpio=false blocks_vpio_promotion=true subscribers=1 vpio_subs=0 passive_subs=0 engine_running=true vpio_engaged=false vpio_deferred=false vpio_deferral_count=0 process_id=97035 process_session=16a57b64-b3d6-4424-ade9-5cc35691868b uptime_ns=151726325506375
2026-09-11T20:45:21.691Z meeting_mic_processing mode=raw process_id=97035 process_session=16a57b64-b3d6-4424-ade9-5cc35691868b uptime_ns=151726325924458
2026-09-11T20:45:21.691Z meeting_mic_first_buffer sr=48000.0 ch=1 interleaved=false process_id=97035 process_session=16a57b64-b3d6-4424-ade9-5cc35691868b uptime_ns=151726326615416
2026-09-11T20:45:21.692Z meeting_mic_capture_started requested_mode=raw effective_mode=raw sr=48000.0 ch=1 default_input=present default_input_transport=built-in process_id=97035 process_session=16a57b64-b3d6-4424-ade9-5cc35691868b uptime_ns=151726327059666
2026-09-11T20:45:23.713Z shared_mic_engine_stopped process_id=97035 process_session=16a57b64-b3d6-4424-ade9-5cc35691868b uptime_ns=151728348436166
2026-09-11T20:45:23.714Z shared_mic_diagnostics transition=unsubscribe wants_vpio=n/a blocks_vpio_promotion=n/a subscribers=0 vpio_subs=0 passive_subs=0 engine_running=false vpio_engaged=false vpio_deferred=false vpio_deferral_count=0 process_id=97035 process_session=16a57b64-b3d6-4424-ade9-5cc35691868b uptime_ns=151728349262125
2026-09-11T20:45:23.715Z meeting_mic_capture_stopped default_input=present default_input_transport=built-in process_id=97035 process_session=16a57b64-b3d6-4424-ade9-5cc35691868b uptime_ns=151728350060125
2026-09-11T20:45:23.805Z shared_mic_engine_prepare_timing vpio=false buffer_size=4096 set_vpio_ms=0.005 output_format_ms=0.009 install_tap_ms=0.004 total_ms=87.434 process_id=97035 process_session=16a57b64-b3d6-4424-ade9-5cc35691868b uptime_ns=151728440338791
2026-09-11T20:45:23.806Z shared_mic_engine_input_device_prepared source=system_default device=present transport=built-in vpio=false set_device_ms=0.000 prepare_engine_ms=88.154 process_id=97035 process_session=16a57b64-b3d6-4424-ade9-5cc35691868b uptime_ns=151728441106791
2026-09-11T20:45:27.144Z shared_mic_engine_stopped process_id=97035 process_session=16a57b64-b3d6-4424-ade9-5cc35691868b uptime_ns=151731779049083
2026-09-11T20:45:27.256Z shared_mic_engine_prepare_timing vpio=false buffer_size=4096 set_vpio_ms=0.006 output_format_ms=0.014 install_tap_ms=0.005 total_ms=106.235 process_id=97035 process_session=16a57b64-b3d6-4424-ade9-5cc35691868b uptime_ns=151731891747916
2026-09-11T20:45:27.257Z shared_mic_engine_input_device_prepared source=system_default device=present transport=built-in vpio=false set_device_ms=0.000 prepare_engine_ms=107.188 process_id=97035 process_session=16a57b64-b3d6-4424-ade9-5cc35691868b uptime_ns=151731892648833
2026-09-11T20:52:46.695Z dictation_diagnostics_session_start pid=99140 version=0.8.0 build=20260909173236 source=dist-xcodebuild-release commit=1cc48e726ad4 process_id=99140 process_session=150249e2-8d71-4aa6-b1de-64ed726ac64e uptime_ns=152171328381583
2026-09-11T20:52:47.491Z shared_mic_engine_prepare_timing vpio=false buffer_size=4096 set_vpio_ms=0.022 output_format_ms=0.009 install_tap_ms=0.004 total_ms=102.806 process_id=99140 process_session=150249e2-8d71-4aa6-b1de-64ed726ac64e uptime_ns=152172125210791
2026-09-11T20:52:47.492Z shared_mic_engine_input_device_prepared source=system_default device=present transport=built-in vpio=false set_device_ms=0.000 prepare_engine_ms=103.481 process_id=99140 process_session=150249e2-8d71-4aa6-b1de-64ed726ac64e uptime_ns=152172125853250
2026-09-11T20:52:53.106Z meeting_live_chunking_mode session=C08C55C2-D76B-44F5-9BB3-A549B63FA4D4 mode=vad reason=started process_id=99140 process_session=150249e2-8d71-4aa6-b1de-64ed726ac64e uptime_ns=152177740055041
2026-09-11T20:52:53.139Z meeting_mic_capture_starting requested_mode=raw default_input=present default_input_transport=built-in process_id=99140 process_session=150249e2-8d71-4aa6-b1de-64ed726ac64e uptime_ns=152177772554875
2026-09-11T20:52:53.289Z shared_mic_engine_started_from_prepared audio_engine_start_ms=146.790 process_id=99140 process_session=150249e2-8d71-4aa6-b1de-64ed726ac64e uptime_ns=152177922736041
2026-09-11T20:52:53.290Z shared_mic_diagnostics transition=subscribe wants_vpio=false blocks_vpio_promotion=true subscribers=1 vpio_subs=0 passive_subs=0 engine_running=true vpio_engaged=false vpio_deferred=false vpio_deferral_count=0 process_id=99140 process_session=150249e2-8d71-4aa6-b1de-64ed726ac64e uptime_ns=152177923628166
2026-09-11T20:52:53.290Z meeting_mic_first_buffer sr=48000.0 ch=1 interleaved=false process_id=99140 process_session=150249e2-8d71-4aa6-b1de-64ed726ac64e uptime_ns=152177923661250
2026-09-11T20:52:53.290Z meeting_mic_processing mode=raw process_id=99140 process_session=150249e2-8d71-4aa6-b1de-64ed726ac64e uptime_ns=152177924167958
2026-09-11T20:52:53.291Z meeting_mic_capture_started requested_mode=raw effective_mode=raw sr=48000.0 ch=1 default_input=present default_input_transport=built-in process_id=99140 process_session=150249e2-8d71-4aa6-b1de-64ed726ac64e uptime_ns=152177924891041
2026-09-11T20:52:53.340Z system_audio_stream_screen_output_attached mode=discard process_id=99140 process_session=150249e2-8d71-4aa6-b1de-64ed726ac64e uptime_ns=152177973355333
2026-09-11T20:52:53.515Z system_audio_stream_started sr=48000 ch=2 process_id=99140 process_session=150249e2-8d71-4aa6-b1de-64ed726ac64e uptime_ns=152178148790250
2026-09-11T20:52:53.516Z meeting_recording_started session=C08C55C2-D76B-44F5-9BB3-A549B63FA4D4 source_mode=Optional(MacParakeetCore.MeetingAudioSourceMode.microphoneAndSystem) requested_mic_mode=raw effective_mic_mode=raw process_id=99140 process_session=150249e2-8d71-4aa6-b1de-64ed726ac64e uptime_ns=152178149611958
2026-09-11T20:52:53.591Z system_audio_stream_first_buffer sr=48000 ch=2 process_id=99140 process_session=150249e2-8d71-4aa6-b1de-64ed726ac64e uptime_ns=152178224774250
2026-09-11T20:52:59.939Z meeting_stop_stage session=C08C55C2-D76B-44F5-9BB3-A549B63FA4D4 stage=notes_commit duration_ms=1 outcome=success process_id=99140 process_session=150249e2-8d71-4aa6-b1de-64ed726ac64e uptime_ns=152184572633958
2026-09-11T20:52:59.940Z meeting_recording_stopping session=C08C55C2-D76B-44F5-9BB3-A549B63FA4D4 process_id=99140 process_session=150249e2-8d71-4aa6-b1de-64ed726ac64e uptime_ns=152184573568458
2026-09-11T20:52:59.953Z shared_mic_engine_stopped process_id=99140 process_session=150249e2-8d71-4aa6-b1de-64ed726ac64e uptime_ns=152184586216125
2026-09-11T20:52:59.953Z shared_mic_diagnostics transition=unsubscribe wants_vpio=n/a blocks_vpio_promotion=n/a subscribers=0 vpio_subs=0 passive_subs=0 engine_running=false vpio_engaged=false vpio_deferred=false vpio_deferral_count=0 process_id=99140 process_session=150249e2-8d71-4aa6-b1de-64ed726ac64e uptime_ns=152184586998541
2026-09-11T20:52:59.954Z meeting_mic_capture_stopped default_input=present default_input_transport=built-in process_id=99140 process_session=150249e2-8d71-4aa6-b1de-64ed726ac64e uptime_ns=152184587806458
2026-09-11T20:52:59.979Z system_audio_stream_stopped outcome=completed process_id=99140 process_session=150249e2-8d71-4aa6-b1de-64ed726ac64e uptime_ns=152184613087625
2026-09-11T20:52:59.980Z meeting_stop_stage session=C08C55C2-D76B-44F5-9BB3-A549B63FA4D4 stage=capture_stop duration_ms=40 outcome=success process_id=99140 process_session=150249e2-8d71-4aa6-b1de-64ed726ac64e uptime_ns=152184613830916
2026-09-11T20:52:59.992Z meeting_stop_stage session=C08C55C2-D76B-44F5-9BB3-A549B63FA4D4 stage=processing_drain duration_ms=11 outcome=success process_id=99140 process_session=150249e2-8d71-4aa6-b1de-64ed726ac64e uptime_ns=152184625374416
2026-09-11T20:53:00.006Z meeting_stop_stage session=C08C55C2-D76B-44F5-9BB3-A549B63FA4D4 stage=writer_finalize duration_ms=14 outcome=success process_id=99140 process_session=150249e2-8d71-4aa6-b1de-64ed726ac64e uptime_ns=152184639824333
2026-09-11T20:53:00.017Z meeting_stop_stage session=C08C55C2-D76B-44F5-9BB3-A549B63FA4D4 stage=source_urls duration_ms=10 outcome=success process_id=99140 process_session=150249e2-8d71-4aa6-b1de-64ed726ac64e uptime_ns=152184650469000
2026-09-11T20:53:00.018Z meeting_stop_stage session=C08C55C2-D76B-44F5-9BB3-A549B63FA4D4 stage=metadata_save duration_ms=1 outcome=success process_id=99140 process_session=150249e2-8d71-4aa6-b1de-64ed726ac64e uptime_ns=152184651783583
2026-09-11T20:53:00.037Z shared_mic_engine_prepare_timing vpio=false buffer_size=4096 set_vpio_ms=0.004 output_format_ms=0.008 install_tap_ms=0.004 total_ms=79.104 process_id=99140 process_session=150249e2-8d71-4aa6-b1de-64ed726ac64e uptime_ns=152184670682541
2026-09-11T20:53:00.038Z shared_mic_engine_input_device_prepared source=system_default device=present transport=built-in vpio=false set_device_ms=0.000 prepare_engine_ms=79.816 process_id=99140 process_session=150249e2-8d71-4aa6-b1de-64ed726ac64e uptime_ns=152184671354333
2026-09-11T20:53:00.136Z meeting_stop_stage session=C08C55C2-D76B-44F5-9BB3-A549B63FA4D4 stage=mix duration_ms=118 outcome=success process_id=99140 process_session=150249e2-8d71-4aa6-b1de-64ed726ac64e uptime_ns=152184769959916
2026-09-11T20:53:00.137Z meeting_stop_stage session=C08C55C2-D76B-44F5-9BB3-A549B63FA4D4 stage=notes_write duration_ms=0 outcome=success process_id=99140 process_session=150249e2-8d71-4aa6-b1de-64ed726ac64e uptime_ns=152184770572416
2026-09-11T20:53:00.138Z meeting_stop_stage session=C08C55C2-D76B-44F5-9BB3-A549B63FA4D4 stage=lock_write duration_ms=0 outcome=success process_id=99140 process_session=150249e2-8d71-4aa6-b1de-64ed726ac64e uptime_ns=152184771370500
2026-09-11T20:53:00.138Z meeting_cleaned_mic session=C08C55C2-D76B-44F5-9BB3-A549B63FA4D4 outcome=scheduled process_id=99140 process_session=150249e2-8d71-4aa6-b1de-64ed726ac64e uptime_ns=152184771843333
2026-09-11T20:53:00.139Z meeting_stop_stage session=C08C55C2-D76B-44F5-9BB3-A549B63FA4D4 stage=cleaned_mic_schedule duration_ms=0 outcome=success process_id=99140 process_session=150249e2-8d71-4aa6-b1de-64ed726ac64e uptime_ns=152184772227875
2026-09-11T20:53:00.139Z meeting_stop_stage session=C08C55C2-D76B-44F5-9BB3-A549B63FA4D4 stage=cleanup duration_ms=0 outcome=success process_id=99140 process_session=150249e2-8d71-4aa6-b1de-64ed726ac64e uptime_ns=152184772566750
2026-09-11T20:53:00.139Z meeting_recording_stopped session=C08C55C2-D76B-44F5-9BB3-A549B63FA4D4 duration_s=6.693 process_id=99140 process_session=150249e2-8d71-4aa6-b1de-64ed726ac64e uptime_ns=152184772891875
2026-09-11T20:53:00.140Z meeting_recording_health session=C08C55C2-D76B-44F5-9BB3-A549B63FA4D4 duration_s=6.424 captured_duration_s=6.716 capture_quality=healthy source_mode=microphone_and_system mic_started=true requested_mic_mode=raw effective_mic_mode=raw mic_first_buffer=true system_first_buffer=true mic_bytes=58669 system_bytes=4886 mixed_bytes=109487 mic_frames=321600 system_frames=308160 mic_coverage=1.000 system_coverage=0.999 mic_capture_status=complete system_capture_status=complete mic_chunks_enqueued=0 system_chunks_enqueued=0 mic_chunks_low_signal_dropped=0 system_chunks_low_signal_dropped=0 mic_chunks_system_dominant_dropped=0 mic_peak_level=0.382 system_peak_level=0.000 system_signal=silent backpressure_drops=0 transcription_failures=0 interrupted_sources=none capture_failed=false process_id=99140 process_session=150249e2-8d71-4aa6-b1de-64ed726ac64e uptime_ns=152184773428333
2026-09-11T20:53:00.140Z meeting_echo_suppression_summary session=C08C55C2-D76B-44F5-9BB3-A549B63FA4D4 processor=localvqe loaded=true mic_frames=401 processed_frames=401 raw_fallback_frames=0 full_reference_frames=401 partial_reference_frames=0 missing_reference_frames=0 processing_failures=0 current_delay_samples=0 delay_confidence=0.000 delay_estimate_count=0 rejected_delay_estimates=13 process_id=99140 process_session=150249e2-8d71-4aa6-b1de-64ed726ac64e uptime_ns=152184773915250
2026-09-11T20:53:00.141Z meeting_stop_stage session=C08C55C2-D76B-44F5-9BB3-A549B63FA4D4 stage=service_total duration_ms=201 outcome=success process_id=99140 process_session=150249e2-8d71-4aa6-b1de-64ed726ac64e uptime_ns=152184774443583
2026-09-11T20:53:00.141Z meeting_stop_stage session=C08C55C2-D76B-44F5-9BB3-A549B63FA4D4 stage=service_stop duration_ms=201 outcome=success process_id=99140 process_session=150249e2-8d71-4aa6-b1de-64ed726ac64e uptime_ns=152184774777166
2026-09-11T20:53:00.143Z meeting_cleaned_mic session=C08C55C2-D76B-44F5-9BB3-A549B63FA4D4 outcome=skipped reason=skippedNoEchoPath renderer_reason=no_echo_path probe_detail=no_reference_energy probe_windows=0 probe_best_correlation=none process_id=99140 process_session=150249e2-8d71-4aa6-b1de-64ed726ac64e uptime_ns=152184776346541
2026-09-11T20:53:00.144Z meeting_stop_stage session=C08C55C2-D76B-44F5-9BB3-A549B63FA4D4 stage=prepare_row duration_ms=2 outcome=success process_id=99140 process_session=150249e2-8d71-4aa6-b1de-64ed726ac64e uptime_ns=152184777522958
2026-09-11T20:53:00.144Z meeting_stop_stage session=C08C55C2-D76B-44F5-9BB3-A549B63FA4D4 stage=queue_enqueue duration_ms=0 outcome=success process_id=99140 process_session=150249e2-8d71-4aa6-b1de-64ed726ac64e uptime_ns=152184778138750
2026-09-11T20:53:00.147Z meeting_stop_stage session=C08C55C2-D76B-44F5-9BB3-A549B63FA4D4 stage=queued_total duration_ms=209 outcome=success process_id=99140 process_session=150249e2-8d71-4aa6-b1de-64ed726ac64e uptime_ns=152184780808916
2026-09-11T20:53:00.148Z meeting_transcription_queue_stage session=C08C55C2-D76B-44F5-9BB3-A549B63FA4D4 transcription=6726ADFF-CA76-47F6-AFE6-4B805EA91D49 stage=prepare_row outcome=started process_id=99140 process_session=150249e2-8d71-4aa6-b1de-64ed726ac64e uptime_ns=152184781863958
2026-09-11T20:53:00.148Z meeting_transcription_queue_stage session=C08C55C2-D76B-44F5-9BB3-A549B63FA4D4 transcription=6726ADFF-CA76-47F6-AFE6-4B805EA91D49 stage=prepare_row outcome=success duration_s=0.000 process_id=99140 process_session=150249e2-8d71-4aa6-b1de-64ed726ac64e uptime_ns=152184782124666
2026-09-11T20:53:00.148Z meeting_transcription_queue_stage session=C08C55C2-D76B-44F5-9BB3-A549B63FA4D4 transcription=6726ADFF-CA76-47F6-AFE6-4B805EA91D49 stage=finalize_transcript outcome=started process_id=99140 process_session=150249e2-8d71-4aa6-b1de-64ed726ac64e uptime_ns=152184782127166
2026-09-11T20:53:00.152Z meeting_echo_suppression_resolution session=C08C55C2-D76B-44F5-9BB3-A549B63FA4D4 reason_code=skippedNoEchoPath model_version=none render_duration_ms=none realtime_factor=none delay_estimate_ms=none probe_windows=0 probe_best_correlation=none process_id=99140 process_session=150249e2-8d71-4aa6-b1de-64ed726ac64e uptime_ns=152184785843750
2026-09-11T20:53:00.153Z meeting_cleaned_mic_source session=C08C55C2-D76B-44F5-9BB3-A549B63FA4D4 selected=raw reason=skippedNoEchoPath timeout_s=60.000 process_id=99140 process_session=150249e2-8d71-4aa6-b1de-64ed726ac64e uptime_ns=152184786275708
2026-09-11T20:53:00.564Z meeting_system_diarization_completed session=C08C55C2-D76B-44F5-9BB3-A549B63FA4D4 prior=unconstrained_no_attendee_count speakers=0 segments=0 duration_s=0.19 process_id=99140 process_session=150249e2-8d71-4aa6-b1de-64ed726ac64e uptime_ns=152185197854291
2026-09-11T20:53:00.571Z meeting_transcription_queue_stage session=C08C55C2-D76B-44F5-9BB3-A549B63FA4D4 transcription=6726ADFF-CA76-47F6-AFE6-4B805EA91D49 stage=finalize_transcript outcome=success duration_s=0.423 process_id=99140 process_session=150249e2-8d71-4aa6-b1de-64ed726ac64e uptime_ns=152185205044083
2026-09-11T20:53:00.571Z meeting_transcription_queue_stage session=C08C55C2-D76B-44F5-9BB3-A549B63FA4D4 transcription=6726ADFF-CA76-47F6-AFE6-4B805EA91D49 stage=settle_artifacts outcome=started process_id=99140 process_session=150249e2-8d71-4aa6-b1de-64ed726ac64e uptime_ns=152185205051750
2026-09-11T20:53:00.572Z meeting_transcription_queue_stage session=C08C55C2-D76B-44F5-9BB3-A549B63FA4D4 transcription=6726ADFF-CA76-47F6-AFE6-4B805EA91D49 stage=settle_artifacts outcome=success duration_s=0.000 process_id=99140 process_session=150249e2-8d71-4aa6-b1de-64ed726ac64e uptime_ns=152185205455083
2026-09-11T20:53:59.980Z shared_mic_engine_configuration_changed sr=48000.0 ch=1 isRunning=false engine_is_running=false default_input=present default_input_transport=built-in process_id=99140 process_session=150249e2-8d71-4aa6-b1de-64ed726ac64e uptime_ns=152244613048583
2026-09-11T20:53:59.993Z shared_mic_engine_configuration_change_ignored reason=unchanged_prepared_setup process_id=99140 process_session=150249e2-8d71-4aa6-b1de-64ed726ac64e uptime_ns=152244626026583
2026-09-12T07:00:52.084Z dictation_preview_started engine=parakeet process_id=99140 process_session=150249e2-8d71-4aa6-b1de-64ed726ac64e uptime_ns=152593422814750
2026-09-12T07:00:52.085Z dictation_capture_start permission_status=3 process_id=99140 process_session=150249e2-8d71-4aa6-b1de-64ed726ac64e uptime_ns=152593424252875
2026-09-12T07:00:52.090Z dictation_capture_starting process_id=99140 process_session=150249e2-8d71-4aa6-b1de-64ed726ac64e uptime_ns=152593428756166
2026-09-12T07:00:52.239Z dictation_capture_first_buffer sr=48000.0 ch=1 original_ch=1 common_format=1 interleaved=false frames=4800 has_float_data=true process_id=99140 process_session=150249e2-8d71-4aa6-b1de-64ed726ac64e uptime_ns=152593578344833
2026-09-12T07:00:52.240Z shared_mic_engine_started_from_prepared audio_engine_start_ms=147.305 process_id=99140 process_session=150249e2-8d71-4aa6-b1de-64ed726ac64e uptime_ns=152593579438958
2026-09-12T07:00:52.241Z shared_mic_diagnostics transition=subscribe wants_vpio=false blocks_vpio_promotion=true subscribers=1 vpio_subs=0 passive_subs=0 engine_running=true vpio_engaged=false vpio_deferred=false vpio_deferral_count=0 process_id=99140 process_session=150249e2-8d71-4aa6-b1de-64ed726ac64e uptime_ns=152593580101375
2026-09-12T07:00:52.242Z dictation_capture_engine_started file_created=true default_input=present default_input_transport=built-in sr=48000.0 ch=1 process_id=99140 process_session=150249e2-8d71-4aa6-b1de-64ed726ac64e uptime_ns=152593580916625
2026-09-12T07:00:53.250Z dictation_preview_pass engine=parakeet ms=115 samples=16000 chars=17 process_id=99140 process_session=150249e2-8d71-4aa6-b1de-64ed726ac64e uptime_ns=152594589646375
2026-09-12T07:00:53.913Z dictation_stop_requested mode=persistent session=1 process_id=99140 process_session=150249e2-8d71-4aa6-b1de-64ed726ac64e uptime_ns=152595251814500
2026-09-12T07:00:53.924Z shared_mic_engine_stopped process_id=99140 process_session=150249e2-8d71-4aa6-b1de-64ed726ac64e uptime_ns=152595263233875
2026-09-12T07:00:53.925Z shared_mic_diagnostics transition=unsubscribe wants_vpio=n/a blocks_vpio_promotion=n/a subscribers=0 vpio_subs=0 passive_subs=0 engine_running=false vpio_engaged=false vpio_deferred=false vpio_deferral_count=0 process_id=99140 process_session=150249e2-8d71-4aa6-b1de-64ed726ac64e uptime_ns=152595264306375
2026-09-12T07:00:53.926Z dictation_capture_stop sample_count=27200 effective_sample_count=27200 duration_s=1.700 wall_duration_s=1.685 file_bytes=112896 input_buffers=17 output_buffers=17 input_frames=81600 max_rms=0.021229 max_level=0.106 non_silent_buffers=15 missing_float_buffers=0 invalid_format_buffers=0 no_buffer_timeout=false process_id=99140 process_session=150249e2-8d71-4aa6-b1de-64ed726ac64e uptime_ns=152595265219458
2026-09-12T07:00:53.927Z dictation_transcribe_begin file_bytes=112896 process_id=99140 process_session=150249e2-8d71-4aa6-b1de-64ed726ac64e uptime_ns=152595266331625
2026-09-12T07:00:54.027Z dictation_transcribe_complete chars=31 words=6 engine=parakeet variant=v3 captured_duration_ms=1673 timed_words=6 first_word_start_ms=160 last_word_end_ms=1840 timed_span_ms=1680 timing_end_permille=1100 process_id=99140 process_session=150249e2-8d71-4aa6-b1de-64ed726ac64e uptime_ns=152595366116916
2026-09-12T07:00:54.039Z shared_mic_engine_prepare_timing vpio=false buffer_size=4096 set_vpio_ms=0.010 output_format_ms=0.015 install_tap_ms=0.009 total_ms=109.209 process_id=99140 process_session=150249e2-8d71-4aa6-b1de-64ed726ac64e uptime_ns=152595377798583
2026-09-12T07:00:54.039Z shared_mic_engine_input_device_prepared source=system_default device=present transport=built-in vpio=false set_device_ms=0.000 prepare_engine_ms=109.998 process_id=99140 process_session=150249e2-8d71-4aa6-b1de-64ed726ac64e uptime_ns=152595378566500
2026-09-12T07:01:44.256Z dictation_preview_started engine=parakeet process_id=99140 process_session=150249e2-8d71-4aa6-b1de-64ed726ac64e uptime_ns=152645595589375
2026-09-12T07:01:44.259Z dictation_capture_start permission_status=3 process_id=99140 process_session=150249e2-8d71-4aa6-b1de-64ed726ac64e uptime_ns=152645598585041
2026-09-12T07:01:44.260Z dictation_capture_starting process_id=99140 process_session=150249e2-8d71-4aa6-b1de-64ed726ac64e uptime_ns=152645599542916
2026-09-12T07:01:44.413Z dictation_capture_first_buffer sr=44100.0 ch=1 original_ch=1 common_format=1 interleaved=false frames=4410 has_float_data=true process_id=99140 process_session=150249e2-8d71-4aa6-b1de-64ed726ac64e uptime_ns=152645751779041
2026-09-12T07:01:44.414Z shared_mic_engine_started_from_prepared audio_engine_start_ms=149.850 process_id=99140 process_session=150249e2-8d71-4aa6-b1de-64ed726ac64e uptime_ns=152645752806458
2026-09-12T07:01:44.420Z shared_mic_diagnostics transition=subscribe wants_vpio=false blocks_vpio_promotion=true subscribers=1 vpio_subs=0 passive_subs=0 engine_running=true vpio_engaged=false vpio_deferred=false vpio_deferral_count=0 process_id=99140 process_session=150249e2-8d71-4aa6-b1de-64ed726ac64e uptime_ns=152645759704125
2026-09-12T07:01:44.421Z dictation_capture_engine_started file_created=true default_input=present default_input_transport=built-in sr=44100.0 ch=1 process_id=99140 process_session=150249e2-8d71-4aa6-b1de-64ed726ac64e uptime_ns=152645760680291
2026-09-12T07:01:45.416Z dictation_preview_pass engine=parakeet ms=98 samples=16000 chars=21 process_id=99140 process_session=150249e2-8d71-4aa6-b1de-64ed726ac64e uptime_ns=152646755043458
2026-09-12T07:01:46.515Z dictation_preview_pass engine=parakeet ms=105 samples=33600 chars=35 process_id=99140 process_session=150249e2-8d71-4aa6-b1de-64ed726ac64e uptime_ns=152647854298583
2026-09-12T07:01:47.519Z dictation_preview_pass engine=parakeet ms=99 samples=49600 chars=0 process_id=99140 process_session=150249e2-8d71-4aa6-b1de-64ed726ac64e uptime_ns=152648857976333
2026-09-12T07:01:48.633Z dictation_preview_pass engine=parakeet ms=121 samples=67200 chars=54 process_id=99140 process_session=150249e2-8d71-4aa6-b1de-64ed726ac64e uptime_ns=152649971806833
2026-09-12T07:01:49.461Z dictation_capture_heartbeat input_buffers=51 input_frames=224910 isRunning=true default_input=present default_input_transport=built-in process_id=99140 process_session=150249e2-8d71-4aa6-b1de-64ed726ac64e uptime_ns=152650800015333
2026-09-12T07:01:49.731Z dictation_preview_pass engine=parakeet ms=117 samples=84800 chars=71 process_id=99140 process_session=150249e2-8d71-4aa6-b1de-64ed726ac64e uptime_ns=152651070212916
2026-09-12T07:01:50.731Z dictation_preview_pass engine=parakeet ms=117 samples=100800 chars=71 process_id=99140 process_session=150249e2-8d71-4aa6-b1de-64ed726ac64e uptime_ns=152652070368500
2026-09-12T07:01:51.844Z dictation_preview_pass engine=parakeet ms=129 samples=118400 chars=110 process_id=99140 process_session=150249e2-8d71-4aa6-b1de-64ed726ac64e uptime_ns=152653183555708
2026-09-12T07:01:52.952Z dictation_preview_pass engine=parakeet ms=133 samples=136000 chars=125 process_id=99140 process_session=150249e2-8d71-4aa6-b1de-64ed726ac64e uptime_ns=152654290806708
2026-09-12T07:01:54.051Z dictation_preview_pass engine=parakeet ms=141 samples=153600 chars=153 process_id=99140 process_session=150249e2-8d71-4aa6-b1de-64ed726ac64e uptime_ns=152655390221250
2026-09-12T07:01:54.482Z dictation_capture_heartbeat input_buffers=101 input_frames=445410 isRunning=true default_input=present default_input_transport=built-in process_id=99140 process_session=150249e2-8d71-4aa6-b1de-64ed726ac64e uptime_ns=152655821694000
2026-09-12T07:01:55.075Z dictation_preview_pass engine=parakeet ms=156 samples=169600 chars=174 process_id=99140 process_session=150249e2-8d71-4aa6-b1de-64ed726ac64e uptime_ns=152656414484625
2026-09-12T07:01:56.153Z dictation_preview_pass engine=parakeet ms=142 samples=187200 chars=201 process_id=99140 process_session=150249e2-8d71-4aa6-b1de-64ed726ac64e uptime_ns=152657492404750
2026-09-12T07:01:57.269Z dictation_preview_pass engine=parakeet ms=155 samples=204800 chars=222 process_id=99140 process_session=150249e2-8d71-4aa6-b1de-64ed726ac64e uptime_ns=152658608339833
2026-09-12T07:01:58.391Z dictation_preview_pass engine=parakeet ms=174 samples=222400 chars=242 process_id=99140 process_session=150249e2-8d71-4aa6-b1de-64ed726ac64e uptime_ns=152659730607583
2026-09-12T07:01:59.494Z dictation_preview_pass engine=parakeet ms=186 samples=240000 chars=254 process_id=99140 process_session=150249e2-8d71-4aa6-b1de-64ed726ac64e uptime_ns=152660833284916
2026-09-12T07:01:59.510Z dictation_capture_heartbeat input_buffers=151 input_frames=665910 isRunning=true default_input=present default_input_transport=built-in process_id=99140 process_session=150249e2-8d71-4aa6-b1de-64ed726ac64e uptime_ns=152660849429916
2026-09-12T07:02:00.497Z dictation_preview_pass engine=parakeet ms=178 samples=240000 chars=281 process_id=99140 process_session=150249e2-8d71-4aa6-b1de-64ed726ac64e uptime_ns=152661835897416
2026-09-12T07:02:01.594Z dictation_preview_pass engine=parakeet ms=184 samples=240000 chars=305 process_id=99140 process_session=150249e2-8d71-4aa6-b1de-64ed726ac64e uptime_ns=152662933637458
2026-09-12T07:02:02.614Z dictation_preview_pass engine=parakeet ms=195 samples=240000 chars=290 process_id=99140 process_session=150249e2-8d71-4aa6-b1de-64ed726ac64e uptime_ns=152663953442000
2026-09-12T07:02:03.716Z dictation_preview_pass engine=parakeet ms=204 samples=240000 chars=292 process_id=99140 process_session=150249e2-8d71-4aa6-b1de-64ed726ac64e uptime_ns=152665055300916
2026-09-12T07:02:04.546Z dictation_capture_heartbeat input_buffers=202 input_frames=890820 isRunning=true default_input=present default_input_transport=built-in process_id=99140 process_session=150249e2-8d71-4aa6-b1de-64ed726ac64e uptime_ns=152665885739125
2026-09-12T07:02:04.827Z dictation_preview_pass engine=parakeet ms=212 samples=240000 chars=289 process_id=99140 process_session=150249e2-8d71-4aa6-b1de-64ed726ac64e uptime_ns=152666166045625
2026-09-12T07:02:05.945Z dictation_preview_pass engine=parakeet ms=228 samples=240000 chars=299 process_id=99140 process_session=150249e2-8d71-4aa6-b1de-64ed726ac64e uptime_ns=152667284436541
2026-09-12T07:02:07.019Z dictation_preview_pass engine=parakeet ms=210 samples=240000 chars=284 process_id=99140 process_session=150249e2-8d71-4aa6-b1de-64ed726ac64e uptime_ns=152668357983250
2026-09-12T07:02:08.014Z dictation_preview_pass engine=parakeet ms=196 samples=240000 chars=280 process_id=99140 process_session=150249e2-8d71-4aa6-b1de-64ed726ac64e uptime_ns=152669352940833
2026-09-12T07:02:09.110Z dictation_preview_pass engine=parakeet ms=199 samples=240000 chars=277 process_id=99140 process_session=150249e2-8d71-4aa6-b1de-64ed726ac64e uptime_ns=152670449195625
2026-09-12T07:02:09.600Z dictation_capture_heartbeat input_buffers=252 input_frames=1111320 isRunning=true default_input=present default_input_transport=built-in process_id=99140 process_session=150249e2-8d71-4aa6-b1de-64ed726ac64e uptime_ns=152670938916166
2026-09-12T07:02:10.197Z dictation_preview_pass engine=parakeet ms=183 samples=240000 chars=280 process_id=99140 process_session=150249e2-8d71-4aa6-b1de-64ed726ac64e uptime_ns=152671535836541
2026-09-12T07:02:11.310Z dictation_preview_pass engine=parakeet ms=193 samples=240000 chars=276 process_id=99140 process_session=150249e2-8d71-4aa6-b1de-64ed726ac64e uptime_ns=152672648807208
2026-09-12T07:02:12.412Z dictation_preview_pass engine=parakeet ms=193 samples=240000 chars=246 process_id=99140 process_session=150249e2-8d71-4aa6-b1de-64ed726ac64e uptime_ns=152673751714333
2026-09-12T07:02:13.477Z dictation_preview_pass engine=parakeet ms=166 samples=240000 chars=124 process_id=99140 process_session=150249e2-8d71-4aa6-b1de-64ed726ac64e uptime_ns=152674815933625
2026-09-12T07:02:14.610Z dictation_preview_pass engine=parakeet ms=197 samples=240000 chars=264 process_id=99140 process_session=150249e2-8d71-4aa6-b1de-64ed726ac64e uptime_ns=152675949342750
2026-09-12T07:02:14.635Z dictation_capture_heartbeat input_buffers=303 input_frames=1336230 isRunning=true default_input=present default_input_transport=built-in process_id=99140 process_session=150249e2-8d71-4aa6-b1de-64ed726ac64e uptime_ns=152675973840666
2026-09-12T07:02:15.692Z dictation_preview_pass engine=parakeet ms=176 samples=240000 chars=270 process_id=99140 process_session=150249e2-8d71-4aa6-b1de-64ed726ac64e uptime_ns=152677031341916
2026-09-12T07:02:16.813Z dictation_preview_pass engine=parakeet ms=194 samples=240000 chars=277 process_id=99140 process_session=150249e2-8d71-4aa6-b1de-64ed726ac64e uptime_ns=152678152591208
2026-09-12T07:02:17.888Z dictation_preview_pass engine=parakeet ms=178 samples=240000 chars=256 process_id=99140 process_session=150249e2-8d71-4aa6-b1de-64ed726ac64e uptime_ns=152679227672000
2026-09-12T07:02:18.988Z dictation_preview_pass engine=parakeet ms=174 samples=240000 chars=237 process_id=99140 process_session=150249e2-8d71-4aa6-b1de-64ed726ac64e uptime_ns=152680326824375
2026-09-12T07:02:19.672Z dictation_capture_heartbeat input_buffers=353 input_frames=1556730 isRunning=true default_input=present default_input_transport=built-in process_id=99140 process_session=150249e2-8d71-4aa6-b1de-64ed726ac64e uptime_ns=152681011162458
2026-09-12T07:02:20.080Z dictation_preview_pass engine=parakeet ms=163 samples=240000 chars=121 process_id=99140 process_session=150249e2-8d71-4aa6-b1de-64ed726ac64e uptime_ns=152681418960208
2026-09-12T07:02:21.178Z dictation_preview_pass engine=parakeet ms=159 samples=240000 chars=197 process_id=99140 process_session=150249e2-8d71-4aa6-b1de-64ed726ac64e uptime_ns=152682517494833
2026-09-12T07:02:22.259Z dictation_preview_pass engine=parakeet ms=148 samples=240000 chars=102 process_id=99140 process_session=150249e2-8d71-4aa6-b1de-64ed726ac64e uptime_ns=152683598095500
2026-09-12T07:02:23.411Z dictation_preview_pass engine=parakeet ms=198 samples=240000 chars=236 process_id=99140 process_session=150249e2-8d71-4aa6-b1de-64ed726ac64e uptime_ns=152684750356541
2026-09-12T07:02:24.516Z dictation_preview_pass engine=parakeet ms=199 samples=240000 chars=243 process_id=99140 process_session=150249e2-8d71-4aa6-b1de-64ed726ac64e uptime_ns=152685855121333
2026-09-12T07:02:24.523Z dictation_stop_requested mode=persistent session=2 process_id=99140 process_session=150249e2-8d71-4aa6-b1de-64ed726ac64e uptime_ns=152685861850958
2026-09-12T07:02:24.566Z shared_mic_engine_stopped process_id=99140 process_session=150249e2-8d71-4aa6-b1de-64ed726ac64e uptime_ns=152685905664583
2026-09-12T07:02:24.567Z shared_mic_diagnostics transition=unsubscribe wants_vpio=n/a blocks_vpio_promotion=n/a subscribers=0 vpio_subs=0 passive_subs=0 engine_running=false vpio_engaged=false vpio_deferred=false vpio_deferral_count=0 process_id=99140 process_session=150249e2-8d71-4aa6-b1de-64ed726ac64e uptime_ns=152685906477500
2026-09-12T07:02:24.568Z dictation_capture_stop sample_count=643200 effective_sample_count=643200 duration_s=40.200 wall_duration_s=40.147 file_bytes=2576896 input_buffers=402 output_buffers=402 input_frames=1772820 max_rms=0.078340 max_level=0.392 non_silent_buffers=380 missing_float_buffers=0 invalid_format_buffers=0 no_buffer_timeout=false process_id=99140 process_session=150249e2-8d71-4aa6-b1de-64ed726ac64e uptime_ns=152685907243750
2026-09-12T07:02:24.569Z dictation_transcribe_begin file_bytes=2576896 process_id=99140 process_session=150249e2-8d71-4aa6-b1de-64ed726ac64e uptime_ns=152685908090791
2026-09-12T07:02:24.681Z shared_mic_engine_prepare_timing vpio=false buffer_size=4096 set_vpio_ms=0.006 output_format_ms=0.015 install_tap_ms=0.006 total_ms=109.676 process_id=99140 process_session=150249e2-8d71-4aa6-b1de-64ed726ac64e uptime_ns=152686020097333
2026-09-12T07:02:24.682Z shared_mic_engine_input_device_prepared source=system_default device=present transport=built-in vpio=false set_device_ms=0.000 prepare_engine_ms=110.885 process_id=99140 process_session=150249e2-8d71-4aa6-b1de-64ed726ac64e uptime_ns=152686021298791
2026-09-12T07:02:24.850Z dictation_transcribe_complete chars=681 words=96 engine=parakeet variant=v3 captured_duration_ms=40100 timed_words=96 first_word_start_ms=1840 last_word_end_ms=40000 timed_span_ms=38160 timing_end_permille=998 process_id=99140 process_session=150249e2-8d71-4aa6-b1de-64ed726ac64e uptime_ns=152686189008416
2026-09-12T07:03:04.326Z meeting_live_chunking_mode session=E07BF748-5ED9-48CB-B29F-E0017442F0C2 mode=vad reason=started process_id=99140 process_session=150249e2-8d71-4aa6-b1de-64ed726ac64e uptime_ns=152725665274458
2026-09-12T07:03:04.344Z meeting_mic_capture_starting requested_mode=raw default_input=present default_input_transport=built-in process_id=99140 process_session=150249e2-8d71-4aa6-b1de-64ed726ac64e uptime_ns=152725682827500
2026-09-12T07:03:04.498Z shared_mic_engine_started_from_prepared audio_engine_start_ms=151.002 process_id=99140 process_session=150249e2-8d71-4aa6-b1de-64ed726ac64e uptime_ns=152725837326958
2026-09-12T07:03:04.499Z shared_mic_diagnostics transition=subscribe wants_vpio=false blocks_vpio_promotion=true subscribers=1 vpio_subs=0 passive_subs=0 engine_running=true vpio_engaged=false vpio_deferred=false vpio_deferral_count=0 process_id=99140 process_session=150249e2-8d71-4aa6-b1de-64ed726ac64e uptime_ns=152725838722875
2026-09-12T07:03:04.500Z meeting_mic_first_buffer sr=44100.0 ch=1 interleaved=false process_id=99140 process_session=150249e2-8d71-4aa6-b1de-64ed726ac64e uptime_ns=152725838757208
2026-09-12T07:03:04.500Z meeting_mic_processing mode=raw process_id=99140 process_session=150249e2-8d71-4aa6-b1de-64ed726ac64e uptime_ns=152725839670625
2026-09-12T07:03:04.502Z meeting_mic_capture_started requested_mode=raw effective_mode=raw sr=44100.0 ch=1 default_input=present default_input_transport=built-in process_id=99140 process_session=150249e2-8d71-4aa6-b1de-64ed726ac64e uptime_ns=152725840770750
2026-09-12T07:03:04.555Z system_audio_stream_screen_output_attached mode=discard process_id=99140 process_session=150249e2-8d71-4aa6-b1de-64ed726ac64e uptime_ns=152725894042083
2026-09-12T07:03:04.681Z system_audio_stream_started sr=48000 ch=2 process_id=99140 process_session=150249e2-8d71-4aa6-b1de-64ed726ac64e uptime_ns=152726020136875
2026-09-12T07:03:04.682Z meeting_recording_started session=E07BF748-5ED9-48CB-B29F-E0017442F0C2 source_mode=Optional(MacParakeetCore.MeetingAudioSourceMode.microphoneAndSystem) requested_mic_mode=raw effective_mic_mode=raw process_id=99140 process_session=150249e2-8d71-4aa6-b1de-64ed726ac64e uptime_ns=152726021338333
2026-09-12T07:03:04.684Z system_audio_stream_first_buffer sr=48000 ch=2 process_id=99140 process_session=150249e2-8d71-4aa6-b1de-64ed726ac64e uptime_ns=152726023064541
2026-09-12T07:04:24.073Z meeting_stop_stage session=E07BF748-5ED9-48CB-B29F-E0017442F0C2 stage=notes_commit duration_ms=1 outcome=success process_id=99140 process_session=150249e2-8d71-4aa6-b1de-64ed726ac64e uptime_ns=152805412037000
2026-09-12T07:04:24.074Z meeting_recording_stopping session=E07BF748-5ED9-48CB-B29F-E0017442F0C2 process_id=99140 process_session=150249e2-8d71-4aa6-b1de-64ed726ac64e uptime_ns=152805413107333
2026-09-12T07:04:24.125Z shared_mic_engine_stopped process_id=99140 process_session=150249e2-8d71-4aa6-b1de-64ed726ac64e uptime_ns=152805463968125
2026-09-12T07:04:24.126Z shared_mic_diagnostics transition=unsubscribe wants_vpio=n/a blocks_vpio_promotion=n/a subscribers=0 vpio_subs=0 passive_subs=0 engine_running=false vpio_engaged=false vpio_deferred=false vpio_deferral_count=0 process_id=99140 process_session=150249e2-8d71-4aa6-b1de-64ed726ac64e uptime_ns=152805464807166
2026-09-12T07:04:24.127Z meeting_mic_capture_stopped default_input=present default_input_transport=built-in process_id=99140 process_session=150249e2-8d71-4aa6-b1de-64ed726ac64e uptime_ns=152805465864958
2026-09-12T07:04:24.142Z system_audio_stream_stopped outcome=completed process_id=99140 process_session=150249e2-8d71-4aa6-b1de-64ed726ac64e uptime_ns=152805481480750
2026-09-12T07:04:24.143Z meeting_stop_stage session=E07BF748-5ED9-48CB-B29F-E0017442F0C2 stage=capture_stop duration_ms=69 outcome=success process_id=99140 process_session=150249e2-8d71-4aa6-b1de-64ed726ac64e uptime_ns=152805482534625
2026-09-12T07:04:24.155Z meeting_stop_stage session=E07BF748-5ED9-48CB-B29F-E0017442F0C2 stage=processing_drain duration_ms=11 outcome=success process_id=99140 process_session=150249e2-8d71-4aa6-b1de-64ed726ac64e uptime_ns=152805494085125
2026-09-12T07:04:24.174Z meeting_stop_stage session=E07BF748-5ED9-48CB-B29F-E0017442F0C2 stage=writer_finalize duration_ms=18 outcome=success process_id=99140 process_session=150249e2-8d71-4aa6-b1de-64ed726ac64e uptime_ns=152805513125000
2026-09-12T07:04:24.204Z meeting_stop_stage session=E07BF748-5ED9-48CB-B29F-E0017442F0C2 stage=source_urls duration_ms=29 outcome=success process_id=99140 process_session=150249e2-8d71-4aa6-b1de-64ed726ac64e uptime_ns=152805543165875
2026-09-12T07:04:24.205Z meeting_stop_stage session=E07BF748-5ED9-48CB-B29F-E0017442F0C2 stage=metadata_save duration_ms=1 outcome=success process_id=99140 process_session=150249e2-8d71-4aa6-b1de-64ed726ac64e uptime_ns=152805544492000
2026-09-12T07:04:24.222Z shared_mic_engine_prepare_timing vpio=false buffer_size=4096 set_vpio_ms=0.005 output_format_ms=0.009 install_tap_ms=0.005 total_ms=91.450 process_id=99140 process_session=150249e2-8d71-4aa6-b1de-64ed726ac64e uptime_ns=152805561426625
2026-09-12T07:04:24.223Z shared_mic_engine_input_device_prepared source=system_default device=present transport=built-in vpio=false set_device_ms=0.000 prepare_engine_ms=92.284 process_id=99140 process_session=150249e2-8d71-4aa6-b1de-64ed726ac64e uptime_ns=152805562222958
2026-09-12T07:04:24.772Z meeting_stop_stage session=E07BF748-5ED9-48CB-B29F-E0017442F0C2 stage=mix duration_ms=566 outcome=success process_id=99140 process_session=150249e2-8d71-4aa6-b1de-64ed726ac64e uptime_ns=152806111072916
2026-09-12T07:04:24.773Z meeting_stop_stage session=E07BF748-5ED9-48CB-B29F-E0017442F0C2 stage=notes_write duration_ms=0 outcome=success process_id=99140 process_session=150249e2-8d71-4aa6-b1de-64ed726ac64e uptime_ns=152806112093250
2026-09-12T07:04:24.774Z meeting_stop_stage session=E07BF748-5ED9-48CB-B29F-E0017442F0C2 stage=lock_write duration_ms=0 outcome=success process_id=99140 process_session=150249e2-8d71-4aa6-b1de-64ed726ac64e uptime_ns=152806113044125
2026-09-12T07:04:24.774Z meeting_cleaned_mic session=E07BF748-5ED9-48CB-B29F-E0017442F0C2 outcome=scheduled process_id=99140 process_session=150249e2-8d71-4aa6-b1de-64ed726ac64e uptime_ns=152806113649333
2026-09-12T07:04:24.775Z meeting_stop_stage session=E07BF748-5ED9-48CB-B29F-E0017442F0C2 stage=cleaned_mic_schedule duration_ms=0 outcome=success process_id=99140 process_session=150249e2-8d71-4aa6-b1de-64ed726ac64e uptime_ns=152806114062375
2026-09-12T07:04:24.775Z meeting_stop_stage session=E07BF748-5ED9-48CB-B29F-E0017442F0C2 stage=cleanup duration_ms=0 outcome=success process_id=99140 process_session=150249e2-8d71-4aa6-b1de-64ed726ac64e uptime_ns=152806114484666
2026-09-12T07:04:24.776Z meeting_recording_stopped session=E07BF748-5ED9-48CB-B29F-E0017442F0C2 duration_s=79.606 process_id=99140 process_session=150249e2-8d71-4aa6-b1de-64ed726ac64e uptime_ns=152806114884916
2026-09-12T07:04:24.776Z meeting_recording_health session=E07BF748-5ED9-48CB-B29F-E0017442F0C2 duration_s=79.392 captured_duration_s=79.629 capture_quality=healthy source_mode=microphone_and_system mic_started=true requested_mic_mode=raw effective_mic_mode=raw mic_first_buffer=true system_first_buffer=true mic_bytes=668468 system_bytes=42318 mixed_bytes=1289441 mic_frames=3820549 system_frames=3810240 mic_coverage=1.000 system_coverage=1.000 mic_capture_status=complete system_capture_status=silent mic_chunks_enqueued=8 system_chunks_enqueued=0 mic_chunks_low_signal_dropped=0 system_chunks_low_signal_dropped=0 mic_chunks_system_dominant_dropped=0 mic_peak_level=0.716 system_peak_level=0.000 system_signal=silent backpressure_drops=0 transcription_failures=0 interrupted_sources=none capture_failed=false process_id=99140 process_session=150249e2-8d71-4aa6-b1de-64ed726ac64e uptime_ns=152806115509625
2026-09-12T07:04:24.777Z meeting_system_audio_silent session=E07BF748-5ED9-48CB-B29F-E0017442F0C2 duration_s=79.392 mic_peak_level=0.716 detail=system_audio_tap_delivered_only_silence process_id=99140 process_session=150249e2-8d71-4aa6-b1de-64ed726ac64e uptime_ns=152806116049750
2026-09-12T07:04:24.777Z meeting_echo_suppression_summary session=E07BF748-5ED9-48CB-B29F-E0017442F0C2 processor=localvqe loaded=true mic_frames=4961 processed_frames=4961 raw_fallback_frames=0 full_reference_frames=4961 partial_reference_frames=0 missing_reference_frames=0 processing_failures=0 current_delay_samples=0 delay_confidence=0.000 delay_estimate_count=0 rejected_delay_estimates=159 process_id=99140 process_session=150249e2-8d71-4aa6-b1de-64ed726ac64e uptime_ns=152806116430708
2026-09-12T07:04:24.778Z meeting_stop_stage session=E07BF748-5ED9-48CB-B29F-E0017442F0C2 stage=service_total duration_ms=704 outcome=success process_id=99140 process_session=150249e2-8d71-4aa6-b1de-64ed726ac64e uptime_ns=152806117028666
2026-09-12T07:04:24.778Z meeting_stop_stage session=E07BF748-5ED9-48CB-B29F-E0017442F0C2 stage=service_stop duration_ms=704 outcome=success process_id=99140 process_session=150249e2-8d71-4aa6-b1de-64ed726ac64e uptime_ns=152806117446916
2026-09-12T07:04:24.782Z meeting_stop_stage session=E07BF748-5ED9-48CB-B29F-E0017442F0C2 stage=prepare_row duration_ms=3 outcome=success process_id=99140 process_session=150249e2-8d71-4aa6-b1de-64ed726ac64e uptime_ns=152806120973208
2026-09-12T07:04:24.782Z meeting_stop_stage session=E07BF748-5ED9-48CB-B29F-E0017442F0C2 stage=queue_enqueue duration_ms=0 outcome=success process_id=99140 process_session=150249e2-8d71-4aa6-b1de-64ed726ac64e uptime_ns=152806121491166
2026-09-12T07:04:24.784Z meeting_stop_stage session=E07BF748-5ED9-48CB-B29F-E0017442F0C2 stage=queued_total duration_ms=712 outcome=success process_id=99140 process_session=150249e2-8d71-4aa6-b1de-64ed726ac64e uptime_ns=152806123032250
2026-09-12T07:04:24.785Z meeting_transcription_queue_stage session=E07BF748-5ED9-48CB-B29F-E0017442F0C2 transcription=EF3D3CDD-C907-489A-9A8F-E63EA6C6CD28 stage=prepare_row outcome=started process_id=99140 process_session=150249e2-8d71-4aa6-b1de-64ed726ac64e uptime_ns=152806124496833
2026-09-12T07:04:24.786Z meeting_transcription_queue_stage session=E07BF748-5ED9-48CB-B29F-E0017442F0C2 transcription=EF3D3CDD-C907-489A-9A8F-E63EA6C6CD28 stage=prepare_row outcome=success duration_s=0.000 process_id=99140 process_session=150249e2-8d71-4aa6-b1de-64ed726ac64e uptime_ns=152806124827750
2026-09-12T07:04:24.786Z meeting_transcription_queue_stage session=E07BF748-5ED9-48CB-B29F-E0017442F0C2 transcription=EF3D3CDD-C907-489A-9A8F-E63EA6C6CD28 stage=finalize_transcript outcome=started process_id=99140 process_session=150249e2-8d71-4aa6-b1de-64ed726ac64e uptime_ns=152806124831916
2026-09-12T07:04:24.827Z meeting_cleaned_mic session=E07BF748-5ED9-48CB-B29F-E0017442F0C2 outcome=skipped reason=skippedNoEchoPath renderer_reason=no_echo_path probe_detail=no_reference_energy probe_windows=0 probe_best_correlation=none process_id=99140 process_session=150249e2-8d71-4aa6-b1de-64ed726ac64e uptime_ns=152806165765750
2026-09-12T07:04:24.828Z meeting_echo_suppression_resolution session=E07BF748-5ED9-48CB-B29F-E0017442F0C2 reason_code=skippedNoEchoPath model_version=none render_duration_ms=none realtime_factor=none delay_estimate_ms=none probe_windows=0 probe_best_correlation=none process_id=99140 process_session=150249e2-8d71-4aa6-b1de-64ed726ac64e uptime_ns=152806167292708
2026-09-12T07:04:24.829Z meeting_cleaned_mic_source session=E07BF748-5ED9-48CB-B29F-E0017442F0C2 selected=raw reason=skippedNoEchoPath timeout_s=60.000 process_id=99140 process_session=150249e2-8d71-4aa6-b1de-64ed726ac64e uptime_ns=152806167948958
2026-09-12T07:04:26.940Z meeting_system_diarization_completed session=E07BF748-5ED9-48CB-B29F-E0017442F0C2 prior=unconstrained_no_attendee_count speakers=0 segments=0 duration_s=0.79 process_id=99140 process_session=150249e2-8d71-4aa6-b1de-64ed726ac64e uptime_ns=152808278833375
2026-09-12T07:04:26.957Z meeting_transcription_queue_stage session=E07BF748-5ED9-48CB-B29F-E0017442F0C2 transcription=EF3D3CDD-C907-489A-9A8F-E63EA6C6CD28 stage=finalize_transcript outcome=success duration_s=2.172 process_id=99140 process_session=150249e2-8d71-4aa6-b1de-64ed726ac64e uptime_ns=152808296350791
2026-09-12T07:04:26.957Z meeting_transcription_queue_stage session=E07BF748-5ED9-48CB-B29F-E0017442F0C2 transcription=EF3D3CDD-C907-489A-9A8F-E63EA6C6CD28 stage=settle_artifacts outcome=started process_id=99140 process_session=150249e2-8d71-4aa6-b1de-64ed726ac64e uptime_ns=152808296361041
2026-09-12T07:04:26.958Z meeting_transcription_queue_stage session=E07BF748-5ED9-48CB-B29F-E0017442F0C2 transcription=EF3D3CDD-C907-489A-9A8F-E63EA6C6CD28 stage=settle_artifacts outcome=success duration_s=0.001 process_id=99140 process_session=150249e2-8d71-4aa6-b1de-64ed726ac64e uptime_ns=152808297259875
2026-09-12T07:08:14.060Z dictation_diagnostics_session_start pid=1317 version=0.8.0 build=20260909173236 source=dist-xcodebuild-release commit=1cc48e726ad4 process_id=1317 process_session=7ee8afbe-1f6e-428a-9a66-86b8eaeecd74 uptime_ns=153035398799916
2026-09-12T07:08:14.946Z shared_mic_engine_prepare_timing vpio=false buffer_size=4096 set_vpio_ms=0.016 output_format_ms=0.017 install_tap_ms=0.010 total_ms=133.063 process_id=1317 process_session=7ee8afbe-1f6e-428a-9a66-86b8eaeecd74 uptime_ns=153036284814583
2026-09-12T07:08:14.947Z shared_mic_engine_input_device_prepared source=system_default device=present transport=built-in vpio=false set_device_ms=0.000 prepare_engine_ms=134.291 process_id=1317 process_session=7ee8afbe-1f6e-428a-9a66-86b8eaeecd74 uptime_ns=153036286003375
2026-09-12T07:21:38.252Z dictation_diagnostics_session_start pid=6819 version=0.8.0 build=20260909173236 source=dist-xcodebuild-release commit=1cc48e726ad4 process_id=6819 process_session=dfdc7698-07ac-468e-8f10-cb9248f22324 uptime_ns=153839590338958
2026-09-12T07:21:38.793Z shared_mic_engine_prepare_timing vpio=false buffer_size=4096 set_vpio_ms=0.045 output_format_ms=0.043 install_tap_ms=0.012 total_ms=155.277 process_id=6819 process_session=dfdc7698-07ac-468e-8f10-cb9248f22324 uptime_ns=153840131433833
2026-09-12T07:21:38.794Z shared_mic_engine_input_device_prepared source=system_default device=present transport=built-in vpio=false set_device_ms=0.000 prepare_engine_ms=156.879 process_id=6819 process_session=dfdc7698-07ac-468e-8f10-cb9248f22324 uptime_ns=153840133024333
2026-09-13T12:08:01.915Z dictation_diagnostics_session_start pid=34279 version=0.8.0 build=20260909173236 source=dist-xcodebuild-release commit=1cc48e726ad4 process_id=34279 process_session=bb1c7c57-bd1a-476f-90bd-186f8eee6970 uptime_ns=171556771552958
2026-09-13T12:08:02.581Z shared_mic_engine_prepare_timing vpio=false buffer_size=4096 set_vpio_ms=0.034 output_format_ms=0.161 install_tap_ms=0.016 total_ms=210.930 process_id=34279 process_session=bb1c7c57-bd1a-476f-90bd-186f8eee6970 uptime_ns=171557437418041
2026-09-13T12:08:02.582Z shared_mic_engine_input_device_prepared source=system_default device=present transport=built-in vpio=false set_device_ms=0.000 prepare_engine_ms=212.129 process_id=34279 process_session=bb1c7c57-bd1a-476f-90bd-186f8eee6970 uptime_ns=171557438596458
2026-09-13T12:08:23.037Z meeting_live_chunking_mode session=5F5618A6-ACA2-4A67-97B0-1B66DFAB2A5E mode=vad reason=started process_id=34279 process_session=bb1c7c57-bd1a-476f-90bd-186f8eee6970 uptime_ns=171577893013000
2026-09-13T12:08:23.068Z meeting_mic_capture_starting requested_mode=raw default_input=present default_input_transport=built-in process_id=34279 process_session=bb1c7c57-bd1a-476f-90bd-186f8eee6970 uptime_ns=171577923885125
2026-09-13T12:08:23.225Z shared_mic_engine_started_from_prepared audio_engine_start_ms=152.974 process_id=34279 process_session=bb1c7c57-bd1a-476f-90bd-186f8eee6970 uptime_ns=171578081404833
2026-09-13T12:08:23.226Z shared_mic_diagnostics transition=subscribe wants_vpio=false blocks_vpio_promotion=true subscribers=1 vpio_subs=0 passive_subs=0 engine_running=true vpio_engaged=false vpio_deferred=false vpio_deferral_count=0 process_id=34279 process_session=bb1c7c57-bd1a-476f-90bd-186f8eee6970 uptime_ns=171578082472041
2026-09-13T12:08:23.226Z meeting_mic_first_buffer sr=44100.0 ch=1 interleaved=false process_id=34279 process_session=bb1c7c57-bd1a-476f-90bd-186f8eee6970 uptime_ns=171578082508083
2026-09-13T12:08:23.227Z meeting_mic_processing mode=raw process_id=34279 process_session=bb1c7c57-bd1a-476f-90bd-186f8eee6970 uptime_ns=171578083087000
2026-09-13T12:08:23.228Z meeting_mic_capture_started requested_mode=raw effective_mode=raw sr=44100.0 ch=1 default_input=present default_input_transport=built-in process_id=34279 process_session=bb1c7c57-bd1a-476f-90bd-186f8eee6970 uptime_ns=171578083778416
2026-09-13T12:08:23.300Z system_audio_stream_screen_output_attached mode=discard process_id=34279 process_session=bb1c7c57-bd1a-476f-90bd-186f8eee6970 uptime_ns=171578156249000
2026-09-13T12:08:23.518Z system_audio_stream_started sr=48000 ch=2 process_id=34279 process_session=bb1c7c57-bd1a-476f-90bd-186f8eee6970 uptime_ns=171578374514750
2026-09-13T12:08:23.520Z meeting_recording_started session=5F5618A6-ACA2-4A67-97B0-1B66DFAB2A5E source_mode=Optional(MacParakeetCore.MeetingAudioSourceMode.microphoneAndSystem) requested_mic_mode=raw effective_mic_mode=raw process_id=34279 process_session=bb1c7c57-bd1a-476f-90bd-186f8eee6970 uptime_ns=171578376046916
2026-09-13T12:08:23.649Z system_audio_stream_first_buffer sr=48000 ch=2 process_id=34279 process_session=bb1c7c57-bd1a-476f-90bd-186f8eee6970 uptime_ns=171578504582875
2026-09-13T12:09:07.307Z meeting_stop_stage session=5F5618A6-ACA2-4A67-97B0-1B66DFAB2A5E stage=notes_commit duration_ms=2 outcome=success process_id=34279 process_session=bb1c7c57-bd1a-476f-90bd-186f8eee6970 uptime_ns=171622162952666
2026-09-13T12:09:07.308Z meeting_recording_stopping session=5F5618A6-ACA2-4A67-97B0-1B66DFAB2A5E process_id=34279 process_session=bb1c7c57-bd1a-476f-90bd-186f8eee6970 uptime_ns=171622164255083
2026-09-13T12:09:07.329Z shared_mic_engine_stopped process_id=34279 process_session=bb1c7c57-bd1a-476f-90bd-186f8eee6970 uptime_ns=171622184496416
2026-09-13T12:09:07.330Z shared_mic_diagnostics transition=unsubscribe wants_vpio=n/a blocks_vpio_promotion=n/a subscribers=0 vpio_subs=0 passive_subs=0 engine_running=false vpio_engaged=false vpio_deferred=false vpio_deferral_count=0 process_id=34279 process_session=bb1c7c57-bd1a-476f-90bd-186f8eee6970 uptime_ns=171622185855083
2026-09-13T12:09:07.331Z meeting_mic_capture_stopped default_input=present default_input_transport=built-in process_id=34279 process_session=bb1c7c57-bd1a-476f-90bd-186f8eee6970 uptime_ns=171622187120666
2026-09-13T12:09:07.366Z system_audio_stream_stopped outcome=completed process_id=34279 process_session=bb1c7c57-bd1a-476f-90bd-186f8eee6970 uptime_ns=171622222287708
2026-09-13T12:09:07.368Z meeting_stop_stage session=5F5618A6-ACA2-4A67-97B0-1B66DFAB2A5E stage=capture_stop duration_ms=59 outcome=success process_id=34279 process_session=bb1c7c57-bd1a-476f-90bd-186f8eee6970 uptime_ns=171622223545541
2026-09-13T12:09:07.379Z meeting_stop_stage session=5F5618A6-ACA2-4A67-97B0-1B66DFAB2A5E stage=processing_drain duration_ms=11 outcome=success process_id=34279 process_session=bb1c7c57-bd1a-476f-90bd-186f8eee6970 uptime_ns=171622235318791
2026-09-13T12:09:07.392Z meeting_stop_stage session=5F5618A6-ACA2-4A67-97B0-1B66DFAB2A5E stage=writer_finalize duration_ms=12 outcome=success process_id=34279 process_session=bb1c7c57-bd1a-476f-90bd-186f8eee6970 uptime_ns=171622248179666
2026-09-13T12:09:07.408Z meeting_stop_stage session=5F5618A6-ACA2-4A67-97B0-1B66DFAB2A5E stage=source_urls duration_ms=15 outcome=success process_id=34279 process_session=bb1c7c57-bd1a-476f-90bd-186f8eee6970 uptime_ns=171622263824083
2026-09-13T12:09:07.410Z meeting_stop_stage session=5F5618A6-ACA2-4A67-97B0-1B66DFAB2A5E stage=metadata_save duration_ms=1 outcome=success process_id=34279 process_session=bb1c7c57-bd1a-476f-90bd-186f8eee6970 uptime_ns=171622265994166
2026-09-13T12:09:07.452Z shared_mic_engine_prepare_timing vpio=false buffer_size=4096 set_vpio_ms=0.007 output_format_ms=0.012 install_tap_ms=0.008 total_ms=116.317 process_id=34279 process_session=bb1c7c57-bd1a-476f-90bd-186f8eee6970 uptime_ns=171622307745791
2026-09-13T12:09:07.453Z shared_mic_engine_input_device_prepared source=system_default device=present transport=built-in vpio=false set_device_ms=0.000 prepare_engine_ms=117.398 process_id=34279 process_session=bb1c7c57-bd1a-476f-90bd-186f8eee6970 uptime_ns=171622308783791
2026-09-13T12:09:08.243Z meeting_stop_stage session=5F5618A6-ACA2-4A67-97B0-1B66DFAB2A5E stage=mix duration_ms=832 outcome=success process_id=34279 process_session=bb1c7c57-bd1a-476f-90bd-186f8eee6970 uptime_ns=171623098535583
2026-09-13T12:09:08.243Z meeting_stop_stage session=5F5618A6-ACA2-4A67-97B0-1B66DFAB2A5E stage=notes_write duration_ms=0 outcome=success process_id=34279 process_session=bb1c7c57-bd1a-476f-90bd-186f8eee6970 uptime_ns=171623099292333
2026-09-13T12:09:08.245Z meeting_stop_stage session=5F5618A6-ACA2-4A67-97B0-1B66DFAB2A5E stage=lock_write duration_ms=0 outcome=success process_id=34279 process_session=bb1c7c57-bd1a-476f-90bd-186f8eee6970 uptime_ns=171623100349250
2026-09-13T12:09:08.245Z meeting_cleaned_mic session=5F5618A6-ACA2-4A67-97B0-1B66DFAB2A5E outcome=scheduled process_id=34279 process_session=bb1c7c57-bd1a-476f-90bd-186f8eee6970 uptime_ns=171623101165875
2026-09-13T12:09:08.246Z meeting_stop_stage session=5F5618A6-ACA2-4A67-97B0-1B66DFAB2A5E stage=cleaned_mic_schedule duration_ms=1 outcome=success process_id=34279 process_session=bb1c7c57-bd1a-476f-90bd-186f8eee6970 uptime_ns=171623101677250
2026-09-13T12:09:08.246Z meeting_stop_stage session=5F5618A6-ACA2-4A67-97B0-1B66DFAB2A5E stage=cleanup duration_ms=0 outcome=success process_id=34279 process_session=bb1c7c57-bd1a-476f-90bd-186f8eee6970 uptime_ns=171623102082916
2026-09-13T12:09:08.247Z meeting_recording_stopped session=5F5618A6-ACA2-4A67-97B0-1B66DFAB2A5E duration_s=44.109 process_id=34279 process_session=bb1c7c57-bd1a-476f-90bd-186f8eee6970 uptime_ns=171623102482083
2026-09-13T12:09:08.247Z meeting_recording_health session=5F5618A6-ACA2-4A67-97B0-1B66DFAB2A5E duration_s=43.789 captured_duration_s=44.132 capture_quality=healthy source_mode=microphone_and_system mic_started=true requested_mic_mode=raw effective_mic_mode=raw mic_first_buffer=true system_first_buffer=true mic_bytes=383475 system_bytes=380585 mixed_bytes=722886 mic_frames=2116537 system_frames=2100480 mic_coverage=1.000 system_coverage=0.999 mic_capture_status=complete system_capture_status=complete mic_chunks_enqueued=1 system_chunks_enqueued=5 mic_chunks_low_signal_dropped=0 system_chunks_low_signal_dropped=0 mic_chunks_system_dominant_dropped=5 mic_peak_level=1.000 system_peak_level=0.456 system_signal=present backpressure_drops=0 transcription_failures=0 interrupted_sources=none capture_failed=false process_id=34279 process_session=bb1c7c57-bd1a-476f-90bd-186f8eee6970 uptime_ns=171623103122083
2026-09-13T12:09:08.248Z meeting_echo_suppression_summary session=5F5618A6-ACA2-4A67-97B0-1B66DFAB2A5E processor=localvqe loaded=true mic_frames=2754 processed_frames=2754 raw_fallback_frames=1 full_reference_frames=2723 partial_reference_frames=0 missing_reference_frames=31 processing_failures=0 current_delay_samples=1233 delay_confidence=0.841 delay_estimate_count=84 rejected_delay_estimates=4 process_id=34279 process_session=bb1c7c57-bd1a-476f-90bd-186f8eee6970 uptime_ns=171623103703458
2026-09-13T12:09:08.249Z meeting_stop_stage session=5F5618A6-ACA2-4A67-97B0-1B66DFAB2A5E stage=service_total duration_ms=940 outcome=success process_id=34279 process_session=bb1c7c57-bd1a-476f-90bd-186f8eee6970 uptime_ns=171623104348208
2026-09-13T12:09:08.249Z meeting_stop_stage session=5F5618A6-ACA2-4A67-97B0-1B66DFAB2A5E stage=service_stop duration_ms=941 outcome=success process_id=34279 process_session=bb1c7c57-bd1a-476f-90bd-186f8eee6970 uptime_ns=171623104942916
2026-09-13T12:09:08.254Z meeting_stop_stage session=5F5618A6-ACA2-4A67-97B0-1B66DFAB2A5E stage=prepare_row duration_ms=5 outcome=success process_id=34279 process_session=bb1c7c57-bd1a-476f-90bd-186f8eee6970 uptime_ns=171623110236125
2026-09-13T12:09:08.255Z meeting_stop_stage session=5F5618A6-ACA2-4A67-97B0-1B66DFAB2A5E stage=queue_enqueue duration_ms=0 outcome=success process_id=34279 process_session=bb1c7c57-bd1a-476f-90bd-186f8eee6970 uptime_ns=171623111299166
2026-09-13T12:09:08.257Z meeting_stop_stage session=5F5618A6-ACA2-4A67-97B0-1B66DFAB2A5E stage=queued_total duration_ms=951 outcome=success process_id=34279 process_session=bb1c7c57-bd1a-476f-90bd-186f8eee6970 uptime_ns=171623112427458
2026-09-13T12:09:08.259Z meeting_transcription_queue_stage session=5F5618A6-ACA2-4A67-97B0-1B66DFAB2A5E transcription=B4E43819-7E6C-436A-8F82-9BA69626FBAC stage=prepare_row outcome=started process_id=34279 process_session=bb1c7c57-bd1a-476f-90bd-186f8eee6970 uptime_ns=171623114551375
2026-09-13T12:09:08.259Z meeting_transcription_queue_stage session=5F5618A6-ACA2-4A67-97B0-1B66DFAB2A5E transcription=B4E43819-7E6C-436A-8F82-9BA69626FBAC stage=prepare_row outcome=success duration_s=0.000 process_id=34279 process_session=bb1c7c57-bd1a-476f-90bd-186f8eee6970 uptime_ns=171623114888916
2026-09-13T12:09:08.259Z meeting_transcription_queue_stage session=5F5618A6-ACA2-4A67-97B0-1B66DFAB2A5E transcription=B4E43819-7E6C-436A-8F82-9BA69626FBAC stage=finalize_transcript outcome=started process_id=34279 process_session=bb1c7c57-bd1a-476f-90bd-186f8eee6970 uptime_ns=171623114892291
2026-09-13T12:09:11.883Z meeting_cleaned_mic session=5F5618A6-ACA2-4A67-97B0-1B66DFAB2A5E outcome=rendered duration_s=44.102 render_duration_ms=3637 realtime_factor=12.13 processed_frames=2756 raw_fallback_frames=1 failures=0 rms_ratio=0.34 probe_windows=1 probe_best_correlation=0.484 process_id=34279 process_session=bb1c7c57-bd1a-476f-90bd-186f8eee6970 uptime_ns=171626738738500
2026-09-13T12:09:11.890Z meeting_echo_suppression_resolution session=5F5618A6-ACA2-4A67-97B0-1B66DFAB2A5E reason_code=cleanedUsed model_version=localvqe-v1.4-aec-200K-f32.gguf render_duration_ms=3637 realtime_factor=12.13 delay_estimate_ms=33 probe_windows=1 probe_best_correlation=0.484 process_id=34279 process_session=bb1c7c57-bd1a-476f-90bd-186f8eee6970 uptime_ns=171626745915000
2026-09-13T12:09:11.891Z meeting_cleaned_mic_source session=5F5618A6-ACA2-4A67-97B0-1B66DFAB2A5E selected=cleaned reason=cleanedUsed timeout_s=60.000 process_id=34279 process_session=bb1c7c57-bd1a-476f-90bd-186f8eee6970 uptime_ns=171626746653708
2026-09-13T12:09:13.629Z meeting_system_diarization_completed session=5F5618A6-ACA2-4A67-97B0-1B66DFAB2A5E prior=unconstrained_no_attendee_count speakers=2 segments=20 duration_s=1.01 process_id=34279 process_session=bb1c7c57-bd1a-476f-90bd-186f8eee6970 uptime_ns=171628485258958
2026-09-13T12:09:13.654Z meeting_transcription_queue_stage session=5F5618A6-ACA2-4A67-97B0-1B66DFAB2A5E transcription=B4E43819-7E6C-436A-8F82-9BA69626FBAC stage=finalize_transcript outcome=success duration_s=5.395 process_id=34279 process_session=bb1c7c57-bd1a-476f-90bd-186f8eee6970 uptime_ns=171628509729416
2026-09-13T12:09:13.654Z meeting_transcription_queue_stage session=5F5618A6-ACA2-4A67-97B0-1B66DFAB2A5E transcription=B4E43819-7E6C-436A-8F82-9BA69626FBAC stage=settle_artifacts outcome=started process_id=34279 process_session=bb1c7c57-bd1a-476f-90bd-186f8eee6970 uptime_ns=171628509739250
2026-09-13T12:09:13.655Z meeting_transcription_queue_stage session=5F5618A6-ACA2-4A67-97B0-1B66DFAB2A5E transcription=B4E43819-7E6C-436A-8F82-9BA69626FBAC stage=settle_artifacts outcome=success duration_s=0.001 process_id=34279 process_session=bb1c7c57-bd1a-476f-90bd-186f8eee6970 uptime_ns=171628510832375
2026-09-13T12:21:50.973Z meeting_live_chunking_mode session=EE22923B-2EFD-4181-97A4-83756BE71BE1 mode=vad reason=started process_id=34279 process_session=bb1c7c57-bd1a-476f-90bd-186f8eee6970 uptime_ns=172385824083333
2026-09-13T12:21:50.994Z meeting_mic_capture_starting requested_mode=raw default_input=present default_input_transport=built-in process_id=34279 process_session=bb1c7c57-bd1a-476f-90bd-186f8eee6970 uptime_ns=172385845241041
2026-09-13T12:21:51.157Z shared_mic_engine_started_from_prepared audio_engine_start_ms=159.593 process_id=34279 process_session=bb1c7c57-bd1a-476f-90bd-186f8eee6970 uptime_ns=172386008583666
2026-09-13T12:21:51.158Z shared_mic_diagnostics transition=subscribe wants_vpio=false blocks_vpio_promotion=true subscribers=1 vpio_subs=0 passive_subs=0 engine_running=true vpio_engaged=false vpio_deferred=false vpio_deferral_count=0 process_id=34279 process_session=bb1c7c57-bd1a-476f-90bd-186f8eee6970 uptime_ns=172386009979416
2026-09-13T12:21:51.159Z meeting_mic_first_buffer sr=44100.0 ch=1 interleaved=false process_id=34279 process_session=bb1c7c57-bd1a-476f-90bd-186f8eee6970 uptime_ns=172386010172083
2026-09-13T12:21:51.159Z meeting_mic_processing mode=raw process_id=34279 process_session=bb1c7c57-bd1a-476f-90bd-186f8eee6970 uptime_ns=172386010631000
2026-09-13T12:21:51.160Z meeting_mic_capture_started requested_mode=raw effective_mode=raw sr=44100.0 ch=1 default_input=present default_input_transport=built-in process_id=34279 process_session=bb1c7c57-bd1a-476f-90bd-186f8eee6970 uptime_ns=172386011614125
2026-09-13T12:21:51.235Z system_audio_stream_screen_output_attached mode=discard process_id=34279 process_session=bb1c7c57-bd1a-476f-90bd-186f8eee6970 uptime_ns=172386086294791
2026-09-13T12:21:51.384Z system_audio_stream_started sr=48000 ch=2 process_id=34279 process_session=bb1c7c57-bd1a-476f-90bd-186f8eee6970 uptime_ns=172386235617875
2026-09-13T12:21:51.385Z meeting_recording_started session=EE22923B-2EFD-4181-97A4-83756BE71BE1 source_mode=Optional(MacParakeetCore.MeetingAudioSourceMode.microphoneAndSystem) requested_mic_mode=raw effective_mic_mode=raw process_id=34279 process_session=bb1c7c57-bd1a-476f-90bd-186f8eee6970 uptime_ns=172386236814041
2026-09-13T12:21:51.386Z system_audio_stream_first_buffer sr=48000 ch=2 process_id=34279 process_session=bb1c7c57-bd1a-476f-90bd-186f8eee6970 uptime_ns=172386237251666
2026-09-13T12:23:19.630Z meeting_stop_stage session=EE22923B-2EFD-4181-97A4-83756BE71BE1 stage=notes_commit duration_ms=1 outcome=success process_id=34279 process_session=bb1c7c57-bd1a-476f-90bd-186f8eee6970 uptime_ns=172474481045791
2026-09-13T12:23:19.631Z meeting_recording_stopping session=EE22923B-2EFD-4181-97A4-83756BE71BE1 process_id=34279 process_session=bb1c7c57-bd1a-476f-90bd-186f8eee6970 uptime_ns=172474482496208
2026-09-13T12:23:19.680Z shared_mic_engine_stopped process_id=34279 process_session=bb1c7c57-bd1a-476f-90bd-186f8eee6970 uptime_ns=172474530548916
2026-09-13T12:23:19.680Z shared_mic_diagnostics transition=unsubscribe wants_vpio=n/a blocks_vpio_promotion=n/a subscribers=0 vpio_subs=0 passive_subs=0 engine_running=false vpio_engaged=false vpio_deferred=false vpio_deferral_count=0 process_id=34279 process_session=bb1c7c57-bd1a-476f-90bd-186f8eee6970 uptime_ns=172474531354041
2026-09-13T12:23:19.681Z meeting_mic_capture_stopped default_input=present default_input_transport=built-in process_id=34279 process_session=bb1c7c57-bd1a-476f-90bd-186f8eee6970 uptime_ns=172474532376000
2026-09-13T12:23:19.720Z system_audio_stream_stopped outcome=completed process_id=34279 process_session=bb1c7c57-bd1a-476f-90bd-186f8eee6970 uptime_ns=172474570647125
2026-09-13T12:23:19.721Z meeting_stop_stage session=EE22923B-2EFD-4181-97A4-83756BE71BE1 stage=capture_stop duration_ms=89 outcome=success process_id=34279 process_session=bb1c7c57-bd1a-476f-90bd-186f8eee6970 uptime_ns=172474571786083
2026-09-13T12:23:19.732Z meeting_stop_stage session=EE22923B-2EFD-4181-97A4-83756BE71BE1 stage=processing_drain duration_ms=11 outcome=success process_id=34279 process_session=bb1c7c57-bd1a-476f-90bd-186f8eee6970 uptime_ns=172474583451750
2026-09-13T12:23:19.767Z meeting_stop_stage session=EE22923B-2EFD-4181-97A4-83756BE71BE1 stage=writer_finalize duration_ms=34 outcome=success process_id=34279 process_session=bb1c7c57-bd1a-476f-90bd-186f8eee6970 uptime_ns=172474618142583
2026-09-13T12:23:19.780Z meeting_stop_stage session=EE22923B-2EFD-4181-97A4-83756BE71BE1 stage=source_urls duration_ms=12 outcome=success process_id=34279 process_session=bb1c7c57-bd1a-476f-90bd-186f8eee6970 uptime_ns=172474630855666
2026-09-13T12:23:19.781Z meeting_stop_stage session=EE22923B-2EFD-4181-97A4-83756BE71BE1 stage=metadata_save duration_ms=0 outcome=success process_id=34279 process_session=bb1c7c57-bd1a-476f-90bd-186f8eee6970 uptime_ns=172474632542166
2026-09-13T12:23:19.788Z shared_mic_engine_prepare_timing vpio=false buffer_size=4096 set_vpio_ms=0.008 output_format_ms=0.018 install_tap_ms=0.007 total_ms=102.290 process_id=34279 process_session=bb1c7c57-bd1a-476f-90bd-186f8eee6970 uptime_ns=172474639436166
2026-09-13T12:23:19.789Z shared_mic_engine_input_device_prepared source=system_default device=present transport=built-in vpio=false set_device_ms=0.000 prepare_engine_ms=102.947 process_id=34279 process_session=bb1c7c57-bd1a-476f-90bd-186f8eee6970 uptime_ns=172474640045125
2026-09-13T12:23:20.448Z meeting_stop_stage session=EE22923B-2EFD-4181-97A4-83756BE71BE1 stage=mix duration_ms=666 outcome=success process_id=34279 process_session=bb1c7c57-bd1a-476f-90bd-186f8eee6970 uptime_ns=172475299514458
2026-09-13T12:23:20.449Z meeting_stop_stage session=EE22923B-2EFD-4181-97A4-83756BE71BE1 stage=notes_write duration_ms=0 outcome=success process_id=34279 process_session=bb1c7c57-bd1a-476f-90bd-186f8eee6970 uptime_ns=172475300393500
2026-09-13T12:23:20.450Z meeting_stop_stage session=EE22923B-2EFD-4181-97A4-83756BE71BE1 stage=lock_write duration_ms=0 outcome=success process_id=34279 process_session=bb1c7c57-bd1a-476f-90bd-186f8eee6970 uptime_ns=172475301394250
2026-09-13T12:23:20.451Z meeting_cleaned_mic session=EE22923B-2EFD-4181-97A4-83756BE71BE1 outcome=scheduled process_id=34279 process_session=bb1c7c57-bd1a-476f-90bd-186f8eee6970 uptime_ns=172475302044125
2026-09-13T12:23:20.451Z meeting_stop_stage session=EE22923B-2EFD-4181-97A4-83756BE71BE1 stage=cleaned_mic_schedule duration_ms=1 outcome=success process_id=34279 process_session=bb1c7c57-bd1a-476f-90bd-186f8eee6970 uptime_ns=172475302447541
2026-09-13T12:23:20.452Z meeting_stop_stage session=EE22923B-2EFD-4181-97A4-83756BE71BE1 stage=cleanup duration_ms=0 outcome=success process_id=34279 process_session=bb1c7c57-bd1a-476f-90bd-186f8eee6970 uptime_ns=172475302870583
2026-09-13T12:23:20.452Z meeting_recording_stopped session=EE22923B-2EFD-4181-97A4-83756BE71BE1 duration_s=88.510 process_id=34279 process_session=bb1c7c57-bd1a-476f-90bd-186f8eee6970 uptime_ns=172475303291125
2026-09-13T12:23:20.453Z meeting_recording_health session=EE22923B-2EFD-4181-97A4-83756BE71BE1 duration_s=88.246 captured_duration_s=88.533 capture_quality=healthy source_mode=microphone_and_system mic_started=true requested_mic_mode=raw effective_mic_mode=raw mic_first_buffer=true system_first_buffer=true mic_bytes=744652 system_bytes=46838 mixed_bytes=1433857 mic_frames=4247838 system_frames=4235520 mic_coverage=1.000 system_coverage=1.000 mic_capture_status=complete system_capture_status=silent mic_chunks_enqueued=3 system_chunks_enqueued=0 mic_chunks_low_signal_dropped=0 system_chunks_low_signal_dropped=0 mic_chunks_system_dominant_dropped=0 mic_peak_level=1.000 system_peak_level=0.000 system_signal=silent backpressure_drops=0 transcription_failures=0 interrupted_sources=none capture_failed=false process_id=34279 process_session=bb1c7c57-bd1a-476f-90bd-186f8eee6970 uptime_ns=172475303896416
2026-09-13T12:23:20.453Z meeting_system_audio_silent session=EE22923B-2EFD-4181-97A4-83756BE71BE1 duration_s=88.246 mic_peak_level=1.000 detail=system_audio_tap_delivered_only_silence process_id=34279 process_session=bb1c7c57-bd1a-476f-90bd-186f8eee6970 uptime_ns=172475304508291
2026-09-13T12:23:20.454Z meeting_echo_suppression_summary session=EE22923B-2EFD-4181-97A4-83756BE71BE1 processor=localvqe loaded=true mic_frames=5515 processed_frames=5515 raw_fallback_frames=0 full_reference_frames=5515 partial_reference_frames=0 missing_reference_frames=0 processing_failures=0 current_delay_samples=0 delay_confidence=0.000 delay_estimate_count=0 rejected_delay_estimates=176 process_id=34279 process_session=bb1c7c57-bd1a-476f-90bd-186f8eee6970 uptime_ns=172475304915333
2026-09-13T12:23:20.454Z meeting_stop_stage session=EE22923B-2EFD-4181-97A4-83756BE71BE1 stage=service_total duration_ms=823 outcome=success process_id=34279 process_session=bb1c7c57-bd1a-476f-90bd-186f8eee6970 uptime_ns=172475305517416
2026-09-13T12:23:20.455Z meeting_stop_stage session=EE22923B-2EFD-4181-97A4-83756BE71BE1 stage=service_stop duration_ms=824 outcome=success process_id=34279 process_session=bb1c7c57-bd1a-476f-90bd-186f8eee6970 uptime_ns=172475305967000
2026-09-13T12:23:20.458Z meeting_stop_stage session=EE22923B-2EFD-4181-97A4-83756BE71BE1 stage=prepare_row duration_ms=2 outcome=success process_id=34279 process_session=bb1c7c57-bd1a-476f-90bd-186f8eee6970 uptime_ns=172475308805375
2026-09-13T12:23:20.458Z meeting_stop_stage session=EE22923B-2EFD-4181-97A4-83756BE71BE1 stage=queue_enqueue duration_ms=0 outcome=success process_id=34279 process_session=bb1c7c57-bd1a-476f-90bd-186f8eee6970 uptime_ns=172475309429458
2026-09-13T12:23:20.459Z meeting_stop_stage session=EE22923B-2EFD-4181-97A4-83756BE71BE1 stage=queued_total duration_ms=831 outcome=success process_id=34279 process_session=bb1c7c57-bd1a-476f-90bd-186f8eee6970 uptime_ns=172475310333500
2026-09-13T12:23:20.460Z meeting_transcription_queue_stage session=EE22923B-2EFD-4181-97A4-83756BE71BE1 transcription=9B48C20C-EDBC-46D3-94F2-BEB8CD89C9AC stage=prepare_row outcome=started process_id=34279 process_session=bb1c7c57-bd1a-476f-90bd-186f8eee6970 uptime_ns=172475310785875
2026-09-13T12:23:20.460Z meeting_transcription_queue_stage session=EE22923B-2EFD-4181-97A4-83756BE71BE1 transcription=9B48C20C-EDBC-46D3-94F2-BEB8CD89C9AC stage=prepare_row outcome=success duration_s=0.000 process_id=34279 process_session=bb1c7c57-bd1a-476f-90bd-186f8eee6970 uptime_ns=172475311230791
2026-09-13T12:23:20.460Z meeting_transcription_queue_stage session=EE22923B-2EFD-4181-97A4-83756BE71BE1 transcription=9B48C20C-EDBC-46D3-94F2-BEB8CD89C9AC stage=finalize_transcript outcome=started process_id=34279 process_session=bb1c7c57-bd1a-476f-90bd-186f8eee6970 uptime_ns=172475311233500
2026-09-13T12:23:20.509Z meeting_cleaned_mic session=EE22923B-2EFD-4181-97A4-83756BE71BE1 outcome=skipped reason=skippedNoEchoPath renderer_reason=no_echo_path probe_detail=no_reference_energy probe_windows=0 probe_best_correlation=none process_id=34279 process_session=bb1c7c57-bd1a-476f-90bd-186f8eee6970 uptime_ns=172475360246333
2026-09-13T12:23:20.511Z meeting_echo_suppression_resolution session=EE22923B-2EFD-4181-97A4-83756BE71BE1 reason_code=skippedNoEchoPath model_version=none render_duration_ms=none realtime_factor=none delay_estimate_ms=none probe_windows=0 probe_best_correlation=none process_id=34279 process_session=bb1c7c57-bd1a-476f-90bd-186f8eee6970 uptime_ns=172475361927583
2026-09-13T12:23:20.512Z meeting_cleaned_mic_source session=EE22923B-2EFD-4181-97A4-83756BE71BE1 selected=raw reason=skippedNoEchoPath timeout_s=60.000 process_id=34279 process_session=bb1c7c57-bd1a-476f-90bd-186f8eee6970 uptime_ns=172475362570333
2026-09-13T12:23:22.531Z meeting_system_diarization_completed session=EE22923B-2EFD-4181-97A4-83756BE71BE1 prior=unconstrained_no_attendee_count speakers=0 segments=0 duration_s=1.09 process_id=34279 process_session=bb1c7c57-bd1a-476f-90bd-186f8eee6970 uptime_ns=172477382105583
2026-09-13T12:23:30.338Z meeting_transcription_queue_stage session=EE22923B-2EFD-4181-97A4-83756BE71BE1 transcription=9B48C20C-EDBC-46D3-94F2-BEB8CD89C9AC stage=finalize_transcript outcome=success duration_s=9.878 process_id=34279 process_session=bb1c7c57-bd1a-476f-90bd-186f8eee6970 uptime_ns=172485189072041
2026-09-13T12:23:30.338Z meeting_transcription_queue_stage session=EE22923B-2EFD-4181-97A4-83756BE71BE1 transcription=9B48C20C-EDBC-46D3-94F2-BEB8CD89C9AC stage=settle_artifacts outcome=started process_id=34279 process_session=bb1c7c57-bd1a-476f-90bd-186f8eee6970 uptime_ns=172485189082083
2026-09-13T12:23:30.339Z meeting_transcription_queue_stage session=EE22923B-2EFD-4181-97A4-83756BE71BE1 transcription=9B48C20C-EDBC-46D3-94F2-BEB8CD89C9AC stage=settle_artifacts outcome=success duration_s=0.001 process_id=34279 process_session=bb1c7c57-bd1a-476f-90bd-186f8eee6970 uptime_ns=172485189775375
2026-09-13T12:23:49.782Z dictation_diagnostics_session_start pid=39223 version=0.8.0 build=20260909173236 source=dist-xcodebuild-release commit=1cc48e726ad4 process_id=39223 process_session=8b7ecbbe-45c5-490e-9831-e0c94535f43e uptime_ns=172504633280250
2026-09-13T12:23:50.849Z shared_mic_engine_prepare_timing vpio=false buffer_size=4096 set_vpio_ms=0.015 output_format_ms=0.022 install_tap_ms=0.009 total_ms=147.500 process_id=39223 process_session=8b7ecbbe-45c5-490e-9831-e0c94535f43e uptime_ns=172505699933500
2026-09-13T12:23:50.850Z shared_mic_engine_input_device_prepared source=system_default device=present transport=built-in vpio=false set_device_ms=0.000 prepare_engine_ms=148.873 process_id=39223 process_session=8b7ecbbe-45c5-490e-9831-e0c94535f43e uptime_ns=172505701238916
2026-09-13T12:24:09.615Z meeting_echo_suppression_resolution session=31B6E4FD-8432-4F6C-B874-38B628DBE9AC reason_code=rawNoAECAssets model_version=none render_duration_ms=none realtime_factor=none delay_estimate_ms=none probe_windows=none probe_best_correlation=none process_id=39223 process_session=8b7ecbbe-45c5-490e-9831-e0c94535f43e uptime_ns=172524465361791
2026-09-13T12:24:09.616Z meeting_cleaned_mic_source session=31B6E4FD-8432-4F6C-B874-38B628DBE9AC selected=raw reason=rawNoAECAssets timeout_s=60.000 process_id=39223 process_session=8b7ecbbe-45c5-490e-9831-e0c94535f43e uptime_ns=172524466596916
2026-09-13T12:24:11.595Z meeting_system_diarization_completed session=31B6E4FD-8432-4F6C-B874-38B628DBE9AC prior=explicit_cli speakers=0 segments=0 duration_s=1.01 process_id=39223 process_session=8b7ecbbe-45c5-490e-9831-e0c94535f43e uptime_ns=172526446069166
2026-09-13T12:24:28.535Z dictation_preview_started engine=parakeet process_id=39223 process_session=8b7ecbbe-45c5-490e-9831-e0c94535f43e uptime_ns=172543385831833
2026-09-13T12:24:28.536Z dictation_capture_start permission_status=3 process_id=39223 process_session=8b7ecbbe-45c5-490e-9831-e0c94535f43e uptime_ns=172543386763208
2026-09-13T12:24:28.544Z dictation_capture_starting process_id=39223 process_session=8b7ecbbe-45c5-490e-9831-e0c94535f43e uptime_ns=172543394194791
2026-09-13T12:24:28.699Z dictation_capture_first_buffer sr=44100.0 ch=1 original_ch=1 common_format=1 interleaved=false frames=4410 has_float_data=true process_id=39223 process_session=8b7ecbbe-45c5-490e-9831-e0c94535f43e uptime_ns=172543549884291
2026-09-13T12:24:28.700Z shared_mic_engine_started_from_prepared audio_engine_start_ms=152.471 process_id=39223 process_session=8b7ecbbe-45c5-490e-9831-e0c94535f43e uptime_ns=172543550353708
2026-09-13T12:24:28.701Z shared_mic_diagnostics transition=subscribe wants_vpio=false blocks_vpio_promotion=true subscribers=1 vpio_subs=0 passive_subs=0 engine_running=true vpio_engaged=false vpio_deferred=false vpio_deferral_count=0 process_id=39223 process_session=8b7ecbbe-45c5-490e-9831-e0c94535f43e uptime_ns=172543552041375
2026-09-13T12:24:28.703Z dictation_capture_engine_started file_created=true default_input=present default_input_transport=built-in sr=44100.0 ch=1 process_id=39223 process_session=8b7ecbbe-45c5-490e-9831-e0c94535f43e uptime_ns=172543553189375
2026-09-13T12:24:29.733Z dictation_preview_pass engine=parakeet ms=127 samples=16000 chars=0 process_id=39223 process_session=8b7ecbbe-45c5-490e-9831-e0c94535f43e uptime_ns=172544583289291
2026-09-13T12:24:30.263Z shared_mic_engine_stopped process_id=39223 process_session=8b7ecbbe-45c5-490e-9831-e0c94535f43e uptime_ns=172545113334000
2026-09-13T12:24:30.264Z shared_mic_diagnostics transition=unsubscribe wants_vpio=n/a blocks_vpio_promotion=n/a subscribers=0 vpio_subs=0 passive_subs=0 engine_running=false vpio_engaged=false vpio_deferred=false vpio_deferral_count=0 process_id=39223 process_session=8b7ecbbe-45c5-490e-9831-e0c94535f43e uptime_ns=172545114457250
2026-09-13T12:24:30.265Z dictation_capture_stop sample_count=25600 effective_sample_count=25600 duration_s=1.600 wall_duration_s=1.563 file_bytes=106496 input_buffers=16 output_buffers=16 input_frames=70560 max_rms=0.008814 max_level=0.044 non_silent_buffers=1 missing_float_buffers=0 invalid_format_buffers=0 no_buffer_timeout=false process_id=39223 process_session=8b7ecbbe-45c5-490e-9831-e0c94535f43e uptime_ns=172545115517041
2026-09-13T12:24:30.356Z shared_mic_engine_prepare_timing vpio=false buffer_size=4096 set_vpio_ms=0.006 output_format_ms=0.008 install_tap_ms=0.005 total_ms=87.597 process_id=39223 process_session=8b7ecbbe-45c5-490e-9831-e0c94535f43e uptime_ns=172545206814458
2026-09-13T12:24:30.357Z shared_mic_engine_input_device_prepared source=system_default device=present transport=built-in vpio=false set_device_ms=0.000 prepare_engine_ms=88.556 process_id=39223 process_session=8b7ecbbe-45c5-490e-9831-e0c94535f43e uptime_ns=172545207735208
2026-09-13T12:24:44.839Z dictation_preview_started engine=parakeet process_id=39223 process_session=8b7ecbbe-45c5-490e-9831-e0c94535f43e uptime_ns=172559689744041
2026-09-13T12:24:44.841Z dictation_capture_start permission_status=3 process_id=39223 process_session=8b7ecbbe-45c5-490e-9831-e0c94535f43e uptime_ns=172559691545708
2026-09-13T12:24:44.843Z dictation_capture_starting process_id=39223 process_session=8b7ecbbe-45c5-490e-9831-e0c94535f43e uptime_ns=172559693220708
2026-09-13T12:24:45.007Z dictation_capture_first_buffer sr=44100.0 ch=1 original_ch=1 common_format=1 interleaved=false frames=4410 has_float_data=true process_id=39223 process_session=8b7ecbbe-45c5-490e-9831-e0c94535f43e uptime_ns=172559857965916
2026-09-13T12:24:45.009Z shared_mic_engine_started_from_prepared audio_engine_start_ms=159.591 process_id=39223 process_session=8b7ecbbe-45c5-490e-9831-e0c94535f43e uptime_ns=172559859075875
2026-09-13T12:24:45.012Z shared_mic_diagnostics transition=subscribe wants_vpio=false blocks_vpio_promotion=true subscribers=1 vpio_subs=0 passive_subs=0 engine_running=true vpio_engaged=false vpio_deferred=false vpio_deferral_count=0 process_id=39223 process_session=8b7ecbbe-45c5-490e-9831-e0c94535f43e uptime_ns=172559863023041
2026-09-13T12:24:45.015Z dictation_capture_engine_started file_created=true default_input=present default_input_transport=built-in sr=44100.0 ch=1 process_id=39223 process_session=8b7ecbbe-45c5-490e-9831-e0c94535f43e uptime_ns=172559865456541
2026-09-13T12:24:46.076Z dictation_preview_pass engine=parakeet ms=163 samples=16000 chars=0 process_id=39223 process_session=8b7ecbbe-45c5-490e-9831-e0c94535f43e uptime_ns=172560926584458
2026-09-13T12:24:47.127Z dictation_preview_pass engine=parakeet ms=122 samples=33600 chars=0 process_id=39223 process_session=8b7ecbbe-45c5-490e-9831-e0c94535f43e uptime_ns=172561977154375
2026-09-13T12:24:48.140Z dictation_preview_pass engine=parakeet ms=125 samples=49600 chars=0 process_id=39223 process_session=8b7ecbbe-45c5-490e-9831-e0c94535f43e uptime_ns=172562990750083
2026-09-13T12:24:48.597Z dictation_stop_requested mode=persistent session=2 process_id=39223 process_session=8b7ecbbe-45c5-490e-9831-e0c94535f43e uptime_ns=172563447353083
2026-09-13T12:24:48.650Z shared_mic_engine_stopped process_id=39223 process_session=8b7ecbbe-45c5-490e-9831-e0c94535f43e uptime_ns=172563500867166
2026-09-13T12:24:48.653Z shared_mic_diagnostics transition=unsubscribe wants_vpio=n/a blocks_vpio_promotion=n/a subscribers=0 vpio_subs=0 passive_subs=0 engine_running=false vpio_engaged=false vpio_deferred=false vpio_deferral_count=0 process_id=39223 process_session=8b7ecbbe-45c5-490e-9831-e0c94535f43e uptime_ns=172563503216333
2026-09-13T12:24:48.655Z dictation_capture_stop sample_count=57600 effective_sample_count=57600 duration_s=3.600 wall_duration_s=3.640 file_bytes=234496 input_buffers=36 output_buffers=36 input_frames=158760 max_rms=0.222814 max_level=1.000 non_silent_buffers=17 missing_float_buffers=0 invalid_format_buffers=0 no_buffer_timeout=false process_id=39223 process_session=8b7ecbbe-45c5-490e-9831-e0c94535f43e uptime_ns=172563505235041
2026-09-13T12:24:48.657Z dictation_transcribe_begin file_bytes=234496 process_id=39223 process_session=8b7ecbbe-45c5-490e-9831-e0c94535f43e uptime_ns=172563507274625
2026-09-13T12:24:48.756Z dictation_transcribe_complete chars=17 words=3 engine=parakeet variant=v3 captured_duration_ms=3584 timed_words=3 first_word_start_ms=1520 last_word_end_ms=3840 timed_span_ms=2320 timing_end_permille=1071 process_id=39223 process_session=8b7ecbbe-45c5-490e-9831-e0c94535f43e uptime_ns=172563606815041
2026-09-13T12:24:48.769Z shared_mic_engine_prepare_timing vpio=false buffer_size=4096 set_vpio_ms=0.005 output_format_ms=0.009 install_tap_ms=0.006 total_ms=106.615 process_id=39223 process_session=8b7ecbbe-45c5-490e-9831-e0c94535f43e uptime_ns=172563619385500
2026-09-13T12:24:48.770Z shared_mic_engine_input_device_prepared source=system_default device=present transport=built-in vpio=false set_device_ms=0.000 prepare_engine_ms=107.423 process_id=39223 process_session=8b7ecbbe-45c5-490e-9831-e0c94535f43e uptime_ns=172563620134375
2026-09-13T12:24:51.868Z dictation_preview_started engine=parakeet process_id=39223 process_session=8b7ecbbe-45c5-490e-9831-e0c94535f43e uptime_ns=172566718458833
2026-09-13T12:24:51.870Z dictation_capture_start permission_status=3 process_id=39223 process_session=8b7ecbbe-45c5-490e-9831-e0c94535f43e uptime_ns=172566720701666
2026-09-13T12:24:51.872Z dictation_capture_starting process_id=39223 process_session=8b7ecbbe-45c5-490e-9831-e0c94535f43e uptime_ns=172566722937041
2026-09-13T12:24:52.035Z dictation_capture_first_buffer sr=44100.0 ch=1 original_ch=1 common_format=1 interleaved=false frames=4410 has_float_data=true process_id=39223 process_session=8b7ecbbe-45c5-490e-9831-e0c94535f43e uptime_ns=172566885813000
2026-09-13T12:24:52.036Z shared_mic_engine_started_from_prepared audio_engine_start_ms=157.860 process_id=39223 process_session=8b7ecbbe-45c5-490e-9831-e0c94535f43e uptime_ns=172566886961166
2026-09-13T12:24:52.037Z shared_mic_diagnostics transition=subscribe wants_vpio=false blocks_vpio_promotion=true subscribers=1 vpio_subs=0 passive_subs=0 engine_running=true vpio_engaged=false vpio_deferred=false vpio_deferral_count=0 process_id=39223 process_session=8b7ecbbe-45c5-490e-9831-e0c94535f43e uptime_ns=172566887614000
2026-09-13T12:24:52.038Z dictation_capture_engine_started file_created=true default_input=present default_input_transport=built-in sr=44100.0 ch=1 process_id=39223 process_session=8b7ecbbe-45c5-490e-9831-e0c94535f43e uptime_ns=172566888523833
2026-09-13T12:24:53.074Z dictation_preview_pass engine=parakeet ms=132 samples=16000 chars=0 process_id=39223 process_session=8b7ecbbe-45c5-490e-9831-e0c94535f43e uptime_ns=172567924487083
2026-09-13T12:24:54.160Z dictation_preview_pass engine=parakeet ms=127 samples=33600 chars=7 process_id=39223 process_session=8b7ecbbe-45c5-490e-9831-e0c94535f43e uptime_ns=172569010413666
2026-09-13T12:24:55.174Z dictation_preview_pass engine=parakeet ms=131 samples=49600 chars=17 process_id=39223 process_session=8b7ecbbe-45c5-490e-9831-e0c94535f43e uptime_ns=172570024471375
2026-09-13T12:24:55.256Z dictation_stop_requested mode=persistent session=3 process_id=39223 process_session=8b7ecbbe-45c5-490e-9831-e0c94535f43e uptime_ns=172570106263208
2026-09-13T12:24:55.305Z shared_mic_engine_stopped process_id=39223 process_session=8b7ecbbe-45c5-490e-9831-e0c94535f43e uptime_ns=172570155077041
2026-09-13T12:24:55.306Z shared_mic_diagnostics transition=unsubscribe wants_vpio=n/a blocks_vpio_promotion=n/a subscribers=0 vpio_subs=0 passive_subs=0 engine_running=false vpio_engaged=false vpio_deferred=false vpio_deferral_count=0 process_id=39223 process_session=8b7ecbbe-45c5-490e-9831-e0c94535f43e uptime_ns=172570156538083
2026-09-13T12:24:55.307Z dictation_capture_stop sample_count=52800 effective_sample_count=52800 duration_s=3.300 wall_duration_s=3.270 file_bytes=215296 input_buffers=33 output_buffers=33 input_frames=145530 max_rms=0.360913 max_level=1.000 non_silent_buffers=15 missing_float_buffers=0 invalid_format_buffers=0 no_buffer_timeout=false process_id=39223 process_session=8b7ecbbe-45c5-490e-9831-e0c94535f43e uptime_ns=172570157794708
2026-09-13T12:24:55.308Z dictation_transcribe_begin file_bytes=215296 process_id=39223 process_session=8b7ecbbe-45c5-490e-9831-e0c94535f43e uptime_ns=172570158772083
2026-09-13T12:24:55.399Z dictation_transcribe_complete chars=22 words=5 engine=parakeet variant=v3 captured_duration_ms=3219 timed_words=5 first_word_start_ms=880 last_word_end_ms=3520 timed_span_ms=2640 timing_end_permille=1094 process_id=39223 process_session=8b7ecbbe-45c5-490e-9831-e0c94535f43e uptime_ns=172570249847000
2026-09-13T12:24:55.417Z shared_mic_engine_prepare_timing vpio=false buffer_size=4096 set_vpio_ms=0.009 output_format_ms=0.017 install_tap_ms=0.007 total_ms=104.819 process_id=39223 process_session=8b7ecbbe-45c5-490e-9831-e0c94535f43e uptime_ns=172570267719666
2026-09-13T12:24:55.418Z shared_mic_engine_input_device_prepared source=system_default device=present transport=built-in vpio=false set_device_ms=0.000 prepare_engine_ms=105.981 process_id=39223 process_session=8b7ecbbe-45c5-490e-9831-e0c94535f43e uptime_ns=172570268814458
2026-09-13T12:27:23.424Z meeting_live_chunking_mode session=D3180E77-29C2-4200-AEED-68A82CAF0C3E mode=vad reason=started process_id=39223 process_session=8b7ecbbe-45c5-490e-9831-e0c94535f43e uptime_ns=172718273552625
2026-09-13T12:27:23.451Z meeting_mic_capture_starting requested_mode=raw default_input=present default_input_transport=built-in process_id=39223 process_session=8b7ecbbe-45c5-490e-9831-e0c94535f43e uptime_ns=172718300395625
2026-09-13T12:27:23.605Z shared_mic_engine_started_from_prepared audio_engine_start_ms=150.360 process_id=39223 process_session=8b7ecbbe-45c5-490e-9831-e0c94535f43e uptime_ns=172718454579666
2026-09-13T12:27:23.606Z meeting_mic_first_buffer sr=44100.0 ch=1 interleaved=false process_id=39223 process_session=8b7ecbbe-45c5-490e-9831-e0c94535f43e uptime_ns=172718456057000
2026-09-13T12:27:23.606Z shared_mic_diagnostics transition=subscribe wants_vpio=false blocks_vpio_promotion=true subscribers=1 vpio_subs=0 passive_subs=0 engine_running=true vpio_engaged=false vpio_deferred=false vpio_deferral_count=0 process_id=39223 process_session=8b7ecbbe-45c5-490e-9831-e0c94535f43e uptime_ns=172718456015750
2026-09-13T12:27:23.607Z meeting_mic_processing mode=raw process_id=39223 process_session=8b7ecbbe-45c5-490e-9831-e0c94535f43e uptime_ns=172718457073208
2026-09-13T12:27:23.608Z meeting_mic_capture_started requested_mode=raw effective_mode=raw sr=44100.0 ch=1 default_input=present default_input_transport=built-in process_id=39223 process_session=8b7ecbbe-45c5-490e-9831-e0c94535f43e uptime_ns=172718458028916
2026-09-13T12:27:23.673Z system_audio_stream_screen_output_attached mode=discard process_id=39223 process_session=8b7ecbbe-45c5-490e-9831-e0c94535f43e uptime_ns=172718522382833
2026-09-13T12:27:23.814Z system_audio_stream_started sr=48000 ch=2 process_id=39223 process_session=8b7ecbbe-45c5-490e-9831-e0c94535f43e uptime_ns=172718663792083
2026-09-13T12:27:23.816Z meeting_recording_started session=D3180E77-29C2-4200-AEED-68A82CAF0C3E source_mode=Optional(MacParakeetCore.MeetingAudioSourceMode.microphoneAndSystem) requested_mic_mode=raw effective_mic_mode=raw process_id=39223 process_session=8b7ecbbe-45c5-490e-9831-e0c94535f43e uptime_ns=172718665175708
2026-09-13T12:27:23.817Z system_audio_stream_first_buffer sr=48000 ch=2 process_id=39223 process_session=8b7ecbbe-45c5-490e-9831-e0c94535f43e uptime_ns=172718666966333
2026-09-13T12:27:54.105Z meeting_stop_stage session=D3180E77-29C2-4200-AEED-68A82CAF0C3E stage=notes_commit duration_ms=1 outcome=success process_id=39223 process_session=8b7ecbbe-45c5-490e-9831-e0c94535f43e uptime_ns=172748954011083
2026-09-13T12:27:54.106Z meeting_recording_stopping session=D3180E77-29C2-4200-AEED-68A82CAF0C3E process_id=39223 process_session=8b7ecbbe-45c5-490e-9831-e0c94535f43e uptime_ns=172748955015875
2026-09-13T12:27:54.158Z shared_mic_engine_stopped process_id=39223 process_session=8b7ecbbe-45c5-490e-9831-e0c94535f43e uptime_ns=172749007611750
2026-09-13T12:27:54.159Z shared_mic_diagnostics transition=unsubscribe wants_vpio=n/a blocks_vpio_promotion=n/a subscribers=0 vpio_subs=0 passive_subs=0 engine_running=false vpio_engaged=false vpio_deferred=false vpio_deferral_count=0 process_id=39223 process_session=8b7ecbbe-45c5-490e-9831-e0c94535f43e uptime_ns=172749008909250
2026-09-13T12:27:54.161Z meeting_mic_capture_stopped default_input=present default_input_transport=built-in process_id=39223 process_session=8b7ecbbe-45c5-490e-9831-e0c94535f43e uptime_ns=172749010184958
2026-09-13T12:27:54.195Z system_audio_stream_stopped outcome=completed process_id=39223 process_session=8b7ecbbe-45c5-490e-9831-e0c94535f43e uptime_ns=172749044502916
2026-09-13T12:27:54.196Z meeting_stop_stage session=D3180E77-29C2-4200-AEED-68A82CAF0C3E stage=capture_stop duration_ms=90 outcome=success process_id=39223 process_session=8b7ecbbe-45c5-490e-9831-e0c94535f43e uptime_ns=172749045645416
2026-09-13T12:27:54.208Z meeting_stop_stage session=D3180E77-29C2-4200-AEED-68A82CAF0C3E stage=processing_drain duration_ms=11 outcome=success process_id=39223 process_session=8b7ecbbe-45c5-490e-9831-e0c94535f43e uptime_ns=172749057934458
2026-09-13T12:27:54.225Z meeting_stop_stage session=D3180E77-29C2-4200-AEED-68A82CAF0C3E stage=writer_finalize duration_ms=15 outcome=success process_id=39223 process_session=8b7ecbbe-45c5-490e-9831-e0c94535f43e uptime_ns=172749074281833
2026-09-13T12:27:54.238Z meeting_stop_stage session=D3180E77-29C2-4200-AEED-68A82CAF0C3E stage=source_urls duration_ms=10 outcome=success process_id=39223 process_session=8b7ecbbe-45c5-490e-9831-e0c94535f43e uptime_ns=172749087030833
2026-09-13T12:27:54.239Z meeting_stop_stage session=D3180E77-29C2-4200-AEED-68A82CAF0C3E stage=metadata_save duration_ms=1 outcome=success process_id=39223 process_session=8b7ecbbe-45c5-490e-9831-e0c94535f43e uptime_ns=172749088473291
2026-09-13T12:27:54.270Z shared_mic_engine_prepare_timing vpio=false buffer_size=4096 set_vpio_ms=0.007 output_format_ms=0.011 install_tap_ms=0.006 total_ms=105.135 process_id=39223 process_session=8b7ecbbe-45c5-490e-9831-e0c94535f43e uptime_ns=172749119093375
2026-09-13T12:27:54.271Z shared_mic_engine_input_device_prepared source=system_default device=present transport=built-in vpio=false set_device_ms=0.000 prepare_engine_ms=106.108 process_id=39223 process_session=8b7ecbbe-45c5-490e-9831-e0c94535f43e uptime_ns=172749120004541
2026-09-13T12:27:54.539Z meeting_stop_stage session=D3180E77-29C2-4200-AEED-68A82CAF0C3E stage=mix duration_ms=300 outcome=success process_id=39223 process_session=8b7ecbbe-45c5-490e-9831-e0c94535f43e uptime_ns=172749388913375
2026-09-13T12:27:54.540Z meeting_stop_stage session=D3180E77-29C2-4200-AEED-68A82CAF0C3E stage=notes_write duration_ms=0 outcome=success process_id=39223 process_session=8b7ecbbe-45c5-490e-9831-e0c94535f43e uptime_ns=172749389690916
2026-09-13T12:27:54.541Z meeting_stop_stage session=D3180E77-29C2-4200-AEED-68A82CAF0C3E stage=lock_write duration_ms=1 outcome=success process_id=39223 process_session=8b7ecbbe-45c5-490e-9831-e0c94535f43e uptime_ns=172749390787166
2026-09-13T12:27:54.542Z meeting_cleaned_mic session=D3180E77-29C2-4200-AEED-68A82CAF0C3E outcome=scheduled process_id=39223 process_session=8b7ecbbe-45c5-490e-9831-e0c94535f43e uptime_ns=172749391439833
2026-09-13T12:27:54.542Z meeting_stop_stage session=D3180E77-29C2-4200-AEED-68A82CAF0C3E stage=cleaned_mic_schedule duration_ms=0 outcome=success process_id=39223 process_session=8b7ecbbe-45c5-490e-9831-e0c94535f43e uptime_ns=172749391883541
2026-09-13T12:27:54.543Z meeting_stop_stage session=D3180E77-29C2-4200-AEED-68A82CAF0C3E stage=cleanup duration_ms=0 outcome=success process_id=39223 process_session=8b7ecbbe-45c5-490e-9831-e0c94535f43e uptime_ns=172749392317916
2026-09-13T12:27:54.543Z meeting_recording_stopped session=D3180E77-29C2-4200-AEED-68A82CAF0C3E duration_s=30.584 process_id=39223 process_session=8b7ecbbe-45c5-490e-9831-e0c94535f43e uptime_ns=172749392735708
2026-09-13T12:27:54.544Z meeting_recording_health session=D3180E77-29C2-4200-AEED-68A82CAF0C3E duration_s=30.290 captured_duration_s=30.606 capture_quality=healthy source_mode=microphone_and_system mic_started=true requested_mic_mode=raw effective_mic_mode=raw mic_first_buffer=true system_first_buffer=true mic_bytes=265070 system_bytes=17126 mixed_bytes=496689 mic_frames=1468745 system_frames=1453440 mic_coverage=1.000 system_coverage=1.000 mic_capture_status=complete system_capture_status=silent mic_chunks_enqueued=3 system_chunks_enqueued=0 mic_chunks_low_signal_dropped=0 system_chunks_low_signal_dropped=0 mic_chunks_system_dominant_dropped=0 mic_peak_level=1.000 system_peak_level=0.000 system_signal=silent backpressure_drops=0 transcription_failures=0 interrupted_sources=none capture_failed=false process_id=39223 process_session=8b7ecbbe-45c5-490e-9831-e0c94535f43e uptime_ns=172749393397750
2026-09-13T12:27:54.544Z meeting_system_audio_silent session=D3180E77-29C2-4200-AEED-68A82CAF0C3E duration_s=30.290 mic_peak_level=1.000 detail=system_audio_tap_delivered_only_silence process_id=39223 process_session=8b7ecbbe-45c5-490e-9831-e0c94535f43e uptime_ns=172749393972000
2026-09-13T12:27:54.545Z meeting_echo_suppression_summary session=D3180E77-29C2-4200-AEED-68A82CAF0C3E processor=localvqe loaded=true mic_frames=1892 processed_frames=1892 raw_fallback_frames=0 full_reference_frames=1892 partial_reference_frames=0 missing_reference_frames=0 processing_failures=0 current_delay_samples=0 delay_confidence=0.000 delay_estimate_count=0 rejected_delay_estimates=60 process_id=39223 process_session=8b7ecbbe-45c5-490e-9831-e0c94535f43e uptime_ns=172749394378208
2026-09-13T12:27:54.545Z meeting_stop_stage session=D3180E77-29C2-4200-AEED-68A82CAF0C3E stage=service_total duration_ms=440 outcome=success process_id=39223 process_session=8b7ecbbe-45c5-490e-9831-e0c94535f43e uptime_ns=172749394994000
2026-09-13T12:27:54.546Z meeting_stop_stage session=D3180E77-29C2-4200-AEED-68A82CAF0C3E stage=service_stop duration_ms=440 outcome=success process_id=39223 process_session=8b7ecbbe-45c5-490e-9831-e0c94535f43e uptime_ns=172749395388458
2026-09-13T12:27:54.549Z meeting_stop_stage session=D3180E77-29C2-4200-AEED-68A82CAF0C3E stage=prepare_row duration_ms=2 outcome=success process_id=39223 process_session=8b7ecbbe-45c5-490e-9831-e0c94535f43e uptime_ns=172749398334541
2026-09-13T12:27:54.549Z meeting_stop_stage session=D3180E77-29C2-4200-AEED-68A82CAF0C3E stage=queue_enqueue duration_ms=0 outcome=success process_id=39223 process_session=8b7ecbbe-45c5-490e-9831-e0c94535f43e uptime_ns=172749398844041
2026-09-13T12:27:54.551Z meeting_stop_stage session=D3180E77-29C2-4200-AEED-68A82CAF0C3E stage=queued_total duration_ms=448 outcome=success process_id=39223 process_session=8b7ecbbe-45c5-490e-9831-e0c94535f43e uptime_ns=172749400958500
2026-09-13T12:27:54.552Z meeting_transcription_queue_stage session=D3180E77-29C2-4200-AEED-68A82CAF0C3E transcription=FB08A3AD-06DA-4C30-B5A1-B1930E7A4829 stage=prepare_row outcome=started process_id=39223 process_session=8b7ecbbe-45c5-490e-9831-e0c94535f43e uptime_ns=172749401487875
2026-09-13T12:27:54.552Z meeting_transcription_queue_stage session=D3180E77-29C2-4200-AEED-68A82CAF0C3E transcription=FB08A3AD-06DA-4C30-B5A1-B1930E7A4829 stage=prepare_row outcome=success duration_s=0.000 process_id=39223 process_session=8b7ecbbe-45c5-490e-9831-e0c94535f43e uptime_ns=172749401860500
2026-09-13T12:27:54.552Z meeting_transcription_queue_stage session=D3180E77-29C2-4200-AEED-68A82CAF0C3E transcription=FB08A3AD-06DA-4C30-B5A1-B1930E7A4829 stage=finalize_transcript outcome=started process_id=39223 process_session=8b7ecbbe-45c5-490e-9831-e0c94535f43e uptime_ns=172749401865250
2026-09-13T12:27:54.566Z meeting_cleaned_mic session=D3180E77-29C2-4200-AEED-68A82CAF0C3E outcome=skipped reason=skippedNoEchoPath renderer_reason=no_echo_path probe_detail=no_reference_energy probe_windows=0 probe_best_correlation=none process_id=39223 process_session=8b7ecbbe-45c5-490e-9831-e0c94535f43e uptime_ns=172749415066916
2026-09-13T12:27:54.567Z meeting_echo_suppression_resolution session=D3180E77-29C2-4200-AEED-68A82CAF0C3E reason_code=skippedNoEchoPath model_version=none render_duration_ms=none realtime_factor=none delay_estimate_ms=none probe_windows=0 probe_best_correlation=none process_id=39223 process_session=8b7ecbbe-45c5-490e-9831-e0c94535f43e uptime_ns=172749416483208
2026-09-13T12:27:54.567Z meeting_cleaned_mic_source session=D3180E77-29C2-4200-AEED-68A82CAF0C3E selected=raw reason=skippedNoEchoPath timeout_s=60.000 process_id=39223 process_session=8b7ecbbe-45c5-490e-9831-e0c94535f43e uptime_ns=172749416958750
2026-09-13T12:27:55.529Z meeting_system_diarization_completed session=D3180E77-29C2-4200-AEED-68A82CAF0C3E prior=unconstrained_no_attendee_count speakers=0 segments=0 duration_s=0.45 process_id=39223 process_session=8b7ecbbe-45c5-490e-9831-e0c94535f43e uptime_ns=172750378651333
2026-09-13T12:28:03.616Z meeting_transcription_queue_stage session=D3180E77-29C2-4200-AEED-68A82CAF0C3E transcription=FB08A3AD-06DA-4C30-B5A1-B1930E7A4829 stage=finalize_transcript outcome=success duration_s=9.063 process_id=39223 process_session=8b7ecbbe-45c5-490e-9831-e0c94535f43e uptime_ns=172758465276208
2026-09-13T12:28:03.616Z meeting_transcription_queue_stage session=D3180E77-29C2-4200-AEED-68A82CAF0C3E transcription=FB08A3AD-06DA-4C30-B5A1-B1930E7A4829 stage=settle_artifacts outcome=started process_id=39223 process_session=8b7ecbbe-45c5-490e-9831-e0c94535f43e uptime_ns=172758465288125
2026-09-13T12:28:03.617Z meeting_transcription_queue_stage session=D3180E77-29C2-4200-AEED-68A82CAF0C3E transcription=FB08A3AD-06DA-4C30-B5A1-B1930E7A4829 stage=settle_artifacts outcome=success duration_s=0.001 process_id=39223 process_session=8b7ecbbe-45c5-490e-9831-e0c94535f43e uptime_ns=172758466398000
2026-09-13T12:28:45.943Z meeting_echo_suppression_resolution session=092DA0C3-04D6-4AEB-B670-59E1DF13BF18 reason_code=rawNoAECAssets model_version=none render_duration_ms=none realtime_factor=none delay_estimate_ms=none probe_windows=none probe_best_correlation=none process_id=39223 process_session=8b7ecbbe-45c5-490e-9831-e0c94535f43e uptime_ns=172800792223875
2026-09-13T12:28:45.944Z meeting_cleaned_mic_source session=092DA0C3-04D6-4AEB-B670-59E1DF13BF18 selected=raw reason=rawNoAECAssets timeout_s=60.000 process_id=39223 process_session=8b7ecbbe-45c5-490e-9831-e0c94535f43e uptime_ns=172800793263958
2026-09-13T12:28:46.012Z whisper_model_prepare_start model=large-v3-v20240930_turbo_632MB folder=openai_whisper-large-v3-v20240930_turbo_632MB process_id=39223 process_session=8b7ecbbe-45c5-490e-9831-e0c94535f43e uptime_ns=172800861131458
2026-09-13T12:29:01.133Z whisper_model_prepare_still_loading elapsed_s=15 model=large-v3-v20240930_turbo_632MB folder=openai_whisper-large-v3-v20240930_turbo_632MB process_id=39223 process_session=8b7ecbbe-45c5-490e-9831-e0c94535f43e uptime_ns=172815981936958
2026-09-13T12:29:12.734Z meeting_echo_suppression_resolution session=37F5543E-22A9-4571-B662-D1D17D9C1E4E reason_code=rawNoAECAssets model_version=none render_duration_ms=none realtime_factor=none delay_estimate_ms=none probe_windows=none probe_best_correlation=none process_id=39223 process_session=8b7ecbbe-45c5-490e-9831-e0c94535f43e uptime_ns=172827582642750
2026-09-13T12:29:12.734Z meeting_cleaned_mic_source session=37F5543E-22A9-4571-B662-D1D17D9C1E4E selected=raw reason=rawNoAECAssets timeout_s=60.000 process_id=39223 process_session=8b7ecbbe-45c5-490e-9831-e0c94535f43e uptime_ns=172827583403666
2026-09-13T12:29:46.334Z whisper_model_prepare_still_loading elapsed_s=60 model=large-v3-v20240930_turbo_632MB folder=openai_whisper-large-v3-v20240930_turbo_632MB process_id=39223 process_session=8b7ecbbe-45c5-490e-9831-e0c94535f43e uptime_ns=172861182448791
2026-09-13T12:31:46.615Z whisper_model_prepare_still_loading elapsed_s=180 model=large-v3-v20240930_turbo_632MB folder=openai_whisper-large-v3-v20240930_turbo_632MB process_id=39223 process_session=8b7ecbbe-45c5-490e-9831-e0c94535f43e uptime_ns=172981462926583
2026-09-13T12:31:51.998Z whisper_model_prepare_complete model=large-v3-v20240930_turbo_632MB duration_s=185.986 process_id=39223 process_session=8b7ecbbe-45c5-490e-9831-e0c94535f43e uptime_ns=172986845661458
2026-09-13T12:31:55.997Z meeting_system_diarization_completed session=37F5543E-22A9-4571-B662-D1D17D9C1E4E prior=explicit_cli speakers=0 segments=0 duration_s=0.28 process_id=39223 process_session=8b7ecbbe-45c5-490e-9831-e0c94535f43e uptime_ns=172990845363333
2026-09-13T14:31:21.158Z meeting_live_chunking_mode session=07AB57FF-734B-403F-8E99-492367017BAF mode=vad reason=started process_id=39223 process_session=8b7ecbbe-45c5-490e-9831-e0c94535f43e uptime_ns=179057459611375
2026-09-13T14:31:21.177Z meeting_mic_capture_starting requested_mode=raw default_input=present default_input_transport=built-in process_id=39223 process_session=8b7ecbbe-45c5-490e-9831-e0c94535f43e uptime_ns=179057478996250
2026-09-13T14:31:21.337Z shared_mic_engine_started_from_prepared audio_engine_start_ms=155.682 process_id=39223 process_session=8b7ecbbe-45c5-490e-9831-e0c94535f43e uptime_ns=179057638922291
2026-09-13T14:31:21.338Z shared_mic_diagnostics transition=subscribe wants_vpio=false blocks_vpio_promotion=true subscribers=1 vpio_subs=0 passive_subs=0 engine_running=true vpio_engaged=false vpio_deferred=false vpio_deferral_count=0 process_id=39223 process_session=8b7ecbbe-45c5-490e-9831-e0c94535f43e uptime_ns=179057640170625
2026-09-13T14:31:21.339Z meeting_mic_first_buffer sr=44100.0 ch=1 interleaved=false process_id=39223 process_session=8b7ecbbe-45c5-490e-9831-e0c94535f43e uptime_ns=179057640558958
2026-09-13T14:31:21.339Z meeting_mic_processing mode=raw process_id=39223 process_session=8b7ecbbe-45c5-490e-9831-e0c94535f43e uptime_ns=179057640722875
2026-09-13T14:31:21.340Z meeting_mic_capture_started requested_mode=raw effective_mode=raw sr=44100.0 ch=1 default_input=present default_input_transport=built-in process_id=39223 process_session=8b7ecbbe-45c5-490e-9831-e0c94535f43e uptime_ns=179057641557625
2026-09-13T14:31:21.392Z system_audio_stream_screen_output_attached mode=discard process_id=39223 process_session=8b7ecbbe-45c5-490e-9831-e0c94535f43e uptime_ns=179057693345583
2026-09-13T14:31:21.504Z system_audio_stream_started sr=48000 ch=2 process_id=39223 process_session=8b7ecbbe-45c5-490e-9831-e0c94535f43e uptime_ns=179057805595375
2026-09-13T14:31:21.505Z meeting_recording_started session=07AB57FF-734B-403F-8E99-492367017BAF source_mode=Optional(MacParakeetCore.MeetingAudioSourceMode.microphoneAndSystem) requested_mic_mode=raw effective_mic_mode=raw process_id=39223 process_session=8b7ecbbe-45c5-490e-9831-e0c94535f43e uptime_ns=179057806341041
2026-09-13T14:31:21.529Z system_audio_stream_first_buffer sr=48000 ch=2 process_id=39223 process_session=8b7ecbbe-45c5-490e-9831-e0c94535f43e uptime_ns=179057831106708
2026-09-13T14:42:54.816Z meeting_stop_stage session=07AB57FF-734B-403F-8E99-492367017BAF stage=notes_commit duration_ms=2 outcome=success process_id=39223 process_session=8b7ecbbe-45c5-490e-9831-e0c94535f43e uptime_ns=179751115609416
2026-09-13T14:42:54.818Z meeting_recording_stopping session=07AB57FF-734B-403F-8E99-492367017BAF process_id=39223 process_session=8b7ecbbe-45c5-490e-9831-e0c94535f43e uptime_ns=179751117711500
2026-09-13T14:42:54.841Z shared_mic_engine_stopped process_id=39223 process_session=8b7ecbbe-45c5-490e-9831-e0c94535f43e uptime_ns=179751140006916
2026-09-13T14:42:54.842Z shared_mic_diagnostics transition=unsubscribe wants_vpio=n/a blocks_vpio_promotion=n/a subscribers=0 vpio_subs=0 passive_subs=0 engine_running=false vpio_engaged=false vpio_deferred=false vpio_deferral_count=0 process_id=39223 process_session=8b7ecbbe-45c5-490e-9831-e0c94535f43e uptime_ns=179751141350625
2026-09-13T14:42:54.844Z meeting_mic_capture_stopped default_input=present default_input_transport=built-in process_id=39223 process_session=8b7ecbbe-45c5-490e-9831-e0c94535f43e uptime_ns=179751142727166
2026-09-13T14:42:54.884Z system_audio_stream_stopped outcome=completed process_id=39223 process_session=8b7ecbbe-45c5-490e-9831-e0c94535f43e uptime_ns=179751183474625
2026-09-13T14:42:54.886Z meeting_stop_stage session=07AB57FF-734B-403F-8E99-492367017BAF stage=capture_stop duration_ms=67 outcome=success process_id=39223 process_session=8b7ecbbe-45c5-490e-9831-e0c94535f43e uptime_ns=179751185095416
2026-09-13T14:42:54.898Z meeting_stop_stage session=07AB57FF-734B-403F-8E99-492367017BAF stage=processing_drain duration_ms=11 outcome=success process_id=39223 process_session=8b7ecbbe-45c5-490e-9831-e0c94535f43e uptime_ns=179751196928416
2026-09-13T14:42:54.937Z meeting_stop_stage session=07AB57FF-734B-403F-8E99-492367017BAF stage=writer_finalize duration_ms=38 outcome=success process_id=39223 process_session=8b7ecbbe-45c5-490e-9831-e0c94535f43e uptime_ns=179751236584083
2026-09-13T14:42:54.959Z shared_mic_engine_prepare_timing vpio=false buffer_size=4096 set_vpio_ms=0.009 output_format_ms=0.019 install_tap_ms=0.008 total_ms=112.349 process_id=39223 process_session=8b7ecbbe-45c5-490e-9831-e0c94535f43e uptime_ns=179751258507458
2026-09-13T14:42:54.960Z shared_mic_engine_input_device_prepared source=system_default device=present transport=built-in vpio=false set_device_ms=0.000 prepare_engine_ms=113.162 process_id=39223 process_session=8b7ecbbe-45c5-490e-9831-e0c94535f43e uptime_ns=179751259281416
2026-09-13T14:42:54.962Z meeting_stop_stage session=07AB57FF-734B-403F-8E99-492367017BAF stage=source_urls duration_ms=24 outcome=success process_id=39223 process_session=8b7ecbbe-45c5-490e-9831-e0c94535f43e uptime_ns=179751261537500
2026-09-13T14:42:54.964Z meeting_stop_stage session=07AB57FF-734B-403F-8E99-492367017BAF stage=metadata_save duration_ms=1 outcome=success process_id=39223 process_session=8b7ecbbe-45c5-490e-9831-e0c94535f43e uptime_ns=179751263088583
2026-09-13T14:43:02.148Z meeting_stop_stage session=07AB57FF-734B-403F-8E99-492367017BAF stage=mix duration_ms=7183 outcome=success process_id=39223 process_session=8b7ecbbe-45c5-490e-9831-e0c94535f43e uptime_ns=179758446819166
2026-09-13T14:43:02.149Z meeting_stop_stage session=07AB57FF-734B-403F-8E99-492367017BAF stage=notes_write duration_ms=0 outcome=success process_id=39223 process_session=8b7ecbbe-45c5-490e-9831-e0c94535f43e uptime_ns=179758447697458
2026-09-13T14:43:02.149Z meeting_stop_stage session=07AB57FF-734B-403F-8E99-492367017BAF stage=lock_write duration_ms=0 outcome=success process_id=39223 process_session=8b7ecbbe-45c5-490e-9831-e0c94535f43e uptime_ns=179758448666625
2026-09-13T14:43:02.150Z meeting_cleaned_mic session=07AB57FF-734B-403F-8E99-492367017BAF outcome=scheduled process_id=39223 process_session=8b7ecbbe-45c5-490e-9831-e0c94535f43e uptime_ns=179758449278625
2026-09-13T14:43:02.150Z meeting_stop_stage session=07AB57FF-734B-403F-8E99-492367017BAF stage=cleaned_mic_schedule duration_ms=1 outcome=success process_id=39223 process_session=8b7ecbbe-45c5-490e-9831-e0c94535f43e uptime_ns=179758449642291
2026-09-13T14:43:02.151Z meeting_stop_stage session=07AB57FF-734B-403F-8E99-492367017BAF stage=cleanup duration_ms=0 outcome=success process_id=39223 process_session=8b7ecbbe-45c5-490e-9831-e0c94535f43e uptime_ns=179758449999791
2026-09-13T14:43:02.151Z meeting_recording_stopped session=07AB57FF-734B-403F-8E99-492367017BAF duration_s=693.524 process_id=39223 process_session=8b7ecbbe-45c5-490e-9831-e0c94535f43e uptime_ns=179758450368500
2026-09-13T14:43:02.152Z meeting_recording_health session=07AB57FF-734B-403F-8E99-492367017BAF duration_s=693.314 captured_duration_s=693.547 capture_quality=healthy source_mode=microphone_and_system mic_started=true requested_mic_mode=raw effective_mic_mode=raw mic_first_buffer=true system_first_buffer=true mic_bytes=5999598 system_bytes=5987570 mixed_bytes=11314784 mic_frames=33287714 system_frames=33278400 mic_coverage=1.000 system_coverage=1.000 mic_capture_status=complete system_capture_status=complete mic_chunks_enqueued=2 system_chunks_enqueued=74 mic_chunks_low_signal_dropped=0 system_chunks_low_signal_dropped=0 mic_chunks_system_dominant_dropped=20 mic_peak_level=1.000 system_peak_level=0.926 system_signal=present backpressure_drops=0 transcription_failures=0 interrupted_sources=none capture_failed=false process_id=39223 process_session=8b7ecbbe-45c5-490e-9831-e0c94535f43e uptime_ns=179758451069083
2026-09-13T14:43:02.152Z meeting_echo_suppression_summary session=07AB57FF-734B-403F-8E99-492367017BAF processor=localvqe loaded=true mic_frames=43331 processed_frames=43331 raw_fallback_frames=0 full_reference_frames=43331 partial_reference_frames=0 missing_reference_frames=0 processing_failures=0 current_delay_samples=0 delay_confidence=0.000 delay_estimate_count=0 rejected_delay_estimates=1386 process_id=39223 process_session=8b7ecbbe-45c5-490e-9831-e0c94535f43e uptime_ns=179758451587083
2026-09-13T14:43:02.153Z meeting_stop_stage session=07AB57FF-734B-403F-8E99-492367017BAF stage=service_total duration_ms=7335 outcome=success process_id=39223 process_session=8b7ecbbe-45c5-490e-9831-e0c94535f43e uptime_ns=179758452287833
2026-09-13T14:43:02.153Z meeting_stop_stage session=07AB57FF-734B-403F-8E99-492367017BAF stage=service_stop duration_ms=7335 outcome=success process_id=39223 process_session=8b7ecbbe-45c5-490e-9831-e0c94535f43e uptime_ns=179758452678708
2026-09-13T14:43:02.162Z meeting_stop_stage session=07AB57FF-734B-403F-8E99-492367017BAF stage=prepare_row duration_ms=8 outcome=success process_id=39223 process_session=8b7ecbbe-45c5-490e-9831-e0c94535f43e uptime_ns=179758460856375
2026-09-13T14:43:02.163Z meeting_stop_stage session=07AB57FF-734B-403F-8E99-492367017BAF stage=queue_enqueue duration_ms=0 outcome=success process_id=39223 process_session=8b7ecbbe-45c5-490e-9831-e0c94535f43e uptime_ns=179758461840875
2026-09-13T14:43:02.164Z meeting_stop_stage session=07AB57FF-734B-403F-8E99-492367017BAF stage=queued_total duration_ms=7351 outcome=success process_id=39223 process_session=8b7ecbbe-45c5-490e-9831-e0c94535f43e uptime_ns=179758463186708
2026-09-13T14:43:02.170Z meeting_transcription_queue_stage session=07AB57FF-734B-403F-8E99-492367017BAF transcription=6EA43211-3DAE-4000-8A41-A963DB46016D stage=prepare_row outcome=started process_id=39223 process_session=8b7ecbbe-45c5-490e-9831-e0c94535f43e uptime_ns=179758469157208
2026-09-13T14:43:02.171Z meeting_transcription_queue_stage session=07AB57FF-734B-403F-8E99-492367017BAF transcription=6EA43211-3DAE-4000-8A41-A963DB46016D stage=prepare_row outcome=success duration_s=0.001 process_id=39223 process_session=8b7ecbbe-45c5-490e-9831-e0c94535f43e uptime_ns=179758470254625
2026-09-13T14:43:02.171Z meeting_transcription_queue_stage session=07AB57FF-734B-403F-8E99-492367017BAF transcription=6EA43211-3DAE-4000-8A41-A963DB46016D stage=finalize_transcript outcome=started process_id=39223 process_session=8b7ecbbe-45c5-490e-9831-e0c94535f43e uptime_ns=179758470260833
2026-09-13T14:43:42.264Z meeting_cleaned_mic session=07AB57FF-734B-403F-8E99-492367017BAF outcome=rendered duration_s=693.502 render_duration_ms=40114 realtime_factor=17.29 processed_frames=43343 raw_fallback_frames=1 failures=0 rms_ratio=0.19 probe_windows=1 probe_best_correlation=0.422 process_id=39223 process_session=8b7ecbbe-45c5-490e-9831-e0c94535f43e uptime_ns=179798563463583
2026-09-13T14:43:42.272Z meeting_echo_suppression_resolution session=07AB57FF-734B-403F-8E99-492367017BAF reason_code=cleanedUsed model_version=localvqe-v1.4-aec-200K-f32.gguf render_duration_ms=40114 realtime_factor=17.29 delay_estimate_ms=34 probe_windows=1 probe_best_correlation=0.422 process_id=39223 process_session=8b7ecbbe-45c5-490e-9831-e0c94535f43e uptime_ns=179798571139208
2026-09-13T14:43:42.273Z meeting_cleaned_mic_source session=07AB57FF-734B-403F-8E99-492367017BAF selected=cleaned reason=cleanedUsed timeout_s=173.381 process_id=39223 process_session=8b7ecbbe-45c5-490e-9831-e0c94535f43e uptime_ns=179798571681583
2026-09-13T14:44:02.091Z meeting_system_diarization_completed session=07AB57FF-734B-403F-8E99-492367017BAF prior=unconstrained_no_attendee_count speakers=5 segments=262 duration_s=5.36 process_id=39223 process_session=8b7ecbbe-45c5-490e-9831-e0c94535f43e uptime_ns=179818390162083
2026-09-13T14:44:02.229Z meeting_transcription_queue_stage session=07AB57FF-734B-403F-8E99-492367017BAF transcription=6EA43211-3DAE-4000-8A41-A963DB46016D stage=finalize_transcript outcome=success duration_s=60.058 process_id=39223 process_session=8b7ecbbe-45c5-490e-9831-e0c94535f43e uptime_ns=179818528120000
2026-09-13T14:44:02.229Z meeting_transcription_queue_stage session=07AB57FF-734B-403F-8E99-492367017BAF transcription=6EA43211-3DAE-4000-8A41-A963DB46016D stage=settle_artifacts outcome=started process_id=39223 process_session=8b7ecbbe-45c5-490e-9831-e0c94535f43e uptime_ns=179818528131416
2026-09-13T14:44:02.240Z meeting_transcription_queue_stage session=07AB57FF-734B-403F-8E99-492367017BAF transcription=6EA43211-3DAE-4000-8A41-A963DB46016D stage=settle_artifacts outcome=success duration_s=0.011 process_id=39223 process_session=8b7ecbbe-45c5-490e-9831-e0c94535f43e uptime_ns=179818538726750
2026-09-13T14:45:20.401Z meeting_echo_suppression_resolution session=4B5727EC-E738-4AEA-AF28-20BB92390B07 reason_code=cleanedUsed model_version=none render_duration_ms=none realtime_factor=none delay_estimate_ms=none probe_windows=none probe_best_correlation=none process_id=39223 process_session=8b7ecbbe-45c5-490e-9831-e0c94535f43e uptime_ns=179896699433250
2026-09-13T14:45:20.401Z meeting_cleaned_mic_source session=4B5727EC-E738-4AEA-AF28-20BB92390B07 selected=cleaned reason=cleanedUsed timeout_s=173.387 process_id=39223 process_session=8b7ecbbe-45c5-490e-9831-e0c94535f43e uptime_ns=179896700210875
2026-09-13T14:45:40.075Z meeting_system_diarization_completed session=4B5727EC-E738-4AEA-AF28-20BB92390B07 prior=unconstrained_no_attendee_count speakers=5 segments=262 duration_s=5.29 process_id=39223 process_session=8b7ecbbe-45c5-490e-9831-e0c94535f43e uptime_ns=179916373790333
2026-09-13T14:46:23.273Z meeting_echo_suppression_resolution session=358794D0-1581-4902-B8CC-9B4953D81F6A reason_code=cleanedUsed model_version=none render_duration_ms=none realtime_factor=none delay_estimate_ms=none probe_windows=none probe_best_correlation=none process_id=39223 process_session=8b7ecbbe-45c5-490e-9831-e0c94535f43e uptime_ns=179959571798583
2026-09-13T14:46:23.274Z meeting_cleaned_mic_source session=358794D0-1581-4902-B8CC-9B4953D81F6A selected=cleaned reason=cleanedUsed timeout_s=173.387 process_id=39223 process_session=8b7ecbbe-45c5-490e-9831-e0c94535f43e uptime_ns=179959572480791
2026-09-13T14:47:36.334Z meeting_system_diarization_completed session=358794D0-1581-4902-B8CC-9B4953D81F6A prior=unconstrained_no_attendee_count speakers=5 segments=262 duration_s=5.34 process_id=39223 process_session=8b7ecbbe-45c5-490e-9831-e0c94535f43e uptime_ns=180032632618250
2026-09-13T14:49:13.583Z speech_engine_switch_start from=parakeet to=whisper variant=large-v3-v20240930_turbo_632MB process_id=39223 process_session=8b7ecbbe-45c5-490e-9831-e0c94535f43e uptime_ns=180129880515791
2026-09-13T14:49:13.618Z speech_engine_switch_complete from=parakeet to=whisper duration_s=0.035 process_id=39223 process_session=8b7ecbbe-45c5-490e-9831-e0c94535f43e uptime_ns=180129916022125
2026-09-13T15:27:54.264Z dictation_capture_start permission_status=3 process_id=39223 process_session=8b7ecbbe-45c5-490e-9831-e0c94535f43e uptime_ns=182450593139416
2026-09-13T15:27:54.273Z dictation_capture_starting process_id=39223 process_session=8b7ecbbe-45c5-490e-9831-e0c94535f43e uptime_ns=182450602344541
2026-09-13T15:27:54.440Z dictation_capture_first_buffer sr=44100.0 ch=1 original_ch=1 common_format=1 interleaved=false frames=4410 has_float_data=true process_id=39223 process_session=8b7ecbbe-45c5-490e-9831-e0c94535f43e uptime_ns=182450769350916
2026-09-13T15:27:54.441Z shared_mic_engine_started_from_prepared audio_engine_start_ms=154.841 process_id=39223 process_session=8b7ecbbe-45c5-490e-9831-e0c94535f43e uptime_ns=182450770056166
2026-09-13T15:27:54.444Z shared_mic_diagnostics transition=subscribe wants_vpio=false blocks_vpio_promotion=true subscribers=1 vpio_subs=0 passive_subs=0 engine_running=true vpio_engaged=false vpio_deferred=false vpio_deferral_count=0 process_id=39223 process_session=8b7ecbbe-45c5-490e-9831-e0c94535f43e uptime_ns=182450772491666
2026-09-13T15:27:54.446Z dictation_capture_engine_started file_created=true default_input=present default_input_transport=built-in sr=44100.0 ch=1 process_id=39223 process_session=8b7ecbbe-45c5-490e-9831-e0c94535f43e uptime_ns=182450774483416
2026-09-13T15:27:59.483Z dictation_capture_heartbeat input_buffers=51 input_frames=224910 isRunning=true default_input=present default_input_transport=built-in process_id=39223 process_session=8b7ecbbe-45c5-490e-9831-e0c94535f43e uptime_ns=182455812299083
2026-09-13T15:28:03.677Z dictation_stop_requested mode=persistent session=4 process_id=39223 process_session=8b7ecbbe-45c5-490e-9831-e0c94535f43e uptime_ns=182460005539833
2026-09-13T15:28:03.699Z shared_mic_engine_stopped process_id=39223 process_session=8b7ecbbe-45c5-490e-9831-e0c94535f43e uptime_ns=182460028129375
2026-09-13T15:28:03.700Z shared_mic_diagnostics transition=unsubscribe wants_vpio=n/a blocks_vpio_promotion=n/a subscribers=0 vpio_subs=0 passive_subs=0 engine_running=false vpio_engaged=false vpio_deferred=false vpio_deferral_count=0 process_id=39223 process_session=8b7ecbbe-45c5-490e-9831-e0c94535f43e uptime_ns=182460029272583
2026-09-13T15:28:03.702Z dictation_capture_stop sample_count=148800 effective_sample_count=148800 duration_s=9.300 wall_duration_s=9.257 file_bytes=599296 input_buffers=93 output_buffers=93 input_frames=410130 max_rms=0.231312 max_level=1.000 non_silent_buffers=93 missing_float_buffers=0 invalid_format_buffers=0 no_buffer_timeout=false process_id=39223 process_session=8b7ecbbe-45c5-490e-9831-e0c94535f43e uptime_ns=182460030936333
2026-09-13T15:28:03.704Z dictation_transcribe_begin file_bytes=599296 process_id=39223 process_session=8b7ecbbe-45c5-490e-9831-e0c94535f43e uptime_ns=182460032525000
2026-09-13T15:28:03.794Z shared_mic_engine_prepare_timing vpio=false buffer_size=4096 set_vpio_ms=0.006 output_format_ms=0.010 install_tap_ms=0.004 total_ms=88.687 process_id=39223 process_session=8b7ecbbe-45c5-490e-9831-e0c94535f43e uptime_ns=182460123290583
2026-09-13T15:28:03.795Z shared_mic_engine_input_device_prepared source=system_default device=present transport=built-in vpio=false set_device_ms=0.000 prepare_engine_ms=89.454 process_id=39223 process_session=8b7ecbbe-45c5-490e-9831-e0c94535f43e uptime_ns=182460124008416
2026-09-13T15:28:04.663Z dictation_transcribe_complete chars=119 words=19 engine=whisper variant=large-v3-v20240930_turbo_632MB captured_duration_ms=9236 timed_words=19 first_word_start_ms=640 last_word_end_ms=9260 timed_span_ms=8620 timing_end_permille=1003 process_id=39223 process_session=8b7ecbbe-45c5-490e-9831-e0c94535f43e uptime_ns=182460992201791
2026-09-13T15:28:42.674Z dictation_capture_start permission_status=3 process_id=39223 process_session=8b7ecbbe-45c5-490e-9831-e0c94535f43e uptime_ns=182499003075125
2026-09-13T15:28:42.677Z dictation_capture_starting process_id=39223 process_session=8b7ecbbe-45c5-490e-9831-e0c94535f43e uptime_ns=182499005918541
2026-09-13T15:28:42.831Z dictation_capture_first_buffer sr=44100.0 ch=1 original_ch=1 common_format=1 interleaved=false frames=4410 has_float_data=true process_id=39223 process_session=8b7ecbbe-45c5-490e-9831-e0c94535f43e uptime_ns=182499160234041
2026-09-13T15:28:42.831Z shared_mic_engine_started_from_prepared audio_engine_start_ms=149.923 process_id=39223 process_session=8b7ecbbe-45c5-490e-9831-e0c94535f43e uptime_ns=182499160432375
2026-09-13T15:28:42.833Z shared_mic_diagnostics transition=subscribe wants_vpio=false blocks_vpio_promotion=true subscribers=1 vpio_subs=0 passive_subs=0 engine_running=true vpio_engaged=false vpio_deferred=false vpio_deferral_count=0 process_id=39223 process_session=8b7ecbbe-45c5-490e-9831-e0c94535f43e uptime_ns=182499162432416
2026-09-13T15:28:42.834Z dictation_capture_engine_started file_created=true default_input=present default_input_transport=built-in sr=44100.0 ch=1 process_id=39223 process_session=8b7ecbbe-45c5-490e-9831-e0c94535f43e uptime_ns=182499163302416
2026-09-13T15:28:47.878Z dictation_capture_heartbeat input_buffers=51 input_frames=224910 isRunning=true default_input=present default_input_transport=built-in process_id=39223 process_session=8b7ecbbe-45c5-490e-9831-e0c94535f43e uptime_ns=182504207583875
2026-09-13T15:28:52.911Z dictation_capture_heartbeat input_buffers=101 input_frames=445410 isRunning=true default_input=present default_input_transport=built-in process_id=39223 process_session=8b7ecbbe-45c5-490e-9831-e0c94535f43e uptime_ns=182509240260041
2026-09-13T15:28:57.622Z dictation_stop_requested mode=persistent session=5 process_id=39223 process_session=8b7ecbbe-45c5-490e-9831-e0c94535f43e uptime_ns=182513951543333
2026-09-13T15:28:57.640Z shared_mic_engine_stopped process_id=39223 process_session=8b7ecbbe-45c5-490e-9831-e0c94535f43e uptime_ns=182513969465291
2026-09-13T15:28:57.642Z shared_mic_diagnostics transition=unsubscribe wants_vpio=n/a blocks_vpio_promotion=n/a subscribers=0 vpio_subs=0 passive_subs=0 engine_running=false vpio_engaged=false vpio_deferred=false vpio_deferral_count=0 process_id=39223 process_session=8b7ecbbe-45c5-490e-9831-e0c94535f43e uptime_ns=182513971162208
2026-09-13T15:28:57.644Z dictation_capture_stop sample_count=236800 effective_sample_count=236800 duration_s=14.800 wall_duration_s=14.810 file_bytes=951296 input_buffers=148 output_buffers=148 input_frames=652680 max_rms=0.525767 max_level=1.000 non_silent_buffers=148 missing_float_buffers=0 invalid_format_buffers=0 no_buffer_timeout=false process_id=39223 process_session=8b7ecbbe-45c5-490e-9831-e0c94535f43e uptime_ns=182513972957333
2026-09-13T15:28:57.645Z dictation_transcribe_begin file_bytes=951296 process_id=39223 process_session=8b7ecbbe-45c5-490e-9831-e0c94535f43e uptime_ns=182513974091916
2026-09-13T15:28:57.749Z shared_mic_engine_prepare_timing vpio=false buffer_size=4096 set_vpio_ms=0.006 output_format_ms=0.011 install_tap_ms=0.004 total_ms=101.384 process_id=39223 process_session=8b7ecbbe-45c5-490e-9831-e0c94535f43e uptime_ns=182514078187583
2026-09-13T15:28:57.750Z shared_mic_engine_input_device_prepared source=system_default device=present transport=built-in vpio=false set_device_ms=0.000 prepare_engine_ms=102.220 process_id=39223 process_session=8b7ecbbe-45c5-490e-9831-e0c94535f43e uptime_ns=182514078970208
2026-09-13T15:28:58.875Z dictation_transcribe_complete chars=230 words=36 engine=whisper variant=large-v3-v20240930_turbo_632MB captured_duration_ms=14790 timed_words=36 first_word_start_ms=20 last_word_end_ms=29120 timed_span_ms=29100 timing_end_permille=1969 process_id=39223 process_session=8b7ecbbe-45c5-490e-9831-e0c94535f43e uptime_ns=182515204690375
2026-09-13T15:29:35.230Z dictation_capture_start permission_status=3 process_id=39223 process_session=8b7ecbbe-45c5-490e-9831-e0c94535f43e uptime_ns=182551559901791
2026-09-13T15:29:35.232Z dictation_capture_starting process_id=39223 process_session=8b7ecbbe-45c5-490e-9831-e0c94535f43e uptime_ns=182551561881958
2026-09-13T15:29:35.394Z shared_mic_engine_started_from_prepared audio_engine_start_ms=157.305 process_id=39223 process_session=8b7ecbbe-45c5-490e-9831-e0c94535f43e uptime_ns=182551723904166
2026-09-13T15:29:35.394Z dictation_capture_first_buffer sr=44100.0 ch=1 original_ch=1 common_format=1 interleaved=false frames=4410 has_float_data=true process_id=39223 process_session=8b7ecbbe-45c5-490e-9831-e0c94535f43e uptime_ns=182551723754916
2026-09-13T15:29:35.396Z shared_mic_diagnostics transition=subscribe wants_vpio=false blocks_vpio_promotion=true subscribers=1 vpio_subs=0 passive_subs=0 engine_running=true vpio_engaged=false vpio_deferred=false vpio_deferral_count=0 process_id=39223 process_session=8b7ecbbe-45c5-490e-9831-e0c94535f43e uptime_ns=182551725147958
2026-09-13T15:29:35.397Z dictation_capture_engine_started file_created=true default_input=present default_input_transport=built-in sr=44100.0 ch=1 process_id=39223 process_session=8b7ecbbe-45c5-490e-9831-e0c94535f43e uptime_ns=182551726152208
2026-09-13T15:29:40.439Z dictation_capture_heartbeat input_buffers=51 input_frames=224910 isRunning=true default_input=present default_input_transport=built-in process_id=39223 process_session=8b7ecbbe-45c5-490e-9831-e0c94535f43e uptime_ns=182556768946250
2026-09-13T15:29:40.784Z dictation_hotkey_stop mode=persistent tail_ms=0 process_id=39223 process_session=8b7ecbbe-45c5-490e-9831-e0c94535f43e uptime_ns=182557113440583
2026-09-13T15:29:40.800Z dictation_stop_requested mode=persistent session=6 process_id=39223 process_session=8b7ecbbe-45c5-490e-9831-e0c94535f43e uptime_ns=182557129214208
2026-09-13T15:29:40.847Z shared_mic_engine_stopped process_id=39223 process_session=8b7ecbbe-45c5-490e-9831-e0c94535f43e uptime_ns=182557176191416
2026-09-13T15:29:40.850Z shared_mic_diagnostics transition=unsubscribe wants_vpio=n/a blocks_vpio_promotion=n/a subscribers=0 vpio_subs=0 passive_subs=0 engine_running=false vpio_engaged=false vpio_deferred=false vpio_deferral_count=0 process_id=39223 process_session=8b7ecbbe-45c5-490e-9831-e0c94535f43e uptime_ns=182557179151166
2026-09-13T15:29:40.851Z dictation_capture_stop sample_count=88000 effective_sample_count=88000 duration_s=5.500 wall_duration_s=5.455 file_bytes=356096 input_buffers=55 output_buffers=55 input_frames=242550 max_rms=0.035874 max_level=0.179 non_silent_buffers=9 missing_float_buffers=0 invalid_format_buffers=0 no_buffer_timeout=false process_id=39223 process_session=8b7ecbbe-45c5-490e-9831-e0c94535f43e uptime_ns=182557180685125
2026-09-13T15:29:40.852Z dictation_transcribe_begin file_bytes=356096 process_id=39223 process_session=8b7ecbbe-45c5-490e-9831-e0c94535f43e uptime_ns=182557181410916
2026-09-13T15:29:40.942Z shared_mic_engine_prepare_timing vpio=false buffer_size=4096 set_vpio_ms=0.004 output_format_ms=0.008 install_tap_ms=0.004 total_ms=87.708 process_id=39223 process_session=8b7ecbbe-45c5-490e-9831-e0c94535f43e uptime_ns=182557271579416
2026-09-13T15:29:40.943Z shared_mic_engine_input_device_prepared source=system_default device=present transport=built-in vpio=false set_device_ms=0.000 prepare_engine_ms=88.444 process_id=39223 process_session=8b7ecbbe-45c5-490e-9831-e0c94535f43e uptime_ns=182557272268875
2026-09-13T15:29:41.383Z dictation_transcribe_complete chars=22 words=2 engine=whisper variant=large-v3-v20240930_turbo_632MB captured_duration_ms=5405 timed_words=2 first_word_start_ms=27700 last_word_end_ms=29120 timed_span_ms=1420 timing_end_permille=5388 process_id=39223 process_session=8b7ecbbe-45c5-490e-9831-e0c94535f43e uptime_ns=182557712980000
2026-09-13T15:29:46.652Z dictation_capture_start permission_status=3 process_id=39223 process_session=8b7ecbbe-45c5-490e-9831-e0c94535f43e uptime_ns=182562981625625
2026-09-13T15:29:46.654Z dictation_capture_starting process_id=39223 process_session=8b7ecbbe-45c5-490e-9831-e0c94535f43e uptime_ns=182562983515583
2026-09-13T15:29:46.811Z shared_mic_engine_started_from_prepared audio_engine_start_ms=153.349 process_id=39223 process_session=8b7ecbbe-45c5-490e-9831-e0c94535f43e uptime_ns=182563140672958
2026-09-13T15:29:46.811Z dictation_capture_first_buffer sr=44100.0 ch=1 original_ch=1 common_format=1 interleaved=false frames=4410 has_float_data=true process_id=39223 process_session=8b7ecbbe-45c5-490e-9831-e0c94535f43e uptime_ns=182563140259791
2026-09-13T15:29:46.813Z shared_mic_diagnostics transition=subscribe wants_vpio=false blocks_vpio_promotion=true subscribers=1 vpio_subs=0 passive_subs=0 engine_running=true vpio_engaged=false vpio_deferred=false vpio_deferral_count=0 process_id=39223 process_session=8b7ecbbe-45c5-490e-9831-e0c94535f43e uptime_ns=182563142909916
2026-09-13T15:29:46.815Z dictation_capture_engine_started file_created=true default_input=present default_input_transport=built-in sr=44100.0 ch=1 process_id=39223 process_session=8b7ecbbe-45c5-490e-9831-e0c94535f43e uptime_ns=182563144874750
2026-09-13T15:29:51.818Z dictation_capture_heartbeat input_buffers=51 input_frames=224910 isRunning=true default_input=present default_input_transport=built-in process_id=39223 process_session=8b7ecbbe-45c5-490e-9831-e0c94535f43e uptime_ns=182568147672291
2026-09-13T15:29:56.876Z dictation_capture_heartbeat input_buffers=101 input_frames=445410 isRunning=true default_input=present default_input_transport=built-in process_id=39223 process_session=8b7ecbbe-45c5-490e-9831-e0c94535f43e uptime_ns=182573205740208
2026-09-13T15:29:59.825Z dictation_stop_requested mode=persistent session=7 process_id=39223 process_session=8b7ecbbe-45c5-490e-9831-e0c94535f43e uptime_ns=182576155233833
2026-09-13T15:29:59.878Z shared_mic_engine_stopped process_id=39223 process_session=8b7ecbbe-45c5-490e-9831-e0c94535f43e uptime_ns=182576207794666
2026-09-13T15:29:59.880Z shared_mic_diagnostics transition=unsubscribe wants_vpio=n/a blocks_vpio_promotion=n/a subscribers=0 vpio_subs=0 passive_subs=0 engine_running=false vpio_engaged=false vpio_deferred=false vpio_deferral_count=0 process_id=39223 process_session=8b7ecbbe-45c5-490e-9831-e0c94535f43e uptime_ns=182576209401125
2026-09-13T15:29:59.881Z dictation_capture_stop sample_count=209600 effective_sample_count=209600 duration_s=13.100 wall_duration_s=13.067 file_bytes=842496 input_buffers=131 output_buffers=131 input_frames=577710 max_rms=0.369664 max_level=1.000 non_silent_buffers=76 missing_float_buffers=0 invalid_format_buffers=0 no_buffer_timeout=false process_id=39223 process_session=8b7ecbbe-45c5-490e-9831-e0c94535f43e uptime_ns=182576210947625
2026-09-13T15:29:59.883Z dictation_transcribe_begin file_bytes=842496 process_id=39223 process_session=8b7ecbbe-45c5-490e-9831-e0c94535f43e uptime_ns=182576212300375
2026-09-13T15:29:59.983Z shared_mic_engine_prepare_timing vpio=false buffer_size=4096 set_vpio_ms=0.006 output_format_ms=0.011 install_tap_ms=0.004 total_ms=96.368 process_id=39223 process_session=8b7ecbbe-45c5-490e-9831-e0c94535f43e uptime_ns=182576312508375
2026-09-13T15:29:59.984Z shared_mic_engine_input_device_prepared source=system_default device=present transport=built-in vpio=false set_device_ms=0.000 prepare_engine_ms=97.267 process_id=39223 process_session=8b7ecbbe-45c5-490e-9831-e0c94535f43e uptime_ns=182576313341500
2026-09-13T15:30:01.569Z dictation_transcribe_complete chars=58 words=10 engine=whisper variant=large-v3-v20240930_turbo_632MB captured_duration_ms=13010 timed_words=10 first_word_start_ms=1520 last_word_end_ms=12020 timed_span_ms=10500 timing_end_permille=924 process_id=39223 process_session=8b7ecbbe-45c5-490e-9831-e0c94535f43e uptime_ns=182577898957708
2026-09-14T07:00:12.845Z dictation_diagnostics_session_start pid=57065 version=0.8.0 build=20260909173236 source=dist-xcodebuild-release commit=1cc48e726ad4 process_id=57065 process_session=d45639a4-73c2-45c0-838b-2ce93806ffd9 uptime_ns=193978801608041
2026-09-14T07:00:13.267Z shared_mic_engine_prepare_timing vpio=false buffer_size=4096 set_vpio_ms=0.021 output_format_ms=0.009 install_tap_ms=0.005 total_ms=120.479 process_id=57065 process_session=d45639a4-73c2-45c0-838b-2ce93806ffd9 uptime_ns=193979223743625
2026-09-14T07:00:13.268Z shared_mic_engine_input_device_prepared source=system_default device=present transport=usb vpio=false set_device_ms=0.000 prepare_engine_ms=121.183 process_id=57065 process_session=d45639a4-73c2-45c0-838b-2ce93806ffd9 uptime_ns=193979224397750
2026-09-14T07:00:15.115Z whisper_model_prepare_start model=large-v3-v20240930_turbo_632MB folder=openai_whisper-large-v3-v20240930_turbo_632MB process_id=57065 process_session=d45639a4-73c2-45c0-838b-2ce93806ffd9 uptime_ns=193981072046416
2026-09-14T07:00:16.952Z whisper_model_prepare_complete model=large-v3-v20240930_turbo_632MB duration_s=1.837 process_id=57065 process_session=d45639a4-73c2-45c0-838b-2ce93806ffd9 uptime_ns=193982908722500
2026-09-14T07:00:30.430Z meeting_live_chunking_mode session=0D583678-0215-44C3-BBD0-528ABCEE95A8 mode=fixed reason=non_parakeet_engine process_id=57065 process_session=d45639a4-73c2-45c0-838b-2ce93806ffd9 uptime_ns=193996386077583
2026-09-14T07:00:30.461Z meeting_mic_capture_starting requested_mode=raw default_input=present default_input_transport=usb process_id=57065 process_session=d45639a4-73c2-45c0-838b-2ce93806ffd9 uptime_ns=193996417433958
2026-09-14T07:00:30.619Z shared_mic_engine_started_from_prepared audio_engine_start_ms=152.973 process_id=57065 process_session=d45639a4-73c2-45c0-838b-2ce93806ffd9 uptime_ns=193996575726500
2026-09-14T07:00:30.620Z shared_mic_diagnostics transition=subscribe wants_vpio=false blocks_vpio_promotion=true subscribers=1 vpio_subs=0 passive_subs=0 engine_running=true vpio_engaged=false vpio_deferred=false vpio_deferral_count=0 process_id=57065 process_session=d45639a4-73c2-45c0-838b-2ce93806ffd9 uptime_ns=193996576705000
2026-09-14T07:00:30.620Z meeting_mic_first_buffer sr=48000.0 ch=1 interleaved=false process_id=57065 process_session=d45639a4-73c2-45c0-838b-2ce93806ffd9 uptime_ns=193996576731333
2026-09-14T07:00:30.621Z meeting_mic_processing mode=raw process_id=57065 process_session=d45639a4-73c2-45c0-838b-2ce93806ffd9 uptime_ns=193996577312708
2026-09-14T07:00:30.622Z meeting_mic_capture_started requested_mode=raw effective_mode=raw sr=48000.0 ch=1 default_input=present default_input_transport=usb process_id=57065 process_session=d45639a4-73c2-45c0-838b-2ce93806ffd9 uptime_ns=193996578144666
2026-09-14T07:00:30.672Z system_audio_stream_screen_output_attached mode=discard process_id=57065 process_session=d45639a4-73c2-45c0-838b-2ce93806ffd9 uptime_ns=193996628093291
2026-09-14T07:00:30.782Z system_audio_stream_started sr=48000 ch=2 process_id=57065 process_session=d45639a4-73c2-45c0-838b-2ce93806ffd9 uptime_ns=193996738429041
2026-09-14T07:00:30.783Z meeting_recording_started session=0D583678-0215-44C3-BBD0-528ABCEE95A8 source_mode=Optional(MacParakeetCore.MeetingAudioSourceMode.microphoneAndSystem) requested_mic_mode=raw effective_mic_mode=raw process_id=57065 process_session=d45639a4-73c2-45c0-838b-2ce93806ffd9 uptime_ns=193996739429916
2026-09-14T07:00:30.806Z system_audio_stream_first_buffer sr=48000 ch=2 process_id=57065 process_session=d45639a4-73c2-45c0-838b-2ce93806ffd9 uptime_ns=193996762690375
2026-09-14T07:13:26.867Z meeting_stop_stage session=0D583678-0215-44C3-BBD0-528ABCEE95A8 stage=notes_commit duration_ms=3 outcome=success process_id=57065 process_session=d45639a4-73c2-45c0-838b-2ce93806ffd9 uptime_ns=194772815572041
2026-09-14T07:13:26.869Z meeting_recording_stopping session=0D583678-0215-44C3-BBD0-528ABCEE95A8 process_id=57065 process_session=d45639a4-73c2-45c0-838b-2ce93806ffd9 uptime_ns=194772817393333
2026-09-14T07:13:26.957Z shared_mic_engine_stopped process_id=57065 process_session=d45639a4-73c2-45c0-838b-2ce93806ffd9 uptime_ns=194772904763166
2026-09-14T07:13:26.958Z shared_mic_diagnostics transition=unsubscribe wants_vpio=n/a blocks_vpio_promotion=n/a subscribers=0 vpio_subs=0 passive_subs=0 engine_running=false vpio_engaged=false vpio_deferred=false vpio_deferral_count=0 process_id=57065 process_session=d45639a4-73c2-45c0-838b-2ce93806ffd9 uptime_ns=194772905698625
2026-09-14T07:13:26.959Z meeting_mic_capture_stopped default_input=present default_input_transport=usb process_id=57065 process_session=d45639a4-73c2-45c0-838b-2ce93806ffd9 uptime_ns=194772906692791
2026-09-14T07:13:26.978Z system_audio_stream_stopped outcome=completed process_id=57065 process_session=d45639a4-73c2-45c0-838b-2ce93806ffd9 uptime_ns=194772926011000
2026-09-14T07:13:26.979Z meeting_stop_stage session=0D583678-0215-44C3-BBD0-528ABCEE95A8 stage=capture_stop duration_ms=109 outcome=success process_id=57065 process_session=d45639a4-73c2-45c0-838b-2ce93806ffd9 uptime_ns=194772926963291
2026-09-14T07:13:26.991Z meeting_stop_stage session=0D583678-0215-44C3-BBD0-528ABCEE95A8 stage=processing_drain duration_ms=11 outcome=success process_id=57065 process_session=d45639a4-73c2-45c0-838b-2ce93806ffd9 uptime_ns=194772938963833
2026-09-14T07:13:27.017Z meeting_stop_stage session=0D583678-0215-44C3-BBD0-528ABCEE95A8 stage=writer_finalize duration_ms=25 outcome=success process_id=57065 process_session=d45639a4-73c2-45c0-838b-2ce93806ffd9 uptime_ns=194772965195625
2026-09-14T07:13:27.045Z meeting_stop_stage session=0D583678-0215-44C3-BBD0-528ABCEE95A8 stage=source_urls duration_ms=27 outcome=success process_id=57065 process_session=d45639a4-73c2-45c0-838b-2ce93806ffd9 uptime_ns=194772993042333
2026-09-14T07:13:27.046Z shared_mic_engine_prepare_timing vpio=false buffer_size=4096 set_vpio_ms=0.006 output_format_ms=0.015 install_tap_ms=0.005 total_ms=83.098 process_id=57065 process_session=d45639a4-73c2-45c0-838b-2ce93806ffd9 uptime_ns=194772993729541
2026-09-14T07:13:27.046Z shared_mic_engine_input_device_prepared source=system_default device=present transport=usb vpio=false set_device_ms=0.000 prepare_engine_ms=83.569 process_id=57065 process_session=d45639a4-73c2-45c0-838b-2ce93806ffd9 uptime_ns=194772994122041
2026-09-14T07:13:27.047Z meeting_stop_stage session=0D583678-0215-44C3-BBD0-528ABCEE95A8 stage=metadata_save duration_ms=1 outcome=success process_id=57065 process_session=d45639a4-73c2-45c0-838b-2ce93806ffd9 uptime_ns=194772995433916
2026-09-14T07:13:34.136Z meeting_stop_stage session=0D583678-0215-44C3-BBD0-528ABCEE95A8 stage=mix duration_ms=7089 outcome=success process_id=57065 process_session=d45639a4-73c2-45c0-838b-2ce93806ffd9 uptime_ns=194780084440333
2026-09-14T07:13:34.137Z meeting_stop_stage session=0D583678-0215-44C3-BBD0-528ABCEE95A8 stage=notes_write duration_ms=0 outcome=success process_id=57065 process_session=d45639a4-73c2-45c0-838b-2ce93806ffd9 uptime_ns=194780085251416
2026-09-14T07:13:34.138Z meeting_stop_stage session=0D583678-0215-44C3-BBD0-528ABCEE95A8 stage=lock_write duration_ms=0 outcome=success process_id=57065 process_session=d45639a4-73c2-45c0-838b-2ce93806ffd9 uptime_ns=194780086113916
2026-09-14T07:13:34.139Z meeting_cleaned_mic session=0D583678-0215-44C3-BBD0-528ABCEE95A8 outcome=scheduled process_id=57065 process_session=d45639a4-73c2-45c0-838b-2ce93806ffd9 uptime_ns=194780086928291
2026-09-14T07:13:34.139Z meeting_stop_stage session=0D583678-0215-44C3-BBD0-528ABCEE95A8 stage=cleaned_mic_schedule duration_ms=1 outcome=success process_id=57065 process_session=d45639a4-73c2-45c0-838b-2ce93806ffd9 uptime_ns=194780087374041
2026-09-14T07:13:34.140Z meeting_stop_stage session=0D583678-0215-44C3-BBD0-528ABCEE95A8 stage=cleanup duration_ms=0 outcome=success process_id=57065 process_session=d45639a4-73c2-45c0-838b-2ce93806ffd9 uptime_ns=194780087754000
2026-09-14T07:13:34.140Z meeting_recording_stopped session=0D583678-0215-44C3-BBD0-528ABCEE95A8 duration_s=776.285 process_id=57065 process_session=d45639a4-73c2-45c0-838b-2ce93806ffd9 uptime_ns=194780088073541
2026-09-14T07:13:34.141Z meeting_recording_health session=0D583678-0215-44C3-BBD0-528ABCEE95A8 duration_s=776.086 captured_duration_s=776.308 capture_quality=healthy source_mode=microphone_and_system mic_started=true requested_mic_mode=raw effective_mic_mode=raw mic_first_buffer=true system_first_buffer=true mic_bytes=5833350 system_bytes=6164545 mixed_bytes=12708970 mic_frames=37262400 system_frames=37250880 mic_coverage=1.000 system_coverage=1.000 mic_capture_status=complete system_capture_status=complete mic_chunks_enqueued=52 system_chunks_enqueued=159 mic_chunks_low_signal_dropped=86 system_chunks_low_signal_dropped=34 mic_chunks_system_dominant_dropped=55 mic_peak_level=1.000 system_peak_level=0.814 system_signal=present backpressure_drops=0 transcription_failures=0 interrupted_sources=none capture_failed=false process_id=57065 process_session=d45639a4-73c2-45c0-838b-2ce93806ffd9 uptime_ns=194780088869750
2026-09-14T07:13:34.141Z meeting_echo_suppression_summary session=0D583678-0215-44C3-BBD0-528ABCEE95A8 processor=localvqe loaded=true mic_frames=48503 processed_frames=48503 raw_fallback_frames=0 full_reference_frames=48503 partial_reference_frames=0 missing_reference_frames=0 processing_failures=0 current_delay_samples=0 delay_confidence=0.000 delay_estimate_count=0 rejected_delay_estimates=1552 process_id=57065 process_session=d45639a4-73c2-45c0-838b-2ce93806ffd9 uptime_ns=194780089270208
2026-09-14T07:13:34.142Z meeting_stop_stage session=0D583678-0215-44C3-BBD0-528ABCEE95A8 stage=service_total duration_ms=7272 outcome=success process_id=57065 process_session=d45639a4-73c2-45c0-838b-2ce93806ffd9 uptime_ns=194780089742875
2026-09-14T07:13:34.142Z meeting_stop_stage session=0D583678-0215-44C3-BBD0-528ABCEE95A8 stage=service_stop duration_ms=7273 outcome=success process_id=57065 process_session=d45639a4-73c2-45c0-838b-2ce93806ffd9 uptime_ns=194780090067166
2026-09-14T07:13:34.153Z meeting_stop_stage session=0D583678-0215-44C3-BBD0-528ABCEE95A8 stage=prepare_row duration_ms=11 outcome=success process_id=57065 process_session=d45639a4-73c2-45c0-838b-2ce93806ffd9 uptime_ns=194780101344375
2026-09-14T07:13:34.155Z meeting_stop_stage session=0D583678-0215-44C3-BBD0-528ABCEE95A8 stage=queue_enqueue duration_ms=0 outcome=success process_id=57065 process_session=d45639a4-73c2-45c0-838b-2ce93806ffd9 uptime_ns=194780102691583
2026-09-14T07:13:34.156Z meeting_stop_stage session=0D583678-0215-44C3-BBD0-528ABCEE95A8 stage=queued_total duration_ms=7292 outcome=success process_id=57065 process_session=d45639a4-73c2-45c0-838b-2ce93806ffd9 uptime_ns=194780103727041
2026-09-14T07:13:34.157Z meeting_transcription_queue_stage session=0D583678-0215-44C3-BBD0-528ABCEE95A8 transcription=37DBBBDC-4649-4815-B344-5331E71023D8 stage=prepare_row outcome=started process_id=57065 process_session=d45639a4-73c2-45c0-838b-2ce93806ffd9 uptime_ns=194780105113416
2026-09-14T07:13:34.164Z meeting_transcription_queue_stage session=0D583678-0215-44C3-BBD0-528ABCEE95A8 transcription=37DBBBDC-4649-4815-B344-5331E71023D8 stage=prepare_row outcome=success duration_s=0.006 process_id=57065 process_session=d45639a4-73c2-45c0-838b-2ce93806ffd9 uptime_ns=194780111545083
2026-09-14T07:13:34.164Z meeting_transcription_queue_stage session=0D583678-0215-44C3-BBD0-528ABCEE95A8 transcription=37DBBBDC-4649-4815-B344-5331E71023D8 stage=finalize_transcript outcome=started process_id=57065 process_session=d45639a4-73c2-45c0-838b-2ce93806ffd9 uptime_ns=194780111552416
2026-09-14T07:13:34.602Z meeting_cleaned_mic session=0D583678-0215-44C3-BBD0-528ABCEE95A8 outcome=skipped reason=skippedNoEchoPath renderer_reason=no_echo_path probe_detail=below_threshold probe_windows=5 probe_best_correlation=0.055 process_id=57065 process_session=d45639a4-73c2-45c0-838b-2ce93806ffd9 uptime_ns=194780550175833
2026-09-14T07:13:34.604Z meeting_echo_suppression_resolution session=0D583678-0215-44C3-BBD0-528ABCEE95A8 reason_code=skippedNoEchoPath model_version=none render_duration_ms=none realtime_factor=none delay_estimate_ms=none probe_windows=5 probe_best_correlation=0.055 process_id=57065 process_session=d45639a4-73c2-45c0-838b-2ce93806ffd9 uptime_ns=194780551574625
2026-09-14T07:13:34.604Z meeting_cleaned_mic_source session=0D583678-0215-44C3-BBD0-528ABCEE95A8 selected=raw reason=skippedNoEchoPath timeout_s=194.071 process_id=57065 process_session=d45639a4-73c2-45c0-838b-2ce93806ffd9 uptime_ns=194780551989083
2026-09-14T07:14:34.331Z meeting_system_diarization_completed session=0D583678-0215-44C3-BBD0-528ABCEE95A8 prior=bounds_1_6 speakers=4 segments=98 duration_s=4.69 process_id=57065 process_session=d45639a4-73c2-45c0-838b-2ce93806ffd9 uptime_ns=194840278257916
2026-09-14T07:14:34.368Z meeting_transcription_queue_stage session=0D583678-0215-44C3-BBD0-528ABCEE95A8 transcription=37DBBBDC-4649-4815-B344-5331E71023D8 stage=finalize_transcript outcome=success duration_s=60.204 process_id=57065 process_session=d45639a4-73c2-45c0-838b-2ce93806ffd9 uptime_ns=194840315233208
2026-09-14T07:14:34.368Z meeting_transcription_queue_stage session=0D583678-0215-44C3-BBD0-528ABCEE95A8 transcription=37DBBBDC-4649-4815-B344-5331E71023D8 stage=settle_artifacts outcome=started process_id=57065 process_session=d45639a4-73c2-45c0-838b-2ce93806ffd9 uptime_ns=194840315239583
2026-09-14T07:14:34.371Z meeting_transcription_queue_stage session=0D583678-0215-44C3-BBD0-528ABCEE95A8 transcription=37DBBBDC-4649-4815-B344-5331E71023D8 stage=settle_artifacts outcome=success duration_s=0.004 process_id=57065 process_session=d45639a4-73c2-45c0-838b-2ce93806ffd9 uptime_ns=194840318784416
2026-09-14T07:25:50.926Z dictation_diagnostics_session_start pid=58853 version=0.8.0 build=20260909173236 source=dist-xcodebuild-release commit=1cc48e726ad4 process_id=58853 process_session=ad189852-db03-4a66-9068-889ae58c3f43 uptime_ns=195516866290666
2026-09-14T07:25:51.740Z shared_mic_engine_prepare_timing vpio=false buffer_size=4096 set_vpio_ms=0.028 output_format_ms=0.021 install_tap_ms=0.004 total_ms=127.481 process_id=58853 process_session=ad189852-db03-4a66-9068-889ae58c3f43 uptime_ns=195517679701041
2026-09-14T07:25:51.740Z shared_mic_engine_input_device_prepared source=system_default device=present transport=usb vpio=false set_device_ms=0.000 prepare_engine_ms=128.348 process_id=58853 process_session=ad189852-db03-4a66-9068-889ae58c3f43 uptime_ns=195517680510250
2026-09-14T07:25:53.141Z whisper_model_prepare_start model=large-v3-v20240930_turbo_632MB folder=openai_whisper-large-v3-v20240930_turbo_632MB process_id=58853 process_session=ad189852-db03-4a66-9068-889ae58c3f43 uptime_ns=195519081392416
2026-09-14T07:25:54.995Z whisper_model_prepare_complete model=large-v3-v20240930_turbo_632MB duration_s=1.854 process_id=58853 process_session=ad189852-db03-4a66-9068-889ae58c3f43 uptime_ns=195520935155458
2026-09-14T07:28:35.553Z meeting_live_chunking_mode session=3C803721-EFB9-44F3-B4EE-FDF792362A8D mode=fixed reason=non_parakeet_engine process_id=58853 process_session=ad189852-db03-4a66-9068-889ae58c3f43 uptime_ns=195681490981000
2026-09-14T07:28:35.582Z meeting_mic_capture_starting requested_mode=raw default_input=present default_input_transport=usb process_id=58853 process_session=ad189852-db03-4a66-9068-889ae58c3f43 uptime_ns=195681519979250
2026-09-14T07:28:35.741Z shared_mic_engine_started_from_prepared audio_engine_start_ms=153.584 process_id=58853 process_session=ad189852-db03-4a66-9068-889ae58c3f43 uptime_ns=195681679101166
2026-09-14T07:28:35.742Z shared_mic_diagnostics transition=subscribe wants_vpio=false blocks_vpio_promotion=true subscribers=1 vpio_subs=0 passive_subs=0 engine_running=true vpio_engaged=false vpio_deferred=false vpio_deferral_count=0 process_id=58853 process_session=ad189852-db03-4a66-9068-889ae58c3f43 uptime_ns=195681680338250
2026-09-14T07:28:35.742Z meeting_mic_first_buffer sr=48000.0 ch=1 interleaved=false process_id=58853 process_session=ad189852-db03-4a66-9068-889ae58c3f43 uptime_ns=195681680646333
2026-09-14T07:28:35.743Z meeting_mic_processing mode=raw process_id=58853 process_session=ad189852-db03-4a66-9068-889ae58c3f43 uptime_ns=195681681095375
2026-09-14T07:28:35.744Z meeting_mic_capture_started requested_mode=raw effective_mode=raw sr=48000.0 ch=1 default_input=present default_input_transport=usb process_id=58853 process_session=ad189852-db03-4a66-9068-889ae58c3f43 uptime_ns=195681682214875
2026-09-14T07:28:35.806Z system_audio_stream_screen_output_attached mode=discard process_id=58853 process_session=ad189852-db03-4a66-9068-889ae58c3f43 uptime_ns=195681744695000
2026-09-14T07:28:35.913Z system_audio_stream_started sr=48000 ch=2 process_id=58853 process_session=ad189852-db03-4a66-9068-889ae58c3f43 uptime_ns=195681851165708
2026-09-14T07:28:35.914Z meeting_recording_started session=3C803721-EFB9-44F3-B4EE-FDF792362A8D source_mode=Optional(MacParakeetCore.MeetingAudioSourceMode.microphoneAndSystem) requested_mic_mode=raw effective_mic_mode=raw process_id=58853 process_session=ad189852-db03-4a66-9068-889ae58c3f43 uptime_ns=195681852051916
2026-09-14T07:28:35.938Z system_audio_stream_first_buffer sr=48000 ch=2 process_id=58853 process_session=ad189852-db03-4a66-9068-889ae58c3f43 uptime_ns=195681876358916
2026-09-14T07:32:34.452Z meeting_stop_stage session=3C803721-EFB9-44F3-B4EE-FDF792362A8D stage=notes_commit duration_ms=1 outcome=success process_id=58853 process_session=ad189852-db03-4a66-9068-889ae58c3f43 uptime_ns=195920387700666
2026-09-14T07:32:34.454Z meeting_recording_stopping session=3C803721-EFB9-44F3-B4EE-FDF792362A8D process_id=58853 process_session=ad189852-db03-4a66-9068-889ae58c3f43 uptime_ns=195920389344833
2026-09-14T07:32:34.538Z shared_mic_engine_stopped process_id=58853 process_session=ad189852-db03-4a66-9068-889ae58c3f43 uptime_ns=195920473253958
2026-09-14T07:32:34.539Z shared_mic_diagnostics transition=unsubscribe wants_vpio=n/a blocks_vpio_promotion=n/a subscribers=0 vpio_subs=0 passive_subs=0 engine_running=false vpio_engaged=false vpio_deferred=false vpio_deferral_count=0 process_id=58853 process_session=ad189852-db03-4a66-9068-889ae58c3f43 uptime_ns=195920474496583
2026-09-14T07:32:34.540Z meeting_mic_capture_stopped default_input=present default_input_transport=usb process_id=58853 process_session=ad189852-db03-4a66-9068-889ae58c3f43 uptime_ns=195920475848958
2026-09-14T07:32:34.572Z system_audio_stream_stopped outcome=completed process_id=58853 process_session=ad189852-db03-4a66-9068-889ae58c3f43 uptime_ns=195920507875666
2026-09-14T07:32:34.573Z meeting_stop_stage session=3C803721-EFB9-44F3-B4EE-FDF792362A8D stage=capture_stop duration_ms=119 outcome=success process_id=58853 process_session=ad189852-db03-4a66-9068-889ae58c3f43 uptime_ns=195920508957625
2026-09-14T07:32:34.585Z meeting_stop_stage session=3C803721-EFB9-44F3-B4EE-FDF792362A8D stage=processing_drain duration_ms=11 outcome=success process_id=58853 process_session=ad189852-db03-4a66-9068-889ae58c3f43 uptime_ns=195920520704958
2026-09-14T07:32:34.604Z meeting_stop_stage session=3C803721-EFB9-44F3-B4EE-FDF792362A8D stage=writer_finalize duration_ms=18 outcome=success process_id=58853 process_session=ad189852-db03-4a66-9068-889ae58c3f43 uptime_ns=195920539430333
2026-09-14T07:32:34.622Z meeting_stop_stage session=3C803721-EFB9-44F3-B4EE-FDF792362A8D stage=source_urls duration_ms=18 outcome=success process_id=58853 process_session=ad189852-db03-4a66-9068-889ae58c3f43 uptime_ns=195920557975000
2026-09-14T07:32:34.626Z meeting_stop_stage session=3C803721-EFB9-44F3-B4EE-FDF792362A8D stage=metadata_save duration_ms=2 outcome=success process_id=58853 process_session=ad189852-db03-4a66-9068-889ae58c3f43 uptime_ns=195920561336625
2026-09-14T07:32:34.639Z shared_mic_engine_prepare_timing vpio=false buffer_size=4096 set_vpio_ms=0.006 output_format_ms=0.013 install_tap_ms=0.005 total_ms=95.415 process_id=58853 process_session=ad189852-db03-4a66-9068-889ae58c3f43 uptime_ns=195920574959166
2026-09-14T07:32:34.640Z shared_mic_engine_input_device_prepared source=system_default device=present transport=usb vpio=false set_device_ms=0.000 prepare_engine_ms=96.351 process_id=58853 process_session=ad189852-db03-4a66-9068-889ae58c3f43 uptime_ns=195920575816208
2026-09-14T07:32:36.265Z meeting_stop_stage session=3C803721-EFB9-44F3-B4EE-FDF792362A8D stage=mix duration_ms=1639 outcome=success process_id=58853 process_session=ad189852-db03-4a66-9068-889ae58c3f43 uptime_ns=195922201096500
2026-09-14T07:32:36.266Z meeting_stop_stage session=3C803721-EFB9-44F3-B4EE-FDF792362A8D stage=notes_write duration_ms=0 outcome=success process_id=58853 process_session=ad189852-db03-4a66-9068-889ae58c3f43 uptime_ns=195922201893125
2026-09-14T07:32:36.267Z meeting_stop_stage session=3C803721-EFB9-44F3-B4EE-FDF792362A8D stage=lock_write duration_ms=0 outcome=success process_id=58853 process_session=ad189852-db03-4a66-9068-889ae58c3f43 uptime_ns=195922202649500
2026-09-14T07:32:36.268Z meeting_cleaned_mic session=3C803721-EFB9-44F3-B4EE-FDF792362A8D outcome=scheduled process_id=58853 process_session=ad189852-db03-4a66-9068-889ae58c3f43 uptime_ns=195922203368291
2026-09-14T07:32:36.268Z meeting_stop_stage session=3C803721-EFB9-44F3-B4EE-FDF792362A8D stage=cleaned_mic_schedule duration_ms=1 outcome=success process_id=58853 process_session=ad189852-db03-4a66-9068-889ae58c3f43 uptime_ns=195922203703041
2026-09-14T07:32:36.268Z meeting_stop_stage session=3C803721-EFB9-44F3-B4EE-FDF792362A8D stage=cleanup duration_ms=0 outcome=success process_id=58853 process_session=ad189852-db03-4a66-9068-889ae58c3f43 uptime_ns=195922204088250
2026-09-14T07:32:36.269Z meeting_recording_stopped session=3C803721-EFB9-44F3-B4EE-FDF792362A8D duration_s=238.777 process_id=58853 process_session=ad189852-db03-4a66-9068-889ae58c3f43 uptime_ns=195922204411541
2026-09-14T07:32:36.269Z meeting_recording_health session=3C803721-EFB9-44F3-B4EE-FDF792362A8D duration_s=238.540 captured_duration_s=238.800 capture_quality=healthy source_mode=microphone_and_system mic_started=true requested_mic_mode=raw effective_mic_mode=raw mic_first_buffer=true system_first_buffer=true mic_bytes=1792931 system_bytes=1227260 mixed_bytes=3880639 mic_frames=11462400 system_frames=11448000 mic_coverage=1.000 system_coverage=1.000 mic_capture_status=complete system_capture_status=complete mic_chunks_enqueued=31 system_chunks_enqueued=34 mic_chunks_low_signal_dropped=23 system_chunks_low_signal_dropped=25 mic_chunks_system_dominant_dropped=5 mic_peak_level=1.000 system_peak_level=0.870 system_signal=present backpressure_drops=0 transcription_failures=0 interrupted_sources=none capture_failed=false process_id=58853 process_session=ad189852-db03-4a66-9068-889ae58c3f43 uptime_ns=195922205080833
2026-09-14T07:32:36.270Z meeting_echo_suppression_summary session=3C803721-EFB9-44F3-B4EE-FDF792362A8D processor=localvqe loaded=true mic_frames=14906 processed_frames=14906 raw_fallback_frames=0 full_reference_frames=14906 partial_reference_frames=0 missing_reference_frames=0 processing_failures=0 current_delay_samples=0 delay_confidence=0.000 delay_estimate_count=0 rejected_delay_estimates=477 process_id=58853 process_session=ad189852-db03-4a66-9068-889ae58c3f43 uptime_ns=195922205499708
2026-09-14T07:32:36.270Z meeting_stop_stage session=3C803721-EFB9-44F3-B4EE-FDF792362A8D stage=service_total duration_ms=1817 outcome=success process_id=58853 process_session=ad189852-db03-4a66-9068-889ae58c3f43 uptime_ns=195922205982083
2026-09-14T07:32:36.271Z meeting_stop_stage session=3C803721-EFB9-44F3-B4EE-FDF792362A8D stage=service_stop duration_ms=1817 outcome=success process_id=58853 process_session=ad189852-db03-4a66-9068-889ae58c3f43 uptime_ns=195922206313250
2026-09-14T07:32:36.278Z meeting_stop_stage session=3C803721-EFB9-44F3-B4EE-FDF792362A8D stage=prepare_row duration_ms=7 outcome=success process_id=58853 process_session=ad189852-db03-4a66-9068-889ae58c3f43 uptime_ns=195922214008958
2026-09-14T07:32:36.280Z meeting_stop_stage session=3C803721-EFB9-44F3-B4EE-FDF792362A8D stage=queue_enqueue duration_ms=0 outcome=success process_id=58853 process_session=ad189852-db03-4a66-9068-889ae58c3f43 uptime_ns=195922215352625
2026-09-14T07:32:36.281Z meeting_stop_stage session=3C803721-EFB9-44F3-B4EE-FDF792362A8D stage=queued_total duration_ms=1830 outcome=success process_id=58853 process_session=ad189852-db03-4a66-9068-889ae58c3f43 uptime_ns=195922216338958
2026-09-14T07:32:36.283Z meeting_transcription_queue_stage session=3C803721-EFB9-44F3-B4EE-FDF792362A8D transcription=54F91C28-232A-4510-AF83-534773035679 stage=prepare_row outcome=started process_id=58853 process_session=ad189852-db03-4a66-9068-889ae58c3f43 uptime_ns=195922218347625
2026-09-14T07:32:36.283Z meeting_transcription_queue_stage session=3C803721-EFB9-44F3-B4EE-FDF792362A8D transcription=54F91C28-232A-4510-AF83-534773035679 stage=prepare_row outcome=success duration_s=0.000 process_id=58853 process_session=ad189852-db03-4a66-9068-889ae58c3f43 uptime_ns=195922218790625
2026-09-14T07:32:36.283Z meeting_transcription_queue_stage session=3C803721-EFB9-44F3-B4EE-FDF792362A8D transcription=54F91C28-232A-4510-AF83-534773035679 stage=finalize_transcript outcome=started process_id=58853 process_session=ad189852-db03-4a66-9068-889ae58c3f43 uptime_ns=195922218796250
2026-09-14T07:32:50.256Z meeting_cleaned_mic session=3C803721-EFB9-44F3-B4EE-FDF792362A8D outcome=rendered duration_s=238.800 render_duration_ms=13988 realtime_factor=17.07 processed_frames=14925 raw_fallback_frames=0 failures=0 rms_ratio=1.00 probe_windows=1 probe_best_correlation=0.094 process_id=58853 process_session=ad189852-db03-4a66-9068-889ae58c3f43 uptime_ns=195936191171291
2026-09-14T07:32:50.264Z meeting_echo_suppression_resolution session=3C803721-EFB9-44F3-B4EE-FDF792362A8D reason_code=cleanedUsed model_version=localvqe-v1.4-aec-200K-f32.gguf render_duration_ms=13988 realtime_factor=17.07 delay_estimate_ms=none probe_windows=1 probe_best_correlation=0.094 process_id=58853 process_session=ad189852-db03-4a66-9068-889ae58c3f43 uptime_ns=195936199500583
2026-09-14T07:32:50.265Z meeting_cleaned_mic_source session=3C803721-EFB9-44F3-B4EE-FDF792362A8D selected=cleaned reason=cleanedUsed timeout_s=60.000 process_id=58853 process_session=ad189852-db03-4a66-9068-889ae58c3f43 uptime_ns=195936200072250
2026-09-14T07:33:06.646Z meeting_system_diarization_completed session=3C803721-EFB9-44F3-B4EE-FDF792362A8D prior=bounds_1_6 speakers=1 segments=27 duration_s=1.76 process_id=58853 process_session=ad189852-db03-4a66-9068-889ae58c3f43 uptime_ns=195952581652958
2026-09-14T07:33:06.668Z meeting_transcription_queue_stage session=3C803721-EFB9-44F3-B4EE-FDF792362A8D transcription=54F91C28-232A-4510-AF83-534773035679 stage=finalize_transcript outcome=success duration_s=30.385 process_id=58853 process_session=ad189852-db03-4a66-9068-889ae58c3f43 uptime_ns=195952602995958
2026-09-14T07:33:06.668Z meeting_transcription_queue_stage session=3C803721-EFB9-44F3-B4EE-FDF792362A8D transcription=54F91C28-232A-4510-AF83-534773035679 stage=settle_artifacts outcome=started process_id=58853 process_session=ad189852-db03-4a66-9068-889ae58c3f43 uptime_ns=195952603001958
2026-09-14T07:33:06.669Z meeting_transcription_queue_stage session=3C803721-EFB9-44F3-B4EE-FDF792362A8D transcription=54F91C28-232A-4510-AF83-534773035679 stage=settle_artifacts outcome=success duration_s=0.001 process_id=58853 process_session=ad189852-db03-4a66-9068-889ae58c3f43 uptime_ns=195952604197500
2026-09-14T08:34:11.475Z dictation_diagnostics_session_start pid=62710 version=0.8.0 build=20260909173236 source=dist-xcodebuild-release commit=1cc48e726ad4 process_id=62710 process_session=08c165a0-f624-4c76-9e41-4f6fb1902574 uptime_ns=199045856031208
2026-09-14T08:34:13.583Z whisper_model_prepare_start model=large-v3-v20240930_turbo_632MB folder=openai_whisper-large-v3-v20240930_turbo_632MB process_id=62710 process_session=08c165a0-f624-4c76-9e41-4f6fb1902574 uptime_ns=199047964030083
2026-09-14T08:34:14.838Z shared_mic_engine_prepare_timing vpio=false buffer_size=4096 set_vpio_ms=0.192 output_format_ms=0.042 install_tap_ms=0.012 total_ms=2819.842 process_id=62710 process_session=08c165a0-f624-4c76-9e41-4f6fb1902574 uptime_ns=199049219906583
2026-09-14T08:34:14.840Z shared_mic_engine_input_device_prepared source=system_default device=present transport=built-in vpio=false set_device_ms=0.000 prepare_engine_ms=2821.204 process_id=62710 process_session=08c165a0-f624-4c76-9e41-4f6fb1902574 uptime_ns=199049221254916
2026-09-14T08:34:17.852Z whisper_model_prepare_complete model=large-v3-v20240930_turbo_632MB duration_s=4.269 process_id=62710 process_session=08c165a0-f624-4c76-9e41-4f6fb1902574 uptime_ns=199052233549416
2026-09-14T08:34:21.715Z meeting_live_chunking_mode session=06A3C3DD-B7B7-4BA0-B8D9-62802664FBEE mode=fixed reason=non_parakeet_engine process_id=62710 process_session=08c165a0-f624-4c76-9e41-4f6fb1902574 uptime_ns=199056097341583
2026-09-14T08:34:21.752Z meeting_mic_capture_starting requested_mode=raw default_input=present default_input_transport=built-in process_id=62710 process_session=08c165a0-f624-4c76-9e41-4f6fb1902574 uptime_ns=199056134179083
2026-09-14T08:34:21.924Z shared_mic_engine_started_from_prepared audio_engine_start_ms=167.421 process_id=62710 process_session=08c165a0-f624-4c76-9e41-4f6fb1902574 uptime_ns=199056306932166
2026-09-14T08:34:21.926Z meeting_mic_first_buffer sr=48000.0 ch=1 interleaved=false process_id=62710 process_session=08c165a0-f624-4c76-9e41-4f6fb1902574 uptime_ns=199056308144000
2026-09-14T08:34:21.926Z shared_mic_diagnostics transition=subscribe wants_vpio=false blocks_vpio_promotion=true subscribers=1 vpio_subs=0 passive_subs=0 engine_running=true vpio_engaged=false vpio_deferred=false vpio_deferral_count=0 process_id=62710 process_session=08c165a0-f624-4c76-9e41-4f6fb1902574 uptime_ns=199056308106416
2026-09-14T08:34:21.926Z meeting_mic_processing mode=raw process_id=62710 process_session=08c165a0-f624-4c76-9e41-4f6fb1902574 uptime_ns=199056309079958
2026-09-14T08:34:21.927Z meeting_mic_capture_started requested_mode=raw effective_mode=raw sr=48000.0 ch=1 default_input=present default_input_transport=built-in process_id=62710 process_session=08c165a0-f624-4c76-9e41-4f6fb1902574 uptime_ns=199056309949666
2026-09-14T08:34:22.004Z system_audio_stream_screen_output_attached mode=discard process_id=62710 process_session=08c165a0-f624-4c76-9e41-4f6fb1902574 uptime_ns=199056386328416
2026-09-14T08:34:22.250Z system_audio_stream_started sr=48000 ch=2 process_id=62710 process_session=08c165a0-f624-4c76-9e41-4f6fb1902574 uptime_ns=199056633102166
2026-09-14T08:34:22.252Z meeting_recording_started session=06A3C3DD-B7B7-4BA0-B8D9-62802664FBEE source_mode=Optional(MacParakeetCore.MeetingAudioSourceMode.microphoneAndSystem) requested_mic_mode=raw effective_mic_mode=raw process_id=62710 process_session=08c165a0-f624-4c76-9e41-4f6fb1902574 uptime_ns=199056634608250
2026-09-14T08:34:22.352Z system_audio_stream_first_buffer sr=48000 ch=2 process_id=62710 process_session=08c165a0-f624-4c76-9e41-4f6fb1902574 uptime_ns=199056735024833
2026-09-14T08:59:06.562Z system_audio_stream_stopped_with_error error_type=NSError.-3815 bridged_error_code=-3815 process_id=62710 process_session=08c165a0-f624-4c76-9e41-4f6fb1902574 uptime_ns=200540938103875
2026-09-14T08:59:06.570Z system_audio_recovery_started recovery_id=1 error_type=MeetingAudioError.systemAudioStreamStopped bridged_error_code=7 process_id=62710 process_session=08c165a0-f624-4c76-9e41-4f6fb1902574 uptime_ns=200540945388208
2026-09-14T08:59:06.570Z meeting_capture_source_recovery_started source=system error_type=MeetingAudioError.systemAudioStreamStopped bridged_error_code=7 process_id=62710 process_session=08c165a0-f624-4c76-9e41-4f6fb1902574 uptime_ns=200540945388125
2026-09-14T08:59:06.590Z system_audio_stream_stopped outcome=completed process_id=62710 process_session=08c165a0-f624-4c76-9e41-4f6fb1902574 uptime_ns=200540965308125
2026-09-14T08:59:06.591Z system_audio_recovery_attempt_started recovery_id=1 attempt=1 process_id=62710 process_session=08c165a0-f624-4c76-9e41-4f6fb1902574 uptime_ns=200540966379083
2026-09-14T08:59:06.692Z system_audio_stream_start_failed error_type=MeetingAudioError.systemAudioCaptureFailed bridged_error_code=2 process_id=62710 process_session=08c165a0-f624-4c76-9e41-4f6fb1902574 uptime_ns=200541067444291
2026-09-14T08:59:06.693Z system_audio_recovery_start_failed recovery_id=1 attempt=1 error_type=MeetingAudioError.systemAudioCaptureFailed bridged_error_code=2 process_id=62710 process_session=08c165a0-f624-4c76-9e41-4f6fb1902574 uptime_ns=200541068515500
2026-09-14T08:59:07.705Z system_audio_recovery_attempt_started recovery_id=1 attempt=2 process_id=62710 process_session=08c165a0-f624-4c76-9e41-4f6fb1902574 uptime_ns=200542080370625
2026-09-14T08:59:07.807Z system_audio_stream_start_failed error_type=MeetingAudioError.systemAudioCaptureFailed bridged_error_code=2 process_id=62710 process_session=08c165a0-f624-4c76-9e41-4f6fb1902574 uptime_ns=200542182734250
2026-09-14T08:59:07.808Z system_audio_recovery_start_failed recovery_id=1 attempt=2 error_type=MeetingAudioError.systemAudioCaptureFailed bridged_error_code=2 process_id=62710 process_session=08c165a0-f624-4c76-9e41-4f6fb1902574 uptime_ns=200542183829791
2026-09-14T08:59:09.811Z system_audio_recovery_attempt_started recovery_id=1 attempt=3 process_id=62710 process_session=08c165a0-f624-4c76-9e41-4f6fb1902574 uptime_ns=200544186740166
2026-09-14T08:59:09.884Z system_audio_stream_start_failed error_type=MeetingAudioError.systemAudioCaptureFailed bridged_error_code=2 process_id=62710 process_session=08c165a0-f624-4c76-9e41-4f6fb1902574 uptime_ns=200544259504416
2026-09-14T08:59:09.885Z system_audio_recovery_start_failed recovery_id=1 attempt=3 error_type=MeetingAudioError.systemAudioCaptureFailed bridged_error_code=2 process_id=62710 process_session=08c165a0-f624-4c76-9e41-4f6fb1902574 uptime_ns=200544260555541
2026-09-14T08:59:13.888Z system_audio_recovery_attempt_started recovery_id=1 attempt=4 process_id=62710 process_session=08c165a0-f624-4c76-9e41-4f6fb1902574 uptime_ns=200548263240125
2026-09-14T08:59:13.972Z system_audio_stream_start_failed error_type=MeetingAudioError.systemAudioCaptureFailed bridged_error_code=2 process_id=62710 process_session=08c165a0-f624-4c76-9e41-4f6fb1902574 uptime_ns=200548347318958
2026-09-14T08:59:13.973Z system_audio_recovery_start_failed recovery_id=1 attempt=4 error_type=MeetingAudioError.systemAudioCaptureFailed bridged_error_code=2 process_id=62710 process_session=08c165a0-f624-4c76-9e41-4f6fb1902574 uptime_ns=200548348197375
2026-09-14T08:59:22.002Z system_audio_recovery_attempt_started recovery_id=1 attempt=5 process_id=62710 process_session=08c165a0-f624-4c76-9e41-4f6fb1902574 uptime_ns=200556377595041
2026-09-14T08:59:22.087Z system_audio_stream_start_failed error_type=MeetingAudioError.systemAudioCaptureFailed bridged_error_code=2 process_id=62710 process_session=08c165a0-f624-4c76-9e41-4f6fb1902574 uptime_ns=200556462812500
2026-09-14T08:59:22.088Z system_audio_recovery_start_failed recovery_id=1 attempt=5 error_type=MeetingAudioError.systemAudioCaptureFailed bridged_error_code=2 process_id=62710 process_session=08c165a0-f624-4c76-9e41-4f6fb1902574 uptime_ns=200556463649625
2026-09-14T08:59:30.096Z system_audio_recovery_attempt_started recovery_id=1 attempt=6 process_id=62710 process_session=08c165a0-f624-4c76-9e41-4f6fb1902574 uptime_ns=200564471245125
2026-09-14T08:59:30.182Z system_audio_stream_start_failed error_type=MeetingAudioError.systemAudioCaptureFailed bridged_error_code=2 process_id=62710 process_session=08c165a0-f624-4c76-9e41-4f6fb1902574 uptime_ns=200564557614875
2026-09-14T08:59:30.183Z system_audio_recovery_start_failed recovery_id=1 attempt=6 error_type=MeetingAudioError.systemAudioCaptureFailed bridged_error_code=2 process_id=62710 process_session=08c165a0-f624-4c76-9e41-4f6fb1902574 uptime_ns=200564558452041
2026-09-14T08:59:30.184Z system_audio_recovery_exhausted recovery_id=1 attempts=6 error_type=MeetingAudioError.systemAudioStreamStopped bridged_error_code=7 process_id=62710 process_session=08c165a0-f624-4c76-9e41-4f6fb1902574 uptime_ns=200564559032208
2026-09-14T08:59:30.184Z meeting_capture_source_interrupted source=system error_type=MeetingAudioError.systemAudioStreamStopped bridged_error_code=7 process_id=62710 process_session=08c165a0-f624-4c76-9e41-4f6fb1902574 uptime_ns=200564559594625
2026-09-14T09:19:38.518Z meeting_stop_stage session=06A3C3DD-B7B7-4BA0-B8D9-62802664FBEE stage=notes_commit duration_ms=4 outcome=success process_id=62710 process_session=08c165a0-f624-4c76-9e41-4f6fb1902574 uptime_ns=201772903822416
2026-09-14T09:19:38.520Z meeting_recording_stopping session=06A3C3DD-B7B7-4BA0-B8D9-62802664FBEE process_id=62710 process_session=08c165a0-f624-4c76-9e41-4f6fb1902574 uptime_ns=201772906044625
2026-09-14T09:19:38.608Z shared_mic_engine_stopped process_id=62710 process_session=08c165a0-f624-4c76-9e41-4f6fb1902574 uptime_ns=201772993388750
2026-09-14T09:19:38.609Z shared_mic_diagnostics transition=unsubscribe wants_vpio=n/a blocks_vpio_promotion=n/a subscribers=0 vpio_subs=0 passive_subs=0 engine_running=false vpio_engaged=false vpio_deferred=false vpio_deferral_count=0 process_id=62710 process_session=08c165a0-f624-4c76-9e41-4f6fb1902574 uptime_ns=201772994155375
2026-09-14T09:19:38.609Z meeting_mic_capture_stopped default_input=present default_input_transport=built-in process_id=62710 process_session=08c165a0-f624-4c76-9e41-4f6fb1902574 uptime_ns=201772994961666
2026-09-14T09:19:38.610Z meeting_stop_stage session=06A3C3DD-B7B7-4BA0-B8D9-62802664FBEE stage=capture_stop duration_ms=89 outcome=success process_id=62710 process_session=08c165a0-f624-4c76-9e41-4f6fb1902574 uptime_ns=201772995563458
2026-09-14T09:19:38.622Z meeting_stop_stage session=06A3C3DD-B7B7-4BA0-B8D9-62802664FBEE stage=processing_drain duration_ms=11 outcome=success process_id=62710 process_session=08c165a0-f624-4c76-9e41-4f6fb1902574 uptime_ns=201773007289958
2026-09-14T09:19:38.657Z meeting_stop_stage session=06A3C3DD-B7B7-4BA0-B8D9-62802664FBEE stage=writer_finalize duration_ms=34 outcome=success process_id=62710 process_session=08c165a0-f624-4c76-9e41-4f6fb1902574 uptime_ns=201773042275500
2026-09-14T09:19:38.693Z meeting_stop_stage session=06A3C3DD-B7B7-4BA0-B8D9-62802664FBEE stage=source_urls duration_ms=36 outcome=success process_id=62710 process_session=08c165a0-f624-4c76-9e41-4f6fb1902574 uptime_ns=201773078648583
2026-09-14T09:19:38.696Z meeting_stop_stage session=06A3C3DD-B7B7-4BA0-B8D9-62802664FBEE stage=metadata_save duration_ms=2 outcome=success process_id=62710 process_session=08c165a0-f624-4c76-9e41-4f6fb1902574 uptime_ns=201773081491916
2026-09-14T09:19:38.717Z shared_mic_engine_prepare_timing vpio=false buffer_size=4096 set_vpio_ms=0.007 output_format_ms=0.031 install_tap_ms=0.006 total_ms=104.153 process_id=62710 process_session=08c165a0-f624-4c76-9e41-4f6fb1902574 uptime_ns=201773102826166
2026-09-14T09:19:38.718Z shared_mic_engine_input_device_prepared source=system_default device=present transport=built-in vpio=false set_device_ms=0.000 prepare_engine_ms=105.092 process_id=62710 process_session=08c165a0-f624-4c76-9e41-4f6fb1902574 uptime_ns=201773103718791
2026-09-14T09:19:56.396Z meeting_stop_stage session=06A3C3DD-B7B7-4BA0-B8D9-62802664FBEE stage=mix duration_ms=17699 outcome=success process_id=62710 process_session=08c165a0-f624-4c76-9e41-4f6fb1902574 uptime_ns=201790781469875
2026-09-14T09:19:56.397Z meeting_stop_stage session=06A3C3DD-B7B7-4BA0-B8D9-62802664FBEE stage=notes_write duration_ms=0 outcome=success process_id=62710 process_session=08c165a0-f624-4c76-9e41-4f6fb1902574 uptime_ns=201790782582375
2026-09-14T09:19:56.398Z meeting_stop_stage session=06A3C3DD-B7B7-4BA0-B8D9-62802664FBEE stage=lock_write duration_ms=1 outcome=success process_id=62710 process_session=08c165a0-f624-4c76-9e41-4f6fb1902574 uptime_ns=201790783685958
2026-09-14T09:19:56.399Z meeting_cleaned_mic session=06A3C3DD-B7B7-4BA0-B8D9-62802664FBEE outcome=scheduled process_id=62710 process_session=08c165a0-f624-4c76-9e41-4f6fb1902574 uptime_ns=201790784478416
2026-09-14T09:19:56.399Z meeting_stop_stage session=06A3C3DD-B7B7-4BA0-B8D9-62802664FBEE stage=cleaned_mic_schedule duration_ms=1 outcome=success process_id=62710 process_session=08c165a0-f624-4c76-9e41-4f6fb1902574 uptime_ns=201790784916166
2026-09-14T09:19:56.400Z meeting_stop_stage session=06A3C3DD-B7B7-4BA0-B8D9-62802664FBEE stage=cleanup duration_ms=0 outcome=success process_id=62710 process_session=08c165a0-f624-4c76-9e41-4f6fb1902574 uptime_ns=201790785361375
2026-09-14T09:19:56.400Z meeting_recording_stopped session=06A3C3DD-B7B7-4BA0-B8D9-62802664FBEE duration_s=2716.577 process_id=62710 process_session=08c165a0-f624-4c76-9e41-4f6fb1902574 uptime_ns=201790785796458
2026-09-14T09:19:56.401Z meeting_recording_health session=06A3C3DD-B7B7-4BA0-B8D9-62802664FBEE duration_s=2716.269 captured_duration_s=2716.600 capture_quality=partial source_mode=microphone_and_system mic_started=true requested_mic_mode=raw effective_mic_mode=raw mic_first_buffer=true system_first_buffer=true mic_bytes=23016831 system_bytes=762818 mixed_bytes=43948147 mic_frames=130396800 system_frames=71224320 mic_coverage=1.000 system_coverage=0.546 mic_capture_status=complete system_capture_status=interrupted mic_chunks_enqueued=678 system_chunks_enqueued=0 mic_chunks_low_signal_dropped=0 system_chunks_low_signal_dropped=678 mic_chunks_system_dominant_dropped=0 mic_peak_level=1.000 system_peak_level=0.000 system_signal=silent backpressure_drops=0 transcription_failures=0 interrupted_sources=system capture_failed=false process_id=62710 process_session=08c165a0-f624-4c76-9e41-4f6fb1902574 uptime_ns=201790786944166
2026-09-14T09:19:56.402Z meeting_echo_suppression_summary session=06A3C3DD-B7B7-4BA0-B8D9-62802664FBEE processor=localvqe loaded=true mic_frames=169787 processed_frames=169787 raw_fallback_frames=1 full_reference_frames=92728 partial_reference_frames=1 missing_reference_frames=77058 processing_failures=0 current_delay_samples=0 delay_confidence=0.000 delay_estimate_count=0 rejected_delay_estimates=5433 process_id=62710 process_session=08c165a0-f624-4c76-9e41-4f6fb1902574 uptime_ns=201790787509416
2026-09-14T09:19:56.403Z meeting_stop_stage session=06A3C3DD-B7B7-4BA0-B8D9-62802664FBEE stage=service_total duration_ms=17882 outcome=success process_id=62710 process_session=08c165a0-f624-4c76-9e41-4f6fb1902574 uptime_ns=201790788355333
2026-09-14T09:19:56.403Z meeting_stop_stage session=06A3C3DD-B7B7-4BA0-B8D9-62802664FBEE stage=service_stop duration_ms=17883 outcome=success process_id=62710 process_session=08c165a0-f624-4c76-9e41-4f6fb1902574 uptime_ns=201790788813375
2026-09-14T09:19:56.412Z meeting_stop_stage session=06A3C3DD-B7B7-4BA0-B8D9-62802664FBEE stage=prepare_row duration_ms=8 outcome=success process_id=62710 process_session=08c165a0-f624-4c76-9e41-4f6fb1902574 uptime_ns=201790798058083
2026-09-14T09:19:56.414Z meeting_stop_stage session=06A3C3DD-B7B7-4BA0-B8D9-62802664FBEE stage=queue_enqueue duration_ms=1 outcome=success process_id=62710 process_session=08c165a0-f624-4c76-9e41-4f6fb1902574 uptime_ns=201790799684291
2026-09-14T09:19:56.416Z meeting_stop_stage session=06A3C3DD-B7B7-4BA0-B8D9-62802664FBEE stage=queued_total duration_ms=17901 outcome=success process_id=62710 process_session=08c165a0-f624-4c76-9e41-4f6fb1902574 uptime_ns=201790801158208
2026-09-14T09:19:56.416Z meeting_transcription_queue_stage session=06A3C3DD-B7B7-4BA0-B8D9-62802664FBEE transcription=FEB61600-9D24-4479-85C3-5B083BF534AF stage=prepare_row outcome=started process_id=62710 process_session=08c165a0-f624-4c76-9e41-4f6fb1902574 uptime_ns=201790801917291
2026-09-14T09:19:56.417Z meeting_transcription_queue_stage session=06A3C3DD-B7B7-4BA0-B8D9-62802664FBEE transcription=FEB61600-9D24-4479-85C3-5B083BF534AF stage=prepare_row outcome=success duration_s=0.000 process_id=62710 process_session=08c165a0-f624-4c76-9e41-4f6fb1902574 uptime_ns=201790802302291
2026-09-14T09:19:56.417Z meeting_transcription_queue_stage session=06A3C3DD-B7B7-4BA0-B8D9-62802664FBEE transcription=FEB61600-9D24-4479-85C3-5B083BF534AF stage=finalize_transcript outcome=started process_id=62710 process_session=08c165a0-f624-4c76-9e41-4f6fb1902574 uptime_ns=201790802305083
2026-09-14T09:19:57.695Z meeting_cleaned_mic session=06A3C3DD-B7B7-4BA0-B8D9-62802664FBEE outcome=skipped reason=skippedNoEchoPath renderer_reason=no_echo_path probe_detail=no_reference_energy probe_windows=0 probe_best_correlation=none process_id=62710 process_session=08c165a0-f624-4c76-9e41-4f6fb1902574 uptime_ns=201792080707458
2026-09-14T09:19:57.697Z meeting_echo_suppression_resolution session=06A3C3DD-B7B7-4BA0-B8D9-62802664FBEE reason_code=skippedNoEchoPath model_version=none render_duration_ms=none realtime_factor=none delay_estimate_ms=none probe_windows=0 probe_best_correlation=none process_id=62710 process_session=08c165a0-f624-4c76-9e41-4f6fb1902574 uptime_ns=201792083015708
2026-09-14T09:19:57.698Z meeting_cleaned_mic_source session=06A3C3DD-B7B7-4BA0-B8D9-62802664FBEE selected=raw reason=skippedNoEchoPath timeout_s=600.000 process_id=62710 process_session=08c165a0-f624-4c76-9e41-4f6fb1902574 uptime_ns=201792083708916
2026-09-14T09:24:30.551Z audio_default_input_changed notifications=1 default_input=present default_input_transport=usb process_id=62710 process_session=08c165a0-f624-4c76-9e41-4f6fb1902574 uptime_ns=201900993257208
2026-09-14T09:24:30.835Z shared_mic_engine_configuration_changed sr=48000.0 ch=1 isRunning=false engine_is_running=false default_input=present default_input_transport=usb process_id=62710 process_session=08c165a0-f624-4c76-9e41-4f6fb1902574 uptime_ns=201901278267875
2026-09-14T09:24:30.844Z shared_mic_engine_prepared_discarded reason=configuration_changed process_id=62710 process_session=08c165a0-f624-4c76-9e41-4f6fb1902574 uptime_ns=201901286728833
2026-09-14T09:24:31.781Z shared_mic_engine_prepare_timing vpio=false buffer_size=4096 set_vpio_ms=0.010 output_format_ms=0.102 install_tap_ms=0.019 total_ms=423.916 process_id=62710 process_session=08c165a0-f624-4c76-9e41-4f6fb1902574 uptime_ns=201902224239041
2026-09-14T09:24:31.870Z shared_mic_engine_input_device_prepared source=system_default device=present transport=usb vpio=false set_device_ms=0.000 prepare_engine_ms=508.580 process_id=62710 process_session=08c165a0-f624-4c76-9e41-4f6fb1902574 uptime_ns=201902313788625
2026-09-14T09:24:32.125Z audio_default_input_changed notifications=1 default_input=present default_input_transport=built-in process_id=62710 process_session=08c165a0-f624-4c76-9e41-4f6fb1902574 uptime_ns=201902568106125
2026-09-14T09:24:33.541Z shared_mic_engine_stopped process_id=62710 process_session=08c165a0-f624-4c76-9e41-4f6fb1902574 uptime_ns=201903985213041
2026-09-14T09:24:34.251Z shared_mic_engine_prepare_timing vpio=false buffer_size=4096 set_vpio_ms=0.044 output_format_ms=0.024 install_tap_ms=0.020 total_ms=699.638 process_id=62710 process_session=08c165a0-f624-4c76-9e41-4f6fb1902574 uptime_ns=201904695139583
2026-09-14T09:24:34.254Z shared_mic_engine_input_device_prepared source=system_default device=present transport=built-in vpio=false set_device_ms=0.000 prepare_engine_ms=702.602 process_id=62710 process_session=08c165a0-f624-4c76-9e41-4f6fb1902574 uptime_ns=201904698968750
2026-09-14T09:24:34.794Z audio_default_input_changed notifications=1 default_input=present default_input_transport=usb process_id=62710 process_session=08c165a0-f624-4c76-9e41-4f6fb1902574 uptime_ns=201905238426625
2026-09-14T09:24:34.965Z shared_mic_engine_configuration_changed sr=48000.0 ch=1 isRunning=false engine_is_running=false default_input=present default_input_transport=usb process_id=62710 process_session=08c165a0-f624-4c76-9e41-4f6fb1902574 uptime_ns=201905410237916
2026-09-14T09:24:34.970Z shared_mic_engine_prepared_discarded reason=configuration_changed process_id=62710 process_session=08c165a0-f624-4c76-9e41-4f6fb1902574 uptime_ns=201905414543083
2026-09-14T09:24:35.587Z shared_mic_engine_prepare_timing vpio=false buffer_size=4096 set_vpio_ms=5.334 output_format_ms=0.016 install_tap_ms=0.006 total_ms=108.014 process_id=62710 process_session=08c165a0-f624-4c76-9e41-4f6fb1902574 uptime_ns=201906032263750
2026-09-14T09:24:35.588Z shared_mic_engine_input_device_prepared source=system_default device=present transport=usb vpio=false set_device_ms=0.000 prepare_engine_ms=108.930 process_id=62710 process_session=08c165a0-f624-4c76-9e41-4f6fb1902574 uptime_ns=201906033352500
2026-09-14T09:26:21.868Z meeting_system_diarization_completed session=06A3C3DD-B7B7-4BA0-B8D9-62802664FBEE prior=bounds_1_7 speakers=0 segments=0 duration_s=9.08 process_id=62710 process_session=08c165a0-f624-4c76-9e41-4f6fb1902574 uptime_ns=202012319826875
2026-09-14T09:26:22.109Z meeting_transcription_queue_stage session=06A3C3DD-B7B7-4BA0-B8D9-62802664FBEE transcription=FEB61600-9D24-4479-85C3-5B083BF534AF stage=finalize_transcript outcome=success duration_s=385.692 process_id=62710 process_session=08c165a0-f624-4c76-9e41-4f6fb1902574 uptime_ns=202012560999500
2026-09-14T09:26:22.109Z meeting_transcription_queue_stage session=06A3C3DD-B7B7-4BA0-B8D9-62802664FBEE transcription=FEB61600-9D24-4479-85C3-5B083BF534AF stage=settle_artifacts outcome=started process_id=62710 process_session=08c165a0-f624-4c76-9e41-4f6fb1902574 uptime_ns=202012561267250
2026-09-14T09:26:22.123Z meeting_transcription_queue_stage session=06A3C3DD-B7B7-4BA0-B8D9-62802664FBEE transcription=FEB61600-9D24-4479-85C3-5B083BF534AF stage=settle_artifacts outcome=success duration_s=0.014 process_id=62710 process_session=08c165a0-f624-4c76-9e41-4f6fb1902574 uptime_ns=202012575387791
2026-09-14T10:31:28.773Z dictation_diagnostics_session_start pid=66702 version=0.8.0 build=20260909173236 source=dist-xcodebuild-release commit=1cc48e726ad4 process_id=66702 process_session=4c830d57-10cb-473b-9188-ee73b4e8309c uptime_ns=202914419065375
2026-09-14T10:31:31.179Z whisper_model_prepare_start model=large-v3-v20240930_turbo_632MB folder=openai_whisper-large-v3-v20240930_turbo_632MB process_id=66702 process_session=4c830d57-10cb-473b-9188-ee73b4e8309c uptime_ns=202916824608333
2026-09-14T10:31:31.484Z shared_mic_engine_prepare_timing vpio=false buffer_size=4096 set_vpio_ms=0.028 output_format_ms=0.014 install_tap_ms=0.005 total_ms=1834.175 process_id=66702 process_session=4c830d57-10cb-473b-9188-ee73b4e8309c uptime_ns=202917130174708
2026-09-14T10:31:31.485Z shared_mic_engine_input_device_prepared source=system_default device=present transport=usb vpio=false set_device_ms=0.000 prepare_engine_ms=1835.075 process_id=66702 process_session=4c830d57-10cb-473b-9188-ee73b4e8309c uptime_ns=202917131013625
2026-09-14T10:31:33.033Z whisper_model_prepare_complete model=large-v3-v20240930_turbo_632MB duration_s=1.854 process_id=66702 process_session=4c830d57-10cb-473b-9188-ee73b4e8309c uptime_ns=202918678669083
2026-09-14T10:31:40.505Z meeting_live_chunking_mode session=C5018375-BEBC-4E1A-8A6C-9823F8E9C905 mode=fixed reason=non_parakeet_engine process_id=66702 process_session=4c830d57-10cb-473b-9188-ee73b4e8309c uptime_ns=202926150340416
2026-09-14T10:31:40.535Z meeting_mic_capture_starting requested_mode=raw default_input=present default_input_transport=usb process_id=66702 process_session=4c830d57-10cb-473b-9188-ee73b4e8309c uptime_ns=202926180350166
2026-09-14T10:31:40.696Z shared_mic_engine_started_from_prepared audio_engine_start_ms=156.576 process_id=66702 process_session=4c830d57-10cb-473b-9188-ee73b4e8309c uptime_ns=202926341711000
2026-09-14T10:31:40.697Z shared_mic_diagnostics transition=subscribe wants_vpio=false blocks_vpio_promotion=true subscribers=1 vpio_subs=0 passive_subs=0 engine_running=true vpio_engaged=false vpio_deferred=false vpio_deferral_count=0 process_id=66702 process_session=4c830d57-10cb-473b-9188-ee73b4e8309c uptime_ns=202926342632125
2026-09-14T10:31:40.697Z meeting_mic_first_buffer sr=48000.0 ch=1 interleaved=false process_id=66702 process_session=4c830d57-10cb-473b-9188-ee73b4e8309c uptime_ns=202926342657666
2026-09-14T10:31:40.698Z meeting_mic_processing mode=raw process_id=66702 process_session=4c830d57-10cb-473b-9188-ee73b4e8309c uptime_ns=202926343261125
2026-09-14T10:31:40.698Z meeting_mic_capture_started requested_mode=raw effective_mode=raw sr=48000.0 ch=1 default_input=present default_input_transport=usb process_id=66702 process_session=4c830d57-10cb-473b-9188-ee73b4e8309c uptime_ns=202926344105958
2026-09-14T10:31:40.760Z system_audio_stream_screen_output_attached mode=discard process_id=66702 process_session=4c830d57-10cb-473b-9188-ee73b4e8309c uptime_ns=202926405286125
2026-09-14T10:31:40.976Z system_audio_stream_started sr=48000 ch=2 process_id=66702 process_session=4c830d57-10cb-473b-9188-ee73b4e8309c uptime_ns=202926621694958
2026-09-14T10:31:40.977Z meeting_recording_started session=C5018375-BEBC-4E1A-8A6C-9823F8E9C905 source_mode=Optional(MacParakeetCore.MeetingAudioSourceMode.microphoneAndSystem) requested_mic_mode=raw effective_mic_mode=raw process_id=66702 process_session=4c830d57-10cb-473b-9188-ee73b4e8309c uptime_ns=202926622948583
2026-09-14T10:31:41.080Z system_audio_stream_first_buffer sr=48000 ch=2 process_id=66702 process_session=4c830d57-10cb-473b-9188-ee73b4e8309c uptime_ns=202926725944041
2026-09-14T10:45:56.035Z meeting_stop_stage session=C5018375-BEBC-4E1A-8A6C-9823F8E9C905 stage=notes_commit duration_ms=5 outcome=success process_id=66702 process_session=4c830d57-10cb-473b-9188-ee73b4e8309c uptime_ns=203781673083291
2026-09-14T10:45:56.038Z meeting_recording_stopping session=C5018375-BEBC-4E1A-8A6C-9823F8E9C905 process_id=66702 process_session=4c830d57-10cb-473b-9188-ee73b4e8309c uptime_ns=203781675601291
2026-09-14T10:45:56.136Z shared_mic_engine_stopped process_id=66702 process_session=4c830d57-10cb-473b-9188-ee73b4e8309c uptime_ns=203781774263458
2026-09-14T10:45:56.138Z shared_mic_diagnostics transition=unsubscribe wants_vpio=n/a blocks_vpio_promotion=n/a subscribers=0 vpio_subs=0 passive_subs=0 engine_running=false vpio_engaged=false vpio_deferred=false vpio_deferral_count=0 process_id=66702 process_session=4c830d57-10cb-473b-9188-ee73b4e8309c uptime_ns=203781775826916
2026-09-14T10:45:56.139Z meeting_mic_capture_stopped default_input=present default_input_transport=usb process_id=66702 process_session=4c830d57-10cb-473b-9188-ee73b4e8309c uptime_ns=203781777243583
2026-09-14T10:45:56.187Z system_audio_stream_stopped outcome=completed process_id=66702 process_session=4c830d57-10cb-473b-9188-ee73b4e8309c uptime_ns=203781824707916
2026-09-14T10:45:56.189Z meeting_stop_stage session=C5018375-BEBC-4E1A-8A6C-9823F8E9C905 stage=capture_stop duration_ms=151 outcome=success process_id=66702 process_session=4c830d57-10cb-473b-9188-ee73b4e8309c uptime_ns=203781827244875
2026-09-14T10:45:56.201Z meeting_stop_stage session=C5018375-BEBC-4E1A-8A6C-9823F8E9C905 stage=processing_drain duration_ms=11 outcome=success process_id=66702 process_session=4c830d57-10cb-473b-9188-ee73b4e8309c uptime_ns=203781839139041
2026-09-14T10:45:56.253Z shared_mic_engine_prepare_timing vpio=false buffer_size=4096 set_vpio_ms=0.009 output_format_ms=0.035 install_tap_ms=0.009 total_ms=108.606 process_id=66702 process_session=4c830d57-10cb-473b-9188-ee73b4e8309c uptime_ns=203781890799791
2026-09-14T10:45:56.290Z shared_mic_engine_input_device_prepared source=system_default device=present transport=usb vpio=false set_device_ms=0.000 prepare_engine_ms=145.769 process_id=66702 process_session=4c830d57-10cb-473b-9188-ee73b4e8309c uptime_ns=203781927993125
2026-09-14T10:45:56.296Z meeting_stop_stage session=C5018375-BEBC-4E1A-8A6C-9823F8E9C905 stage=writer_finalize duration_ms=94 outcome=success process_id=66702 process_session=4c830d57-10cb-473b-9188-ee73b4e8309c uptime_ns=203781933715500
2026-09-14T10:45:56.471Z meeting_stop_stage session=C5018375-BEBC-4E1A-8A6C-9823F8E9C905 stage=source_urls duration_ms=175 outcome=success process_id=66702 process_session=4c830d57-10cb-473b-9188-ee73b4e8309c uptime_ns=203782108986500
2026-09-14T10:45:56.514Z meeting_stop_stage session=C5018375-BEBC-4E1A-8A6C-9823F8E9C905 stage=metadata_save duration_ms=2 outcome=success process_id=66702 process_session=4c830d57-10cb-473b-9188-ee73b4e8309c uptime_ns=203782151809708
2026-09-14T10:46:03.186Z meeting_stop_stage session=C5018375-BEBC-4E1A-8A6C-9823F8E9C905 stage=mix duration_ms=6671 outcome=success process_id=66702 process_session=4c830d57-10cb-473b-9188-ee73b4e8309c uptime_ns=203788823444125
2026-09-14T10:46:03.187Z meeting_stop_stage session=C5018375-BEBC-4E1A-8A6C-9823F8E9C905 stage=notes_write duration_ms=0 outcome=success process_id=66702 process_session=4c830d57-10cb-473b-9188-ee73b4e8309c uptime_ns=203788824837833
2026-09-14T10:46:03.188Z meeting_stop_stage session=C5018375-BEBC-4E1A-8A6C-9823F8E9C905 stage=lock_write duration_ms=0 outcome=success process_id=66702 process_session=4c830d57-10cb-473b-9188-ee73b4e8309c uptime_ns=203788825746375
2026-09-14T10:46:03.189Z meeting_cleaned_mic session=C5018375-BEBC-4E1A-8A6C-9823F8E9C905 outcome=scheduled process_id=66702 process_session=4c830d57-10cb-473b-9188-ee73b4e8309c uptime_ns=203788826690000
2026-09-14T10:46:03.189Z meeting_stop_stage session=C5018375-BEBC-4E1A-8A6C-9823F8E9C905 stage=cleaned_mic_schedule duration_ms=1 outcome=success process_id=66702 process_session=4c830d57-10cb-473b-9188-ee73b4e8309c uptime_ns=203788827109875
2026-09-14T10:46:03.190Z meeting_stop_stage session=C5018375-BEBC-4E1A-8A6C-9823F8E9C905 stage=cleanup duration_ms=0 outcome=success process_id=66702 process_session=4c830d57-10cb-473b-9188-ee73b4e8309c uptime_ns=203788827484833
2026-09-14T10:46:03.190Z meeting_recording_stopped session=C5018375-BEBC-4E1A-8A6C-9823F8E9C905 duration_s=855.377 process_id=66702 process_session=4c830d57-10cb-473b-9188-ee73b4e8309c uptime_ns=203788827790541
2026-09-14T10:46:03.191Z meeting_recording_health session=C5018375-BEBC-4E1A-8A6C-9823F8E9C905 duration_s=855.061 captured_duration_s=855.400 capture_quality=healthy source_mode=microphone_and_system mic_started=true requested_mic_mode=raw effective_mic_mode=raw mic_first_buffer=true system_first_buffer=true mic_bytes=6326045 system_bytes=7013608 mixed_bytes=13969482 mic_frames=41059200 system_frames=41040960 mic_coverage=1.000 system_coverage=1.000 mic_capture_status=complete system_capture_status=complete mic_chunks_enqueued=16 system_chunks_enqueued=206 mic_chunks_low_signal_dropped=180 system_chunks_low_signal_dropped=7 mic_chunks_system_dominant_dropped=17 mic_peak_level=1.000 system_peak_level=0.867 system_signal=present backpressure_drops=0 transcription_failures=0 interrupted_sources=none capture_failed=false process_id=66702 process_session=4c830d57-10cb-473b-9188-ee73b4e8309c uptime_ns=203788828544208
2026-09-14T10:46:03.191Z meeting_echo_suppression_summary session=C5018375-BEBC-4E1A-8A6C-9823F8E9C905 processor=localvqe loaded=true mic_frames=53456 processed_frames=53456 raw_fallback_frames=1 full_reference_frames=53430 partial_reference_frames=1 missing_reference_frames=25 processing_failures=0 current_delay_samples=0 delay_confidence=0.000 delay_estimate_count=0 rejected_delay_estimates=1710 process_id=66702 process_session=4c830d57-10cb-473b-9188-ee73b4e8309c uptime_ns=203788828980791
2026-09-14T10:46:03.192Z meeting_stop_stage session=C5018375-BEBC-4E1A-8A6C-9823F8E9C905 stage=service_total duration_ms=7154 outcome=success process_id=66702 process_session=4c830d57-10cb-473b-9188-ee73b4e8309c uptime_ns=203788829856375
2026-09-14T10:46:03.192Z meeting_stop_stage session=C5018375-BEBC-4E1A-8A6C-9823F8E9C905 stage=service_stop duration_ms=7155 outcome=success process_id=66702 process_session=4c830d57-10cb-473b-9188-ee73b4e8309c uptime_ns=203788830304541
2026-09-14T10:46:03.206Z meeting_stop_stage session=C5018375-BEBC-4E1A-8A6C-9823F8E9C905 stage=prepare_row duration_ms=13 outcome=success process_id=66702 process_session=4c830d57-10cb-473b-9188-ee73b4e8309c uptime_ns=203788843500000
2026-09-14T10:46:03.208Z meeting_stop_stage session=C5018375-BEBC-4E1A-8A6C-9823F8E9C905 stage=queue_enqueue duration_ms=1 outcome=success process_id=66702 process_session=4c830d57-10cb-473b-9188-ee73b4e8309c uptime_ns=203788845658541
2026-09-14T10:46:03.210Z meeting_stop_stage session=C5018375-BEBC-4E1A-8A6C-9823F8E9C905 stage=queued_total duration_ms=7180 outcome=success process_id=66702 process_session=4c830d57-10cb-473b-9188-ee73b4e8309c uptime_ns=203788848115041
2026-09-14T10:46:03.212Z meeting_transcription_queue_stage session=C5018375-BEBC-4E1A-8A6C-9823F8E9C905 transcription=55C6A5BB-A416-4972-9E0F-648CD8C6F4C1 stage=prepare_row outcome=started process_id=66702 process_session=4c830d57-10cb-473b-9188-ee73b4e8309c uptime_ns=203788849495125
2026-09-14T10:46:03.213Z meeting_transcription_queue_stage session=C5018375-BEBC-4E1A-8A6C-9823F8E9C905 transcription=55C6A5BB-A416-4972-9E0F-648CD8C6F4C1 stage=prepare_row outcome=success duration_s=0.001 process_id=66702 process_session=4c830d57-10cb-473b-9188-ee73b4e8309c uptime_ns=203788850951833
2026-09-14T10:46:03.213Z meeting_transcription_queue_stage session=C5018375-BEBC-4E1A-8A6C-9823F8E9C905 transcription=55C6A5BB-A416-4972-9E0F-648CD8C6F4C1 stage=finalize_transcript outcome=started process_id=66702 process_session=4c830d57-10cb-473b-9188-ee73b4e8309c uptime_ns=203788850958208
2026-09-14T10:46:03.690Z meeting_cleaned_mic session=C5018375-BEBC-4E1A-8A6C-9823F8E9C905 outcome=skipped reason=skippedNoEchoPath renderer_reason=no_echo_path probe_detail=below_threshold probe_windows=5 probe_best_correlation=0.079 process_id=66702 process_session=4c830d57-10cb-473b-9188-ee73b4e8309c uptime_ns=203789327815041
2026-09-14T10:46:03.692Z meeting_echo_suppression_resolution session=C5018375-BEBC-4E1A-8A6C-9823F8E9C905 reason_code=skippedNoEchoPath model_version=none render_duration_ms=none realtime_factor=none delay_estimate_ms=none probe_windows=5 probe_best_correlation=0.079 process_id=66702 process_session=4c830d57-10cb-473b-9188-ee73b4e8309c uptime_ns=203789329691041
2026-09-14T10:46:03.692Z meeting_cleaned_mic_source session=C5018375-BEBC-4E1A-8A6C-9823F8E9C905 selected=raw reason=skippedNoEchoPath timeout_s=213.844 process_id=66702 process_session=4c830d57-10cb-473b-9188-ee73b4e8309c uptime_ns=203789330251916
2026-09-14T10:47:14.702Z meeting_system_diarization_completed session=C5018375-BEBC-4E1A-8A6C-9823F8E9C905 prior=bounds_1_6 speakers=4 segments=233 duration_s=6.42 process_id=66702 process_session=4c830d57-10cb-473b-9188-ee73b4e8309c uptime_ns=203860338873250
2026-09-14T10:47:14.799Z meeting_transcription_queue_stage session=C5018375-BEBC-4E1A-8A6C-9823F8E9C905 transcription=55C6A5BB-A416-4972-9E0F-648CD8C6F4C1 stage=finalize_transcript outcome=success duration_s=71.586 process_id=66702 process_session=4c830d57-10cb-473b-9188-ee73b4e8309c uptime_ns=203860436003166
2026-09-14T10:47:14.799Z meeting_transcription_queue_stage session=C5018375-BEBC-4E1A-8A6C-9823F8E9C905 transcription=55C6A5BB-A416-4972-9E0F-648CD8C6F4C1 stage=settle_artifacts outcome=started process_id=66702 process_session=4c830d57-10cb-473b-9188-ee73b4e8309c uptime_ns=203860436011083
2026-09-14T10:47:14.803Z meeting_transcription_queue_stage session=C5018375-BEBC-4E1A-8A6C-9823F8E9C905 transcription=55C6A5BB-A416-4972-9E0F-648CD8C6F4C1 stage=settle_artifacts outcome=success duration_s=0.005 process_id=66702 process_session=4c830d57-10cb-473b-9188-ee73b4e8309c uptime_ns=203860440728083
2026-09-14T12:14:59.999Z dictation_diagnostics_session_start pid=72061 version=0.8.0 build=20260909173236 source=dist-xcodebuild-release commit=1cc48e726ad4 process_id=72061 process_session=eb1edbc4-8914-41ff-9c05-b113d71881b9 uptime_ns=208099660849500
2026-09-14T12:15:02.275Z whisper_model_prepare_start model=large-v3-v20240930_turbo_632MB folder=openai_whisper-large-v3-v20240930_turbo_632MB process_id=72061 process_session=eb1edbc4-8914-41ff-9c05-b113d71881b9 uptime_ns=208101937320041
2026-09-14T12:15:02.841Z shared_mic_engine_prepare_timing vpio=false buffer_size=4096 set_vpio_ms=0.018 output_format_ms=0.017 install_tap_ms=0.014 total_ms=2074.761 process_id=72061 process_session=eb1edbc4-8914-41ff-9c05-b113d71881b9 uptime_ns=208102502749333
2026-09-14T12:15:02.841Z shared_mic_engine_input_device_prepared source=system_default device=present transport=usb vpio=false set_device_ms=0.000 prepare_engine_ms=2075.463 process_id=72061 process_session=eb1edbc4-8914-41ff-9c05-b113d71881b9 uptime_ns=208102503395333
2026-09-14T12:15:04.553Z whisper_model_prepare_complete model=large-v3-v20240930_turbo_632MB duration_s=2.278 process_id=72061 process_session=eb1edbc4-8914-41ff-9c05-b113d71881b9 uptime_ns=208104215049375
2026-09-14T12:15:22.807Z meeting_live_chunking_mode session=28D80354-B1D5-49B0-BCD1-F911AD8A62D6 mode=fixed reason=non_parakeet_engine process_id=72061 process_session=eb1edbc4-8914-41ff-9c05-b113d71881b9 uptime_ns=208122468513875
2026-09-14T12:15:22.839Z meeting_mic_capture_starting requested_mode=raw default_input=present default_input_transport=usb process_id=72061 process_session=eb1edbc4-8914-41ff-9c05-b113d71881b9 uptime_ns=208122501248416
2026-09-14T12:15:22.995Z shared_mic_engine_started_from_prepared audio_engine_start_ms=150.891 process_id=72061 process_session=eb1edbc4-8914-41ff-9c05-b113d71881b9 uptime_ns=208122656653250
2026-09-14T12:15:22.995Z shared_mic_diagnostics transition=subscribe wants_vpio=false blocks_vpio_promotion=true subscribers=1 vpio_subs=0 passive_subs=0 engine_running=true vpio_engaged=false vpio_deferred=false vpio_deferral_count=0 process_id=72061 process_session=eb1edbc4-8914-41ff-9c05-b113d71881b9 uptime_ns=208122657401750
2026-09-14T12:15:22.996Z meeting_mic_first_buffer sr=48000.0 ch=1 interleaved=false process_id=72061 process_session=eb1edbc4-8914-41ff-9c05-b113d71881b9 uptime_ns=208122657492208
2026-09-14T12:15:22.996Z meeting_mic_processing mode=raw process_id=72061 process_session=eb1edbc4-8914-41ff-9c05-b113d71881b9 uptime_ns=208122657869125
2026-09-14T12:15:22.997Z meeting_mic_capture_started requested_mode=raw effective_mode=raw sr=48000.0 ch=1 default_input=present default_input_transport=usb process_id=72061 process_session=eb1edbc4-8914-41ff-9c05-b113d71881b9 uptime_ns=208122658642666
2026-09-14T12:15:23.057Z system_audio_stream_screen_output_attached mode=discard process_id=72061 process_session=eb1edbc4-8914-41ff-9c05-b113d71881b9 uptime_ns=208122719249625
2026-09-14T12:15:23.266Z system_audio_stream_started sr=48000 ch=2 process_id=72061 process_session=eb1edbc4-8914-41ff-9c05-b113d71881b9 uptime_ns=208122928084125
2026-09-14T12:15:23.267Z meeting_recording_started session=28D80354-B1D5-49B0-BCD1-F911AD8A62D6 source_mode=Optional(MacParakeetCore.MeetingAudioSourceMode.microphoneAndSystem) requested_mic_mode=raw effective_mic_mode=raw process_id=72061 process_session=eb1edbc4-8914-41ff-9c05-b113d71881b9 uptime_ns=208122928927500
2026-09-14T12:15:23.380Z system_audio_stream_first_buffer sr=48000 ch=2 process_id=72061 process_session=eb1edbc4-8914-41ff-9c05-b113d71881b9 uptime_ns=208123041730250
2026-09-14T12:59:00.910Z meeting_stop_stage session=28D80354-B1D5-49B0-BCD1-F911AD8A62D6 stage=notes_commit duration_ms=10 outcome=success process_id=72061 process_session=eb1edbc4-8914-41ff-9c05-b113d71881b9 uptime_ns=210740576614458
2026-09-14T12:59:00.913Z meeting_recording_stopping session=28D80354-B1D5-49B0-BCD1-F911AD8A62D6 process_id=72061 process_session=eb1edbc4-8914-41ff-9c05-b113d71881b9 uptime_ns=210740579160708
2026-09-14T12:59:01.000Z shared_mic_engine_stopped process_id=72061 process_session=eb1edbc4-8914-41ff-9c05-b113d71881b9 uptime_ns=210740666515958
2026-09-14T12:59:01.001Z shared_mic_diagnostics transition=unsubscribe wants_vpio=n/a blocks_vpio_promotion=n/a subscribers=0 vpio_subs=0 passive_subs=0 engine_running=false vpio_engaged=false vpio_deferred=false vpio_deferral_count=0 process_id=72061 process_session=eb1edbc4-8914-41ff-9c05-b113d71881b9 uptime_ns=210740667713375
2026-09-14T12:59:01.003Z meeting_mic_capture_stopped default_input=present default_input_transport=usb process_id=72061 process_session=eb1edbc4-8914-41ff-9c05-b113d71881b9 uptime_ns=210740669104916
2026-09-14T12:59:01.045Z system_audio_stream_stopped outcome=completed process_id=72061 process_session=eb1edbc4-8914-41ff-9c05-b113d71881b9 uptime_ns=210740711738708
2026-09-14T12:59:01.047Z meeting_stop_stage session=28D80354-B1D5-49B0-BCD1-F911AD8A62D6 stage=capture_stop duration_ms=133 outcome=success process_id=72061 process_session=eb1edbc4-8914-41ff-9c05-b113d71881b9 uptime_ns=210740713091416
2026-09-14T12:59:01.058Z meeting_stop_stage session=28D80354-B1D5-49B0-BCD1-F911AD8A62D6 stage=processing_drain duration_ms=11 outcome=success process_id=72061 process_session=eb1edbc4-8914-41ff-9c05-b113d71881b9 uptime_ns=210740725005583
2026-09-14T12:59:01.098Z meeting_stop_stage session=28D80354-B1D5-49B0-BCD1-F911AD8A62D6 stage=writer_finalize duration_ms=38 outcome=success process_id=72061 process_session=eb1edbc4-8914-41ff-9c05-b113d71881b9 uptime_ns=210740764031875
2026-09-14T12:59:01.108Z shared_mic_engine_prepare_timing vpio=false buffer_size=4096 set_vpio_ms=0.008 output_format_ms=0.032 install_tap_ms=0.007 total_ms=101.097 process_id=72061 process_session=eb1edbc4-8914-41ff-9c05-b113d71881b9 uptime_ns=210740774078875
2026-09-14T12:59:01.108Z shared_mic_engine_input_device_prepared source=system_default device=present transport=usb vpio=false set_device_ms=0.000 prepare_engine_ms=101.811 process_id=72061 process_session=eb1edbc4-8914-41ff-9c05-b113d71881b9 uptime_ns=210740774723541
2026-09-14T12:59:01.147Z meeting_stop_stage session=28D80354-B1D5-49B0-BCD1-F911AD8A62D6 stage=source_urls duration_ms=44 outcome=success process_id=72061 process_session=eb1edbc4-8914-41ff-9c05-b113d71881b9 uptime_ns=210740813616958
2026-09-14T12:59:01.150Z meeting_stop_stage session=28D80354-B1D5-49B0-BCD1-F911AD8A62D6 stage=metadata_save duration_ms=2 outcome=success process_id=72061 process_session=eb1edbc4-8914-41ff-9c05-b113d71881b9 uptime_ns=210740816329083
2026-09-14T12:59:20.231Z meeting_stop_stage session=28D80354-B1D5-49B0-BCD1-F911AD8A62D6 stage=mix duration_ms=19081 outcome=success process_id=72061 process_session=eb1edbc4-8914-41ff-9c05-b113d71881b9 uptime_ns=210759897640166
2026-09-14T12:59:20.232Z meeting_stop_stage session=28D80354-B1D5-49B0-BCD1-F911AD8A62D6 stage=notes_write duration_ms=0 outcome=success process_id=72061 process_session=eb1edbc4-8914-41ff-9c05-b113d71881b9 uptime_ns=210759898748833
2026-09-14T12:59:20.233Z meeting_stop_stage session=28D80354-B1D5-49B0-BCD1-F911AD8A62D6 stage=lock_write duration_ms=0 outcome=success process_id=72061 process_session=eb1edbc4-8914-41ff-9c05-b113d71881b9 uptime_ns=210759899544250
2026-09-14T12:59:20.234Z meeting_cleaned_mic session=28D80354-B1D5-49B0-BCD1-F911AD8A62D6 outcome=scheduled process_id=72061 process_session=eb1edbc4-8914-41ff-9c05-b113d71881b9 uptime_ns=210759900243875
2026-09-14T12:59:20.234Z meeting_stop_stage session=28D80354-B1D5-49B0-BCD1-F911AD8A62D6 stage=cleaned_mic_schedule duration_ms=1 outcome=success process_id=72061 process_session=eb1edbc4-8914-41ff-9c05-b113d71881b9 uptime_ns=210759900640833
2026-09-14T12:59:20.235Z meeting_stop_stage session=28D80354-B1D5-49B0-BCD1-F911AD8A62D6 stage=cleanup duration_ms=0 outcome=success process_id=72061 process_session=eb1edbc4-8914-41ff-9c05-b113d71881b9 uptime_ns=210759901123166
2026-09-14T12:59:20.235Z meeting_recording_stopped session=28D80354-B1D5-49B0-BCD1-F911AD8A62D6 duration_s=2617.977 process_id=72061 process_session=eb1edbc4-8914-41ff-9c05-b113d71881b9 uptime_ns=210759901513708
2026-09-14T12:59:20.236Z meeting_recording_health session=28D80354-B1D5-49B0-BCD1-F911AD8A62D6 duration_s=2617.646 captured_duration_s=2618.000 capture_quality=healthy source_mode=microphone_and_system mic_started=true requested_mic_mode=raw effective_mic_mode=raw mic_first_buffer=true system_first_buffer=true mic_bytes=17324021 system_bytes=21239599 mixed_bytes=42694900 mic_frames=125664000 system_frames=125646720 mic_coverage=1.000 system_coverage=1.000 mic_capture_status=complete system_capture_status=complete mic_chunks_enqueued=147 system_chunks_enqueued=603 mic_chunks_low_signal_dropped=422 system_chunks_low_signal_dropped=51 mic_chunks_system_dominant_dropped=85 mic_peak_level=1.000 system_peak_level=0.947 system_signal=present backpressure_drops=0 transcription_failures=0 interrupted_sources=none capture_failed=false process_id=72061 process_session=eb1edbc4-8914-41ff-9c05-b113d71881b9 uptime_ns=210759902068083
2026-09-14T12:59:20.236Z meeting_echo_suppression_summary session=28D80354-B1D5-49B0-BCD1-F911AD8A62D6 processor=localvqe loaded=true mic_frames=163621 processed_frames=163621 raw_fallback_frames=0 full_reference_frames=163594 partial_reference_frames=1 missing_reference_frames=26 processing_failures=0 current_delay_samples=76 delay_confidence=0.331 delay_estimate_count=2 rejected_delay_estimates=5234 process_id=72061 process_session=eb1edbc4-8914-41ff-9c05-b113d71881b9 uptime_ns=210759902545250
2026-09-14T12:59:20.237Z meeting_stop_stage session=28D80354-B1D5-49B0-BCD1-F911AD8A62D6 stage=service_total duration_ms=19324 outcome=success process_id=72061 process_session=eb1edbc4-8914-41ff-9c05-b113d71881b9 uptime_ns=210759903407541
2026-09-14T12:59:21.668Z meeting_stop_stage session=28D80354-B1D5-49B0-BCD1-F911AD8A62D6 stage=service_stop duration_ms=20756 outcome=success process_id=72061 process_session=eb1edbc4-8914-41ff-9c05-b113d71881b9 uptime_ns=210761334808375
2026-09-14T12:59:21.674Z meeting_stop_stage session=28D80354-B1D5-49B0-BCD1-F911AD8A62D6 stage=prepare_row duration_ms=5 outcome=success process_id=72061 process_session=eb1edbc4-8914-41ff-9c05-b113d71881b9 uptime_ns=210761341022083
2026-09-14T12:59:21.675Z meeting_stop_stage session=28D80354-B1D5-49B0-BCD1-F911AD8A62D6 stage=queue_enqueue duration_ms=0 outcome=success process_id=72061 process_session=eb1edbc4-8914-41ff-9c05-b113d71881b9 uptime_ns=210761341855791
2026-09-14T12:59:21.676Z meeting_stop_stage session=28D80354-B1D5-49B0-BCD1-F911AD8A62D6 stage=queued_total duration_ms=20776 outcome=success process_id=72061 process_session=eb1edbc4-8914-41ff-9c05-b113d71881b9 uptime_ns=210761342955500
2026-09-14T12:59:21.679Z meeting_transcription_queue_stage session=28D80354-B1D5-49B0-BCD1-F911AD8A62D6 transcription=B3E1786F-C426-4BEF-BDA8-79F1C1F54DBD stage=prepare_row outcome=started process_id=72061 process_session=eb1edbc4-8914-41ff-9c05-b113d71881b9 uptime_ns=210761345251416
2026-09-14T12:59:21.679Z meeting_transcription_queue_stage session=28D80354-B1D5-49B0-BCD1-F911AD8A62D6 transcription=B3E1786F-C426-4BEF-BDA8-79F1C1F54DBD stage=prepare_row outcome=success duration_s=0.000 process_id=72061 process_session=eb1edbc4-8914-41ff-9c05-b113d71881b9 uptime_ns=210761345551750
2026-09-14T12:59:21.679Z meeting_transcription_queue_stage session=28D80354-B1D5-49B0-BCD1-F911AD8A62D6 transcription=B3E1786F-C426-4BEF-BDA8-79F1C1F54DBD stage=finalize_transcript outcome=started process_id=72061 process_session=eb1edbc4-8914-41ff-9c05-b113d71881b9 uptime_ns=210761345554958
2026-09-14T13:02:05.768Z meeting_cleaned_mic session=28D80354-B1D5-49B0-BCD1-F911AD8A62D6 outcome=rendered duration_s=2618.000 render_duration_ms=165533 realtime_factor=15.82 processed_frames=163625 raw_fallback_frames=0 failures=0 rms_ratio=0.99 probe_windows=2 probe_best_correlation=0.106 process_id=72061 process_session=eb1edbc4-8914-41ff-9c05-b113d71881b9 uptime_ns=210925434362041
2026-09-14T13:02:05.800Z meeting_echo_suppression_resolution session=28D80354-B1D5-49B0-BCD1-F911AD8A62D6 reason_code=cleanedUsed model_version=localvqe-v1.4-aec-200K-f32.gguf render_duration_ms=165533 realtime_factor=15.82 delay_estimate_ms=49 probe_windows=2 probe_best_correlation=0.106 process_id=72061 process_session=eb1edbc4-8914-41ff-9c05-b113d71881b9 uptime_ns=210925466448375
2026-09-14T13:02:05.801Z meeting_cleaned_mic_source session=28D80354-B1D5-49B0-BCD1-F911AD8A62D6 selected=cleaned reason=cleanedUsed timeout_s=600.000 process_id=72061 process_session=eb1edbc4-8914-41ff-9c05-b113d71881b9 uptime_ns=210925467237666
2026-09-14T13:05:07.726Z dictation_diagnostics_session_start pid=75084 version=0.8.0 build=20260909173236 source=dist-xcodebuild-release commit=1cc48e726ad4 process_id=75084 process_session=683a16b8-6570-4831-a341-b9741505e80b uptime_ns=211107392954500
2026-09-14T13:05:08.748Z shared_mic_engine_prepare_timing vpio=false buffer_size=4096 set_vpio_ms=0.019 output_format_ms=0.024 install_tap_ms=0.005 total_ms=138.053 process_id=75084 process_session=683a16b8-6570-4831-a341-b9741505e80b uptime_ns=211108415143250
2026-09-14T13:05:08.749Z shared_mic_engine_input_device_prepared source=system_default device=present transport=usb vpio=false set_device_ms=0.000 prepare_engine_ms=138.789 process_id=75084 process_session=683a16b8-6570-4831-a341-b9741505e80b uptime_ns=211108415827250
2026-09-14T13:05:21.295Z whisper_model_prepare_start model=large-v3-v20240930_turbo_632MB folder=openai_whisper-large-v3-v20240930_turbo_632MB process_id=75084 process_session=683a16b8-6570-4831-a341-b9741505e80b uptime_ns=211120961684583
2026-09-14T13:05:23.042Z whisper_model_prepare_complete model=large-v3-v20240930_turbo_632MB duration_s=1.747 process_id=75084 process_session=683a16b8-6570-4831-a341-b9741505e80b uptime_ns=211122709040833
2026-09-14T13:05:40.865Z meeting_recovery_cleaned_mic session=28D80354-B1D5-49B0-BCD1-F911AD8A62D6 outcome=scheduled process_id=75084 process_session=683a16b8-6570-4831-a341-b9741505e80b uptime_ns=211140532402041
2026-09-14T13:08:29.459Z meeting_recovery_cleaned_mic session=28D80354-B1D5-49B0-BCD1-F911AD8A62D6 outcome=rendered duration_s=2618.000 render_duration_ms=168593 realtime_factor=15.53 processed_frames=163625 raw_fallback_frames=0 failures=0 rms_ratio=0.99 probe_windows=2 probe_best_correlation=0.106 process_id=75084 process_session=683a16b8-6570-4831-a341-b9741505e80b uptime_ns=211309126335125
2026-09-14T13:08:29.477Z meeting_echo_suppression_resolution session=28D80354-B1D5-49B0-BCD1-F911AD8A62D6 reason_code=cleanedUsed model_version=localvqe-v1.4-aec-200K-f32.gguf render_duration_ms=168593 realtime_factor=15.53 delay_estimate_ms=49 probe_windows=2 probe_best_correlation=0.106 process_id=75084 process_session=683a16b8-6570-4831-a341-b9741505e80b uptime_ns=211309144428166
2026-09-14T13:08:29.478Z meeting_cleaned_mic_source session=28D80354-B1D5-49B0-BCD1-F911AD8A62D6 selected=cleaned reason=cleanedUsed timeout_s=600.000 process_id=75084 process_session=683a16b8-6570-4831-a341-b9741505e80b uptime_ns=211309145363666
2026-09-14T13:28:29.993Z meeting_system_diarization_completed session=28D80354-B1D5-49B0-BCD1-F911AD8A62D6 prior=bounds_1_6 speakers=6 segments=657 duration_s=19.34 process_id=75084 process_session=683a16b8-6570-4831-a341-b9741505e80b uptime_ns=212509661149208
2026-09-14T13:28:34.737Z audio_default_input_changed notifications=1 default_input=present default_input_transport=built-in process_id=75084 process_session=683a16b8-6570-4831-a341-b9741505e80b uptime_ns=212514405063875
2026-09-14T13:28:35.430Z shared_mic_engine_stopped process_id=75084 process_session=683a16b8-6570-4831-a341-b9741505e80b uptime_ns=212515098096750
2026-09-14T13:28:35.592Z shared_mic_engine_prepare_timing vpio=false buffer_size=4096 set_vpio_ms=0.007 output_format_ms=0.013 install_tap_ms=0.008 total_ms=157.338 process_id=75084 process_session=683a16b8-6570-4831-a341-b9741505e80b uptime_ns=212515260649708
2026-09-14T13:28:35.594Z shared_mic_engine_input_device_prepared source=system_default device=present transport=built-in vpio=false set_device_ms=0.000 prepare_engine_ms=158.620 process_id=75084 process_session=683a16b8-6570-4831-a341-b9741505e80b uptime_ns=212515261981875
2026-09-14T13:31:30.937Z meeting_live_chunking_mode session=D9DC462B-5F0F-40C5-BCCE-349B3159D673 mode=fixed reason=non_parakeet_engine process_id=75084 process_session=683a16b8-6570-4831-a341-b9741505e80b uptime_ns=212648116125125
2026-09-14T13:31:30.960Z meeting_mic_capture_starting requested_mode=raw default_input=present default_input_transport=built-in process_id=75084 process_session=683a16b8-6570-4831-a341-b9741505e80b uptime_ns=212648139733583
2026-09-14T13:31:31.143Z shared_mic_engine_started_from_prepared audio_engine_start_ms=177.359 process_id=75084 process_session=683a16b8-6570-4831-a341-b9741505e80b uptime_ns=212648322183333
2026-09-14T13:31:31.144Z shared_mic_diagnostics transition=subscribe wants_vpio=false blocks_vpio_promotion=true subscribers=1 vpio_subs=0 passive_subs=0 engine_running=true vpio_engaged=false vpio_deferred=false vpio_deferral_count=0 process_id=75084 process_session=683a16b8-6570-4831-a341-b9741505e80b uptime_ns=212648323485291
2026-09-14T13:31:31.144Z meeting_mic_first_buffer sr=48000.0 ch=1 interleaved=false process_id=75084 process_session=683a16b8-6570-4831-a341-b9741505e80b uptime_ns=212648323632625
2026-09-14T13:31:31.145Z meeting_mic_processing mode=raw process_id=75084 process_session=683a16b8-6570-4831-a341-b9741505e80b uptime_ns=212648324157333
2026-09-14T13:31:31.146Z meeting_mic_capture_started requested_mode=raw effective_mode=raw sr=48000.0 ch=1 default_input=present default_input_transport=built-in process_id=75084 process_session=683a16b8-6570-4831-a341-b9741505e80b uptime_ns=212648324998375
2026-09-14T13:31:31.236Z system_audio_stream_screen_output_attached mode=discard process_id=75084 process_session=683a16b8-6570-4831-a341-b9741505e80b uptime_ns=212648415354750
2026-09-14T13:31:31.479Z system_audio_stream_started sr=48000 ch=2 process_id=75084 process_session=683a16b8-6570-4831-a341-b9741505e80b uptime_ns=212648658754500
2026-09-14T13:31:31.481Z meeting_recording_started session=D9DC462B-5F0F-40C5-BCCE-349B3159D673 source_mode=Optional(MacParakeetCore.MeetingAudioSourceMode.microphoneAndSystem) requested_mic_mode=raw effective_mic_mode=raw process_id=75084 process_session=683a16b8-6570-4831-a341-b9741505e80b uptime_ns=212648660268083
2026-09-14T13:31:33.577Z system_audio_stream_no_buffers_within_timeout timeout_s=2 process_id=75084 process_session=683a16b8-6570-4831-a341-b9741505e80b uptime_ns=212650756294500
2026-09-14T13:31:33.579Z meeting_capture_source_recovery_started source=system error_type=MeetingAudioError.systemAudioStalled bridged_error_code=6 process_id=75084 process_session=683a16b8-6570-4831-a341-b9741505e80b uptime_ns=212650758679125
2026-09-14T13:31:33.579Z system_audio_recovery_started recovery_id=1 error_type=MeetingAudioError.systemAudioStalled bridged_error_code=6 process_id=75084 process_session=683a16b8-6570-4831-a341-b9741505e80b uptime_ns=212650758681958
2026-09-14T13:31:33.690Z system_audio_stream_stopped outcome=completed process_id=75084 process_session=683a16b8-6570-4831-a341-b9741505e80b uptime_ns=212650869182166
2026-09-14T13:31:33.691Z system_audio_recovery_attempt_started recovery_id=1 attempt=1 process_id=75084 process_session=683a16b8-6570-4831-a341-b9741505e80b uptime_ns=212650870318000
2026-09-14T13:31:33.778Z system_audio_stream_screen_output_attached mode=discard process_id=75084 process_session=683a16b8-6570-4831-a341-b9741505e80b uptime_ns=212650957399791
2026-09-14T13:31:34.130Z system_audio_stream_first_buffer sr=48000 ch=2 process_id=75084 process_session=683a16b8-6570-4831-a341-b9741505e80b uptime_ns=212651309180625
2026-09-14T13:31:34.139Z system_audio_stream_started sr=48000 ch=2 process_id=75084 process_session=683a16b8-6570-4831-a341-b9741505e80b uptime_ns=212651318173083
2026-09-14T13:31:34.142Z system_audio_recovery_first_buffer recovery_id=1 attempt=1 process_id=75084 process_session=683a16b8-6570-4831-a341-b9741505e80b uptime_ns=212651321645166
2026-09-14T13:31:34.145Z system_audio_recovery_succeeded recovery_id=1 attempt=1 process_id=75084 process_session=683a16b8-6570-4831-a341-b9741505e80b uptime_ns=212651324408416
2026-09-14T13:31:34.147Z meeting_capture_source_recovered source=system process_id=75084 process_session=683a16b8-6570-4831-a341-b9741505e80b uptime_ns=212651326310000
2026-09-14T13:41:11.676Z system_audio_stream_stopped_with_error error_type=NSError.-3815 bridged_error_code=-3815 process_id=75084 process_session=683a16b8-6570-4831-a341-b9741505e80b uptime_ns=213228848102041
2026-09-14T13:41:11.680Z system_audio_recovery_started recovery_id=2 error_type=MeetingAudioError.systemAudioStreamStopped bridged_error_code=7 process_id=75084 process_session=683a16b8-6570-4831-a341-b9741505e80b uptime_ns=213228852851875
2026-09-14T13:41:11.686Z system_audio_stream_stopped outcome=completed process_id=75084 process_session=683a16b8-6570-4831-a341-b9741505e80b uptime_ns=213228858446916
2026-09-14T13:41:11.687Z system_audio_recovery_attempt_started recovery_id=2 attempt=1 process_id=75084 process_session=683a16b8-6570-4831-a341-b9741505e80b uptime_ns=213228859300750
2026-09-14T13:41:11.706Z meeting_capture_source_recovery_started source=system error_type=MeetingAudioError.systemAudioStreamStopped bridged_error_code=7 process_id=75084 process_session=683a16b8-6570-4831-a341-b9741505e80b uptime_ns=213228878475625
2026-09-14T13:41:11.760Z system_audio_stream_start_failed error_type=MeetingAudioError.systemAudioCaptureFailed bridged_error_code=2 process_id=75084 process_session=683a16b8-6570-4831-a341-b9741505e80b uptime_ns=213228932893708
2026-09-14T13:41:11.761Z system_audio_recovery_start_failed recovery_id=2 attempt=1 error_type=MeetingAudioError.systemAudioCaptureFailed bridged_error_code=2 process_id=75084 process_session=683a16b8-6570-4831-a341-b9741505e80b uptime_ns=213228933808708
2026-09-14T13:41:12.771Z system_audio_recovery_attempt_started recovery_id=2 attempt=2 process_id=75084 process_session=683a16b8-6570-4831-a341-b9741505e80b uptime_ns=213229943808875
2026-09-14T13:41:12.843Z system_audio_stream_start_failed error_type=MeetingAudioError.systemAudioCaptureFailed bridged_error_code=2 process_id=75084 process_session=683a16b8-6570-4831-a341-b9741505e80b uptime_ns=213230015917750
2026-09-14T13:41:12.845Z system_audio_recovery_start_failed recovery_id=2 attempt=2 error_type=MeetingAudioError.systemAudioCaptureFailed bridged_error_code=2 process_id=75084 process_session=683a16b8-6570-4831-a341-b9741505e80b uptime_ns=213230017048291
2026-09-14T13:41:14.868Z system_audio_recovery_attempt_started recovery_id=2 attempt=3 process_id=75084 process_session=683a16b8-6570-4831-a341-b9741505e80b uptime_ns=213232040865916
2026-09-14T13:41:14.952Z system_audio_stream_start_failed error_type=MeetingAudioError.systemAudioCaptureFailed bridged_error_code=2 process_id=75084 process_session=683a16b8-6570-4831-a341-b9741505e80b uptime_ns=213232123898458
2026-09-14T13:41:14.952Z system_audio_recovery_start_failed recovery_id=2 attempt=3 error_type=MeetingAudioError.systemAudioCaptureFailed bridged_error_code=2 process_id=75084 process_session=683a16b8-6570-4831-a341-b9741505e80b uptime_ns=213232124793458
2026-09-14T13:41:18.981Z system_audio_recovery_attempt_started recovery_id=2 attempt=4 process_id=75084 process_session=683a16b8-6570-4831-a341-b9741505e80b uptime_ns=213236153127500
2026-09-14T13:41:19.060Z system_audio_stream_screen_output_attached mode=discard process_id=75084 process_session=683a16b8-6570-4831-a341-b9741505e80b uptime_ns=213236231951750
2026-09-14T13:41:19.235Z system_audio_stream_started sr=48000 ch=2 process_id=75084 process_session=683a16b8-6570-4831-a341-b9741505e80b uptime_ns=213236407714541
2026-09-14T13:41:19.238Z system_audio_stream_first_buffer sr=48000 ch=2 process_id=75084 process_session=683a16b8-6570-4831-a341-b9741505e80b uptime_ns=213236410617083
2026-09-14T13:41:19.238Z system_audio_recovery_first_buffer recovery_id=2 attempt=4 process_id=75084 process_session=683a16b8-6570-4831-a341-b9741505e80b uptime_ns=213236410766500
2026-09-14T13:41:19.239Z system_audio_recovery_succeeded recovery_id=2 attempt=4 process_id=75084 process_session=683a16b8-6570-4831-a341-b9741505e80b uptime_ns=213236411752500
2026-09-14T13:41:19.241Z meeting_capture_source_recovered source=system process_id=75084 process_session=683a16b8-6570-4831-a341-b9741505e80b uptime_ns=213236413357916
2026-09-14T13:55:58.279Z system_audio_stream_stopped_with_error error_type=NSError.-3815 bridged_error_code=-3815 process_id=75084 process_session=683a16b8-6570-4831-a341-b9741505e80b uptime_ns=214115440764291
2026-09-14T13:55:58.290Z system_audio_recovery_started recovery_id=3 error_type=MeetingAudioError.systemAudioStreamStopped bridged_error_code=7 process_id=75084 process_session=683a16b8-6570-4831-a341-b9741505e80b uptime_ns=214115452153625
2026-09-14T13:55:58.290Z meeting_capture_source_recovery_started source=system error_type=MeetingAudioError.systemAudioStreamStopped bridged_error_code=7 process_id=75084 process_session=683a16b8-6570-4831-a341-b9741505e80b uptime_ns=214115452161125
2026-09-14T13:55:58.303Z system_audio_stream_stopped outcome=completed process_id=75084 process_session=683a16b8-6570-4831-a341-b9741505e80b uptime_ns=214115465501375
2026-09-14T13:55:58.304Z system_audio_recovery_attempt_started recovery_id=3 attempt=1 process_id=75084 process_session=683a16b8-6570-4831-a341-b9741505e80b uptime_ns=214115466253333
2026-09-14T13:55:58.373Z system_audio_stream_start_failed error_type=MeetingAudioError.systemAudioCaptureFailed bridged_error_code=2 process_id=75084 process_session=683a16b8-6570-4831-a341-b9741505e80b uptime_ns=214115534691666
2026-09-14T13:55:58.374Z system_audio_recovery_start_failed recovery_id=3 attempt=1 error_type=MeetingAudioError.systemAudioCaptureFailed bridged_error_code=2 process_id=75084 process_session=683a16b8-6570-4831-a341-b9741505e80b uptime_ns=214115535639666
2026-09-14T13:55:59.392Z system_audio_recovery_attempt_started recovery_id=3 attempt=2 process_id=75084 process_session=683a16b8-6570-4831-a341-b9741505e80b uptime_ns=214116553713166
2026-09-14T13:55:59.475Z system_audio_stream_start_failed error_type=MeetingAudioError.systemAudioCaptureFailed bridged_error_code=2 process_id=75084 process_session=683a16b8-6570-4831-a341-b9741505e80b uptime_ns=214116636847916
2026-09-14T13:55:59.476Z system_audio_recovery_start_failed recovery_id=3 attempt=2 error_type=MeetingAudioError.systemAudioCaptureFailed bridged_error_code=2 process_id=75084 process_session=683a16b8-6570-4831-a341-b9741505e80b uptime_ns=214116637735916
2026-09-14T13:56:01.489Z system_audio_recovery_attempt_started recovery_id=3 attempt=3 process_id=75084 process_session=683a16b8-6570-4831-a341-b9741505e80b uptime_ns=214118650655250
2026-09-14T13:56:01.573Z system_audio_stream_start_failed error_type=MeetingAudioError.systemAudioCaptureFailed bridged_error_code=2 process_id=75084 process_session=683a16b8-6570-4831-a341-b9741505e80b uptime_ns=214118735134958
2026-09-14T13:56:01.574Z system_audio_recovery_start_failed recovery_id=3 attempt=3 error_type=MeetingAudioError.systemAudioCaptureFailed bridged_error_code=2 process_id=75084 process_session=683a16b8-6570-4831-a341-b9741505e80b uptime_ns=214118736139000
2026-09-14T13:56:05.579Z system_audio_recovery_attempt_started recovery_id=3 attempt=4 process_id=75084 process_session=683a16b8-6570-4831-a341-b9741505e80b uptime_ns=214122741378000
2026-09-14T13:56:05.659Z system_audio_stream_start_failed error_type=MeetingAudioError.systemAudioCaptureFailed bridged_error_code=2 process_id=75084 process_session=683a16b8-6570-4831-a341-b9741505e80b uptime_ns=214122820851041
2026-09-14T13:56:05.660Z system_audio_recovery_start_failed recovery_id=3 attempt=4 error_type=MeetingAudioError.systemAudioCaptureFailed bridged_error_code=2 process_id=75084 process_session=683a16b8-6570-4831-a341-b9741505e80b uptime_ns=214122821748083
2026-09-14T13:56:13.662Z system_audio_recovery_attempt_started recovery_id=3 attempt=5 process_id=75084 process_session=683a16b8-6570-4831-a341-b9741505e80b uptime_ns=214130824321541
2026-09-14T13:56:13.741Z system_audio_stream_start_failed error_type=MeetingAudioError.systemAudioCaptureFailed bridged_error_code=2 process_id=75084 process_session=683a16b8-6570-4831-a341-b9741505e80b uptime_ns=214130902486041
2026-09-14T13:56:13.742Z system_audio_recovery_start_failed recovery_id=3 attempt=5 error_type=MeetingAudioError.systemAudioCaptureFailed bridged_error_code=2 process_id=75084 process_session=683a16b8-6570-4831-a341-b9741505e80b uptime_ns=214130903407916
2026-09-14T13:56:21.755Z system_audio_recovery_attempt_started recovery_id=3 attempt=6 process_id=75084 process_session=683a16b8-6570-4831-a341-b9741505e80b uptime_ns=214138916540958
2026-09-14T13:56:21.834Z system_audio_stream_start_failed error_type=MeetingAudioError.systemAudioCaptureFailed bridged_error_code=2 process_id=75084 process_session=683a16b8-6570-4831-a341-b9741505e80b uptime_ns=214138995904916
2026-09-14T13:56:21.835Z system_audio_recovery_start_failed recovery_id=3 attempt=6 error_type=MeetingAudioError.systemAudioCaptureFailed bridged_error_code=2 process_id=75084 process_session=683a16b8-6570-4831-a341-b9741505e80b uptime_ns=214138996847791
2026-09-14T13:56:21.836Z system_audio_recovery_exhausted recovery_id=3 attempts=6 error_type=MeetingAudioError.systemAudioStreamStopped bridged_error_code=7 process_id=75084 process_session=683a16b8-6570-4831-a341-b9741505e80b uptime_ns=214138997306666
2026-09-14T13:56:21.836Z meeting_capture_source_interrupted source=system error_type=MeetingAudioError.systemAudioStreamStopped bridged_error_code=7 process_id=75084 process_session=683a16b8-6570-4831-a341-b9741505e80b uptime_ns=214138997995291
2026-09-14T14:48:03.167Z shared_mic_engine_callback_stalled callback_gap_s=5.606 engine_is_running=true process_id=75084 process_session=683a16b8-6570-4831-a341-b9741505e80b uptime_ns=217240324910416
2026-09-14T14:48:03.173Z shared_mic_engine_config_change_recovery_attempt attempt=1 trigger=callback_stall process_id=75084 process_session=683a16b8-6570-4831-a341-b9741505e80b uptime_ns=217240331242958
2026-09-14T14:52:46.811Z shared_mic_engine_start_timing vpio=false buffer_size=4096 set_vpio_ms=0.010 ducking_ms=0.000 output_format_ms=0.215 install_tap_ms=0.008 audio_engine_start_ms=1949.201 total_ms=2172.834 process_id=75084 process_session=683a16b8-6570-4831-a341-b9741505e80b uptime_ns=217242556652708
2026-09-14T14:52:46.813Z shared_mic_engine_input_device_started source=system_default device=present transport=built-in vpio=false set_device_ms=0.000 start_engine_ms=2175.194 process_id=75084 process_session=683a16b8-6570-4831-a341-b9741505e80b uptime_ns=217242558743458
2026-09-14T14:52:46.820Z shared_mic_engine_config_change_recovery_ready attempt=1 trigger=callback_stall process_id=75084 process_session=683a16b8-6570-4831-a341-b9741505e80b uptime_ns=217242565597833
2026-09-14T14:52:52.526Z audio_default_input_changed notifications=1 default_input=present default_input_transport=usb process_id=75084 process_session=683a16b8-6570-4831-a341-b9741505e80b uptime_ns=217248271895833
2026-09-14T14:52:52.812Z shared_mic_engine_config_change_recovery_succeeded episode=3 process_id=75084 process_session=683a16b8-6570-4831-a341-b9741505e80b uptime_ns=217248557414250
2026-09-14T14:52:52.888Z shared_mic_engine_configuration_changed sr=0.0 ch=0 isRunning=true engine_is_running=false default_input=present default_input_transport=usb process_id=75084 process_session=683a16b8-6570-4831-a341-b9741505e80b uptime_ns=217248633679083
2026-09-14T14:52:52.896Z shared_mic_engine_config_change_recovery_attempt attempt=1 trigger=configuration_change process_id=75084 process_session=683a16b8-6570-4831-a341-b9741505e80b uptime_ns=217248641650791
2026-09-14T14:52:53.211Z shared_mic_engine_start_timing vpio=false buffer_size=4096 set_vpio_ms=0.006 ducking_ms=0.000 output_format_ms=0.021 install_tap_ms=0.008 audio_engine_start_ms=134.362 total_ms=307.681 process_id=75084 process_session=683a16b8-6570-4831-a341-b9741505e80b uptime_ns=217248956205375
2026-09-14T14:52:53.212Z shared_mic_engine_input_device_started source=system_default device=present transport=usb vpio=false set_device_ms=0.000 start_engine_ms=309.656 process_id=75084 process_session=683a16b8-6570-4831-a341-b9741505e80b uptime_ns=217248957981041
2026-09-14T14:52:53.213Z shared_mic_engine_config_change_recovery_ready attempt=1 trigger=configuration_change process_id=75084 process_session=683a16b8-6570-4831-a341-b9741505e80b uptime_ns=217248958893583
2026-09-14T14:52:54.129Z audio_default_input_changed notifications=1 default_input=present default_input_transport=built-in process_id=75084 process_session=683a16b8-6570-4831-a341-b9741505e80b uptime_ns=217249874827125
2026-09-14T14:52:55.396Z audio_default_input_changed notifications=1 default_input=present default_input_transport=usb process_id=75084 process_session=683a16b8-6570-4831-a341-b9741505e80b uptime_ns=217251141775500
2026-09-14T14:52:55.896Z shared_mic_engine_configuration_changed sr=0.0 ch=0 isRunning=true engine_is_running=false default_input=present default_input_transport=usb process_id=75084 process_session=683a16b8-6570-4831-a341-b9741505e80b uptime_ns=217251641599333
2026-09-14T14:52:55.905Z shared_mic_engine_config_change_recovery_scheduled retry=1 delay_s=0.5 trigger=backoff process_id=75084 process_session=683a16b8-6570-4831-a341-b9741505e80b uptime_ns=217251650761958
2026-09-14T14:52:56.414Z shared_mic_engine_config_change_recovery_attempt attempt=2 trigger=backoff process_id=75084 process_session=683a16b8-6570-4831-a341-b9741505e80b uptime_ns=217252158886875
2026-09-14T14:52:56.760Z shared_mic_engine_start_timing vpio=false buffer_size=4096 set_vpio_ms=0.009 ducking_ms=0.000 output_format_ms=0.008 install_tap_ms=0.007 audio_engine_start_ms=139.295 total_ms=332.754 process_id=75084 process_session=683a16b8-6570-4831-a341-b9741505e80b uptime_ns=217252505033958
2026-09-14T14:52:56.762Z shared_mic_engine_input_device_started source=system_default device=present transport=usb vpio=false set_device_ms=0.000 start_engine_ms=335.065 process_id=75084 process_session=683a16b8-6570-4831-a341-b9741505e80b uptime_ns=217252507038916
2026-09-14T14:52:56.763Z shared_mic_engine_config_change_recovery_ready attempt=2 trigger=backoff process_id=75084 process_session=683a16b8-6570-4831-a341-b9741505e80b uptime_ns=217252508627625
2026-09-14T14:53:02.761Z shared_mic_engine_config_change_recovery_succeeded episode=4 process_id=75084 process_session=683a16b8-6570-4831-a341-b9741505e80b uptime_ns=217258506088250
2026-09-14T14:53:58.312Z meeting_stop_stage session=D9DC462B-5F0F-40C5-BCCE-349B3159D673 stage=notes_commit duration_ms=11 outcome=success process_id=75084 process_session=683a16b8-6570-4831-a341-b9741505e80b uptime_ns=217314056096750
2026-09-14T14:53:58.313Z meeting_recording_stopping session=D9DC462B-5F0F-40C5-BCCE-349B3159D673 process_id=75084 process_session=683a16b8-6570-4831-a341-b9741505e80b uptime_ns=217314057645000
2026-09-14T14:53:58.388Z shared_mic_engine_stopped process_id=75084 process_session=683a16b8-6570-4831-a341-b9741505e80b uptime_ns=217314131969208
2026-09-14T14:53:58.389Z shared_mic_diagnostics transition=unsubscribe wants_vpio=n/a blocks_vpio_promotion=n/a subscribers=0 vpio_subs=0 passive_subs=0 engine_running=false vpio_engaged=false vpio_deferred=false vpio_deferral_count=0 process_id=75084 process_session=683a16b8-6570-4831-a341-b9741505e80b uptime_ns=217314133193708
2026-09-14T14:53:58.390Z meeting_mic_capture_stopped default_input=present default_input_transport=usb process_id=75084 process_session=683a16b8-6570-4831-a341-b9741505e80b uptime_ns=217314134600875
2026-09-14T14:53:58.391Z meeting_stop_stage session=D9DC462B-5F0F-40C5-BCCE-349B3159D673 stage=capture_stop duration_ms=77 outcome=success process_id=75084 process_session=683a16b8-6570-4831-a341-b9741505e80b uptime_ns=217314135383916
2026-09-14T14:53:58.403Z meeting_stop_stage session=D9DC462B-5F0F-40C5-BCCE-349B3159D673 stage=processing_drain duration_ms=11 outcome=success process_id=75084 process_session=683a16b8-6570-4831-a341-b9741505e80b uptime_ns=217314147289125
2026-09-14T14:53:58.439Z meeting_stop_stage session=D9DC462B-5F0F-40C5-BCCE-349B3159D673 stage=writer_finalize duration_ms=35 outcome=success process_id=75084 process_session=683a16b8-6570-4831-a341-b9741505e80b uptime_ns=217314183305708
2026-09-14T14:53:58.495Z meeting_stop_stage session=D9DC462B-5F0F-40C5-BCCE-349B3159D673 stage=source_urls duration_ms=55 outcome=success process_id=75084 process_session=683a16b8-6570-4831-a341-b9741505e80b uptime_ns=217314238985000
2026-09-14T14:53:58.497Z meeting_stop_stage session=D9DC462B-5F0F-40C5-BCCE-349B3159D673 stage=metadata_save duration_ms=1 outcome=success process_id=75084 process_session=683a16b8-6570-4831-a341-b9741505e80b uptime_ns=217314241158250
2026-09-14T14:53:58.501Z shared_mic_engine_prepare_timing vpio=false buffer_size=4096 set_vpio_ms=0.011 output_format_ms=0.026 install_tap_ms=0.007 total_ms=107.130 process_id=75084 process_session=683a16b8-6570-4831-a341-b9741505e80b uptime_ns=217314245540250
2026-09-14T14:53:58.502Z shared_mic_engine_input_device_prepared source=system_default device=present transport=usb vpio=false set_device_ms=0.000 prepare_engine_ms=107.938 process_id=75084 process_session=683a16b8-6570-4831-a341-b9741505e80b uptime_ns=217314246271166
2026-09-14T14:54:21.565Z meeting_stop_stage session=D9DC462B-5F0F-40C5-BCCE-349B3159D673 stage=mix duration_ms=23068 outcome=success process_id=75084 process_session=683a16b8-6570-4831-a341-b9741505e80b uptime_ns=217337308992666
2026-09-14T14:54:21.566Z meeting_stop_stage session=D9DC462B-5F0F-40C5-BCCE-349B3159D673 stage=notes_write duration_ms=0 outcome=success process_id=75084 process_session=683a16b8-6570-4831-a341-b9741505e80b uptime_ns=217337309962250
2026-09-14T14:54:21.567Z meeting_stop_stage session=D9DC462B-5F0F-40C5-BCCE-349B3159D673 stage=lock_write duration_ms=0 outcome=success process_id=75084 process_session=683a16b8-6570-4831-a341-b9741505e80b uptime_ns=217337310779625
2026-09-14T14:54:21.568Z meeting_cleaned_mic session=D9DC462B-5F0F-40C5-BCCE-349B3159D673 outcome=scheduled process_id=75084 process_session=683a16b8-6570-4831-a341-b9741505e80b uptime_ns=217337311502791
2026-09-14T14:54:21.568Z meeting_stop_stage session=D9DC462B-5F0F-40C5-BCCE-349B3159D673 stage=cleaned_mic_schedule duration_ms=1 outcome=success process_id=75084 process_session=683a16b8-6570-4831-a341-b9741505e80b uptime_ns=217337311921041
2026-09-14T14:54:21.568Z meeting_stop_stage session=D9DC462B-5F0F-40C5-BCCE-349B3159D673 stage=cleanup duration_ms=0 outcome=success process_id=75084 process_session=683a16b8-6570-4831-a341-b9741505e80b uptime_ns=217337312291708
2026-09-14T14:54:21.569Z meeting_recording_stopped session=D9DC462B-5F0F-40C5-BCCE-349B3159D673 duration_s=4665.762 process_id=75084 process_session=683a16b8-6570-4831-a341-b9741505e80b uptime_ns=217337312623416
2026-09-14T14:54:21.569Z meeting_recording_health session=D9DC462B-5F0F-40C5-BCCE-349B3159D673 duration_s=4946.833 captured_duration_s=4665.785 capture_quality=partial source_mode=microphone_and_system mic_started=true requested_mic_mode=raw effective_mic_mode=raw mic_first_buffer=true system_first_buffer=true mic_bytes=38922948 system_bytes=753810 mixed_bytes=74327221 mic_frames=223492800 system_frames=69871680 mic_coverage=0.941 system_coverage=0.294 mic_capture_status=complete system_capture_status=interrupted mic_chunks_enqueued=1149 system_chunks_enqueued=0 mic_chunks_low_signal_dropped=14 system_chunks_low_signal_dropped=1163 mic_chunks_system_dominant_dropped=0 mic_peak_level=1.000 system_peak_level=0.000 system_signal=silent backpressure_drops=0 transcription_failures=0 interrupted_sources=system capture_failed=false process_id=75084 process_session=683a16b8-6570-4831-a341-b9741505e80b uptime_ns=217337313129333
2026-09-14T14:54:21.570Z meeting_echo_suppression_summary session=D9DC462B-5F0F-40C5-BCCE-349B3159D673 processor=localvqe loaded=true mic_frames=291006 processed_frames=291006 raw_fallback_frames=0 full_reference_frames=90977 partial_reference_frames=4 missing_reference_frames=200025 processing_failures=0 current_delay_samples=0 delay_confidence=0.000 delay_estimate_count=0 rejected_delay_estimates=9312 process_id=75084 process_session=683a16b8-6570-4831-a341-b9741505e80b uptime_ns=217337313577666
2026-09-14T14:54:21.570Z meeting_stop_stage session=D9DC462B-5F0F-40C5-BCCE-349B3159D673 stage=service_total duration_ms=23257 outcome=success process_id=75084 process_session=683a16b8-6570-4831-a341-b9741505e80b uptime_ns=217337314422291
2026-09-14T14:54:21.571Z meeting_stop_stage session=D9DC462B-5F0F-40C5-BCCE-349B3159D673 stage=service_stop duration_ms=23258 outcome=success process_id=75084 process_session=683a16b8-6570-4831-a341-b9741505e80b uptime_ns=217337314741458
2026-09-14T14:54:21.579Z meeting_stop_stage session=D9DC462B-5F0F-40C5-BCCE-349B3159D673 stage=prepare_row duration_ms=7 outcome=success process_id=75084 process_session=683a16b8-6570-4831-a341-b9741505e80b uptime_ns=217337322514833
2026-09-14T14:54:21.579Z meeting_stop_stage session=D9DC462B-5F0F-40C5-BCCE-349B3159D673 stage=queue_enqueue duration_ms=1 outcome=success process_id=75084 process_session=683a16b8-6570-4831-a341-b9741505e80b uptime_ns=217337323406416
2026-09-14T14:54:21.580Z meeting_stop_stage session=D9DC462B-5F0F-40C5-BCCE-349B3159D673 stage=queued_total duration_ms=23280 outcome=success process_id=75084 process_session=683a16b8-6570-4831-a341-b9741505e80b uptime_ns=217337324410291
2026-09-14T14:54:21.582Z meeting_transcription_queue_stage session=D9DC462B-5F0F-40C5-BCCE-349B3159D673 transcription=A35F6488-65EA-40DE-AABE-6C277FC9F8B5 stage=prepare_row outcome=started process_id=75084 process_session=683a16b8-6570-4831-a341-b9741505e80b uptime_ns=217337326323833
2026-09-14T14:54:21.583Z meeting_transcription_queue_stage session=D9DC462B-5F0F-40C5-BCCE-349B3159D673 transcription=A35F6488-65EA-40DE-AABE-6C277FC9F8B5 stage=prepare_row outcome=success duration_s=0.000 process_id=75084 process_session=683a16b8-6570-4831-a341-b9741505e80b uptime_ns=217337326773833
2026-09-14T14:54:21.583Z meeting_transcription_queue_stage session=D9DC462B-5F0F-40C5-BCCE-349B3159D673 transcription=A35F6488-65EA-40DE-AABE-6C277FC9F8B5 stage=finalize_transcript outcome=started process_id=75084 process_session=683a16b8-6570-4831-a341-b9741505e80b uptime_ns=217337326776583
2026-09-14T14:54:23.118Z meeting_cleaned_mic session=D9DC462B-5F0F-40C5-BCCE-349B3159D673 outcome=skipped reason=skippedNoEchoPath renderer_reason=no_echo_path probe_detail=no_reference_energy probe_windows=0 probe_best_correlation=none process_id=75084 process_session=683a16b8-6570-4831-a341-b9741505e80b uptime_ns=217338861903166
2026-09-14T14:54:23.119Z meeting_echo_suppression_resolution session=D9DC462B-5F0F-40C5-BCCE-349B3159D673 reason_code=skippedNoEchoPath model_version=none render_duration_ms=none realtime_factor=none delay_estimate_ms=none probe_windows=0 probe_best_correlation=none process_id=75084 process_session=683a16b8-6570-4831-a341-b9741505e80b uptime_ns=217338863285166
2026-09-14T14:54:23.120Z meeting_cleaned_mic_source session=D9DC462B-5F0F-40C5-BCCE-349B3159D673 selected=raw reason=skippedNoEchoPath timeout_s=600.000 process_id=75084 process_session=683a16b8-6570-4831-a341-b9741505e80b uptime_ns=217338863760708
2026-09-14T14:59:36.149Z meeting_system_diarization_completed session=D9DC462B-5F0F-40C5-BCCE-349B3159D673 prior=unconstrained_large_attendee_count speakers=0 segments=0 duration_s=7.85 process_id=75084 process_session=683a16b8-6570-4831-a341-b9741505e80b uptime_ns=217651889550958
2026-09-14T14:59:36.402Z meeting_transcription_queue_stage session=D9DC462B-5F0F-40C5-BCCE-349B3159D673 transcription=A35F6488-65EA-40DE-AABE-6C277FC9F8B5 stage=finalize_transcript outcome=success duration_s=314.819 process_id=75084 process_session=683a16b8-6570-4831-a341-b9741505e80b uptime_ns=217652142200208
2026-09-14T14:59:36.402Z meeting_transcription_queue_stage session=D9DC462B-5F0F-40C5-BCCE-349B3159D673 transcription=A35F6488-65EA-40DE-AABE-6C277FC9F8B5 stage=settle_artifacts outcome=started process_id=75084 process_session=683a16b8-6570-4831-a341-b9741505e80b uptime_ns=217652142223208
2026-09-14T14:59:36.421Z meeting_transcription_queue_stage session=D9DC462B-5F0F-40C5-BCCE-349B3159D673 transcription=A35F6488-65EA-40DE-AABE-6C277FC9F8B5 stage=settle_artifacts outcome=success duration_s=0.019 process_id=75084 process_session=683a16b8-6570-4831-a341-b9741505e80b uptime_ns=217652161584958
2026-09-14T16:12:55.252Z audio_default_input_changed notifications=1 default_input=present default_input_transport=built-in process_id=75084 process_session=683a16b8-6570-4831-a341-b9741505e80b uptime_ns=221841720064375
2026-09-14T16:12:55.796Z shared_mic_engine_stopped process_id=75084 process_session=683a16b8-6570-4831-a341-b9741505e80b uptime_ns=221842264665875
2026-09-14T16:12:56.030Z shared_mic_engine_prepare_timing vpio=false buffer_size=4096 set_vpio_ms=0.007 output_format_ms=0.049 install_tap_ms=0.009 total_ms=227.791 process_id=75084 process_session=683a16b8-6570-4831-a341-b9741505e80b uptime_ns=221842497964875
2026-09-14T16:12:56.031Z shared_mic_engine_input_device_prepared source=system_default device=present transport=built-in vpio=false set_device_ms=0.000 prepare_engine_ms=228.562 process_id=75084 process_session=683a16b8-6570-4831-a341-b9741505e80b uptime_ns=221842499288958
2026-09-15T06:37:16.762Z shared_mic_engine_stopped process_id=75084 process_session=683a16b8-6570-4831-a341-b9741505e80b uptime_ns=222863866604666
2026-09-15T06:37:16.175Z audio_default_input_changed notifications=1 default_input=present default_input_transport=usb process_id=75084 process_session=683a16b8-6570-4831-a341-b9741505e80b uptime_ns=222863279837958
2026-09-15T06:37:17.213Z shared_mic_engine_prepare_timing vpio=false buffer_size=4096 set_vpio_ms=0.008 output_format_ms=0.083 install_tap_ms=0.010 total_ms=403.650 process_id=75084 process_session=683a16b8-6570-4831-a341-b9741505e80b uptime_ns=222864317501000
2026-09-15T06:37:17.215Z shared_mic_engine_input_device_prepared source=system_default device=present transport=usb vpio=false set_device_ms=0.000 prepare_engine_ms=405.544 process_id=75084 process_session=683a16b8-6570-4831-a341-b9741505e80b uptime_ns=222864319072916
2026-09-15T06:37:17.568Z audio_default_input_changed notifications=1 default_input=present default_input_transport=built-in process_id=75084 process_session=683a16b8-6570-4831-a341-b9741505e80b uptime_ns=222864671527083
2026-09-15T06:37:19.455Z shared_mic_engine_stopped process_id=75084 process_session=683a16b8-6570-4831-a341-b9741505e80b uptime_ns=222866558345083
2026-09-15T06:37:19.592Z shared_mic_engine_prepare_timing vpio=false buffer_size=4096 set_vpio_ms=0.006 output_format_ms=0.008 install_tap_ms=0.012 total_ms=65.913 process_id=75084 process_session=683a16b8-6570-4831-a341-b9741505e80b uptime_ns=222866694825125
2026-09-15T06:37:19.594Z shared_mic_engine_input_device_prepared source=system_default device=present transport=usb vpio=false set_device_ms=0.000 prepare_engine_ms=68.641 process_id=75084 process_session=683a16b8-6570-4831-a341-b9741505e80b uptime_ns=222866696765041
2026-09-15T06:37:19.591Z audio_default_input_changed notifications=1 default_input=present default_input_transport=usb process_id=75084 process_session=683a16b8-6570-4831-a341-b9741505e80b uptime_ns=222866694319166
2026-09-15T06:37:19.695Z shared_mic_engine_configuration_changed sr=44100.0 ch=2 isRunning=false engine_is_running=false default_input=present default_input_transport=usb process_id=75084 process_session=683a16b8-6570-4831-a341-b9741505e80b uptime_ns=222866797675125
2026-09-15T06:37:19.702Z shared_mic_engine_configuration_change_ignored reason=unchanged_prepared_setup process_id=75084 process_session=683a16b8-6570-4831-a341-b9741505e80b uptime_ns=222866805107833
2026-09-15T06:37:20.115Z shared_mic_engine_stopped process_id=75084 process_session=683a16b8-6570-4831-a341-b9741505e80b uptime_ns=222867218223583
2026-09-15T06:37:20.249Z shared_mic_engine_prepare_timing vpio=false buffer_size=4096 set_vpio_ms=0.007 output_format_ms=0.010 install_tap_ms=0.005 total_ms=124.146 process_id=75084 process_session=683a16b8-6570-4831-a341-b9741505e80b uptime_ns=222867351725625
2026-09-15T06:37:20.250Z shared_mic_engine_input_device_prepared source=system_default device=present transport=usb vpio=false set_device_ms=0.000 prepare_engine_ms=125.059 process_id=75084 process_session=683a16b8-6570-4831-a341-b9741505e80b uptime_ns=222867352470083
2026-09-15T06:58:21.476Z shared_mic_engine_stopped process_id=75084 process_session=683a16b8-6570-4831-a341-b9741505e80b uptime_ns=224059041900208
2026-09-15T06:58:20.422Z audio_default_input_changed notifications=1 default_input=present default_input_transport=built-in process_id=75084 process_session=683a16b8-6570-4831-a341-b9741505e80b uptime_ns=224057987949000
2026-09-15T06:58:21.749Z shared_mic_engine_prepare_timing vpio=false buffer_size=4096 set_vpio_ms=0.070 output_format_ms=1.353 install_tap_ms=0.009 total_ms=217.264 process_id=75084 process_session=683a16b8-6570-4831-a341-b9741505e80b uptime_ns=224059314829250
2026-09-15T06:58:21.751Z shared_mic_engine_input_device_prepared source=system_default device=present transport=built-in vpio=false set_device_ms=0.000 prepare_engine_ms=218.524 process_id=75084 process_session=683a16b8-6570-4831-a341-b9741505e80b uptime_ns=224059316970583
2026-09-15T07:52:53.844Z audio_default_input_changed notifications=1 default_input=present default_input_transport=usb process_id=75084 process_session=683a16b8-6570-4831-a341-b9741505e80b uptime_ns=226666209942875
2026-09-15T07:52:54.052Z shared_mic_engine_configuration_changed sr=48000.0 ch=1 isRunning=false engine_is_running=false default_input=present default_input_transport=usb process_id=75084 process_session=683a16b8-6570-4831-a341-b9741505e80b uptime_ns=226666417425958
2026-09-15T07:52:54.057Z shared_mic_engine_prepared_discarded reason=configuration_changed process_id=75084 process_session=683a16b8-6570-4831-a341-b9741505e80b uptime_ns=226666422981291
2026-09-15T07:52:54.707Z shared_mic_engine_prepare_timing vpio=false buffer_size=4096 set_vpio_ms=0.011 output_format_ms=0.014 install_tap_ms=0.008 total_ms=114.293 process_id=75084 process_session=683a16b8-6570-4831-a341-b9741505e80b uptime_ns=226667072134916
2026-09-15T07:52:54.708Z shared_mic_engine_input_device_prepared source=system_default device=present transport=usb vpio=false set_device_ms=0.000 prepare_engine_ms=115.438 process_id=75084 process_session=683a16b8-6570-4831-a341-b9741505e80b uptime_ns=226667073495916
2026-09-15T07:52:55.408Z audio_default_input_changed notifications=1 default_input=present default_input_transport=built-in process_id=75084 process_session=683a16b8-6570-4831-a341-b9741505e80b uptime_ns=226667774004333
2026-09-15T07:52:55.934Z shared_mic_engine_stopped process_id=75084 process_session=683a16b8-6570-4831-a341-b9741505e80b uptime_ns=226668299555125
2026-09-15T07:52:56.052Z shared_mic_engine_prepare_timing vpio=false buffer_size=4096 set_vpio_ms=0.009 output_format_ms=0.007 install_tap_ms=0.007 total_ms=94.528 process_id=75084 process_session=683a16b8-6570-4831-a341-b9741505e80b uptime_ns=226668417363416
2026-09-15T07:52:56.053Z shared_mic_engine_input_device_prepared source=system_default device=present transport=built-in vpio=false set_device_ms=0.000 prepare_engine_ms=95.867 process_id=75084 process_session=683a16b8-6570-4831-a341-b9741505e80b uptime_ns=226668418281291
2026-09-15T07:52:56.772Z audio_default_input_changed notifications=1 default_input=present default_input_transport=usb process_id=75084 process_session=683a16b8-6570-4831-a341-b9741505e80b uptime_ns=226669137750666
2026-09-15T07:52:56.926Z shared_mic_engine_configuration_changed sr=48000.0 ch=1 isRunning=false engine_is_running=false default_input=present default_input_transport=usb process_id=75084 process_session=683a16b8-6570-4831-a341-b9741505e80b uptime_ns=226669292089708
2026-09-15T07:52:56.930Z shared_mic_engine_prepared_discarded reason=configuration_changed process_id=75084 process_session=683a16b8-6570-4831-a341-b9741505e80b uptime_ns=226669295326791
2026-09-15T07:52:57.602Z shared_mic_engine_prepare_timing vpio=false buffer_size=4096 set_vpio_ms=0.011 output_format_ms=0.021 install_tap_ms=0.007 total_ms=139.701 process_id=75084 process_session=683a16b8-6570-4831-a341-b9741505e80b uptime_ns=226669967260833
2026-09-15T07:52:57.602Z shared_mic_engine_input_device_prepared source=system_default device=present transport=usb vpio=false set_device_ms=0.000 prepare_engine_ms=140.943 process_id=75084 process_session=683a16b8-6570-4831-a341-b9741505e80b uptime_ns=226669967983375
2026-09-15T07:53:02.719Z audio_default_input_changed notifications=1 default_input=present default_input_transport=built-in process_id=75084 process_session=683a16b8-6570-4831-a341-b9741505e80b uptime_ns=226675084903000
2026-09-15T07:53:03.238Z shared_mic_engine_stopped process_id=75084 process_session=683a16b8-6570-4831-a341-b9741505e80b uptime_ns=226675603301791
2026-09-15T07:53:03.356Z shared_mic_engine_prepare_timing vpio=false buffer_size=4096 set_vpio_ms=0.008 output_format_ms=0.005 install_tap_ms=0.004 total_ms=96.632 process_id=75084 process_session=683a16b8-6570-4831-a341-b9741505e80b uptime_ns=226675721546166
2026-09-15T07:53:03.356Z shared_mic_engine_input_device_prepared source=system_default device=present transport=built-in vpio=false set_device_ms=0.000 prepare_engine_ms=97.537 process_id=75084 process_session=683a16b8-6570-4831-a341-b9741505e80b uptime_ns=226675722112291
2026-09-15T07:53:04.053Z audio_default_input_changed notifications=1 default_input=present default_input_transport=usb process_id=75084 process_session=683a16b8-6570-4831-a341-b9741505e80b uptime_ns=226676418371916
2026-09-15T07:53:04.195Z shared_mic_engine_configuration_changed sr=48000.0 ch=1 isRunning=false engine_is_running=false default_input=present default_input_transport=usb process_id=75084 process_session=683a16b8-6570-4831-a341-b9741505e80b uptime_ns=226676560989416
2026-09-15T07:53:04.198Z shared_mic_engine_prepared_discarded reason=configuration_changed process_id=75084 process_session=683a16b8-6570-4831-a341-b9741505e80b uptime_ns=226676564115083
2026-09-15T07:53:04.821Z shared_mic_engine_prepare_timing vpio=false buffer_size=4096 set_vpio_ms=0.006 output_format_ms=0.006 install_tap_ms=0.005 total_ms=95.972 process_id=75084 process_session=683a16b8-6570-4831-a341-b9741505e80b uptime_ns=226677186848333
2026-09-15T07:53:04.822Z shared_mic_engine_input_device_prepared source=system_default device=present transport=usb vpio=false set_device_ms=0.000 prepare_engine_ms=96.737 process_id=75084 process_session=683a16b8-6570-4831-a341-b9741505e80b uptime_ns=226677187460333
2026-09-15T07:53:09.923Z audio_default_input_changed notifications=1 default_input=present default_input_transport=built-in process_id=75084 process_session=683a16b8-6570-4831-a341-b9741505e80b uptime_ns=226682289025916
2026-09-15T07:53:10.009Z shared_mic_engine_configuration_changed sr=48000.0 ch=1 isRunning=false engine_is_running=false default_input=present default_input_transport=built-in process_id=75084 process_session=683a16b8-6570-4831-a341-b9741505e80b uptime_ns=226682375111333
2026-09-15T07:53:10.012Z shared_mic_engine_prepared_discarded reason=configuration_changed process_id=75084 process_session=683a16b8-6570-4831-a341-b9741505e80b uptime_ns=226682378130083
2026-09-15T07:53:10.635Z shared_mic_engine_prepare_timing vpio=false buffer_size=4096 set_vpio_ms=0.004 output_format_ms=0.004 install_tap_ms=0.004 total_ms=88.244 process_id=75084 process_session=683a16b8-6570-4831-a341-b9741505e80b uptime_ns=226683001182791
2026-09-15T07:53:10.636Z shared_mic_engine_input_device_prepared source=system_default device=present transport=built-in vpio=false set_device_ms=0.000 prepare_engine_ms=89.126 process_id=75084 process_session=683a16b8-6570-4831-a341-b9741505e80b uptime_ns=226683001725541
2026-09-15T07:53:11.262Z audio_default_input_changed notifications=1 default_input=present default_input_transport=usb process_id=75084 process_session=683a16b8-6570-4831-a341-b9741505e80b uptime_ns=226683627369625
2026-09-15T07:53:11.408Z shared_mic_engine_configuration_changed sr=48000.0 ch=1 isRunning=false engine_is_running=false default_input=present default_input_transport=usb process_id=75084 process_session=683a16b8-6570-4831-a341-b9741505e80b uptime_ns=226683774100541
2026-09-15T07:53:11.412Z shared_mic_engine_prepared_discarded reason=configuration_changed process_id=75084 process_session=683a16b8-6570-4831-a341-b9741505e80b uptime_ns=226683777571875
2026-09-15T07:53:12.055Z shared_mic_engine_prepare_timing vpio=false buffer_size=4096 set_vpio_ms=0.004 output_format_ms=0.004 install_tap_ms=0.004 total_ms=97.374 process_id=75084 process_session=683a16b8-6570-4831-a341-b9741505e80b uptime_ns=226684420415708
2026-09-15T07:53:12.055Z shared_mic_engine_input_device_prepared source=system_default device=present transport=usb vpio=false set_device_ms=0.000 prepare_engine_ms=98.463 process_id=75084 process_session=683a16b8-6570-4831-a341-b9741505e80b uptime_ns=226684420968791
2026-09-15T07:53:17.083Z audio_default_input_changed notifications=1 default_input=present default_input_transport=built-in process_id=75084 process_session=683a16b8-6570-4831-a341-b9741505e80b uptime_ns=226689449026333
2026-09-15T07:53:17.600Z shared_mic_engine_stopped process_id=75084 process_session=683a16b8-6570-4831-a341-b9741505e80b uptime_ns=226689965848916
2026-09-15T07:53:17.708Z shared_mic_engine_prepare_timing vpio=false buffer_size=4096 set_vpio_ms=0.004 output_format_ms=0.003 install_tap_ms=0.003 total_ms=86.036 process_id=75084 process_session=683a16b8-6570-4831-a341-b9741505e80b uptime_ns=226690074074458
2026-09-15T07:53:17.709Z shared_mic_engine_input_device_prepared source=system_default device=present transport=built-in vpio=false set_device_ms=0.000 prepare_engine_ms=86.923 process_id=75084 process_session=683a16b8-6570-4831-a341-b9741505e80b uptime_ns=226690074642625
2026-09-15T07:53:18.502Z audio_default_input_changed notifications=1 default_input=present default_input_transport=usb process_id=75084 process_session=683a16b8-6570-4831-a341-b9741505e80b uptime_ns=226690867550291
2026-09-15T07:53:18.641Z shared_mic_engine_configuration_changed sr=48000.0 ch=1 isRunning=false engine_is_running=false default_input=present default_input_transport=usb process_id=75084 process_session=683a16b8-6570-4831-a341-b9741505e80b uptime_ns=226691006968458
2026-09-15T07:53:18.644Z shared_mic_engine_prepared_discarded reason=configuration_changed process_id=75084 process_session=683a16b8-6570-4831-a341-b9741505e80b uptime_ns=226691010445416
2026-09-15T07:53:19.282Z shared_mic_engine_prepare_timing vpio=false buffer_size=4096 set_vpio_ms=7.536 output_format_ms=0.009 install_tap_ms=0.006 total_ms=107.421 process_id=75084 process_session=683a16b8-6570-4831-a341-b9741505e80b uptime_ns=226691647687208
2026-09-15T07:53:19.282Z shared_mic_engine_input_device_prepared source=system_default device=present transport=usb vpio=false set_device_ms=0.000 prepare_engine_ms=108.381 process_id=75084 process_session=683a16b8-6570-4831-a341-b9741505e80b uptime_ns=226691648362625
2026-09-15T08:20:25.801Z audio_default_input_changed notifications=1 default_input=present default_input_transport=built-in process_id=75084 process_session=683a16b8-6570-4831-a341-b9741505e80b uptime_ns=227549054070666
2026-09-15T08:20:26.531Z shared_mic_engine_stopped process_id=75084 process_session=683a16b8-6570-4831-a341-b9741505e80b uptime_ns=227549783901083
2026-09-15T08:20:26.645Z shared_mic_engine_prepare_timing vpio=false buffer_size=4096 set_vpio_ms=0.010 output_format_ms=0.074 install_tap_ms=0.004 total_ms=102.273 process_id=75084 process_session=683a16b8-6570-4831-a341-b9741505e80b uptime_ns=227549897938458
2026-09-15T08:20:26.647Z shared_mic_engine_input_device_prepared source=system_default device=present transport=built-in vpio=false set_device_ms=0.000 prepare_engine_ms=103.076 process_id=75084 process_session=683a16b8-6570-4831-a341-b9741505e80b uptime_ns=227549899869500
2026-09-17T06:26:24.430Z dictation_diagnostics_session_start pid=30280 version=0.8.0 build=20260909173236 source=dist-xcodebuild-release commit=1cc48e726ad4 process_id=30280 process_session=032d7722-904a-490b-9a19-20b12091232a uptime_ns=44687679413458
2026-09-17T06:26:25.199Z shared_mic_engine_prepare_timing vpio=false buffer_size=4096 set_vpio_ms=0.020 output_format_ms=0.082 install_tap_ms=0.005 total_ms=185.242 process_id=30280 process_session=032d7722-904a-490b-9a19-20b12091232a uptime_ns=44688448178041
2026-09-17T06:26:25.200Z shared_mic_engine_input_device_prepared source=system_default device=present transport=built-in vpio=false set_device_ms=0.000 prepare_engine_ms=185.954 process_id=30280 process_session=032d7722-904a-490b-9a19-20b12091232a uptime_ns=44688448871750
2026-09-17T06:26:26.517Z whisper_model_prepare_start model=large-v3-v20240930_turbo_632MB folder=openai_whisper-large-v3-v20240930_turbo_632MB process_id=30280 process_session=032d7722-904a-490b-9a19-20b12091232a uptime_ns=44689766131750
2026-09-17T06:26:29.928Z whisper_model_prepare_complete model=large-v3-v20240930_turbo_632MB duration_s=3.411 process_id=30280 process_session=032d7722-904a-490b-9a19-20b12091232a uptime_ns=44693176755833
2026-09-17T06:40:05.497Z dictation_diagnostics_session_start pid=48089 version=0.8.3 build=20260916052956 source=dist-xcodebuild-release commit=1340d0b47665 process_id=48089 process_session=9e5b0af8-6720-4456-b0bc-f3e05480b6ab uptime_ns=45508744654333
2026-09-17T06:40:06.157Z shared_mic_engine_prepare_timing vpio=false buffer_size=4096 set_vpio_ms=0.020 output_format_ms=0.024 install_tap_ms=0.005 total_ms=115.292 process_id=48089 process_session=9e5b0af8-6720-4456-b0bc-f3e05480b6ab uptime_ns=45509403887458
2026-09-17T06:40:06.157Z shared_mic_engine_input_device_prepared source=system_default device=present transport=built-in vpio=false set_device_ms=0.000 prepare_engine_ms=115.987 process_id=48089 process_session=9e5b0af8-6720-4456-b0bc-f3e05480b6ab uptime_ns=45509404582375
2026-09-17T06:40:07.587Z whisper_model_prepare_start model=large-v3-v20240930_turbo_632MB folder=openai_whisper-large-v3-v20240930_turbo_632MB process_id=48089 process_session=9e5b0af8-6720-4456-b0bc-f3e05480b6ab uptime_ns=45510834643125
2026-09-17T06:40:09.293Z whisper_model_prepare_complete model=large-v3-v20240930_turbo_632MB duration_s=1.706 process_id=48089 process_session=9e5b0af8-6720-4456-b0bc-f3e05480b6ab uptime_ns=45512540598750
2026-09-17T06:49:40.272Z shared_mic_engine_configuration_changed sr=48000.0 ch=1 isRunning=false engine_is_running=false default_input=present default_input_transport=built-in process_id=48089 process_session=9e5b0af8-6720-4456-b0bc-f3e05480b6ab uptime_ns=46083518260666
2026-09-17T06:49:40.284Z shared_mic_engine_configuration_change_ignored reason=unchanged_prepared_setup process_id=48089 process_session=9e5b0af8-6720-4456-b0bc-f3e05480b6ab uptime_ns=46083529959166
2026-09-17T07:00:40.179Z dictation_diagnostics_session_start pid=49536 version=0.8.4 build=20260917043813 source=dist-xcodebuild-release commit=d232ab095df7 process_id=49536 process_session=2a828669-d985-49c5-9956-f471a0bfb045 uptime_ns=46743389579750
2026-09-17T07:00:40.669Z shared_mic_engine_prepare_timing vpio=false buffer_size=4096 set_vpio_ms=0.019 output_format_ms=0.007 install_tap_ms=0.006 total_ms=72.311 process_id=49536 process_session=2a828669-d985-49c5-9956-f471a0bfb045 uptime_ns=46743879771125
2026-09-17T07:00:40.680Z shared_mic_engine_input_device_prepared source=system_default device=present transport=built-in vpio=false set_device_ms=0.000 prepare_engine_ms=83.137 process_id=49536 process_session=2a828669-d985-49c5-9956-f471a0bfb045 uptime_ns=46743890618000
2026-09-17T07:00:42.117Z whisper_model_prepare_start model=large-v3-v20240930_turbo_632MB folder=openai_whisper-large-v3-v20240930_turbo_632MB process_id=49536 process_session=2a828669-d985-49c5-9956-f471a0bfb045 uptime_ns=46745327546958
2026-09-17T07:00:43.982Z whisper_model_prepare_complete model=large-v3-v20240930_turbo_632MB duration_s=1.866 process_id=49536 process_session=2a828669-d985-49c5-9956-f471a0bfb045 uptime_ns=46747193296250
2026-09-17T07:00:57.789Z meeting_live_chunking_mode session=75675A1A-6BDA-4085-AB39-663347EB197E mode=fixed reason=non_parakeet_engine process_id=49536 process_session=2a828669-d985-49c5-9956-f471a0bfb045 uptime_ns=46760999439791 workflow_id=7C258AB1-7531-42B4-B327-D1B0DD729AD0 consumer=meeting
2026-09-17T07:00:57.847Z meeting_mic_capture_starting requested_mode=raw default_input=present default_input_transport=built-in process_id=49536 process_session=2a828669-d985-49c5-9956-f471a0bfb045 uptime_ns=46761057548000 workflow_id=7C258AB1-7531-42B4-B327-D1B0DD729AD0 consumer=meeting
2026-09-17T07:00:57.895Z system_audio_stream_screen_output_attached mode=discard process_id=49536 process_session=2a828669-d985-49c5-9956-f471a0bfb045 uptime_ns=46761106074083 workflow_id=7C258AB1-7531-42B4-B327-D1B0DD729AD0 consumer=meeting
2026-09-17T07:00:58.089Z system_audio_stream_started sr=48000 ch=2 process_id=49536 process_session=2a828669-d985-49c5-9956-f471a0bfb045 uptime_ns=46761299920916 workflow_id=7C258AB1-7531-42B4-B327-D1B0DD729AD0 consumer=meeting
2026-09-17T07:00:58.107Z shared_mic_engine_signal tap_id=D0E867D6-8EE3-4B16-B66E-9CF6FE3C8277 reason=startup_ready callbacks=1 empty_buffers=0 invalid_buffers=0 silent_buffers=0 nonzero_buffers=1 uninspected_buffers=0 forwarded_buffers=1 last_frames=4800 last_channels=1 last_sample_rate=48000.0 process_id=49536 process_session=2a828669-d985-49c5-9956-f471a0bfb045 uptime_ns=46761318046416 workflow_id=7C258AB1-7531-42B4-B327-D1B0DD729AD0 consumer=meeting
2026-09-17T07:00:58.108Z shared_mic_engine_started_from_prepared audio_engine_start_ms=257.499 process_id=49536 process_session=2a828669-d985-49c5-9956-f471a0bfb045 uptime_ns=46761318676666 workflow_id=7C258AB1-7531-42B4-B327-D1B0DD729AD0 consumer=meeting
2026-09-17T07:00:58.108Z shared_mic_diagnostics transition=subscribe wants_vpio=false blocks_vpio_promotion=true subscribers=1 vpio_subs=0 passive_subs=0 engine_running=true vpio_engaged=false vpio_deferred=false vpio_deferral_count=0 process_id=49536 process_session=2a828669-d985-49c5-9956-f471a0bfb045 uptime_ns=46761319064125 workflow_id=7C258AB1-7531-42B4-B327-D1B0DD729AD0 consumer=meeting
2026-09-17T07:00:58.108Z meeting_mic_first_buffer sr=48000.0 ch=1 interleaved=false process_id=49536 process_session=2a828669-d985-49c5-9956-f471a0bfb045 uptime_ns=46761319061958 workflow_id=7C258AB1-7531-42B4-B327-D1B0DD729AD0 consumer=meeting
2026-09-17T07:00:58.109Z meeting_mic_processing mode=raw process_id=49536 process_session=2a828669-d985-49c5-9956-f471a0bfb045 uptime_ns=46761319437833 workflow_id=7C258AB1-7531-42B4-B327-D1B0DD729AD0 consumer=meeting
2026-09-17T07:00:58.109Z audio_engine_lifecycle attempt_count=1 attempt_id=3cfce80b-9c31-40d2-9967-e05fdf1abe28 buffer_size=4096 consumer=meeting elapsed_ms=260 operation=start outcome=success phase=ready phase_first_buffer_ms=107 phase_ms=0 phase_queue_wait_ms=0 phase_ready_ms=0 phase_route_resolution_ms=2 phase_start_engine_ms=150 phase_validate_route_ms=0 prepared=true route_source=system_default transport=built-in vpio=false was_slow=false workflow_id=7C258AB1-7531-42B4-B327-D1B0DD729AD0 process_id=49536 process_session=2a828669-d985-49c5-9956-f471a0bfb045 uptime_ns=46761319207000
2026-09-17T07:00:58.110Z meeting_mic_capture_started requested_mode=raw effective_mode=raw sr=48000.0 ch=1 default_input=present default_input_transport=built-in process_id=49536 process_session=2a828669-d985-49c5-9956-f471a0bfb045 uptime_ns=46761320518041 workflow_id=7C258AB1-7531-42B4-B327-D1B0DD729AD0 consumer=meeting
2026-09-17T07:00:58.116Z meeting_recording_started session=75675A1A-6BDA-4085-AB39-663347EB197E source_mode=Optional(MacParakeetCore.MeetingAudioSourceMode.microphoneAndSystem) requested_mic_mode=raw effective_mic_mode=raw process_id=49536 process_session=2a828669-d985-49c5-9956-f471a0bfb045 uptime_ns=46761326604166 workflow_id=7C258AB1-7531-42B4-B327-D1B0DD729AD0 consumer=meeting
2026-09-17T07:00:58.170Z system_audio_stream_first_buffer sr=48000 ch=2 process_id=49536 process_session=2a828669-d985-49c5-9956-f471a0bfb045 uptime_ns=46761380597000 workflow_id=7C258AB1-7531-42B4-B327-D1B0DD729AD0 consumer=meeting
2026-09-17T07:50:48.948Z system_audio_stream_stopped_with_error error_domain=com.apple.ScreenCaptureKit.SCStreamErrorDomain error_code=-3815 process_id=49536 process_session=2a828669-d985-49c5-9956-f471a0bfb045 uptime_ns=49752145745916 workflow_id=7C258AB1-7531-42B4-B327-D1B0DD729AD0 consumer=meeting
2026-09-17T07:50:49.271Z meeting_capture_source_recovery_started source=system error_type=MeetingAudioError.systemAudioStreamStopped bridged_error_code=7 process_id=49536 process_session=2a828669-d985-49c5-9956-f471a0bfb045 uptime_ns=49752469483291 workflow_id=7C258AB1-7531-42B4-B327-D1B0DD729AD0 consumer=meeting
2026-09-17T07:50:49.271Z system_audio_recovery_started recovery_id=1 error_type=MeetingAudioError.systemAudioStreamStopped bridged_error_code=7 process_id=49536 process_session=2a828669-d985-49c5-9956-f471a0bfb045 uptime_ns=49752469483708 workflow_id=7C258AB1-7531-42B4-B327-D1B0DD729AD0 consumer=meeting
2026-09-17T07:50:49.278Z system_audio_stream_stopped outcome=completed process_id=49536 process_session=2a828669-d985-49c5-9956-f471a0bfb045 uptime_ns=49752475741583 workflow_id=7C258AB1-7531-42B4-B327-D1B0DD729AD0 consumer=meeting
2026-09-17T07:50:49.279Z system_audio_recovery_attempt_started recovery_id=1 attempt=1 process_id=49536 process_session=2a828669-d985-49c5-9956-f471a0bfb045 uptime_ns=49752476990750 workflow_id=7C258AB1-7531-42B4-B327-D1B0DD729AD0 consumer=meeting
2026-09-17T07:50:49.356Z system_audio_stream_start_failed error_type=MeetingAudioError.systemAudioCaptureFailed bridged_error_code=2 process_id=49536 process_session=2a828669-d985-49c5-9956-f471a0bfb045 uptime_ns=49752553774625 workflow_id=7C258AB1-7531-42B4-B327-D1B0DD729AD0 consumer=meeting
2026-09-17T07:50:49.356Z system_audio_recovery_start_failed recovery_id=1 attempt=1 error_type=MeetingAudioError.systemAudioCaptureFailed bridged_error_code=2 process_id=49536 process_session=2a828669-d985-49c5-9956-f471a0bfb045 uptime_ns=49752554567333 workflow_id=7C258AB1-7531-42B4-B327-D1B0DD729AD0 consumer=meeting
2026-09-17T07:50:50.362Z system_audio_recovery_attempt_started recovery_id=1 attempt=2 process_id=49536 process_session=2a828669-d985-49c5-9956-f471a0bfb045 uptime_ns=49753560296916 workflow_id=7C258AB1-7531-42B4-B327-D1B0DD729AD0 consumer=meeting
2026-09-17T07:50:50.449Z system_audio_stream_start_failed error_type=MeetingAudioError.systemAudioCaptureFailed bridged_error_code=2 process_id=49536 process_session=2a828669-d985-49c5-9956-f471a0bfb045 uptime_ns=49753646691000 workflow_id=7C258AB1-7531-42B4-B327-D1B0DD729AD0 consumer=meeting
2026-09-17T07:50:50.449Z system_audio_recovery_start_failed recovery_id=1 attempt=2 error_type=MeetingAudioError.systemAudioCaptureFailed bridged_error_code=2 process_id=49536 process_session=2a828669-d985-49c5-9956-f471a0bfb045 uptime_ns=49753647585583 workflow_id=7C258AB1-7531-42B4-B327-D1B0DD729AD0 consumer=meeting
2026-09-17T07:50:52.473Z system_audio_recovery_attempt_started recovery_id=1 attempt=3 process_id=49536 process_session=2a828669-d985-49c5-9956-f471a0bfb045 uptime_ns=49755671426541 workflow_id=7C258AB1-7531-42B4-B327-D1B0DD729AD0 consumer=meeting
2026-09-17T07:50:52.564Z system_audio_stream_start_failed error_type=MeetingAudioError.systemAudioCaptureFailed bridged_error_code=2 process_id=49536 process_session=2a828669-d985-49c5-9956-f471a0bfb045 uptime_ns=49755762290541 workflow_id=7C258AB1-7531-42B4-B327-D1B0DD729AD0 consumer=meeting
2026-09-17T07:50:52.566Z system_audio_recovery_start_failed recovery_id=1 attempt=3 error_type=MeetingAudioError.systemAudioCaptureFailed bridged_error_code=2 process_id=49536 process_session=2a828669-d985-49c5-9956-f471a0bfb045 uptime_ns=49755763716541 workflow_id=7C258AB1-7531-42B4-B327-D1B0DD729AD0 consumer=meeting
2026-09-17T07:50:56.583Z system_audio_recovery_attempt_started recovery_id=1 attempt=4 process_id=49536 process_session=2a828669-d985-49c5-9956-f471a0bfb045 uptime_ns=49759781354791 workflow_id=7C258AB1-7531-42B4-B327-D1B0DD729AD0 consumer=meeting
2026-09-17T07:50:56.672Z system_audio_stream_start_failed error_type=MeetingAudioError.systemAudioCaptureFailed bridged_error_code=2 process_id=49536 process_session=2a828669-d985-49c5-9956-f471a0bfb045 uptime_ns=49759869809625 workflow_id=7C258AB1-7531-42B4-B327-D1B0DD729AD0 consumer=meeting
2026-09-17T07:50:56.673Z system_audio_recovery_start_failed recovery_id=1 attempt=4 error_type=MeetingAudioError.systemAudioCaptureFailed bridged_error_code=2 process_id=49536 process_session=2a828669-d985-49c5-9956-f471a0bfb045 uptime_ns=49759870610583 workflow_id=7C258AB1-7531-42B4-B327-D1B0DD729AD0 consumer=meeting
2026-09-17T07:51:04.692Z system_audio_recovery_attempt_started recovery_id=1 attempt=5 process_id=49536 process_session=2a828669-d985-49c5-9956-f471a0bfb045 uptime_ns=49767889655750 workflow_id=7C258AB1-7531-42B4-B327-D1B0DD729AD0 consumer=meeting
2026-09-17T07:51:04.780Z system_audio_stream_start_failed error_type=MeetingAudioError.systemAudioCaptureFailed bridged_error_code=2 process_id=49536 process_session=2a828669-d985-49c5-9956-f471a0bfb045 uptime_ns=49767978332916 workflow_id=7C258AB1-7531-42B4-B327-D1B0DD729AD0 consumer=meeting
2026-09-17T07:51:04.781Z system_audio_recovery_start_failed recovery_id=1 attempt=5 error_type=MeetingAudioError.systemAudioCaptureFailed bridged_error_code=2 process_id=49536 process_session=2a828669-d985-49c5-9956-f471a0bfb045 uptime_ns=49767979171500 workflow_id=7C258AB1-7531-42B4-B327-D1B0DD729AD0 consumer=meeting
2026-09-17T07:51:12.791Z system_audio_recovery_attempt_started recovery_id=1 attempt=6 process_id=49536 process_session=2a828669-d985-49c5-9956-f471a0bfb045 uptime_ns=49775989093958 workflow_id=7C258AB1-7531-42B4-B327-D1B0DD729AD0 consumer=meeting
2026-09-17T07:51:12.881Z system_audio_stream_start_failed error_type=MeetingAudioError.systemAudioCaptureFailed bridged_error_code=2 process_id=49536 process_session=2a828669-d985-49c5-9956-f471a0bfb045 uptime_ns=49776079326916 workflow_id=7C258AB1-7531-42B4-B327-D1B0DD729AD0 consumer=meeting
2026-09-17T07:51:12.882Z system_audio_recovery_start_failed recovery_id=1 attempt=6 error_type=MeetingAudioError.systemAudioCaptureFailed bridged_error_code=2 process_id=49536 process_session=2a828669-d985-49c5-9956-f471a0bfb045 uptime_ns=49776080147416 workflow_id=7C258AB1-7531-42B4-B327-D1B0DD729AD0 consumer=meeting
2026-09-17T07:51:12.883Z system_audio_recovery_exhausted recovery_id=1 attempts=6 error_type=MeetingAudioError.systemAudioStreamStopped bridged_error_code=7 process_id=49536 process_session=2a828669-d985-49c5-9956-f471a0bfb045 uptime_ns=49776080661791 workflow_id=7C258AB1-7531-42B4-B327-D1B0DD729AD0 consumer=meeting
2026-09-17T07:51:12.883Z meeting_capture_source_interrupted source=system error_type=MeetingAudioError.systemAudioStreamStopped bridged_error_code=7 process_id=49536 process_session=2a828669-d985-49c5-9956-f471a0bfb045 uptime_ns=49776081152875 workflow_id=7C258AB1-7531-42B4-B327-D1B0DD729AD0 consumer=meeting
2026-09-17T07:52:28.332Z meeting_stop_stage session=75675A1A-6BDA-4085-AB39-663347EB197E stage=notes_commit duration_ms=4 outcome=success process_id=49536 process_session=2a828669-d985-49c5-9956-f471a0bfb045 uptime_ns=49851529617041 workflow_id=7C258AB1-7531-42B4-B327-D1B0DD729AD0 consumer=meeting
2026-09-17T07:52:28.333Z meeting_recording_stopping session=75675A1A-6BDA-4085-AB39-663347EB197E process_id=49536 process_session=2a828669-d985-49c5-9956-f471a0bfb045 uptime_ns=49851531180750 workflow_id=7C258AB1-7531-42B4-B327-D1B0DD729AD0 consumer=meeting
2026-09-17T07:52:28.334Z meeting_stop_stage session=75675A1A-6BDA-4085-AB39-663347EB197E stage=capture_stop duration_ms=0 outcome=success process_id=49536 process_session=2a828669-d985-49c5-9956-f471a0bfb045 uptime_ns=49851531841041 workflow_id=7C258AB1-7531-42B4-B327-D1B0DD729AD0 consumer=meeting
2026-09-17T07:52:28.335Z shared_mic_engine_signal tap_id=D0E867D6-8EE3-4B16-B66E-9CF6FE3C8277 reason=teardown callbacks=30903 empty_buffers=0 invalid_buffers=0 silent_buffers=3 nonzero_buffers=30900 uninspected_buffers=0 forwarded_buffers=30903 last_frames=4800 last_channels=1 last_sample_rate=48000.0 process_id=49536 process_session=2a828669-d985-49c5-9956-f471a0bfb045 uptime_ns=49851532965958 workflow_id=7C258AB1-7531-42B4-B327-D1B0DD729AD0 consumer=meeting
2026-09-17T07:52:28.346Z meeting_stop_stage session=75675A1A-6BDA-4085-AB39-663347EB197E stage=processing_drain duration_ms=11 outcome=success process_id=49536 process_session=2a828669-d985-49c5-9956-f471a0bfb045 uptime_ns=49851543630541 workflow_id=7C258AB1-7531-42B4-B327-D1B0DD729AD0 consumer=meeting
2026-09-17T07:52:28.359Z shared_mic_engine_stopped process_id=49536 process_session=2a828669-d985-49c5-9956-f471a0bfb045 uptime_ns=49851556484500 workflow_id=7C258AB1-7531-42B4-B327-D1B0DD729AD0 consumer=meeting
2026-09-17T07:52:28.359Z shared_mic_diagnostics transition=unsubscribe wants_vpio=n/a blocks_vpio_promotion=n/a subscribers=0 vpio_subs=0 passive_subs=0 engine_running=false vpio_engaged=false vpio_deferred=false vpio_deferral_count=0 process_id=49536 process_session=2a828669-d985-49c5-9956-f471a0bfb045 uptime_ns=49851557162000 workflow_id=7C258AB1-7531-42B4-B327-D1B0DD729AD0 consumer=meeting
2026-09-17T07:52:28.360Z meeting_mic_capture_stopped default_input=present default_input_transport=built-in process_id=49536 process_session=2a828669-d985-49c5-9956-f471a0bfb045 uptime_ns=49851557961375 workflow_id=7C258AB1-7531-42B4-B327-D1B0DD729AD0 consumer=meeting
2026-09-17T07:52:28.390Z meeting_stop_stage session=75675A1A-6BDA-4085-AB39-663347EB197E stage=writer_finalize duration_ms=43 outcome=success process_id=49536 process_session=2a828669-d985-49c5-9956-f471a0bfb045 uptime_ns=49851587385625 workflow_id=7C258AB1-7531-42B4-B327-D1B0DD729AD0 consumer=meeting
2026-09-17T07:52:28.410Z shared_mic_engine_prepare_timing vpio=false buffer_size=4096 set_vpio_ms=0.009 output_format_ms=0.030 install_tap_ms=0.008 total_ms=45.743 process_id=49536 process_session=2a828669-d985-49c5-9956-f471a0bfb045 uptime_ns=49851607347083 workflow_id=7C258AB1-7531-42B4-B327-D1B0DD729AD0 consumer=meeting
2026-09-17T07:52:28.411Z shared_mic_engine_input_device_prepared source=system_default device=present transport=built-in vpio=false set_device_ms=0.000 prepare_engine_ms=46.875 process_id=49536 process_session=2a828669-d985-49c5-9956-f471a0bfb045 uptime_ns=49851608476583 workflow_id=7C258AB1-7531-42B4-B327-D1B0DD729AD0 consumer=meeting
2026-09-17T07:52:28.433Z meeting_stop_stage session=75675A1A-6BDA-4085-AB39-663347EB197E stage=source_urls duration_ms=43 outcome=success process_id=49536 process_session=2a828669-d985-49c5-9956-f471a0bfb045 uptime_ns=49851630658333 workflow_id=7C258AB1-7531-42B4-B327-D1B0DD729AD0 consumer=meeting
2026-09-17T07:52:28.436Z meeting_stop_stage session=75675A1A-6BDA-4085-AB39-663347EB197E stage=metadata_save duration_ms=2 outcome=success process_id=49536 process_session=2a828669-d985-49c5-9956-f471a0bfb045 uptime_ns=49851633966666 workflow_id=7C258AB1-7531-42B4-B327-D1B0DD729AD0 consumer=meeting
2026-09-17T07:52:50.895Z meeting_stop_stage session=75675A1A-6BDA-4085-AB39-663347EB197E stage=mix duration_ms=22458 outcome=success process_id=49536 process_session=2a828669-d985-49c5-9956-f471a0bfb045 uptime_ns=49874092498291 workflow_id=7C258AB1-7531-42B4-B327-D1B0DD729AD0 consumer=meeting
2026-09-17T07:52:50.896Z meeting_stop_stage session=75675A1A-6BDA-4085-AB39-663347EB197E stage=notes_write duration_ms=0 outcome=success process_id=49536 process_session=2a828669-d985-49c5-9956-f471a0bfb045 uptime_ns=49874093880041 workflow_id=7C258AB1-7531-42B4-B327-D1B0DD729AD0 consumer=meeting
2026-09-17T07:52:50.897Z meeting_stop_stage session=75675A1A-6BDA-4085-AB39-663347EB197E stage=lock_write duration_ms=1 outcome=success process_id=49536 process_session=2a828669-d985-49c5-9956-f471a0bfb045 uptime_ns=49874095013708 workflow_id=7C258AB1-7531-42B4-B327-D1B0DD729AD0 consumer=meeting
2026-09-17T07:52:50.898Z meeting_cleaned_mic session=75675A1A-6BDA-4085-AB39-663347EB197E outcome=scheduled process_id=49536 process_session=2a828669-d985-49c5-9956-f471a0bfb045 uptime_ns=49874095916250 workflow_id=7C258AB1-7531-42B4-B327-D1B0DD729AD0 consumer=meeting
2026-09-17T07:52:50.899Z meeting_stop_stage session=75675A1A-6BDA-4085-AB39-663347EB197E stage=cleaned_mic_schedule duration_ms=1 outcome=success process_id=49536 process_session=2a828669-d985-49c5-9956-f471a0bfb045 uptime_ns=49874096256916 workflow_id=7C258AB1-7531-42B4-B327-D1B0DD729AD0 consumer=meeting
2026-09-17T07:52:50.899Z meeting_stop_stage session=75675A1A-6BDA-4085-AB39-663347EB197E stage=cleanup duration_ms=0 outcome=success process_id=49536 process_session=2a828669-d985-49c5-9956-f471a0bfb045 uptime_ns=49874096623833 workflow_id=7C258AB1-7531-42B4-B327-D1B0DD729AD0 consumer=meeting
2026-09-17T07:52:50.899Z meeting_recording_stopped session=75675A1A-6BDA-4085-AB39-663347EB197E duration_s=3090.277 process_id=49536 process_session=2a828669-d985-49c5-9956-f471a0bfb045 uptime_ns=49874096911166 workflow_id=7C258AB1-7531-42B4-B327-D1B0DD729AD0 consumer=meeting
2026-09-17T07:52:50.900Z meeting_recording_health session=75675A1A-6BDA-4085-AB39-663347EB197E duration_s=3090.218 captured_duration_s=3090.300 capture_quality=partial source_mode=microphone_and_system capture_start_completed=true mic_started=true requested_mic_mode=raw effective_mic_mode=raw mic_first_buffer=true system_first_buffer=true mic_bytes=25985842 system_bytes=19615261 mixed_bytes=50356713 mic_frames=148334400 system_frames=143528640 mic_coverage=1.000 system_coverage=0.968 mic_capture_status=complete system_capture_status=interrupted mic_chunks_enqueued=541 system_chunks_enqueued=559 mic_chunks_low_signal_dropped=0 system_chunks_low_signal_dropped=213 mic_chunks_system_dominant_dropped=231 mic_peak_level=1.000 system_peak_level=0.939 system_signal=present backpressure_drops=0 transcription_failures=0 interrupted_sources=system capture_failed=false process_id=49536 process_session=2a828669-d985-49c5-9956-f471a0bfb045 uptime_ns=49874097665208 workflow_id=7C258AB1-7531-42B4-B327-D1B0DD729AD0 consumer=meeting
2026-09-17T07:52:50.901Z meeting_echo_suppression_summary session=75675A1A-6BDA-4085-AB39-663347EB197E processor=localvqe loaded=true mic_frames=193143 processed_frames=193143 raw_fallback_frames=0 full_reference_frames=186891 partial_reference_frames=1 missing_reference_frames=6251 processing_failures=0 current_delay_samples=1267 delay_confidence=0.624 delay_estimate_count=1615 rejected_delay_estimates=4565 process_id=49536 process_session=2a828669-d985-49c5-9956-f471a0bfb045 uptime_ns=49874098119500 workflow_id=7C258AB1-7531-42B4-B327-D1B0DD729AD0 consumer=meeting
2026-09-17T07:52:50.902Z meeting_stop_stage session=75675A1A-6BDA-4085-AB39-663347EB197E stage=service_total duration_ms=22568 outcome=success process_id=49536 process_session=2a828669-d985-49c5-9956-f471a0bfb045 uptime_ns=49874099496750 workflow_id=7C258AB1-7531-42B4-B327-D1B0DD729AD0 consumer=meeting
2026-09-17T07:52:50.902Z meeting_stop_stage session=75675A1A-6BDA-4085-AB39-663347EB197E stage=service_stop duration_ms=22569 outcome=success process_id=49536 process_session=2a828669-d985-49c5-9956-f471a0bfb045 uptime_ns=49874099853375 workflow_id=7C258AB1-7531-42B4-B327-D1B0DD729AD0 consumer=meeting
2026-09-17T07:52:50.920Z meeting_stop_stage session=75675A1A-6BDA-4085-AB39-663347EB197E stage=prepare_row duration_ms=17 outcome=success process_id=49536 process_session=2a828669-d985-49c5-9956-f471a0bfb045 uptime_ns=49874117956333 workflow_id=7C258AB1-7531-42B4-B327-D1B0DD729AD0 consumer=meeting
2026-09-17T07:52:50.922Z meeting_stop_stage session=75675A1A-6BDA-4085-AB39-663347EB197E stage=queue_enqueue duration_ms=1 outcome=success process_id=49536 process_session=2a828669-d985-49c5-9956-f471a0bfb045 uptime_ns=49874119596833 workflow_id=7C258AB1-7531-42B4-B327-D1B0DD729AD0 consumer=meeting
2026-09-17T07:52:50.924Z meeting_stop_stage session=75675A1A-6BDA-4085-AB39-663347EB197E stage=queued_total duration_ms=22597 outcome=success process_id=49536 process_session=2a828669-d985-49c5-9956-f471a0bfb045 uptime_ns=49874121701458
2026-09-17T07:52:50.926Z meeting_transcription_queue_stage session=75675A1A-6BDA-4085-AB39-663347EB197E transcription=440B5226-C9B5-4402-A521-E032112DFFB7 stage=prepare_row outcome=started process_id=49536 process_session=2a828669-d985-49c5-9956-f471a0bfb045 uptime_ns=49874123368083
2026-09-17T07:52:50.926Z meeting_transcription_queue_stage session=75675A1A-6BDA-4085-AB39-663347EB197E transcription=440B5226-C9B5-4402-A521-E032112DFFB7 stage=prepare_row outcome=success duration_s=0.001 process_id=49536 process_session=2a828669-d985-49c5-9956-f471a0bfb045 uptime_ns=49874123899541
2026-09-17T07:52:50.926Z meeting_transcription_queue_stage session=75675A1A-6BDA-4085-AB39-663347EB197E transcription=440B5226-C9B5-4402-A521-E032112DFFB7 stage=finalize_transcript outcome=started process_id=49536 process_session=2a828669-d985-49c5-9956-f471a0bfb045 uptime_ns=49874123905291
2026-09-17T07:55:59.900Z meeting_cleaned_mic session=75675A1A-6BDA-4085-AB39-663347EB197E outcome=rendered duration_s=3090.300 render_duration_ms=189001 realtime_factor=16.35 processed_frames=193143 raw_fallback_frames=1 failures=0 rms_ratio=0.42 probe_windows=2 probe_best_correlation=0.348 process_id=49536 process_session=2a828669-d985-49c5-9956-f471a0bfb045 uptime_ns=50063097195166
2026-09-17T07:55:59.920Z meeting_echo_suppression_resolution session=75675A1A-6BDA-4085-AB39-663347EB197E reason_code=cleanedUsed model_version=localvqe-v1.4-aec-200K-f32.gguf render_duration_ms=189001 realtime_factor=16.35 delay_estimate_ms=4 probe_windows=2 probe_best_correlation=0.348 process_id=49536 process_session=2a828669-d985-49c5-9956-f471a0bfb045 uptime_ns=50063116456333
2026-09-17T07:55:59.921Z meeting_cleaned_mic_source session=75675A1A-6BDA-4085-AB39-663347EB197E selected=cleaned reason=cleanedUsed timeout_s=600.000 process_id=49536 process_session=2a828669-d985-49c5-9956-f471a0bfb045 uptime_ns=50063117473500
2026-09-17T07:59:31.226Z meeting_system_diarization_completed session=75675A1A-6BDA-4085-AB39-663347EB197E prior=bounds_1_9 speakers=6 segments=692 duration_s=16.22 process_id=49536 process_session=2a828669-d985-49c5-9956-f471a0bfb045 uptime_ns=50274421412625
2026-09-17T07:59:31.378Z meeting_transcription_queue_stage session=75675A1A-6BDA-4085-AB39-663347EB197E transcription=440B5226-C9B5-4402-A521-E032112DFFB7 stage=finalize_transcript outcome=success duration_s=400.452 process_id=49536 process_session=2a828669-d985-49c5-9956-f471a0bfb045 uptime_ns=50274574306666
2026-09-17T07:59:31.378Z meeting_transcription_queue_stage session=75675A1A-6BDA-4085-AB39-663347EB197E transcription=440B5226-C9B5-4402-A521-E032112DFFB7 stage=settle_artifacts outcome=started process_id=49536 process_session=2a828669-d985-49c5-9956-f471a0bfb045 uptime_ns=50274574314083
2026-09-17T07:59:31.389Z meeting_transcription_queue_stage session=75675A1A-6BDA-4085-AB39-663347EB197E transcription=440B5226-C9B5-4402-A521-E032112DFFB7 stage=settle_artifacts outcome=success duration_s=0.011 process_id=49536 process_session=2a828669-d985-49c5-9956-f471a0bfb045 uptime_ns=50274585003208
2026-09-17T08:31:26.994Z dictation_diagnostics_session_start pid=55106 version=0.8.4 build=20260917043813 source=dist-xcodebuild-release commit=d232ab095df7 process_id=55106 process_session=65cac801-b209-4100-9f59-c192a2a8cb9a uptime_ns=52190166806458
2026-09-17T08:31:28.730Z shared_mic_engine_prepare_timing vpio=false buffer_size=4096 set_vpio_ms=0.038 output_format_ms=0.010 install_tap_ms=0.006 total_ms=96.662 process_id=55106 process_session=65cac801-b209-4100-9f59-c192a2a8cb9a uptime_ns=52191902757958
2026-09-17T08:31:28.731Z shared_mic_engine_input_device_prepared source=system_default device=present transport=built-in vpio=false set_device_ms=0.000 prepare_engine_ms=97.530 process_id=55106 process_session=65cac801-b209-4100-9f59-c192a2a8cb9a uptime_ns=52191903431791
2026-09-17T08:31:30.071Z meeting_live_chunking_mode session=BA07B481-E2E3-4814-B392-D0425E678504 mode=fixed reason=non_parakeet_engine process_id=55106 process_session=65cac801-b209-4100-9f59-c192a2a8cb9a uptime_ns=52193244137458 workflow_id=5F15C05C-6BBD-4241-9EEB-B583F1C5D6BB consumer=meeting
2026-09-17T08:31:30.095Z meeting_mic_capture_starting requested_mode=raw default_input=present default_input_transport=built-in process_id=55106 process_session=65cac801-b209-4100-9f59-c192a2a8cb9a uptime_ns=52193267673125 workflow_id=5F15C05C-6BBD-4241-9EEB-B583F1C5D6BB consumer=meeting
2026-09-17T08:31:30.135Z system_audio_stream_screen_output_attached mode=discard process_id=55106 process_session=65cac801-b209-4100-9f59-c192a2a8cb9a uptime_ns=52193308268583 workflow_id=5F15C05C-6BBD-4241-9EEB-B583F1C5D6BB consumer=meeting
2026-09-17T08:31:30.141Z whisper_model_prepare_start model=large-v3-v20240930_turbo_632MB folder=openai_whisper-large-v3-v20240930_turbo_632MB process_id=55106 process_session=65cac801-b209-4100-9f59-c192a2a8cb9a uptime_ns=52193314042208 workflow_id=5F15C05C-6BBD-4241-9EEB-B583F1C5D6BB consumer=meeting
2026-09-17T08:31:30.218Z shared_mic_engine_signal tap_id=40481FE2-C07C-49F4-B853-5F92BFE6634B reason=startup_ready callbacks=1 empty_buffers=0 invalid_buffers=0 silent_buffers=0 nonzero_buffers=1 uninspected_buffers=0 forwarded_buffers=1 last_frames=4800 last_channels=1 last_sample_rate=48000.0 process_id=55106 process_session=65cac801-b209-4100-9f59-c192a2a8cb9a uptime_ns=52193390357750 workflow_id=5F15C05C-6BBD-4241-9EEB-B583F1C5D6BB consumer=meeting
2026-09-17T08:31:30.219Z shared_mic_engine_started_from_prepared audio_engine_start_ms=119.515 process_id=55106 process_session=65cac801-b209-4100-9f59-c192a2a8cb9a uptime_ns=52193391305625 workflow_id=5F15C05C-6BBD-4241-9EEB-B583F1C5D6BB consumer=meeting
2026-09-17T08:31:30.219Z shared_mic_diagnostics transition=subscribe wants_vpio=false blocks_vpio_promotion=true subscribers=1 vpio_subs=0 passive_subs=0 engine_running=true vpio_engaged=false vpio_deferred=false vpio_deferral_count=0 process_id=55106 process_session=65cac801-b209-4100-9f59-c192a2a8cb9a uptime_ns=52193391803916 workflow_id=5F15C05C-6BBD-4241-9EEB-B583F1C5D6BB consumer=meeting
2026-09-17T08:31:30.219Z meeting_mic_first_buffer sr=48000.0 ch=1 interleaved=false process_id=55106 process_session=65cac801-b209-4100-9f59-c192a2a8cb9a uptime_ns=52193391797625 workflow_id=5F15C05C-6BBD-4241-9EEB-B583F1C5D6BB consumer=meeting
2026-09-17T08:31:30.220Z meeting_mic_processing mode=raw process_id=55106 process_session=65cac801-b209-4100-9f59-c192a2a8cb9a uptime_ns=52193392536125 workflow_id=5F15C05C-6BBD-4241-9EEB-B583F1C5D6BB consumer=meeting
2026-09-17T08:31:30.219Z audio_engine_lifecycle attempt_count=1 attempt_id=359fec5f-36a5-4a89-8d68-7f939e8216a9 buffer_size=4096 consumer=meeting elapsed_ms=123 operation=start outcome=success phase=ready phase_first_buffer_ms=103 phase_ms=0 phase_queue_wait_ms=0 phase_ready_ms=0 phase_route_resolution_ms=3 phase_start_engine_ms=15 phase_validate_route_ms=0 prepared=true route_source=system_default transport=built-in vpio=false was_slow=false workflow_id=5F15C05C-6BBD-4241-9EEB-B583F1C5D6BB process_id=55106 process_session=65cac801-b209-4100-9f59-c192a2a8cb9a uptime_ns=52193392064041
2026-09-17T08:31:30.224Z meeting_mic_capture_started requested_mode=raw effective_mode=raw sr=48000.0 ch=1 default_input=present default_input_transport=built-in process_id=55106 process_session=65cac801-b209-4100-9f59-c192a2a8cb9a uptime_ns=52193396772333 workflow_id=5F15C05C-6BBD-4241-9EEB-B583F1C5D6BB consumer=meeting
2026-09-17T08:31:30.227Z meeting_recording_started session=BA07B481-E2E3-4814-B392-D0425E678504 source_mode=Optional(MacParakeetCore.MeetingAudioSourceMode.microphoneAndSystem) requested_mic_mode=raw effective_mic_mode=raw process_id=55106 process_session=65cac801-b209-4100-9f59-c192a2a8cb9a uptime_ns=52193399487916 workflow_id=5F15C05C-6BBD-4241-9EEB-B583F1C5D6BB consumer=meeting
2026-09-17T08:31:30.255Z system_audio_stream_started sr=48000 ch=2 process_id=55106 process_session=65cac801-b209-4100-9f59-c192a2a8cb9a uptime_ns=52193427645791 workflow_id=5F15C05C-6BBD-4241-9EEB-B583F1C5D6BB consumer=meeting
2026-09-17T08:31:30.280Z system_audio_stream_first_buffer sr=48000 ch=2 process_id=55106 process_session=65cac801-b209-4100-9f59-c192a2a8cb9a uptime_ns=52193452948833 workflow_id=5F15C05C-6BBD-4241-9EEB-B583F1C5D6BB consumer=meeting
2026-09-17T08:31:33.143Z whisper_model_prepare_complete model=large-v3-v20240930_turbo_632MB duration_s=3.002 process_id=55106 process_session=65cac801-b209-4100-9f59-c192a2a8cb9a uptime_ns=52196315749125 workflow_id=5F15C05C-6BBD-4241-9EEB-B583F1C5D6BB consumer=meeting
2026-09-17T09:00:15.259Z meeting_stop_stage session=BA07B481-E2E3-4814-B392-D0425E678504 stage=notes_commit duration_ms=3 outcome=success process_id=55106 process_session=65cac801-b209-4100-9f59-c192a2a8cb9a uptime_ns=53918424313166 workflow_id=5F15C05C-6BBD-4241-9EEB-B583F1C5D6BB consumer=meeting
2026-09-17T09:00:15.261Z meeting_recording_stopping session=BA07B481-E2E3-4814-B392-D0425E678504 process_id=55106 process_session=65cac801-b209-4100-9f59-c192a2a8cb9a uptime_ns=53918426137458 workflow_id=5F15C05C-6BBD-4241-9EEB-B583F1C5D6BB consumer=meeting
2026-09-17T09:00:15.263Z shared_mic_engine_signal tap_id=40481FE2-C07C-49F4-B853-5F92BFE6634B reason=teardown callbacks=17251 empty_buffers=0 invalid_buffers=0 silent_buffers=0 nonzero_buffers=17251 uninspected_buffers=0 forwarded_buffers=17251 last_frames=4800 last_channels=1 last_sample_rate=48000.0 process_id=55106 process_session=65cac801-b209-4100-9f59-c192a2a8cb9a uptime_ns=53918428175833 workflow_id=5F15C05C-6BBD-4241-9EEB-B583F1C5D6BB consumer=meeting
2026-09-17T09:00:15.289Z shared_mic_engine_stopped process_id=55106 process_session=65cac801-b209-4100-9f59-c192a2a8cb9a uptime_ns=53918454081083 workflow_id=5F15C05C-6BBD-4241-9EEB-B583F1C5D6BB consumer=meeting
2026-09-17T09:00:15.290Z shared_mic_diagnostics transition=unsubscribe wants_vpio=n/a blocks_vpio_promotion=n/a subscribers=0 vpio_subs=0 passive_subs=0 engine_running=false vpio_engaged=false vpio_deferred=false vpio_deferral_count=0 process_id=55106 process_session=65cac801-b209-4100-9f59-c192a2a8cb9a uptime_ns=53918454780000 workflow_id=5F15C05C-6BBD-4241-9EEB-B583F1C5D6BB consumer=meeting
2026-09-17T09:00:15.297Z meeting_mic_capture_stopped default_input=present default_input_transport=built-in process_id=55106 process_session=65cac801-b209-4100-9f59-c192a2a8cb9a uptime_ns=53918462530166 workflow_id=5F15C05C-6BBD-4241-9EEB-B583F1C5D6BB consumer=meeting
2026-09-17T09:00:15.298Z system_audio_stream_stopped outcome=completed process_id=55106 process_session=65cac801-b209-4100-9f59-c192a2a8cb9a uptime_ns=53918463704333 workflow_id=5F15C05C-6BBD-4241-9EEB-B583F1C5D6BB consumer=meeting
2026-09-17T09:00:15.299Z meeting_stop_stage session=BA07B481-E2E3-4814-B392-D0425E678504 stage=capture_stop duration_ms=38 outcome=success process_id=55106 process_session=65cac801-b209-4100-9f59-c192a2a8cb9a uptime_ns=53918464694666 workflow_id=5F15C05C-6BBD-4241-9EEB-B583F1C5D6BB consumer=meeting
2026-09-17T09:00:15.311Z meeting_stop_stage session=BA07B481-E2E3-4814-B392-D0425E678504 stage=processing_drain duration_ms=11 outcome=success process_id=55106 process_session=65cac801-b209-4100-9f59-c192a2a8cb9a uptime_ns=53918476442000 workflow_id=5F15C05C-6BBD-4241-9EEB-B583F1C5D6BB consumer=meeting
2026-09-17T09:00:15.338Z meeting_stop_stage session=BA07B481-E2E3-4814-B392-D0425E678504 stage=writer_finalize duration_ms=26 outcome=success process_id=55106 process_session=65cac801-b209-4100-9f59-c192a2a8cb9a uptime_ns=53918503548291 workflow_id=5F15C05C-6BBD-4241-9EEB-B583F1C5D6BB consumer=meeting
2026-09-17T09:00:15.347Z shared_mic_engine_prepare_timing vpio=false buffer_size=4096 set_vpio_ms=0.008 output_format_ms=0.038 install_tap_ms=0.010 total_ms=46.196 process_id=55106 process_session=65cac801-b209-4100-9f59-c192a2a8cb9a uptime_ns=53918512269916 workflow_id=5F15C05C-6BBD-4241-9EEB-B583F1C5D6BB consumer=meeting
2026-09-17T09:00:15.348Z shared_mic_engine_input_device_prepared source=system_default device=present transport=built-in vpio=false set_device_ms=0.000 prepare_engine_ms=47.310 process_id=55106 process_session=65cac801-b209-4100-9f59-c192a2a8cb9a uptime_ns=53918513532625 workflow_id=5F15C05C-6BBD-4241-9EEB-B583F1C5D6BB consumer=meeting
2026-09-17T09:00:15.370Z meeting_stop_stage session=BA07B481-E2E3-4814-B392-D0425E678504 stage=source_urls duration_ms=31 outcome=success process_id=55106 process_session=65cac801-b209-4100-9f59-c192a2a8cb9a uptime_ns=53918535593250 workflow_id=5F15C05C-6BBD-4241-9EEB-B583F1C5D6BB consumer=meeting
2026-09-17T09:00:15.373Z meeting_stop_stage session=BA07B481-E2E3-4814-B392-D0425E678504 stage=metadata_save duration_ms=1 outcome=success process_id=55106 process_session=65cac801-b209-4100-9f59-c192a2a8cb9a uptime_ns=53918538578500 workflow_id=5F15C05C-6BBD-4241-9EEB-B583F1C5D6BB consumer=meeting
2026-09-17T09:00:30.575Z meeting_stop_stage session=BA07B481-E2E3-4814-B392-D0425E678504 stage=mix duration_ms=15201 outcome=success process_id=55106 process_session=65cac801-b209-4100-9f59-c192a2a8cb9a uptime_ns=53933740331708 workflow_id=5F15C05C-6BBD-4241-9EEB-B583F1C5D6BB consumer=meeting
2026-09-17T09:00:30.576Z meeting_stop_stage session=BA07B481-E2E3-4814-B392-D0425E678504 stage=notes_write duration_ms=0 outcome=success process_id=55106 process_session=65cac801-b209-4100-9f59-c192a2a8cb9a uptime_ns=53933741240625 workflow_id=5F15C05C-6BBD-4241-9EEB-B583F1C5D6BB consumer=meeting
2026-09-17T09:00:30.577Z meeting_stop_stage session=BA07B481-E2E3-4814-B392-D0425E678504 stage=lock_write duration_ms=1 outcome=success process_id=55106 process_session=65cac801-b209-4100-9f59-c192a2a8cb9a uptime_ns=53933742322166 workflow_id=5F15C05C-6BBD-4241-9EEB-B583F1C5D6BB consumer=meeting
2026-09-17T09:00:30.578Z meeting_cleaned_mic session=BA07B481-E2E3-4814-B392-D0425E678504 outcome=scheduled process_id=55106 process_session=65cac801-b209-4100-9f59-c192a2a8cb9a uptime_ns=53933743009375 workflow_id=5F15C05C-6BBD-4241-9EEB-B583F1C5D6BB consumer=meeting
2026-09-17T09:00:30.578Z meeting_stop_stage session=BA07B481-E2E3-4814-B392-D0425E678504 stage=cleaned_mic_schedule duration_ms=1 outcome=success process_id=55106 process_session=65cac801-b209-4100-9f59-c192a2a8cb9a uptime_ns=53933743421583 workflow_id=5F15C05C-6BBD-4241-9EEB-B583F1C5D6BB consumer=meeting
2026-09-17T09:00:30.579Z meeting_stop_stage session=BA07B481-E2E3-4814-B392-D0425E678504 stage=cleanup duration_ms=0 outcome=success process_id=55106 process_session=65cac801-b209-4100-9f59-c192a2a8cb9a uptime_ns=53933743788083 workflow_id=5F15C05C-6BBD-4241-9EEB-B583F1C5D6BB consumer=meeting
2026-09-17T09:00:30.579Z meeting_recording_stopped session=BA07B481-E2E3-4814-B392-D0425E678504 duration_s=1725.081 process_id=55106 process_session=65cac801-b209-4100-9f59-c192a2a8cb9a uptime_ns=53933744112166 workflow_id=5F15C05C-6BBD-4241-9EEB-B583F1C5D6BB consumer=meeting
2026-09-17T09:00:30.579Z meeting_recording_health session=BA07B481-E2E3-4814-B392-D0425E678504 duration_s=1725.035 captured_duration_s=1725.104 capture_quality=healthy source_mode=microphone_and_system capture_start_completed=true mic_started=true requested_mic_mode=raw effective_mic_mode=raw mic_first_buffer=true system_first_buffer=true mic_bytes=14681275 system_bytes=13899118 mixed_bytes=28167896 mic_frames=82804800 system_frames=82799040 mic_coverage=1.000 system_coverage=1.000 mic_capture_status=complete system_capture_status=complete mic_chunks_enqueued=290 system_chunks_enqueued=390 mic_chunks_low_signal_dropped=1 system_chunks_low_signal_dropped=40 mic_chunks_system_dominant_dropped=139 mic_peak_level=1.000 system_peak_level=0.921 system_signal=present backpressure_drops=0 transcription_failures=0 interrupted_sources=none capture_failed=false process_id=55106 process_session=65cac801-b209-4100-9f59-c192a2a8cb9a uptime_ns=53933744645666 workflow_id=5F15C05C-6BBD-4241-9EEB-B583F1C5D6BB consumer=meeting
2026-09-17T09:00:30.580Z meeting_echo_suppression_summary session=BA07B481-E2E3-4814-B392-D0425E678504 processor=localvqe loaded=true mic_frames=107811 processed_frames=107811 raw_fallback_frames=0 full_reference_frames=107811 partial_reference_frames=0 missing_reference_frames=0 processing_failures=0 current_delay_samples=1590 delay_confidence=0.330 delay_estimate_count=77 rejected_delay_estimates=3373 process_id=55106 process_session=65cac801-b209-4100-9f59-c192a2a8cb9a uptime_ns=53933745166166 workflow_id=5F15C05C-6BBD-4241-9EEB-B583F1C5D6BB consumer=meeting
2026-09-17T09:00:30.581Z meeting_stop_stage session=BA07B481-E2E3-4814-B392-D0425E678504 stage=service_total duration_ms=15320 outcome=success process_id=55106 process_session=65cac801-b209-4100-9f59-c192a2a8cb9a uptime_ns=53933746255208 workflow_id=5F15C05C-6BBD-4241-9EEB-B583F1C5D6BB consumer=meeting
2026-09-17T09:00:30.582Z meeting_stop_stage session=BA07B481-E2E3-4814-B392-D0425E678504 stage=service_stop duration_ms=15321 outcome=success process_id=55106 process_session=65cac801-b209-4100-9f59-c192a2a8cb9a uptime_ns=53933747172750 workflow_id=5F15C05C-6BBD-4241-9EEB-B583F1C5D6BB consumer=meeting
2026-09-17T09:00:30.588Z meeting_stop_stage session=BA07B481-E2E3-4814-B392-D0425E678504 stage=prepare_row duration_ms=5 outcome=success process_id=55106 process_session=65cac801-b209-4100-9f59-c192a2a8cb9a uptime_ns=53933753054916 workflow_id=5F15C05C-6BBD-4241-9EEB-B583F1C5D6BB consumer=meeting
2026-09-17T09:00:30.589Z meeting_stop_stage session=BA07B481-E2E3-4814-B392-D0425E678504 stage=queue_enqueue duration_ms=1 outcome=success process_id=55106 process_session=65cac801-b209-4100-9f59-c192a2a8cb9a uptime_ns=53933754134250 workflow_id=5F15C05C-6BBD-4241-9EEB-B583F1C5D6BB consumer=meeting
2026-09-17T09:00:30.591Z meeting_stop_stage session=BA07B481-E2E3-4814-B392-D0425E678504 stage=queued_total duration_ms=15335 outcome=success process_id=55106 process_session=65cac801-b209-4100-9f59-c192a2a8cb9a uptime_ns=53933755821625
2026-09-17T09:00:30.592Z meeting_transcription_queue_stage session=BA07B481-E2E3-4814-B392-D0425E678504 transcription=FDB53AD4-745F-4584-8723-9C670AD94C8F stage=prepare_row outcome=started process_id=55106 process_session=65cac801-b209-4100-9f59-c192a2a8cb9a uptime_ns=53933757166583
2026-09-17T09:00:30.593Z meeting_transcription_queue_stage session=BA07B481-E2E3-4814-B392-D0425E678504 transcription=FDB53AD4-745F-4584-8723-9C670AD94C8F stage=prepare_row outcome=success duration_s=0.001 process_id=55106 process_session=65cac801-b209-4100-9f59-c192a2a8cb9a uptime_ns=53933757815041
2026-09-17T09:00:30.593Z meeting_transcription_queue_stage session=BA07B481-E2E3-4814-B392-D0425E678504 transcription=FDB53AD4-745F-4584-8723-9C670AD94C8F stage=finalize_transcript outcome=started process_id=55106 process_session=65cac801-b209-4100-9f59-c192a2a8cb9a uptime_ns=53933757819083
2026-09-17T09:02:22.142Z meeting_cleaned_mic session=BA07B481-E2E3-4814-B392-D0425E678504 outcome=rendered duration_s=1725.100 render_duration_ms=111561 realtime_factor=15.46 processed_frames=107818 raw_fallback_frames=1 failures=0 rms_ratio=0.46 probe_windows=1 probe_best_correlation=0.556 process_id=55106 process_session=65cac801-b209-4100-9f59-c192a2a8cb9a uptime_ns=54045306607750
2026-09-17T09:02:22.175Z meeting_echo_suppression_resolution session=BA07B481-E2E3-4814-B392-D0425E678504 reason_code=cleanedUsed model_version=localvqe-v1.4-aec-200K-f32.gguf render_duration_ms=111561 realtime_factor=15.46 delay_estimate_ms=34 probe_windows=1 probe_best_correlation=0.556 process_id=55106 process_session=65cac801-b209-4100-9f59-c192a2a8cb9a uptime_ns=54045338994416
2026-09-17T09:02:22.176Z meeting_cleaned_mic_source session=BA07B481-E2E3-4814-B392-D0425E678504 selected=cleaned reason=cleanedUsed timeout_s=431.270 process_id=55106 process_session=65cac801-b209-4100-9f59-c192a2a8cb9a uptime_ns=54045340117041
2026-09-17T09:05:04.468Z meeting_system_diarization_completed session=BA07B481-E2E3-4814-B392-D0425E678504 prior=bounds_1_3 speakers=3 segments=441 duration_s=11.34 process_id=55106 process_session=65cac801-b209-4100-9f59-c192a2a8cb9a uptime_ns=54207631245708
2026-09-17T09:05:04.625Z meeting_transcription_queue_stage session=BA07B481-E2E3-4814-B392-D0425E678504 transcription=FDB53AD4-745F-4584-8723-9C670AD94C8F stage=finalize_transcript outcome=success duration_s=274.032 process_id=55106 process_session=65cac801-b209-4100-9f59-c192a2a8cb9a uptime_ns=54207788550666
2026-09-17T09:05:04.625Z meeting_transcription_queue_stage session=BA07B481-E2E3-4814-B392-D0425E678504 transcription=FDB53AD4-745F-4584-8723-9C670AD94C8F stage=settle_artifacts outcome=started process_id=55106 process_session=65cac801-b209-4100-9f59-c192a2a8cb9a uptime_ns=54207788559166
2026-09-17T09:05:04.634Z meeting_transcription_queue_stage session=BA07B481-E2E3-4814-B392-D0425E678504 transcription=FDB53AD4-745F-4584-8723-9C670AD94C8F stage=settle_artifacts outcome=success duration_s=0.009 process_id=55106 process_session=65cac801-b209-4100-9f59-c192a2a8cb9a uptime_ns=54207797845666
2026-09-17T09:06:31.542Z dictation_diagnostics_session_start pid=58005 version=0.8.4 build=20260917043813 source=dist-xcodebuild-release commit=d232ab095df7 process_id=58005 process_session=a1ce5bb0-203b-4c23-a174-02c23c938595 uptime_ns=54294705251916
2026-09-17T09:06:34.059Z whisper_model_prepare_start model=large-v3-v20240930_turbo_632MB folder=openai_whisper-large-v3-v20240930_turbo_632MB process_id=58005 process_session=a1ce5bb0-203b-4c23-a174-02c23c938595 uptime_ns=54297222417375
2026-09-17T09:06:34.504Z shared_mic_engine_prepare_timing vpio=false buffer_size=4096 set_vpio_ms=0.020 output_format_ms=0.097 install_tap_ms=0.006 total_ms=2014.926 process_id=58005 process_session=a1ce5bb0-203b-4c23-a174-02c23c938595 uptime_ns=54297667453208
2026-09-17T09:06:34.505Z shared_mic_engine_input_device_prepared source=system_default device=present transport=built-in vpio=false set_device_ms=0.000 prepare_engine_ms=2015.684 process_id=58005 process_session=a1ce5bb0-203b-4c23-a174-02c23c938595 uptime_ns=54297668222583
2026-09-17T09:06:36.319Z whisper_model_prepare_complete model=large-v3-v20240930_turbo_632MB duration_s=2.260 process_id=58005 process_session=a1ce5bb0-203b-4c23-a174-02c23c938595 uptime_ns=54299482430583
2026-09-17T09:06:40.450Z meeting_live_chunking_mode session=95080146-89CE-4F24-9E54-C07AF5DF90D2 mode=fixed reason=non_parakeet_engine process_id=58005 process_session=a1ce5bb0-203b-4c23-a174-02c23c938595 uptime_ns=54303613158125 workflow_id=E41DA235-42EA-4BB7-A0F5-9942ACE1B1C3 consumer=meeting
2026-09-17T09:06:40.478Z meeting_mic_capture_starting requested_mode=raw default_input=present default_input_transport=built-in process_id=58005 process_session=a1ce5bb0-203b-4c23-a174-02c23c938595 uptime_ns=54303640832083 workflow_id=E41DA235-42EA-4BB7-A0F5-9942ACE1B1C3 consumer=meeting
2026-09-17T09:06:40.536Z system_audio_stream_screen_output_attached mode=discard process_id=58005 process_session=a1ce5bb0-203b-4c23-a174-02c23c938595 uptime_ns=54303699276916 workflow_id=E41DA235-42EA-4BB7-A0F5-9942ACE1B1C3 consumer=meeting
2026-09-17T09:06:40.609Z shared_mic_engine_signal tap_id=7F250A09-46F9-4E80-A8BE-A042B31D4C21 reason=startup_ready callbacks=1 empty_buffers=0 invalid_buffers=0 silent_buffers=0 nonzero_buffers=1 uninspected_buffers=0 forwarded_buffers=1 last_frames=4800 last_channels=1 last_sample_rate=48000.0 process_id=58005 process_session=a1ce5bb0-203b-4c23-a174-02c23c938595 uptime_ns=54303771815583 workflow_id=E41DA235-42EA-4BB7-A0F5-9942ACE1B1C3 consumer=meeting
2026-09-17T09:06:40.610Z shared_mic_engine_started_from_prepared audio_engine_start_ms=128.079 process_id=58005 process_session=a1ce5bb0-203b-4c23-a174-02c23c938595 uptime_ns=54303772996041 workflow_id=E41DA235-42EA-4BB7-A0F5-9942ACE1B1C3 consumer=meeting
2026-09-17T09:06:40.611Z shared_mic_diagnostics transition=subscribe wants_vpio=false blocks_vpio_promotion=true subscribers=1 vpio_subs=0 passive_subs=0 engine_running=true vpio_engaged=false vpio_deferred=false vpio_deferral_count=0 process_id=58005 process_session=a1ce5bb0-203b-4c23-a174-02c23c938595 uptime_ns=54303773500166 workflow_id=E41DA235-42EA-4BB7-A0F5-9942ACE1B1C3 consumer=meeting
2026-09-17T09:06:40.611Z meeting_mic_first_buffer sr=48000.0 ch=1 interleaved=false process_id=58005 process_session=a1ce5bb0-203b-4c23-a174-02c23c938595 uptime_ns=54303773490500 workflow_id=E41DA235-42EA-4BB7-A0F5-9942ACE1B1C3 consumer=meeting
2026-09-17T09:06:40.611Z meeting_mic_processing mode=raw process_id=58005 process_session=a1ce5bb0-203b-4c23-a174-02c23c938595 uptime_ns=54303774080416 workflow_id=E41DA235-42EA-4BB7-A0F5-9942ACE1B1C3 consumer=meeting
2026-09-17T09:06:40.611Z audio_engine_lifecycle attempt_count=1 attempt_id=20087019-ed08-4901-b55b-071318961cc7 buffer_size=4096 consumer=meeting elapsed_ms=131 operation=start outcome=success phase=ready phase_first_buffer_ms=100 phase_ms=0 phase_queue_wait_ms=0 phase_ready_ms=0 phase_route_resolution_ms=2 phase_start_engine_ms=27 phase_validate_route_ms=0 prepared=true route_source=system_default transport=built-in vpio=false was_slow=false workflow_id=E41DA235-42EA-4BB7-A0F5-9942ACE1B1C3 process_id=58005 process_session=a1ce5bb0-203b-4c23-a174-02c23c938595 uptime_ns=54303773576625
2026-09-17T09:06:40.612Z meeting_mic_capture_started requested_mode=raw effective_mode=raw sr=48000.0 ch=1 default_input=present default_input_transport=built-in process_id=58005 process_session=a1ce5bb0-203b-4c23-a174-02c23c938595 uptime_ns=54303774730000 workflow_id=E41DA235-42EA-4BB7-A0F5-9942ACE1B1C3 consumer=meeting
2026-09-17T09:06:40.620Z meeting_recording_started session=95080146-89CE-4F24-9E54-C07AF5DF90D2 source_mode=Optional(MacParakeetCore.MeetingAudioSourceMode.microphoneAndSystem) requested_mic_mode=raw effective_mic_mode=raw process_id=58005 process_session=a1ce5bb0-203b-4c23-a174-02c23c938595 uptime_ns=54303783193333 workflow_id=E41DA235-42EA-4BB7-A0F5-9942ACE1B1C3 consumer=meeting
2026-09-17T09:06:40.719Z system_audio_stream_started sr=48000 ch=2 process_id=58005 process_session=a1ce5bb0-203b-4c23-a174-02c23c938595 uptime_ns=54303881608333 workflow_id=E41DA235-42EA-4BB7-A0F5-9942ACE1B1C3 consumer=meeting
2026-09-17T09:06:40.846Z system_audio_stream_first_buffer sr=48000 ch=2 process_id=58005 process_session=a1ce5bb0-203b-4c23-a174-02c23c938595 uptime_ns=54304009188083 workflow_id=E41DA235-42EA-4BB7-A0F5-9942ACE1B1C3 consumer=meeting
2026-09-17T09:44:54.145Z shared_mic_engine_configuration_changed sr=0.0 ch=0 isRunning=true engine_is_running=false default_input=present default_input_transport=built-in process_id=58005 process_session=a1ce5bb0-203b-4c23-a174-02c23c938595 uptime_ns=56597305238375 workflow_id=E41DA235-42EA-4BB7-A0F5-9942ACE1B1C3 consumer=meeting
2026-09-17T09:44:54.184Z shared_mic_engine_config_change_recovery_attempt attempt=1 trigger=configuration_change process_id=58005 process_session=a1ce5bb0-203b-4c23-a174-02c23c938595 uptime_ns=56597344376583 workflow_id=E41DA235-42EA-4BB7-A0F5-9942ACE1B1C3 consumer=meeting
2026-09-17T09:44:54.194Z shared_mic_engine_signal tap_id=7F250A09-46F9-4E80-A8BE-A042B31D4C21 reason=teardown callbacks=22926 empty_buffers=0 invalid_buffers=0 silent_buffers=0 nonzero_buffers=22926 uninspected_buffers=0 forwarded_buffers=22926 last_frames=4800 last_channels=1 last_sample_rate=48000.0 process_id=58005 process_session=a1ce5bb0-203b-4c23-a174-02c23c938595 uptime_ns=56597354703166 workflow_id=E41DA235-42EA-4BB7-A0F5-9942ACE1B1C3 consumer=meeting
2026-09-17T09:44:54.840Z system_audio_stream_stopped_with_error error_domain=com.apple.ScreenCaptureKit.SCStreamErrorDomain error_code=-3815 process_id=58005 process_session=a1ce5bb0-203b-4c23-a174-02c23c938595 uptime_ns=56598000321041 workflow_id=E41DA235-42EA-4BB7-A0F5-9942ACE1B1C3 consumer=meeting
2026-09-17T09:44:55.035Z meeting_capture_source_recovery_started source=system error_type=MeetingAudioError.systemAudioStreamStopped bridged_error_code=7 process_id=58005 process_session=a1ce5bb0-203b-4c23-a174-02c23c938595 uptime_ns=56598195754833 workflow_id=E41DA235-42EA-4BB7-A0F5-9942ACE1B1C3 consumer=meeting
2026-09-17T09:44:55.043Z system_audio_recovery_started recovery_id=1 error_type=MeetingAudioError.systemAudioStreamStopped bridged_error_code=7 process_id=58005 process_session=a1ce5bb0-203b-4c23-a174-02c23c938595 uptime_ns=56598203366875 workflow_id=E41DA235-42EA-4BB7-A0F5-9942ACE1B1C3 consumer=meeting
2026-09-17T09:44:55.146Z shared_mic_engine_signal tap_id=02DA3C08-8B88-46B0-89F1-91DA01FCCFB9 reason=startup_ready callbacks=1 empty_buffers=0 invalid_buffers=0 silent_buffers=0 nonzero_buffers=1 uninspected_buffers=0 forwarded_buffers=1 last_frames=4410 last_channels=1 last_sample_rate=44100.0 process_id=58005 process_session=a1ce5bb0-203b-4c23-a174-02c23c938595 uptime_ns=56598306253625 workflow_id=E41DA235-42EA-4BB7-A0F5-9942ACE1B1C3 consumer=meeting
2026-09-17T09:44:55.152Z shared_mic_engine_start_timing vpio=false buffer_size=4096 set_vpio_ms=0.425 ducking_ms=0.000 output_format_ms=0.277 install_tap_ms=0.032 audio_engine_start_ms=175.652 total_ms=946.428 process_id=58005 process_session=a1ce5bb0-203b-4c23-a174-02c23c938595 uptime_ns=56598312065250 workflow_id=E41DA235-42EA-4BB7-A0F5-9942ACE1B1C3 consumer=meeting
2026-09-17T09:44:55.153Z shared_mic_engine_input_device_started source=system_default device=present transport=built-in vpio=false set_device_ms=0.000 start_engine_ms=949.024 process_id=58005 process_session=a1ce5bb0-203b-4c23-a174-02c23c938595 uptime_ns=56598313730541 workflow_id=E41DA235-42EA-4BB7-A0F5-9942ACE1B1C3 consumer=meeting
2026-09-17T09:44:55.154Z shared_mic_engine_config_change_recovery_ready attempt=1 trigger=configuration_change process_id=58005 process_session=a1ce5bb0-203b-4c23-a174-02c23c938595 uptime_ns=56598314671000 workflow_id=E41DA235-42EA-4BB7-A0F5-9942ACE1B1C3 consumer=meeting
2026-09-17T09:44:55.188Z audio_engine_lifecycle attempt_count=1 attempt_id=f4e6a2f1-b2ba-4025-baf7-77eaa60aaa1a buffer_size=4096 consumer=meeting elapsed_ms=968 operation=recovery outcome=success phase=ready phase_first_buffer_ms=102 phase_input_format_ms=0 phase_input_node_ms=664 phase_install_tap_ms=0 phase_ms=0 phase_queue_wait_ms=0 phase_ready_ms=0 phase_route_resolution_ms=10 phase_start_engine_ms=175 phase_teardown_ms=8 phase_validate_route_ms=5 phase_voice_processing_ms=0 prepared=false route_source=system_default transport=built-in vpio=false was_slow=false workflow_id=E41DA235-42EA-4BB7-A0F5-9942ACE1B1C3 process_id=58005 process_session=a1ce5bb0-203b-4c23-a174-02c23c938595 uptime_ns=56598348453500
2026-09-17T09:44:55.263Z system_audio_stream_stopped outcome=completed process_id=58005 process_session=a1ce5bb0-203b-4c23-a174-02c23c938595 uptime_ns=56598423439833 workflow_id=E41DA235-42EA-4BB7-A0F5-9942ACE1B1C3 consumer=meeting
2026-09-17T09:44:55.264Z system_audio_recovery_attempt_started recovery_id=1 attempt=1 process_id=58005 process_session=a1ce5bb0-203b-4c23-a174-02c23c938595 uptime_ns=56598424540291 workflow_id=E41DA235-42EA-4BB7-A0F5-9942ACE1B1C3 consumer=meeting
2026-09-17T09:44:55.732Z system_audio_stream_screen_output_attached mode=discard process_id=58005 process_session=a1ce5bb0-203b-4c23-a174-02c23c938595 uptime_ns=56598892343708 workflow_id=E41DA235-42EA-4BB7-A0F5-9942ACE1B1C3 consumer=meeting
2026-09-17T09:44:55.862Z system_audio_stream_started sr=48000 ch=2 process_id=58005 process_session=a1ce5bb0-203b-4c23-a174-02c23c938595 uptime_ns=56599022401708 workflow_id=E41DA235-42EA-4BB7-A0F5-9942ACE1B1C3 consumer=meeting
2026-09-17T09:44:55.866Z system_audio_stream_first_buffer sr=48000 ch=2 process_id=58005 process_session=a1ce5bb0-203b-4c23-a174-02c23c938595 uptime_ns=56599026659083 workflow_id=E41DA235-42EA-4BB7-A0F5-9942ACE1B1C3 consumer=meeting
2026-09-17T09:44:55.866Z system_audio_recovery_first_buffer recovery_id=1 attempt=1 process_id=58005 process_session=a1ce5bb0-203b-4c23-a174-02c23c938595 uptime_ns=56599026773791 workflow_id=E41DA235-42EA-4BB7-A0F5-9942ACE1B1C3 consumer=meeting
2026-09-17T09:44:55.867Z system_audio_recovery_succeeded recovery_id=1 attempt=1 process_id=58005 process_session=a1ce5bb0-203b-4c23-a174-02c23c938595 uptime_ns=56599027402250 workflow_id=E41DA235-42EA-4BB7-A0F5-9942ACE1B1C3 consumer=meeting
2026-09-17T09:44:55.867Z meeting_capture_source_recovered source=system process_id=58005 process_session=a1ce5bb0-203b-4c23-a174-02c23c938595 uptime_ns=56599027856625 workflow_id=E41DA235-42EA-4BB7-A0F5-9942ACE1B1C3 consumer=meeting
2026-09-17T09:45:01.154Z shared_mic_engine_config_change_recovery_succeeded episode=2 process_id=58005 process_session=a1ce5bb0-203b-4c23-a174-02c23c938595 uptime_ns=56604314059125 workflow_id=E41DA235-42EA-4BB7-A0F5-9942ACE1B1C3 consumer=meeting
2026-09-17T09:45:05.265Z system_audio_stream_stopped_with_error error_domain=com.apple.ScreenCaptureKit.SCStreamErrorDomain error_code=-3815 process_id=58005 process_session=a1ce5bb0-203b-4c23-a174-02c23c938595 uptime_ns=56608425596125 workflow_id=E41DA235-42EA-4BB7-A0F5-9942ACE1B1C3 consumer=meeting
2026-09-17T09:45:05.268Z meeting_capture_source_recovery_started source=system error_type=MeetingAudioError.systemAudioStreamStopped bridged_error_code=7 process_id=58005 process_session=a1ce5bb0-203b-4c23-a174-02c23c938595 uptime_ns=56608428923000 workflow_id=E41DA235-42EA-4BB7-A0F5-9942ACE1B1C3 consumer=meeting
2026-09-17T09:45:05.268Z system_audio_recovery_started recovery_id=2 error_type=MeetingAudioError.systemAudioStreamStopped bridged_error_code=7 process_id=58005 process_session=a1ce5bb0-203b-4c23-a174-02c23c938595 uptime_ns=56608428922708 workflow_id=E41DA235-42EA-4BB7-A0F5-9942ACE1B1C3 consumer=meeting
2026-09-17T09:45:05.271Z system_audio_stream_stopped outcome=completed process_id=58005 process_session=a1ce5bb0-203b-4c23-a174-02c23c938595 uptime_ns=56608431452708 workflow_id=E41DA235-42EA-4BB7-A0F5-9942ACE1B1C3 consumer=meeting
2026-09-17T09:45:05.272Z system_audio_recovery_attempt_started recovery_id=2 attempt=1 process_id=58005 process_session=a1ce5bb0-203b-4c23-a174-02c23c938595 uptime_ns=56608432222208 workflow_id=E41DA235-42EA-4BB7-A0F5-9942ACE1B1C3 consumer=meeting
2026-09-17T09:45:05.324Z system_audio_stream_start_failed error_type=MeetingAudioError.systemAudioCaptureFailed bridged_error_code=2 process_id=58005 process_session=a1ce5bb0-203b-4c23-a174-02c23c938595 uptime_ns=56608484814333 workflow_id=E41DA235-42EA-4BB7-A0F5-9942ACE1B1C3 consumer=meeting
2026-09-17T09:45:05.326Z system_audio_recovery_start_failed recovery_id=2 attempt=1 error_type=MeetingAudioError.systemAudioCaptureFailed bridged_error_code=2 process_id=58005 process_session=a1ce5bb0-203b-4c23-a174-02c23c938595 uptime_ns=56608486076166 workflow_id=E41DA235-42EA-4BB7-A0F5-9942ACE1B1C3 consumer=meeting
2026-09-17T09:45:06.327Z system_audio_recovery_attempt_started recovery_id=2 attempt=2 process_id=58005 process_session=a1ce5bb0-203b-4c23-a174-02c23c938595 uptime_ns=56609487344958 workflow_id=E41DA235-42EA-4BB7-A0F5-9942ACE1B1C3 consumer=meeting
2026-09-17T09:45:06.402Z system_audio_stream_start_failed error_type=MeetingAudioError.systemAudioCaptureFailed bridged_error_code=2 process_id=58005 process_session=a1ce5bb0-203b-4c23-a174-02c23c938595 uptime_ns=56609562396000 workflow_id=E41DA235-42EA-4BB7-A0F5-9942ACE1B1C3 consumer=meeting
2026-09-17T09:45:06.403Z system_audio_recovery_start_failed recovery_id=2 attempt=2 error_type=MeetingAudioError.systemAudioCaptureFailed bridged_error_code=2 process_id=58005 process_session=a1ce5bb0-203b-4c23-a174-02c23c938595 uptime_ns=56609563812583 workflow_id=E41DA235-42EA-4BB7-A0F5-9942ACE1B1C3 consumer=meeting
2026-09-17T09:45:08.415Z system_audio_recovery_attempt_started recovery_id=2 attempt=3 process_id=58005 process_session=a1ce5bb0-203b-4c23-a174-02c23c938595 uptime_ns=56611575338166 workflow_id=E41DA235-42EA-4BB7-A0F5-9942ACE1B1C3 consumer=meeting
2026-09-17T09:45:08.490Z system_audio_stream_start_failed error_type=MeetingAudioError.systemAudioCaptureFailed bridged_error_code=2 process_id=58005 process_session=a1ce5bb0-203b-4c23-a174-02c23c938595 uptime_ns=56611650071208 workflow_id=E41DA235-42EA-4BB7-A0F5-9942ACE1B1C3 consumer=meeting
2026-09-17T09:45:08.491Z system_audio_recovery_start_failed recovery_id=2 attempt=3 error_type=MeetingAudioError.systemAudioCaptureFailed bridged_error_code=2 process_id=58005 process_session=a1ce5bb0-203b-4c23-a174-02c23c938595 uptime_ns=56611651099875 workflow_id=E41DA235-42EA-4BB7-A0F5-9942ACE1B1C3 consumer=meeting
2026-09-17T09:45:12.517Z system_audio_recovery_attempt_started recovery_id=2 attempt=4 process_id=58005 process_session=a1ce5bb0-203b-4c23-a174-02c23c938595 uptime_ns=56615677292041 workflow_id=E41DA235-42EA-4BB7-A0F5-9942ACE1B1C3 consumer=meeting
2026-09-17T09:45:12.593Z system_audio_stream_start_failed error_type=MeetingAudioError.systemAudioCaptureFailed bridged_error_code=2 process_id=58005 process_session=a1ce5bb0-203b-4c23-a174-02c23c938595 uptime_ns=56615753688666 workflow_id=E41DA235-42EA-4BB7-A0F5-9942ACE1B1C3 consumer=meeting
2026-09-17T09:45:12.594Z system_audio_recovery_start_failed recovery_id=2 attempt=4 error_type=MeetingAudioError.systemAudioCaptureFailed bridged_error_code=2 process_id=58005 process_session=a1ce5bb0-203b-4c23-a174-02c23c938595 uptime_ns=56615754763875 workflow_id=E41DA235-42EA-4BB7-A0F5-9942ACE1B1C3 consumer=meeting
2026-09-17T09:45:20.617Z system_audio_recovery_attempt_started recovery_id=2 attempt=5 process_id=58005 process_session=a1ce5bb0-203b-4c23-a174-02c23c938595 uptime_ns=56623776950333 workflow_id=E41DA235-42EA-4BB7-A0F5-9942ACE1B1C3 consumer=meeting
2026-09-17T09:45:20.699Z system_audio_stream_start_failed error_type=MeetingAudioError.systemAudioCaptureFailed bridged_error_code=2 process_id=58005 process_session=a1ce5bb0-203b-4c23-a174-02c23c938595 uptime_ns=56623859596916 workflow_id=E41DA235-42EA-4BB7-A0F5-9942ACE1B1C3 consumer=meeting
2026-09-17T09:45:20.700Z system_audio_recovery_start_failed recovery_id=2 attempt=5 error_type=MeetingAudioError.systemAudioCaptureFailed bridged_error_code=2 process_id=58005 process_session=a1ce5bb0-203b-4c23-a174-02c23c938595 uptime_ns=56623860550791 workflow_id=E41DA235-42EA-4BB7-A0F5-9942ACE1B1C3 consumer=meeting
2026-09-17T09:45:28.711Z system_audio_recovery_attempt_started recovery_id=2 attempt=6 process_id=58005 process_session=a1ce5bb0-203b-4c23-a174-02c23c938595 uptime_ns=56631870911750 workflow_id=E41DA235-42EA-4BB7-A0F5-9942ACE1B1C3 consumer=meeting
2026-09-17T09:45:28.786Z system_audio_stream_start_failed error_type=MeetingAudioError.systemAudioCaptureFailed bridged_error_code=2 process_id=58005 process_session=a1ce5bb0-203b-4c23-a174-02c23c938595 uptime_ns=56631946272041 workflow_id=E41DA235-42EA-4BB7-A0F5-9942ACE1B1C3 consumer=meeting
2026-09-17T09:45:28.787Z system_audio_recovery_start_failed recovery_id=2 attempt=6 error_type=MeetingAudioError.systemAudioCaptureFailed bridged_error_code=2 process_id=58005 process_session=a1ce5bb0-203b-4c23-a174-02c23c938595 uptime_ns=56631947251208 workflow_id=E41DA235-42EA-4BB7-A0F5-9942ACE1B1C3 consumer=meeting
2026-09-17T09:45:28.787Z system_audio_recovery_exhausted recovery_id=2 attempts=6 error_type=MeetingAudioError.systemAudioStreamStopped bridged_error_code=7 process_id=58005 process_session=a1ce5bb0-203b-4c23-a174-02c23c938595 uptime_ns=56631947847041 workflow_id=E41DA235-42EA-4BB7-A0F5-9942ACE1B1C3 consumer=meeting
2026-09-17T09:45:28.788Z meeting_capture_source_interrupted source=system error_type=MeetingAudioError.systemAudioStreamStopped bridged_error_code=7 process_id=58005 process_session=a1ce5bb0-203b-4c23-a174-02c23c938595 uptime_ns=56631948427208 workflow_id=E41DA235-42EA-4BB7-A0F5-9942ACE1B1C3 consumer=meeting
2026-09-17T10:28:46.584Z shared_mic_engine_configuration_changed sr=0.0 ch=0 isRunning=true engine_is_running=false default_input=present default_input_transport=built-in process_id=58005 process_session=a1ce5bb0-203b-4c23-a174-02c23c938595 uptime_ns=59229752909500 workflow_id=E41DA235-42EA-4BB7-A0F5-9942ACE1B1C3 consumer=meeting
2026-09-17T10:28:46.596Z shared_mic_engine_config_change_recovery_attempt attempt=1 trigger=configuration_change process_id=58005 process_session=a1ce5bb0-203b-4c23-a174-02c23c938595 uptime_ns=59229765101250 workflow_id=E41DA235-42EA-4BB7-A0F5-9942ACE1B1C3 consumer=meeting
2026-09-17T10:28:46.607Z shared_mic_engine_signal tap_id=02DA3C08-8B88-46B0-89F1-91DA01FCCFB9 reason=teardown callbacks=26310 empty_buffers=0 invalid_buffers=0 silent_buffers=0 nonzero_buffers=26310 uninspected_buffers=0 forwarded_buffers=26310 last_frames=4410 last_channels=1 last_sample_rate=44100.0 process_id=58005 process_session=a1ce5bb0-203b-4c23-a174-02c23c938595 uptime_ns=59229776367250 workflow_id=E41DA235-42EA-4BB7-A0F5-9942ACE1B1C3 consumer=meeting
2026-09-17T10:28:47.209Z shared_mic_engine_signal tap_id=2025F976-7117-4A97-86C2-6AA71A4B856D reason=startup_ready callbacks=1 empty_buffers=0 invalid_buffers=0 silent_buffers=0 nonzero_buffers=1 uninspected_buffers=0 forwarded_buffers=1 last_frames=4800 last_channels=1 last_sample_rate=48000.0 process_id=58005 process_session=a1ce5bb0-203b-4c23-a174-02c23c938595 uptime_ns=59230378209291 workflow_id=E41DA235-42EA-4BB7-A0F5-9942ACE1B1C3 consumer=meeting
2026-09-17T10:28:47.247Z shared_mic_engine_start_timing vpio=false buffer_size=4096 set_vpio_ms=0.007 ducking_ms=0.000 output_format_ms=0.011 install_tap_ms=0.007 audio_engine_start_ms=444.891 total_ms=636.346 process_id=58005 process_session=a1ce5bb0-203b-4c23-a174-02c23c938595 uptime_ns=59230415850041 workflow_id=E41DA235-42EA-4BB7-A0F5-9942ACE1B1C3 consumer=meeting
2026-09-17T10:28:47.248Z shared_mic_engine_input_device_started source=system_default device=present transport=built-in vpio=false set_device_ms=0.000 start_engine_ms=638.722 process_id=58005 process_session=a1ce5bb0-203b-4c23-a174-02c23c938595 uptime_ns=59230417453125 workflow_id=E41DA235-42EA-4BB7-A0F5-9942ACE1B1C3 consumer=meeting
2026-09-17T10:28:47.250Z shared_mic_engine_config_change_recovery_ready attempt=1 trigger=configuration_change process_id=58005 process_session=a1ce5bb0-203b-4c23-a174-02c23c938595 uptime_ns=59230419569583 workflow_id=E41DA235-42EA-4BB7-A0F5-9942ACE1B1C3 consumer=meeting
2026-09-17T10:28:47.272Z audio_engine_lifecycle attempt_count=1 attempt_id=3603cde5-7dff-4212-9865-073928eca542 buffer_size=4096 consumer=meeting elapsed_ms=653 operation=recovery outcome=success phase=ready phase_first_buffer_ms=142 phase_input_format_ms=0 phase_input_node_ms=47 phase_install_tap_ms=0 phase_ms=0 phase_queue_wait_ms=0 phase_ready_ms=0 phase_route_resolution_ms=9 phase_start_engine_ms=444 phase_teardown_ms=2 phase_validate_route_ms=6 phase_voice_processing_ms=0 prepared=false route_source=system_default transport=built-in vpio=false was_slow=false workflow_id=E41DA235-42EA-4BB7-A0F5-9942ACE1B1C3 process_id=58005 process_session=a1ce5bb0-203b-4c23-a174-02c23c938595 uptime_ns=59230441066375
2026-09-17T10:28:52.270Z shared_mic_engine_config_change_recovery_succeeded episode=3 process_id=58005 process_session=a1ce5bb0-203b-4c23-a174-02c23c938595 uptime_ns=59235439420791 workflow_id=E41DA235-42EA-4BB7-A0F5-9942ACE1B1C3 consumer=meeting
2026-09-17T10:36:28.280Z meeting_stop_stage session=95080146-89CE-4F24-9E54-C07AF5DF90D2 stage=notes_commit duration_ms=5 outcome=success process_id=58005 process_session=a1ce5bb0-203b-4c23-a174-02c23c938595 uptime_ns=59691450533166 workflow_id=E41DA235-42EA-4BB7-A0F5-9942ACE1B1C3 consumer=meeting
2026-09-17T10:36:28.283Z meeting_recording_stopping session=95080146-89CE-4F24-9E54-C07AF5DF90D2 process_id=58005 process_session=a1ce5bb0-203b-4c23-a174-02c23c938595 uptime_ns=59691453291958 workflow_id=E41DA235-42EA-4BB7-A0F5-9942ACE1B1C3 consumer=meeting
2026-09-17T10:36:28.283Z meeting_stop_stage session=95080146-89CE-4F24-9E54-C07AF5DF90D2 stage=capture_stop duration_ms=0 outcome=success process_id=58005 process_session=a1ce5bb0-203b-4c23-a174-02c23c938595 uptime_ns=59691453759125 workflow_id=E41DA235-42EA-4BB7-A0F5-9942ACE1B1C3 consumer=meeting
2026-09-17T10:36:28.285Z shared_mic_engine_signal tap_id=2025F976-7117-4A97-86C2-6AA71A4B856D reason=teardown callbacks=4611 empty_buffers=0 invalid_buffers=0 silent_buffers=2 nonzero_buffers=4609 uninspected_buffers=0 forwarded_buffers=4611 last_frames=4800 last_channels=1 last_sample_rate=48000.0 process_id=58005 process_session=a1ce5bb0-203b-4c23-a174-02c23c938595 uptime_ns=59691455582750 workflow_id=E41DA235-42EA-4BB7-A0F5-9942ACE1B1C3 consumer=meeting
2026-09-17T10:36:28.294Z meeting_stop_stage session=95080146-89CE-4F24-9E54-C07AF5DF90D2 stage=processing_drain duration_ms=11 outcome=success process_id=58005 process_session=a1ce5bb0-203b-4c23-a174-02c23c938595 uptime_ns=59691464786625 workflow_id=E41DA235-42EA-4BB7-A0F5-9942ACE1B1C3 consumer=meeting
2026-09-17T10:36:28.358Z shared_mic_engine_stopped process_id=58005 process_session=a1ce5bb0-203b-4c23-a174-02c23c938595 uptime_ns=59691528357083 workflow_id=E41DA235-42EA-4BB7-A0F5-9942ACE1B1C3 consumer=meeting
2026-09-17T10:36:28.359Z shared_mic_diagnostics transition=unsubscribe wants_vpio=n/a blocks_vpio_promotion=n/a subscribers=0 vpio_subs=0 passive_subs=0 engine_running=false vpio_engaged=false vpio_deferred=false vpio_deferral_count=0 process_id=58005 process_session=a1ce5bb0-203b-4c23-a174-02c23c938595 uptime_ns=59691529294791 workflow_id=E41DA235-42EA-4BB7-A0F5-9942ACE1B1C3 consumer=meeting
2026-09-17T10:36:28.360Z meeting_mic_capture_stopped default_input=present default_input_transport=built-in process_id=58005 process_session=a1ce5bb0-203b-4c23-a174-02c23c938595 uptime_ns=59691530156458 workflow_id=E41DA235-42EA-4BB7-A0F5-9942ACE1B1C3 consumer=meeting
2026-09-17T10:36:28.376Z meeting_stop_stage session=95080146-89CE-4F24-9E54-C07AF5DF90D2 stage=writer_finalize duration_ms=81 outcome=success process_id=58005 process_session=a1ce5bb0-203b-4c23-a174-02c23c938595 uptime_ns=59691545999208 workflow_id=E41DA235-42EA-4BB7-A0F5-9942ACE1B1C3 consumer=meeting
2026-09-17T10:36:28.424Z meeting_stop_stage session=95080146-89CE-4F24-9E54-C07AF5DF90D2 stage=source_urls duration_ms=48 outcome=success process_id=58005 process_session=a1ce5bb0-203b-4c23-a174-02c23c938595 uptime_ns=59691594616916 workflow_id=E41DA235-42EA-4BB7-A0F5-9942ACE1B1C3 consumer=meeting
2026-09-17T10:36:28.429Z meeting_stop_stage session=95080146-89CE-4F24-9E54-C07AF5DF90D2 stage=metadata_save duration_ms=3 outcome=success process_id=58005 process_session=a1ce5bb0-203b-4c23-a174-02c23c938595 uptime_ns=59691599711625 workflow_id=E41DA235-42EA-4BB7-A0F5-9942ACE1B1C3 consumer=meeting
2026-09-17T10:36:28.430Z shared_mic_engine_prepare_timing vpio=false buffer_size=4096 set_vpio_ms=0.004 output_format_ms=0.063 install_tap_ms=0.004 total_ms=59.304 process_id=58005 process_session=a1ce5bb0-203b-4c23-a174-02c23c938595 uptime_ns=59691600439333 workflow_id=E41DA235-42EA-4BB7-A0F5-9942ACE1B1C3 consumer=meeting
2026-09-17T10:36:28.431Z shared_mic_engine_input_device_prepared source=system_default device=present transport=built-in vpio=false set_device_ms=0.000 prepare_engine_ms=59.924 process_id=58005 process_session=a1ce5bb0-203b-4c23-a174-02c23c938595 uptime_ns=59691601029250 workflow_id=E41DA235-42EA-4BB7-A0F5-9942ACE1B1C3 consumer=meeting
2026-09-17T10:37:03.517Z meeting_stop_stage session=95080146-89CE-4F24-9E54-C07AF5DF90D2 stage=mix duration_ms=35087 outcome=success process_id=58005 process_session=a1ce5bb0-203b-4c23-a174-02c23c938595 uptime_ns=59726687048208 workflow_id=E41DA235-42EA-4BB7-A0F5-9942ACE1B1C3 consumer=meeting
2026-09-17T10:37:03.521Z meeting_stop_stage session=95080146-89CE-4F24-9E54-C07AF5DF90D2 stage=notes_write duration_ms=1 outcome=success process_id=58005 process_session=a1ce5bb0-203b-4c23-a174-02c23c938595 uptime_ns=59726691009375 workflow_id=E41DA235-42EA-4BB7-A0F5-9942ACE1B1C3 consumer=meeting
2026-09-17T10:37:03.526Z meeting_stop_stage session=95080146-89CE-4F24-9E54-C07AF5DF90D2 stage=lock_write duration_ms=4 outcome=success process_id=58005 process_session=a1ce5bb0-203b-4c23-a174-02c23c938595 uptime_ns=59726696436333 workflow_id=E41DA235-42EA-4BB7-A0F5-9942ACE1B1C3 consumer=meeting
2026-09-17T10:37:03.528Z meeting_cleaned_mic session=95080146-89CE-4F24-9E54-C07AF5DF90D2 outcome=scheduled process_id=58005 process_session=a1ce5bb0-203b-4c23-a174-02c23c938595 uptime_ns=59726698212833 workflow_id=E41DA235-42EA-4BB7-A0F5-9942ACE1B1C3 consumer=meeting
2026-09-17T10:37:03.528Z meeting_stop_stage session=95080146-89CE-4F24-9E54-C07AF5DF90D2 stage=cleaned_mic_schedule duration_ms=2 outcome=success process_id=58005 process_session=a1ce5bb0-203b-4c23-a174-02c23c938595 uptime_ns=59726698545875 workflow_id=E41DA235-42EA-4BB7-A0F5-9942ACE1B1C3 consumer=meeting
2026-09-17T10:37:03.530Z meeting_stop_stage session=95080146-89CE-4F24-9E54-C07AF5DF90D2 stage=cleanup duration_ms=1 outcome=success process_id=58005 process_session=a1ce5bb0-203b-4c23-a174-02c23c938595 uptime_ns=59726699987666 workflow_id=E41DA235-42EA-4BB7-A0F5-9942ACE1B1C3 consumer=meeting
2026-09-17T10:37:03.530Z meeting_recording_stopped session=95080146-89CE-4F24-9E54-C07AF5DF90D2 duration_s=5387.681 process_id=58005 process_session=a1ce5bb0-203b-4c23-a174-02c23c938595 uptime_ns=59726700429750 workflow_id=E41DA235-42EA-4BB7-A0F5-9942ACE1B1C3 consumer=meeting
2026-09-17T10:37:03.531Z meeting_recording_health session=95080146-89CE-4F24-9E54-C07AF5DF90D2 duration_s=5387.663 captured_duration_s=5387.704 capture_quality=partial source_mode=microphone_and_system capture_start_completed=true mic_started=true requested_mic_mode=raw effective_mic_mode=raw mic_first_buffer=true system_first_buffer=true mic_bytes=45269976 system_bytes=15877113 mixed_bytes=87444460 mic_frames=258465481 system_frames=110487360 mic_coverage=0.999 system_coverage=0.427 mic_capture_status=complete system_capture_status=interrupted mic_chunks_enqueued=1104 system_chunks_enqueued=480 mic_chunks_low_signal_dropped=4 system_chunks_low_signal_dropped=865 mic_chunks_system_dominant_dropped=237 mic_peak_level=1.000 system_peak_level=1.009 system_signal=present backpressure_drops=0 transcription_failures=0 interrupted_sources=system capture_failed=false process_id=58005 process_session=a1ce5bb0-203b-4c23-a174-02c23c938595 uptime_ns=59726701446458 workflow_id=E41DA235-42EA-4BB7-A0F5-9942ACE1B1C3 consumer=meeting
2026-09-17T10:37:03.532Z meeting_echo_suppression_summary session=95080146-89CE-4F24-9E54-C07AF5DF90D2 processor=localvqe loaded=true mic_frames=336543 processed_frames=336543 raw_fallback_frames=0 full_reference_frames=143857 partial_reference_frames=3 missing_reference_frames=192683 processing_failures=0 current_delay_samples=186 delay_confidence=0.396 delay_estimate_count=23 rejected_delay_estimates=10746 process_id=58005 process_session=a1ce5bb0-203b-4c23-a174-02c23c938595 uptime_ns=59726702116708 workflow_id=E41DA235-42EA-4BB7-A0F5-9942ACE1B1C3 consumer=meeting
2026-09-17T10:37:03.535Z meeting_stop_stage session=95080146-89CE-4F24-9E54-C07AF5DF90D2 stage=service_total duration_ms=35252 outcome=success process_id=58005 process_session=a1ce5bb0-203b-4c23-a174-02c23c938595 uptime_ns=59726705357708 workflow_id=E41DA235-42EA-4BB7-A0F5-9942ACE1B1C3 consumer=meeting
2026-09-17T10:37:03.536Z meeting_stop_stage session=95080146-89CE-4F24-9E54-C07AF5DF90D2 stage=service_stop duration_ms=35253 outcome=success process_id=58005 process_session=a1ce5bb0-203b-4c23-a174-02c23c938595 uptime_ns=59726706184625 workflow_id=E41DA235-42EA-4BB7-A0F5-9942ACE1B1C3 consumer=meeting
2026-09-17T10:37:03.559Z meeting_stop_stage session=95080146-89CE-4F24-9E54-C07AF5DF90D2 stage=prepare_row duration_ms=22 outcome=success process_id=58005 process_session=a1ce5bb0-203b-4c23-a174-02c23c938595 uptime_ns=59726729769416 workflow_id=E41DA235-42EA-4BB7-A0F5-9942ACE1B1C3 consumer=meeting
2026-09-17T10:37:03.562Z meeting_stop_stage session=95080146-89CE-4F24-9E54-C07AF5DF90D2 stage=queue_enqueue duration_ms=2 outcome=success process_id=58005 process_session=a1ce5bb0-203b-4c23-a174-02c23c938595 uptime_ns=59726732767125 workflow_id=E41DA235-42EA-4BB7-A0F5-9942ACE1B1C3 consumer=meeting
2026-09-17T10:37:03.567Z meeting_stop_stage session=95080146-89CE-4F24-9E54-C07AF5DF90D2 stage=queued_total duration_ms=35292 outcome=success process_id=58005 process_session=a1ce5bb0-203b-4c23-a174-02c23c938595 uptime_ns=59726737370541
2026-09-17T10:37:03.573Z meeting_transcription_queue_stage session=95080146-89CE-4F24-9E54-C07AF5DF90D2 transcription=AA6FC0DA-FEA4-4DA1-8701-E54E9B4ADF35 stage=prepare_row outcome=started process_id=58005 process_session=a1ce5bb0-203b-4c23-a174-02c23c938595 uptime_ns=59726743461083
2026-09-17T10:37:03.574Z meeting_transcription_queue_stage session=95080146-89CE-4F24-9E54-C07AF5DF90D2 transcription=AA6FC0DA-FEA4-4DA1-8701-E54E9B4ADF35 stage=prepare_row outcome=success duration_s=0.001 process_id=58005 process_session=a1ce5bb0-203b-4c23-a174-02c23c938595 uptime_ns=59726744087166
2026-09-17T10:37:03.574Z meeting_transcription_queue_stage session=95080146-89CE-4F24-9E54-C07AF5DF90D2 transcription=AA6FC0DA-FEA4-4DA1-8701-E54E9B4ADF35 stage=finalize_transcript outcome=started process_id=58005 process_session=a1ce5bb0-203b-4c23-a174-02c23c938595 uptime_ns=59726744090041
2026-09-17T10:42:27.215Z meeting_cleaned_mic session=95080146-89CE-4F24-9E54-C07AF5DF90D2 outcome=rendered duration_s=5387.704 render_duration_ms=323641 realtime_factor=16.65 processed_frames=336731 raw_fallback_frames=1 failures=0 rms_ratio=0.45 probe_windows=1 probe_best_correlation=0.605 process_id=58005 process_session=a1ce5bb0-203b-4c23-a174-02c23c938595 uptime_ns=60050385839833
2026-09-17T10:42:27.237Z meeting_echo_suppression_resolution session=95080146-89CE-4F24-9E54-C07AF5DF90D2 reason_code=cleanedUsed model_version=localvqe-v1.4-aec-200K-f32.gguf render_duration_ms=323641 realtime_factor=16.65 delay_estimate_ms=12 probe_windows=1 probe_best_correlation=0.605 process_id=58005 process_session=a1ce5bb0-203b-4c23-a174-02c23c938595 uptime_ns=60050407850375
2026-09-17T10:42:27.238Z meeting_cleaned_mic_source session=95080146-89CE-4F24-9E54-C07AF5DF90D2 selected=cleaned reason=cleanedUsed timeout_s=600.000 process_id=58005 process_session=a1ce5bb0-203b-4c23-a174-02c23c938595 uptime_ns=60050408859291
2026-09-17T10:46:20.192Z meeting_system_diarization_completed session=95080146-89CE-4F24-9E54-C07AF5DF90D2 prior=unconstrained_large_attendee_count speakers=11 segments=700 duration_s=14.55 process_id=58005 process_session=a1ce5bb0-203b-4c23-a174-02c23c938595 uptime_ns=60283364182916
2026-09-17T10:46:20.390Z meeting_transcription_queue_stage session=95080146-89CE-4F24-9E54-C07AF5DF90D2 transcription=AA6FC0DA-FEA4-4DA1-8701-E54E9B4ADF35 stage=finalize_transcript outcome=success duration_s=556.816 process_id=58005 process_session=a1ce5bb0-203b-4c23-a174-02c23c938595 uptime_ns=60283561444125
2026-09-17T10:46:20.390Z meeting_transcription_queue_stage session=95080146-89CE-4F24-9E54-C07AF5DF90D2 transcription=AA6FC0DA-FEA4-4DA1-8701-E54E9B4ADF35 stage=settle_artifacts outcome=started process_id=58005 process_session=a1ce5bb0-203b-4c23-a174-02c23c938595 uptime_ns=60283561452750
2026-09-17T10:46:20.401Z meeting_transcription_queue_stage session=95080146-89CE-4F24-9E54-C07AF5DF90D2 transcription=AA6FC0DA-FEA4-4DA1-8701-E54E9B4ADF35 stage=settle_artifacts outcome=success duration_s=0.011 process_id=58005 process_session=a1ce5bb0-203b-4c23-a174-02c23c938595 uptime_ns=60283572623083
2026-09-17T11:00:51.084Z dictation_diagnostics_session_start pid=65469 version=0.8.4 build=20260917043813 source=dist-xcodebuild-release commit=d232ab095df7 process_id=65469 process_session=67e43df5-938b-41e9-9edb-e5c6e64a62fc uptime_ns=61154218574208
2026-09-17T11:00:52.422Z shared_mic_engine_prepare_timing vpio=false buffer_size=4096 set_vpio_ms=0.170 output_format_ms=0.022 install_tap_ms=0.005 total_ms=86.551 process_id=65469 process_session=67e43df5-938b-41e9-9edb-e5c6e64a62fc uptime_ns=61155556605166
2026-09-17T11:00:52.423Z shared_mic_engine_input_device_prepared source=system_default device=present transport=built-in vpio=false set_device_ms=0.000 prepare_engine_ms=87.372 process_id=65469 process_session=67e43df5-938b-41e9-9edb-e5c6e64a62fc uptime_ns=61155557417375
2026-09-17T11:00:53.861Z whisper_model_prepare_start model=large-v3-v20240930_turbo_632MB folder=openai_whisper-large-v3-v20240930_turbo_632MB process_id=65469 process_session=67e43df5-938b-41e9-9edb-e5c6e64a62fc uptime_ns=61156995180500
2026-09-17T11:00:56.916Z whisper_model_prepare_complete model=large-v3-v20240930_turbo_632MB duration_s=3.055 process_id=65469 process_session=67e43df5-938b-41e9-9edb-e5c6e64a62fc uptime_ns=61160050611000
2026-09-17T11:00:58.289Z meeting_live_chunking_mode session=CBD0CD67-D1BC-4C3E-9268-A7520F8B297E mode=fixed reason=non_parakeet_engine process_id=65469 process_session=67e43df5-938b-41e9-9edb-e5c6e64a62fc uptime_ns=61161423125833 workflow_id=9A54A8BA-489C-4D5F-A35C-502481FE0FE3 consumer=meeting
2026-09-17T11:00:58.321Z meeting_mic_capture_starting requested_mode=raw default_input=present default_input_transport=built-in process_id=65469 process_session=67e43df5-938b-41e9-9edb-e5c6e64a62fc uptime_ns=61161454893916 workflow_id=9A54A8BA-489C-4D5F-A35C-502481FE0FE3 consumer=meeting
2026-09-17T11:00:58.385Z system_audio_stream_screen_output_attached mode=discard process_id=65469 process_session=67e43df5-938b-41e9-9edb-e5c6e64a62fc uptime_ns=61161519156916 workflow_id=9A54A8BA-489C-4D5F-A35C-502481FE0FE3 consumer=meeting
2026-09-17T11:00:58.460Z shared_mic_engine_signal tap_id=1809A9B6-AF0F-4123-9782-762B5BD62A8A reason=startup_ready callbacks=1 empty_buffers=0 invalid_buffers=0 silent_buffers=0 nonzero_buffers=1 uninspected_buffers=0 forwarded_buffers=1 last_frames=4800 last_channels=1 last_sample_rate=48000.0 process_id=65469 process_session=67e43df5-938b-41e9-9edb-e5c6e64a62fc uptime_ns=61161594349583 workflow_id=9A54A8BA-489C-4D5F-A35C-502481FE0FE3 consumer=meeting
2026-09-17T11:00:58.461Z shared_mic_engine_started_from_prepared audio_engine_start_ms=130.296 process_id=65469 process_session=67e43df5-938b-41e9-9edb-e5c6e64a62fc uptime_ns=61161595701958 workflow_id=9A54A8BA-489C-4D5F-A35C-502481FE0FE3 consumer=meeting
2026-09-17T11:00:58.462Z shared_mic_diagnostics transition=subscribe wants_vpio=false blocks_vpio_promotion=true subscribers=1 vpio_subs=0 passive_subs=0 engine_running=true vpio_engaged=false vpio_deferred=false vpio_deferral_count=0 process_id=65469 process_session=67e43df5-938b-41e9-9edb-e5c6e64a62fc uptime_ns=61161596234625 workflow_id=9A54A8BA-489C-4D5F-A35C-502481FE0FE3 consumer=meeting
2026-09-17T11:00:58.462Z meeting_mic_first_buffer sr=48000.0 ch=1 interleaved=false process_id=65469 process_session=67e43df5-938b-41e9-9edb-e5c6e64a62fc uptime_ns=61161596232166 workflow_id=9A54A8BA-489C-4D5F-A35C-502481FE0FE3 consumer=meeting
2026-09-17T11:00:58.462Z meeting_mic_processing mode=raw process_id=65469 process_session=67e43df5-938b-41e9-9edb-e5c6e64a62fc uptime_ns=61161596853041 workflow_id=9A54A8BA-489C-4D5F-A35C-502481FE0FE3 consumer=meeting
2026-09-17T11:00:58.462Z audio_engine_lifecycle attempt_count=1 attempt_id=d5eb0c73-03eb-4ba7-a387-b8d664478ac5 buffer_size=4096 consumer=meeting elapsed_ms=138 operation=start outcome=success phase=ready phase_first_buffer_ms=104 phase_ms=0 phase_queue_wait_ms=0 phase_ready_ms=0 phase_route_resolution_ms=8 phase_start_engine_ms=25 phase_validate_route_ms=0 prepared=true route_source=system_default transport=built-in vpio=false was_slow=false workflow_id=9A54A8BA-489C-4D5F-A35C-502481FE0FE3 process_id=65469 process_session=67e43df5-938b-41e9-9edb-e5c6e64a62fc uptime_ns=61161596341666
2026-09-17T11:00:58.463Z meeting_mic_capture_started requested_mode=raw effective_mode=raw sr=48000.0 ch=1 default_input=present default_input_transport=built-in process_id=65469 process_session=67e43df5-938b-41e9-9edb-e5c6e64a62fc uptime_ns=61161597567000 workflow_id=9A54A8BA-489C-4D5F-A35C-502481FE0FE3 consumer=meeting
2026-09-17T11:00:58.475Z meeting_recording_started session=CBD0CD67-D1BC-4C3E-9268-A7520F8B297E source_mode=Optional(MacParakeetCore.MeetingAudioSourceMode.microphoneAndSystem) requested_mic_mode=raw effective_mic_mode=raw process_id=65469 process_session=67e43df5-938b-41e9-9edb-e5c6e64a62fc uptime_ns=61161609036666 workflow_id=9A54A8BA-489C-4D5F-A35C-502481FE0FE3 consumer=meeting
2026-09-17T11:00:58.531Z system_audio_stream_started sr=48000 ch=2 process_id=65469 process_session=67e43df5-938b-41e9-9edb-e5c6e64a62fc uptime_ns=61161665085750 workflow_id=9A54A8BA-489C-4D5F-A35C-502481FE0FE3 consumer=meeting
2026-09-17T11:00:58.555Z system_audio_stream_first_buffer sr=48000 ch=2 process_id=65469 process_session=67e43df5-938b-41e9-9edb-e5c6e64a62fc uptime_ns=61161689748875 workflow_id=9A54A8BA-489C-4D5F-A35C-502481FE0FE3 consumer=meeting
2026-09-17T11:31:06.681Z meeting_stop_stage session=CBD0CD67-D1BC-4C3E-9268-A7520F8B297E stage=notes_commit duration_ms=4 outcome=success process_id=65469 process_session=67e43df5-938b-41e9-9edb-e5c6e64a62fc uptime_ns=62969793343250 workflow_id=9A54A8BA-489C-4D5F-A35C-502481FE0FE3 consumer=meeting
2026-09-17T11:31:06.684Z meeting_recording_stopping session=CBD0CD67-D1BC-4C3E-9268-A7520F8B297E process_id=65469 process_session=67e43df5-938b-41e9-9edb-e5c6e64a62fc uptime_ns=62969795710166 workflow_id=9A54A8BA-489C-4D5F-A35C-502481FE0FE3 consumer=meeting
2026-09-17T11:31:06.686Z shared_mic_engine_signal tap_id=1809A9B6-AF0F-4123-9782-762B5BD62A8A reason=teardown callbacks=18083 empty_buffers=0 invalid_buffers=0 silent_buffers=0 nonzero_buffers=18083 uninspected_buffers=0 forwarded_buffers=18083 last_frames=4800 last_channels=1 last_sample_rate=48000.0 process_id=65469 process_session=67e43df5-938b-41e9-9edb-e5c6e64a62fc uptime_ns=62969797924208 workflow_id=9A54A8BA-489C-4D5F-A35C-502481FE0FE3 consumer=meeting
2026-09-17T11:31:06.700Z shared_mic_engine_stopped process_id=65469 process_session=67e43df5-938b-41e9-9edb-e5c6e64a62fc uptime_ns=62969812145541 workflow_id=9A54A8BA-489C-4D5F-A35C-502481FE0FE3 consumer=meeting
2026-09-17T11:31:06.701Z shared_mic_diagnostics transition=unsubscribe wants_vpio=n/a blocks_vpio_promotion=n/a subscribers=0 vpio_subs=0 passive_subs=0 engine_running=false vpio_engaged=false vpio_deferred=false vpio_deferral_count=0 process_id=65469 process_session=67e43df5-938b-41e9-9edb-e5c6e64a62fc uptime_ns=62969812747666 workflow_id=9A54A8BA-489C-4D5F-A35C-502481FE0FE3 consumer=meeting
2026-09-17T11:31:06.702Z meeting_mic_capture_stopped default_input=present default_input_transport=built-in process_id=65469 process_session=67e43df5-938b-41e9-9edb-e5c6e64a62fc uptime_ns=62969813565041 workflow_id=9A54A8BA-489C-4D5F-A35C-502481FE0FE3 consumer=meeting
2026-09-17T11:31:06.722Z system_audio_stream_stopped outcome=completed process_id=65469 process_session=67e43df5-938b-41e9-9edb-e5c6e64a62fc uptime_ns=62969834052541 workflow_id=9A54A8BA-489C-4D5F-A35C-502481FE0FE3 consumer=meeting
2026-09-17T11:31:06.726Z meeting_stop_stage session=CBD0CD67-D1BC-4C3E-9268-A7520F8B297E stage=capture_stop duration_ms=41 outcome=success process_id=65469 process_session=67e43df5-938b-41e9-9edb-e5c6e64a62fc uptime_ns=62969837547500 workflow_id=9A54A8BA-489C-4D5F-A35C-502481FE0FE3 consumer=meeting
2026-09-17T11:31:06.738Z meeting_stop_stage session=CBD0CD67-D1BC-4C3E-9268-A7520F8B297E stage=processing_drain duration_ms=12 outcome=success process_id=65469 process_session=67e43df5-938b-41e9-9edb-e5c6e64a62fc uptime_ns=62969850339500 workflow_id=9A54A8BA-489C-4D5F-A35C-502481FE0FE3 consumer=meeting
2026-09-17T11:31:06.771Z shared_mic_engine_prepare_timing vpio=false buffer_size=4096 set_vpio_ms=0.006 output_format_ms=0.032 install_tap_ms=0.006 total_ms=64.771 process_id=65469 process_session=67e43df5-938b-41e9-9edb-e5c6e64a62fc uptime_ns=62969883275166 workflow_id=9A54A8BA-489C-4D5F-A35C-502481FE0FE3 consumer=meeting
2026-09-17T11:31:06.772Z shared_mic_engine_input_device_prepared source=system_default device=present transport=built-in vpio=false set_device_ms=0.000 prepare_engine_ms=67.105 process_id=65469 process_session=67e43df5-938b-41e9-9edb-e5c6e64a62fc uptime_ns=62969884514000 workflow_id=9A54A8BA-489C-4D5F-A35C-502481FE0FE3 consumer=meeting
2026-09-17T11:31:06.785Z meeting_stop_stage session=CBD0CD67-D1BC-4C3E-9268-A7520F8B297E stage=writer_finalize duration_ms=45 outcome=success process_id=65469 process_session=67e43df5-938b-41e9-9edb-e5c6e64a62fc uptime_ns=62969896657541 workflow_id=9A54A8BA-489C-4D5F-A35C-502481FE0FE3 consumer=meeting
2026-09-17T11:31:06.817Z meeting_stop_stage session=CBD0CD67-D1BC-4C3E-9268-A7520F8B297E stage=source_urls duration_ms=32 outcome=success process_id=65469 process_session=67e43df5-938b-41e9-9edb-e5c6e64a62fc uptime_ns=62969929002750 workflow_id=9A54A8BA-489C-4D5F-A35C-502481FE0FE3 consumer=meeting
2026-09-17T11:31:06.820Z meeting_stop_stage session=CBD0CD67-D1BC-4C3E-9268-A7520F8B297E stage=metadata_save duration_ms=1 outcome=success process_id=65469 process_session=67e43df5-938b-41e9-9edb-e5c6e64a62fc uptime_ns=62969931887666 workflow_id=9A54A8BA-489C-4D5F-A35C-502481FE0FE3 consumer=meeting
2026-09-17T11:31:24.439Z meeting_stop_stage session=CBD0CD67-D1BC-4C3E-9268-A7520F8B297E stage=mix duration_ms=17619 outcome=success process_id=65469 process_session=67e43df5-938b-41e9-9edb-e5c6e64a62fc uptime_ns=62987550738125 workflow_id=9A54A8BA-489C-4D5F-A35C-502481FE0FE3 consumer=meeting
2026-09-17T11:31:24.444Z meeting_stop_stage session=CBD0CD67-D1BC-4C3E-9268-A7520F8B297E stage=notes_write duration_ms=1 outcome=success process_id=65469 process_session=67e43df5-938b-41e9-9edb-e5c6e64a62fc uptime_ns=62987556203125 workflow_id=9A54A8BA-489C-4D5F-A35C-502481FE0FE3 consumer=meeting
2026-09-17T11:31:24.450Z meeting_stop_stage session=CBD0CD67-D1BC-4C3E-9268-A7520F8B297E stage=lock_write duration_ms=4 outcome=success process_id=65469 process_session=67e43df5-938b-41e9-9edb-e5c6e64a62fc uptime_ns=62987561908875 workflow_id=9A54A8BA-489C-4D5F-A35C-502481FE0FE3 consumer=meeting
2026-09-17T11:31:24.452Z meeting_cleaned_mic session=CBD0CD67-D1BC-4C3E-9268-A7520F8B297E outcome=scheduled process_id=65469 process_session=67e43df5-938b-41e9-9edb-e5c6e64a62fc uptime_ns=62987563931708 workflow_id=9A54A8BA-489C-4D5F-A35C-502481FE0FE3 consumer=meeting
2026-09-17T11:31:24.453Z meeting_stop_stage session=CBD0CD67-D1BC-4C3E-9268-A7520F8B297E stage=cleaned_mic_schedule duration_ms=2 outcome=success process_id=65469 process_session=67e43df5-938b-41e9-9edb-e5c6e64a62fc uptime_ns=62987564343250 workflow_id=9A54A8BA-489C-4D5F-A35C-502481FE0FE3 consumer=meeting
2026-09-17T11:31:24.454Z meeting_stop_stage session=CBD0CD67-D1BC-4C3E-9268-A7520F8B297E stage=cleanup duration_ms=1 outcome=success process_id=65469 process_session=67e43df5-938b-41e9-9edb-e5c6e64a62fc uptime_ns=62987565715875 workflow_id=9A54A8BA-489C-4D5F-A35C-502481FE0FE3 consumer=meeting
2026-09-17T11:31:24.455Z meeting_recording_stopped session=CBD0CD67-D1BC-4C3E-9268-A7520F8B297E duration_s=1808.277 process_id=65469 process_session=67e43df5-938b-41e9-9edb-e5c6e64a62fc uptime_ns=62987566438500 workflow_id=9A54A8BA-489C-4D5F-A35C-502481FE0FE3 consumer=meeting
2026-09-17T11:31:24.456Z meeting_recording_health session=CBD0CD67-D1BC-4C3E-9268-A7520F8B297E duration_s=1808.209 captured_duration_s=1808.300 capture_quality=healthy source_mode=microphone_and_system capture_start_completed=true mic_started=true requested_mic_mode=raw effective_mic_mode=raw mic_first_buffer=true system_first_buffer=true mic_bytes=15194539 system_bytes=14856300 mixed_bytes=29536993 mic_frames=86798400 system_frames=86789760 mic_coverage=1.000 system_coverage=1.000 mic_capture_status=complete system_capture_status=complete mic_chunks_enqueued=252 system_chunks_enqueued=446 mic_chunks_low_signal_dropped=5 system_chunks_low_signal_dropped=5 mic_chunks_system_dominant_dropped=194 mic_peak_level=1.000 system_peak_level=0.823 system_signal=present backpressure_drops=0 transcription_failures=0 interrupted_sources=none capture_failed=false process_id=65469 process_session=67e43df5-938b-41e9-9edb-e5c6e64a62fc uptime_ns=62987567411625 workflow_id=9A54A8BA-489C-4D5F-A35C-502481FE0FE3 consumer=meeting
2026-09-17T11:31:24.456Z meeting_echo_suppression_summary session=CBD0CD67-D1BC-4C3E-9268-A7520F8B297E processor=localvqe loaded=true mic_frames=113007 processed_frames=113007 raw_fallback_frames=0 full_reference_frames=113007 partial_reference_frames=0 missing_reference_frames=0 processing_failures=0 current_delay_samples=978 delay_confidence=0.813 delay_estimate_count=47 rejected_delay_estimates=3569 process_id=65469 process_session=67e43df5-938b-41e9-9edb-e5c6e64a62fc uptime_ns=62987568216833 workflow_id=9A54A8BA-489C-4D5F-A35C-502481FE0FE3 consumer=meeting
2026-09-17T11:31:24.459Z meeting_stop_stage session=CBD0CD67-D1BC-4C3E-9268-A7520F8B297E stage=service_total duration_ms=17775 outcome=success process_id=65469 process_session=67e43df5-938b-41e9-9edb-e5c6e64a62fc uptime_ns=62987570558125 workflow_id=9A54A8BA-489C-4D5F-A35C-502481FE0FE3 consumer=meeting
2026-09-17T11:31:24.460Z meeting_stop_stage session=CBD0CD67-D1BC-4C3E-9268-A7520F8B297E stage=service_stop duration_ms=17776 outcome=success process_id=65469 process_session=67e43df5-938b-41e9-9edb-e5c6e64a62fc uptime_ns=62987571421208 workflow_id=9A54A8BA-489C-4D5F-A35C-502481FE0FE3 consumer=meeting
2026-09-17T11:31:24.480Z meeting_stop_stage session=CBD0CD67-D1BC-4C3E-9268-A7520F8B297E stage=prepare_row duration_ms=19 outcome=success process_id=65469 process_session=67e43df5-938b-41e9-9edb-e5c6e64a62fc uptime_ns=62987592127208 workflow_id=9A54A8BA-489C-4D5F-A35C-502481FE0FE3 consumer=meeting
2026-09-17T11:31:24.483Z meeting_stop_stage session=CBD0CD67-D1BC-4C3E-9268-A7520F8B297E stage=queue_enqueue duration_ms=2 outcome=success process_id=65469 process_session=67e43df5-938b-41e9-9edb-e5c6e64a62fc uptime_ns=62987595115541 workflow_id=9A54A8BA-489C-4D5F-A35C-502481FE0FE3 consumer=meeting
2026-09-17T11:31:24.493Z meeting_stop_stage session=CBD0CD67-D1BC-4C3E-9268-A7520F8B297E stage=queued_total duration_ms=17816 outcome=success process_id=65469 process_session=67e43df5-938b-41e9-9edb-e5c6e64a62fc uptime_ns=62987604707875
2026-09-17T11:31:24.498Z meeting_transcription_queue_stage session=CBD0CD67-D1BC-4C3E-9268-A7520F8B297E transcription=99FD7AE8-5956-43A3-A631-E7B083CDFB7E stage=prepare_row outcome=started process_id=65469 process_session=67e43df5-938b-41e9-9edb-e5c6e64a62fc uptime_ns=62987609377166
2026-09-17T11:31:24.498Z meeting_transcription_queue_stage session=CBD0CD67-D1BC-4C3E-9268-A7520F8B297E transcription=99FD7AE8-5956-43A3-A631-E7B083CDFB7E stage=prepare_row outcome=success duration_s=0.001 process_id=65469 process_session=67e43df5-938b-41e9-9edb-e5c6e64a62fc uptime_ns=62987610069333
2026-09-17T11:31:24.498Z meeting_transcription_queue_stage session=CBD0CD67-D1BC-4C3E-9268-A7520F8B297E transcription=99FD7AE8-5956-43A3-A631-E7B083CDFB7E stage=finalize_transcript outcome=started process_id=65469 process_session=67e43df5-938b-41e9-9edb-e5c6e64a62fc uptime_ns=62987610074000
2026-09-17T11:33:18.092Z meeting_cleaned_mic session=CBD0CD67-D1BC-4C3E-9268-A7520F8B297E outcome=rendered duration_s=1808.300 render_duration_ms=113595 realtime_factor=15.92 processed_frames=113018 raw_fallback_frames=1 failures=0 rms_ratio=0.93 probe_windows=1 probe_best_correlation=0.660 process_id=65469 process_session=67e43df5-938b-41e9-9edb-e5c6e64a62fc uptime_ns=63101205801208
2026-09-17T11:33:18.110Z meeting_echo_suppression_resolution session=CBD0CD67-D1BC-4C3E-9268-A7520F8B297E reason_code=cleanedUsed model_version=localvqe-v1.4-aec-200K-f32.gguf render_duration_ms=113595 realtime_factor=15.92 delay_estimate_ms=2 probe_windows=1 probe_best_correlation=0.660 process_id=65469 process_session=67e43df5-938b-41e9-9edb-e5c6e64a62fc uptime_ns=63101223292708
2026-09-17T11:33:18.111Z meeting_cleaned_mic_source session=CBD0CD67-D1BC-4C3E-9268-A7520F8B297E selected=cleaned reason=cleanedUsed timeout_s=452.069 process_id=65469 process_session=67e43df5-938b-41e9-9edb-e5c6e64a62fc uptime_ns=63101224728583
2026-09-17T11:37:25.134Z meeting_system_diarization_completed session=CBD0CD67-D1BC-4C3E-9268-A7520F8B297E prior=unconstrained_large_attendee_count speakers=8 segments=690 duration_s=13.68 process_id=65469 process_session=67e43df5-938b-41e9-9edb-e5c6e64a62fc uptime_ns=63348245403583
2026-09-17T11:37:25.796Z meeting_transcription_queue_stage session=CBD0CD67-D1BC-4C3E-9268-A7520F8B297E transcription=99FD7AE8-5956-43A3-A631-E7B083CDFB7E stage=finalize_transcript outcome=success duration_s=361.298 process_id=65469 process_session=67e43df5-938b-41e9-9edb-e5c6e64a62fc uptime_ns=63348907002083
2026-09-17T11:37:25.796Z meeting_transcription_queue_stage session=CBD0CD67-D1BC-4C3E-9268-A7520F8B297E transcription=99FD7AE8-5956-43A3-A631-E7B083CDFB7E stage=settle_artifacts outcome=started process_id=65469 process_session=67e43df5-938b-41e9-9edb-e5c6e64a62fc uptime_ns=63348907011500
2026-09-17T11:37:25.826Z meeting_transcription_queue_stage session=CBD0CD67-D1BC-4C3E-9268-A7520F8B297E transcription=99FD7AE8-5956-43A3-A631-E7B083CDFB7E stage=settle_artifacts outcome=success duration_s=0.029 process_id=65469 process_session=67e43df5-938b-41e9-9edb-e5c6e64a62fc uptime_ns=63348936505000
2026-09-17T11:42:13.312Z dictation_diagnostics_session_start pid=67757 version=0.8.4 build=20260917043813 source=dist-xcodebuild-release commit=d232ab095df7 process_id=67757 process_session=8b2b7632-6033-452c-bc3a-621b328f1820 uptime_ns=63636419936875
2026-09-17T11:42:14.392Z shared_mic_engine_prepare_timing vpio=false buffer_size=4096 set_vpio_ms=0.020 output_format_ms=0.022 install_tap_ms=0.005 total_ms=70.972 process_id=67757 process_session=8b2b7632-6033-452c-bc3a-621b328f1820 uptime_ns=63637499870083
2026-09-17T11:42:14.393Z shared_mic_engine_input_device_prepared source=system_default device=present transport=built-in vpio=false set_device_ms=0.000 prepare_engine_ms=71.570 process_id=67757 process_session=8b2b7632-6033-452c-bc3a-621b328f1820 uptime_ns=63637500471916
2026-09-17T11:42:15.852Z whisper_model_prepare_start model=large-v3-v20240930_turbo_632MB folder=openai_whisper-large-v3-v20240930_turbo_632MB process_id=67757 process_session=8b2b7632-6033-452c-bc3a-621b328f1820 uptime_ns=63638959740041
2026-09-17T11:42:17.844Z whisper_model_prepare_complete model=large-v3-v20240930_turbo_632MB duration_s=1.992 process_id=67757 process_session=8b2b7632-6033-452c-bc3a-621b328f1820 uptime_ns=63640952087750
2026-09-17T11:42:19.288Z meeting_live_chunking_mode session=6FDBC5DB-C420-4C50-97E6-853914A140FD mode=fixed reason=non_parakeet_engine process_id=67757 process_session=8b2b7632-6033-452c-bc3a-621b328f1820 uptime_ns=63642395458791 workflow_id=8EEA39A5-6078-404F-B6BF-A0072479A172 consumer=meeting
2026-09-17T11:42:19.306Z meeting_mic_capture_starting requested_mode=raw default_input=present default_input_transport=built-in process_id=67757 process_session=8b2b7632-6033-452c-bc3a-621b328f1820 uptime_ns=63642414116250 workflow_id=8EEA39A5-6078-404F-B6BF-A0072479A172 consumer=meeting
2026-09-17T11:42:19.351Z system_audio_stream_screen_output_attached mode=discard process_id=67757 process_session=8b2b7632-6033-452c-bc3a-621b328f1820 uptime_ns=63642458326666 workflow_id=8EEA39A5-6078-404F-B6BF-A0072479A172 consumer=meeting
2026-09-17T11:42:19.428Z shared_mic_engine_signal tap_id=1AB3D8E6-F0A9-4CAB-8A13-AD9E400FE73B reason=startup_ready callbacks=1 empty_buffers=0 invalid_buffers=0 silent_buffers=0 nonzero_buffers=1 uninspected_buffers=0 forwarded_buffers=1 last_frames=4800 last_channels=1 last_sample_rate=48000.0 process_id=67757 process_session=8b2b7632-6033-452c-bc3a-621b328f1820 uptime_ns=63642535345125 workflow_id=8EEA39A5-6078-404F-B6BF-A0072479A172 consumer=meeting
2026-09-17T11:42:19.428Z shared_mic_engine_started_from_prepared audio_engine_start_ms=118.845 process_id=67757 process_session=8b2b7632-6033-452c-bc3a-621b328f1820 uptime_ns=63642536088500 workflow_id=8EEA39A5-6078-404F-B6BF-A0072479A172 consumer=meeting
2026-09-17T11:42:19.429Z shared_mic_diagnostics transition=subscribe wants_vpio=false blocks_vpio_promotion=true subscribers=1 vpio_subs=0 passive_subs=0 engine_running=true vpio_engaged=false vpio_deferred=false vpio_deferral_count=0 process_id=67757 process_session=8b2b7632-6033-452c-bc3a-621b328f1820 uptime_ns=63642536527416 workflow_id=8EEA39A5-6078-404F-B6BF-A0072479A172 consumer=meeting
2026-09-17T11:42:19.429Z meeting_mic_first_buffer sr=48000.0 ch=1 interleaved=false process_id=67757 process_session=8b2b7632-6033-452c-bc3a-621b328f1820 uptime_ns=63642536526375 workflow_id=8EEA39A5-6078-404F-B6BF-A0072479A172 consumer=meeting
2026-09-17T11:42:19.429Z audio_engine_lifecycle attempt_count=1 attempt_id=a8409fc7-99ae-4085-b64b-6f3627fe2972 buffer_size=4096 consumer=meeting elapsed_ms=121 operation=start outcome=success phase=ready phase_first_buffer_ms=106 phase_ms=0 phase_queue_wait_ms=0 phase_ready_ms=0 phase_route_resolution_ms=2 phase_start_engine_ms=11 phase_validate_route_ms=0 prepared=true route_source=system_default transport=built-in vpio=false was_slow=false workflow_id=8EEA39A5-6078-404F-B6BF-A0072479A172 process_id=67757 process_session=8b2b7632-6033-452c-bc3a-621b328f1820 uptime_ns=63642536557625
2026-09-17T11:42:19.429Z meeting_mic_processing mode=raw process_id=67757 process_session=8b2b7632-6033-452c-bc3a-621b328f1820 uptime_ns=63642536941583 workflow_id=8EEA39A5-6078-404F-B6BF-A0072479A172 consumer=meeting
2026-09-17T11:42:19.430Z meeting_mic_capture_started requested_mode=raw effective_mode=raw sr=48000.0 ch=1 default_input=present default_input_transport=built-in process_id=67757 process_session=8b2b7632-6033-452c-bc3a-621b328f1820 uptime_ns=63642537781041 workflow_id=8EEA39A5-6078-404F-B6BF-A0072479A172 consumer=meeting
2026-09-17T11:42:19.436Z meeting_recording_started session=6FDBC5DB-C420-4C50-97E6-853914A140FD source_mode=Optional(MacParakeetCore.MeetingAudioSourceMode.microphoneAndSystem) requested_mic_mode=raw effective_mic_mode=raw process_id=67757 process_session=8b2b7632-6033-452c-bc3a-621b328f1820 uptime_ns=63642543510041 workflow_id=8EEA39A5-6078-404F-B6BF-A0072479A172 consumer=meeting
2026-09-17T11:42:19.439Z system_audio_stream_started sr=48000 ch=2 process_id=67757 process_session=8b2b7632-6033-452c-bc3a-621b328f1820 uptime_ns=63642546440916 workflow_id=8EEA39A5-6078-404F-B6BF-A0072479A172 consumer=meeting
2026-09-17T11:42:19.465Z system_audio_stream_first_buffer sr=48000 ch=2 process_id=67757 process_session=8b2b7632-6033-452c-bc3a-621b328f1820 uptime_ns=63642572542250 workflow_id=8EEA39A5-6078-404F-B6BF-A0072479A172 consumer=meeting
2026-09-17T12:00:45.653Z meeting_stop_stage session=6FDBC5DB-C420-4C50-97E6-853914A140FD stage=notes_commit duration_ms=4 outcome=success process_id=67757 process_session=8b2b7632-6033-452c-bc3a-621b328f1820 uptime_ns=64748748991375 workflow_id=8EEA39A5-6078-404F-B6BF-A0072479A172 consumer=meeting
2026-09-17T12:00:45.655Z meeting_recording_stopping session=6FDBC5DB-C420-4C50-97E6-853914A140FD process_id=67757 process_session=8b2b7632-6033-452c-bc3a-621b328f1820 uptime_ns=64748751106000 workflow_id=8EEA39A5-6078-404F-B6BF-A0072479A172 consumer=meeting
2026-09-17T12:00:45.658Z shared_mic_engine_signal tap_id=1AB3D8E6-F0A9-4CAB-8A13-AD9E400FE73B reason=teardown callbacks=11063 empty_buffers=0 invalid_buffers=0 silent_buffers=0 nonzero_buffers=11063 uninspected_buffers=0 forwarded_buffers=11063 last_frames=4800 last_channels=1 last_sample_rate=48000.0 process_id=67757 process_session=8b2b7632-6033-452c-bc3a-621b328f1820 uptime_ns=64748753543125 workflow_id=8EEA39A5-6078-404F-B6BF-A0072479A172 consumer=meeting
2026-09-17T12:00:45.671Z shared_mic_engine_stopped process_id=67757 process_session=8b2b7632-6033-452c-bc3a-621b328f1820 uptime_ns=64748766555416 workflow_id=8EEA39A5-6078-404F-B6BF-A0072479A172 consumer=meeting
2026-09-17T12:00:45.672Z shared_mic_diagnostics transition=unsubscribe wants_vpio=n/a blocks_vpio_promotion=n/a subscribers=0 vpio_subs=0 passive_subs=0 engine_running=false vpio_engaged=false vpio_deferred=false vpio_deferral_count=0 process_id=67757 process_session=8b2b7632-6033-452c-bc3a-621b328f1820 uptime_ns=64748767217458 workflow_id=8EEA39A5-6078-404F-B6BF-A0072479A172 consumer=meeting
2026-09-17T12:00:45.672Z meeting_mic_capture_stopped default_input=present default_input_transport=built-in process_id=67757 process_session=8b2b7632-6033-452c-bc3a-621b328f1820 uptime_ns=64748767880791 workflow_id=8EEA39A5-6078-404F-B6BF-A0072479A172 consumer=meeting
2026-09-17T12:00:45.681Z system_audio_stream_stopped outcome=completed process_id=67757 process_session=8b2b7632-6033-452c-bc3a-621b328f1820 uptime_ns=64748777035500 workflow_id=8EEA39A5-6078-404F-B6BF-A0072479A172 consumer=meeting
2026-09-17T12:00:45.683Z meeting_stop_stage session=6FDBC5DB-C420-4C50-97E6-853914A140FD stage=capture_stop duration_ms=27 outcome=success process_id=67757 process_session=8b2b7632-6033-452c-bc3a-621b328f1820 uptime_ns=64748778658958 workflow_id=8EEA39A5-6078-404F-B6BF-A0072479A172 consumer=meeting
2026-09-17T12:00:45.695Z meeting_stop_stage session=6FDBC5DB-C420-4C50-97E6-853914A140FD stage=processing_drain duration_ms=11 outcome=success process_id=67757 process_session=8b2b7632-6033-452c-bc3a-621b328f1820 uptime_ns=64748790463541 workflow_id=8EEA39A5-6078-404F-B6BF-A0072479A172 consumer=meeting
2026-09-17T12:00:45.714Z shared_mic_engine_prepare_timing vpio=false buffer_size=4096 set_vpio_ms=0.004 output_format_ms=0.010 install_tap_ms=0.005 total_ms=39.480 process_id=67757 process_session=8b2b7632-6033-452c-bc3a-621b328f1820 uptime_ns=64748810033291 workflow_id=8EEA39A5-6078-404F-B6BF-A0072479A172 consumer=meeting
2026-09-17T12:00:45.726Z shared_mic_engine_input_device_prepared source=system_default device=present transport=built-in vpio=false set_device_ms=0.000 prepare_engine_ms=50.994 process_id=67757 process_session=8b2b7632-6033-452c-bc3a-621b328f1820 uptime_ns=64748821569791 workflow_id=8EEA39A5-6078-404F-B6BF-A0072479A172 consumer=meeting
2026-09-17T12:00:45.731Z meeting_stop_stage session=6FDBC5DB-C420-4C50-97E6-853914A140FD stage=writer_finalize duration_ms=35 outcome=success process_id=67757 process_session=8b2b7632-6033-452c-bc3a-621b328f1820 uptime_ns=64748826365875 workflow_id=8EEA39A5-6078-404F-B6BF-A0072479A172 consumer=meeting
2026-09-17T12:00:45.749Z meeting_stop_stage session=6FDBC5DB-C420-4C50-97E6-853914A140FD stage=source_urls duration_ms=18 outcome=success process_id=67757 process_session=8b2b7632-6033-452c-bc3a-621b328f1820 uptime_ns=64748844456541 workflow_id=8EEA39A5-6078-404F-B6BF-A0072479A172 consumer=meeting
2026-09-17T12:00:45.751Z meeting_stop_stage session=6FDBC5DB-C420-4C50-97E6-853914A140FD stage=metadata_save duration_ms=1 outcome=success process_id=67757 process_session=8b2b7632-6033-452c-bc3a-621b328f1820 uptime_ns=64748846504375 workflow_id=8EEA39A5-6078-404F-B6BF-A0072479A172 consumer=meeting
2026-09-17T12:00:56.023Z meeting_stop_stage session=6FDBC5DB-C420-4C50-97E6-853914A140FD stage=mix duration_ms=10271 outcome=success process_id=67757 process_session=8b2b7632-6033-452c-bc3a-621b328f1820 uptime_ns=64759118235833 workflow_id=8EEA39A5-6078-404F-B6BF-A0072479A172 consumer=meeting
2026-09-17T12:00:56.024Z meeting_stop_stage session=6FDBC5DB-C420-4C50-97E6-853914A140FD stage=notes_write duration_ms=0 outcome=success process_id=67757 process_session=8b2b7632-6033-452c-bc3a-621b328f1820 uptime_ns=64759119336458 workflow_id=8EEA39A5-6078-404F-B6BF-A0072479A172 consumer=meeting
2026-09-17T12:00:56.025Z meeting_stop_stage session=6FDBC5DB-C420-4C50-97E6-853914A140FD stage=lock_write duration_ms=1 outcome=success process_id=67757 process_session=8b2b7632-6033-452c-bc3a-621b328f1820 uptime_ns=64759120344208 workflow_id=8EEA39A5-6078-404F-B6BF-A0072479A172 consumer=meeting
2026-09-17T12:00:56.026Z meeting_cleaned_mic session=6FDBC5DB-C420-4C50-97E6-853914A140FD outcome=scheduled process_id=67757 process_session=8b2b7632-6033-452c-bc3a-621b328f1820 uptime_ns=64759121137375 workflow_id=8EEA39A5-6078-404F-B6BF-A0072479A172 consumer=meeting
2026-09-17T12:00:56.026Z meeting_stop_stage session=6FDBC5DB-C420-4C50-97E6-853914A140FD stage=cleaned_mic_schedule duration_ms=1 outcome=success process_id=67757 process_session=8b2b7632-6033-452c-bc3a-621b328f1820 uptime_ns=64759121442291 workflow_id=8EEA39A5-6078-404F-B6BF-A0072479A172 consumer=meeting
2026-09-17T12:00:56.026Z meeting_stop_stage session=6FDBC5DB-C420-4C50-97E6-853914A140FD stage=cleanup duration_ms=0 outcome=success process_id=67757 process_session=8b2b7632-6033-452c-bc3a-621b328f1820 uptime_ns=64759121727125 workflow_id=8EEA39A5-6078-404F-B6BF-A0072479A172 consumer=meeting
2026-09-17T12:00:56.027Z meeting_recording_stopped session=6FDBC5DB-C420-4C50-97E6-853914A140FD duration_s=1106.277 process_id=67757 process_session=8b2b7632-6033-452c-bc3a-621b328f1820 uptime_ns=64759122101958 workflow_id=8EEA39A5-6078-404F-B6BF-A0072479A172 consumer=meeting
2026-09-17T12:00:56.027Z meeting_recording_health session=6FDBC5DB-C420-4C50-97E6-853914A140FD duration_s=1106.220 captured_duration_s=1106.300 capture_quality=healthy source_mode=microphone_and_system capture_start_completed=true mic_started=true requested_mic_mode=raw effective_mic_mode=raw mic_first_buffer=true system_first_buffer=true mic_bytes=9282751 system_bytes=9034870 mixed_bytes=18075353 mic_frames=53102400 system_frames=53096640 mic_coverage=1.000 system_coverage=1.000 mic_capture_status=complete system_capture_status=complete mic_chunks_enqueued=182 system_chunks_enqueued=275 mic_chunks_low_signal_dropped=0 system_chunks_low_signal_dropped=1 mic_chunks_system_dominant_dropped=94 mic_peak_level=1.000 system_peak_level=0.834 system_signal=present backpressure_drops=0 transcription_failures=0 interrupted_sources=none capture_failed=false process_id=67757 process_session=8b2b7632-6033-452c-bc3a-621b328f1820 uptime_ns=64759122595958 workflow_id=8EEA39A5-6078-404F-B6BF-A0072479A172 consumer=meeting
2026-09-17T12:00:56.027Z meeting_echo_suppression_summary session=6FDBC5DB-C420-4C50-97E6-853914A140FD processor=localvqe loaded=true mic_frames=69136 processed_frames=69136 raw_fallback_frames=0 full_reference_frames=69136 partial_reference_frames=0 missing_reference_frames=0 processing_failures=0 current_delay_samples=1 delay_confidence=0.859 delay_estimate_count=312 rejected_delay_estimates=1900 process_id=67757 process_session=8b2b7632-6033-452c-bc3a-621b328f1820 uptime_ns=64759123017250 workflow_id=8EEA39A5-6078-404F-B6BF-A0072479A172 consumer=meeting
2026-09-17T12:00:56.028Z meeting_stop_stage session=6FDBC5DB-C420-4C50-97E6-853914A140FD stage=service_total duration_ms=10373 outcome=success process_id=67757 process_session=8b2b7632-6033-452c-bc3a-621b328f1820 uptime_ns=64759123703208 workflow_id=8EEA39A5-6078-404F-B6BF-A0072479A172 consumer=meeting
2026-09-17T12:00:56.028Z meeting_stop_stage session=6FDBC5DB-C420-4C50-97E6-853914A140FD stage=service_stop duration_ms=10373 outcome=success process_id=67757 process_session=8b2b7632-6033-452c-bc3a-621b328f1820 uptime_ns=64759124019250 workflow_id=8EEA39A5-6078-404F-B6BF-A0072479A172 consumer=meeting
2026-09-17T12:00:56.047Z meeting_stop_stage session=6FDBC5DB-C420-4C50-97E6-853914A140FD stage=prepare_row duration_ms=18 outcome=success process_id=67757 process_session=8b2b7632-6033-452c-bc3a-621b328f1820 uptime_ns=64759142958833 workflow_id=8EEA39A5-6078-404F-B6BF-A0072479A172 consumer=meeting
2026-09-17T12:00:56.053Z meeting_stop_stage session=6FDBC5DB-C420-4C50-97E6-853914A140FD stage=queue_enqueue duration_ms=1 outcome=success process_id=67757 process_session=8b2b7632-6033-452c-bc3a-621b328f1820 uptime_ns=64759148331708 workflow_id=8EEA39A5-6078-404F-B6BF-A0072479A172 consumer=meeting
2026-09-17T12:00:56.058Z meeting_stop_stage session=6FDBC5DB-C420-4C50-97E6-853914A140FD stage=queued_total duration_ms=10408 outcome=success process_id=67757 process_session=8b2b7632-6033-452c-bc3a-621b328f1820 uptime_ns=64759153222083
2026-09-17T12:00:56.062Z meeting_transcription_queue_stage session=6FDBC5DB-C420-4C50-97E6-853914A140FD transcription=435B4CC0-7065-4D77-9C3A-81B5EA3F0C5D stage=prepare_row outcome=started process_id=67757 process_session=8b2b7632-6033-452c-bc3a-621b328f1820 uptime_ns=64759157901500
2026-09-17T12:00:56.063Z meeting_transcription_queue_stage session=6FDBC5DB-C420-4C50-97E6-853914A140FD transcription=435B4CC0-7065-4D77-9C3A-81B5EA3F0C5D stage=prepare_row outcome=success duration_s=0.001 process_id=67757 process_session=8b2b7632-6033-452c-bc3a-621b328f1820 uptime_ns=64759158469000
2026-09-17T12:00:56.063Z meeting_transcription_queue_stage session=6FDBC5DB-C420-4C50-97E6-853914A140FD transcription=435B4CC0-7065-4D77-9C3A-81B5EA3F0C5D stage=finalize_transcript outcome=started process_id=67757 process_session=8b2b7632-6033-452c-bc3a-621b328f1820 uptime_ns=64759158474625
2026-09-17T12:02:03.567Z meeting_cleaned_mic session=6FDBC5DB-C420-4C50-97E6-853914A140FD outcome=rendered duration_s=1106.300 render_duration_ms=67541 realtime_factor=16.38 processed_frames=69143 raw_fallback_frames=1 failures=0 rms_ratio=0.32 probe_windows=1 probe_best_correlation=0.360 process_id=67757 process_session=8b2b7632-6033-452c-bc3a-621b328f1820 uptime_ns=64826661877666
2026-09-17T12:02:03.573Z meeting_echo_suppression_resolution session=6FDBC5DB-C420-4C50-97E6-853914A140FD reason_code=cleanedUsed model_version=localvqe-v1.4-aec-200K-f32.gguf render_duration_ms=67541 realtime_factor=16.38 delay_estimate_ms=1 probe_windows=1 probe_best_correlation=0.360 process_id=67757 process_session=8b2b7632-6033-452c-bc3a-621b328f1820 uptime_ns=64826667727416
2026-09-17T12:02:03.573Z meeting_cleaned_mic_source session=6FDBC5DB-C420-4C50-97E6-853914A140FD selected=cleaned reason=cleanedUsed timeout_s=276.569 process_id=67757 process_session=8b2b7632-6033-452c-bc3a-621b328f1820 uptime_ns=64826668313875
2026-09-17T12:03:44.077Z meeting_system_diarization_completed session=6FDBC5DB-C420-4C50-97E6-853914A140FD prior=bounds_1_6 speakers=4 segments=419 duration_s=7.79 process_id=67757 process_session=8b2b7632-6033-452c-bc3a-621b328f1820 uptime_ns=64927171087458
2026-09-17T12:03:44.153Z meeting_transcription_queue_stage session=6FDBC5DB-C420-4C50-97E6-853914A140FD transcription=435B4CC0-7065-4D77-9C3A-81B5EA3F0C5D stage=finalize_transcript outcome=success duration_s=168.090 process_id=67757 process_session=8b2b7632-6033-452c-bc3a-621b328f1820 uptime_ns=64927246573500
2026-09-17T12:03:44.153Z meeting_transcription_queue_stage session=6FDBC5DB-C420-4C50-97E6-853914A140FD transcription=435B4CC0-7065-4D77-9C3A-81B5EA3F0C5D stage=settle_artifacts outcome=started process_id=67757 process_session=8b2b7632-6033-452c-bc3a-621b328f1820 uptime_ns=64927246580750
2026-09-17T12:03:44.159Z meeting_transcription_queue_stage session=6FDBC5DB-C420-4C50-97E6-853914A140FD transcription=435B4CC0-7065-4D77-9C3A-81B5EA3F0C5D stage=settle_artifacts outcome=success duration_s=0.006 process_id=67757 process_session=8b2b7632-6033-452c-bc3a-621b328f1820 uptime_ns=64927252682375
2026-09-17T13:04:20.866Z shared_mic_engine_configuration_changed sr=48000.0 ch=1 isRunning=false engine_is_running=false default_input=present default_input_transport=built-in process_id=67757 process_session=8b2b7632-6033-452c-bc3a-621b328f1820 uptime_ns=68140656805458
2026-09-17T13:04:20.872Z shared_mic_engine_configuration_change_ignored reason=unchanged_prepared_setup process_id=67757 process_session=8b2b7632-6033-452c-bc3a-621b328f1820 uptime_ns=68140662798208
2026-09-17T13:24:13.822Z shared_mic_engine_configuration_changed sr=48000.0 ch=1 isRunning=false engine_is_running=false default_input=present default_input_transport=built-in process_id=67757 process_session=8b2b7632-6033-452c-bc3a-621b328f1820 uptime_ns=68235258120541
2026-09-17T13:24:13.831Z shared_mic_engine_configuration_change_ignored reason=unchanged_prepared_setup process_id=67757 process_session=8b2b7632-6033-452c-bc3a-621b328f1820 uptime_ns=68235267261000
