{
  "wer" : 1.9758968609865473,
  "rtfx" : 66.973614953769,
  "totalWords" : 7136,
  "totalErrors" : 141,
  "chunkSize" : 1120,
  "audioDuration" : 2641.0851250000014,
  "filesProcessed" : 300,
  "processingTime" : 39.4347106218338
}